shape,board_id,group,rows_present_cols,best_count,n_pairs,reruns_min,reruns_max,member_json
5x8,0,rand,"[[0,1,4,5],[1,2,3,6],[1,3,5,6],[2,4,5,6],[0,3,4,6]]",392.0,400,,,members_5x8.json#0
5x8,1,rand,"[[0,1,6,7],[0,1,2,5],[1,2,5,6],[1,2,4,7],[4,5,6,7]]",392.0,400,,,members_5x8.json#1
5x8,2,rand,"[[2,4,5,6],[0,2,3,4],[0,1,5,6],[2,4,5,7],[3,4,6,7]]",384.0,400,,,members_5x8.json#2
5x8,3,rand,"[[2,3,4,6],[3,5,6,7],[3,5,6,7],[0,1,6,7],[0,1,2,5]]",393.0,400,,,members_5x8.json#3
5x8,4,rand,"[[1,3,4,7],[4,5,6,7],[0,1,5,7],[0,1,4,7],[0,1,4,5]]",398.0,400,,,members_5x8.json#4
5x8,5,rand,"[[2,3,4,6],[0,1,6,7],[0,3,4,7],[1,4,5,7],[0,1,4,6]]",389.0,400,,,members_5x8.json#5
5x8,6,rand,"[[0,1,4,6],[0,2,3,5],[1,2,4,5],[0,2,6,7],[3,4,5,6]]",378.0,400,,,members_5x8.json#6
5x8,7,rand,"[[1,2,4,6],[2,3,6,7],[1,2,6,7],[0,1,2,5],[3,5,6,7]]",398.0,400,,,members_5x8.json#7
5x8,8,rand,"[[3,5,6,7],[1,2,6,7],[0,2,3,4],[0,2,4,6],[1,3,4,7]]",385.0,400,,,members_5x8.json#8
5x8,9,rand,"[[0,1,2,5],[1,2,6,7],[0,1,4,6],[0,2,3,4],[1,2,3,5]]",392.0,400,,,members_5x8.json#9
5x8,10,rand,"[[0,2,6,7],[2,3,4,5],[0,1,5,7],[2,3,5,7],[1,2,3,7]]",394.0,400,,,members_5x8.json#10
5x8,11,rand,"[[2,4,6,7],[1,2,4,5],[1,5,6,7],[3,4,5,6],[0,1,2,6]]",385.0,400,,,members_5x8.json#11
5x8,12,rand,"[[1,4,5,6],[0,2,4,7],[1,3,4,5],[0,2,3,6],[2,4,6,7]]",391.0,400,,,members_5x8.json#12
5x8,13,rand,"[[0,2,3,4],[0,1,5,6],[2,3,6,7],[2,3,6,7],[2,4,5,6]]",394.0,400,,,members_5x8.json#13
5x8,14,rand,"[[0,1,3,6],[0,1,4,6],[0,1,6,7],[0,2,3,7],[0,2,3,7]]",400.0,400,,,members_5x8.json#14
5x8,15,rand,"[[2,5,6,7],[0,1,3,5],[0,2,6,7],[0,3,4,7],[0,3,6,7]]",398.0,400,,,members_5x8.json#15
5x8,16,rand,"[[1,2,4,6],[0,3,6,7],[1,2,4,5],[2,5,6,7],[0,3,4,5]]",391.0,400,,,members_5x8.json#16
5x8,17,rand,"[[0,1,3,4],[0,2,5,6],[0,1,2,7],[0,2,4,7],[3,4,5,7]]",393.0,400,,,members_5x8.json#17
5x8,18,rand,"[[0,1,3,6],[0,2,5,6],[1,2,5,6],[2,3,5,6],[1,2,4,7]]",396.0,400,,,members_5x8.json#18
5x8,19,rand,"[[1,3,4,7],[3,4,5,6],[2,3,4,6],[0,1,3,5],[1,2,3,4]]",395.0,400,,,members_5x8.json#19
5x8,20,rand,"[[0,3,5,7],[0,1,2,5],[1,2,6,7],[1,2,3,6],[1,3,5,7]]",396.0,400,,,members_5x8.json#20
5x8,21,rand,"[[0,1,3,6],[0,1,6,7],[1,4,5,7],[1,4,5,7],[1,2,3,5]]",397.0,400,,,members_5x8.json#21
5x8,22,rand,"[[1,2,4,7],[1,2,3,4],[1,3,6,7],[0,1,3,7],[1,3,5,6]]",400.0,400,,,members_5x8.json#22
5x8,23,rand,"[[0,1,4,5],[1,4,5,7],[1,3,5,7],[1,3,4,7],[3,5,6,7]]",400.0,400,,,members_5x8.json#23
5x8,24,rand,"[[0,2,3,6],[2,4,5,7],[0,3,6,7],[0,3,4,7],[0,1,2,6]]",397.0,400,,,members_5x8.json#24
5x8,25,rand,"[[1,2,3,7],[2,4,5,6],[0,1,5,6],[0,3,4,7],[0,1,2,5]]",384.0,400,,,members_5x8.json#25
5x8,26,rand,"[[0,2,3,7],[0,1,5,7],[0,4,5,7],[0,1,2,6],[0,2,3,6]]",398.0,400,,,members_5x8.json#26
5x8,27,rand,"[[0,4,6,7],[0,4,6,7],[0,1,4,7],[0,2,4,5],[0,1,3,5]]",398.0,400,,,members_5x8.json#27
5x8,28,rand,"[[0,3,4,6],[0,3,5,6],[0,1,2,6],[1,4,5,7],[0,1,2,5]]",392.0,400,,,members_5x8.json#28
5x8,29,rand,"[[0,2,3,6],[0,1,2,7],[2,4,5,6],[0,3,4,6],[0,3,4,6]]",397.0,400,,,members_5x8.json#29
5x8,30,rand,"[[3,4,5,7],[0,1,3,6],[1,3,4,7],[0,1,3,6],[1,2,3,4]]",400.0,400,,,members_5x8.json#30
5x8,31,rand,"[[0,2,3,7],[0,1,2,7],[0,4,6,7],[0,4,5,7],[1,2,5,7]]",398.0,400,,,members_5x8.json#31
5x8,32,rand,"[[1,2,4,5],[2,3,4,5],[0,4,5,7],[2,3,6,7],[1,3,6,7]]",391.0,400,,,members_5x8.json#32
5x8,33,rand,"[[0,1,4,5],[0,1,2,6],[0,2,4,7],[1,2,3,5],[0,1,2,6]]",394.0,400,,,members_5x8.json#33
5x8,34,rand,"[[0,1,4,6],[0,2,4,6],[2,3,5,7],[0,2,5,6],[1,3,6,7]]",395.0,400,,,members_5x8.json#34
5x8,35,rand,"[[2,4,6,7],[0,2,5,6],[0,1,5,7],[1,2,4,5],[0,1,4,5]]",398.0,400,,,members_5x8.json#35
5x8,36,rand,"[[0,1,3,4],[0,3,6,7],[0,1,4,6],[2,4,5,7],[0,1,2,4]]",392.0,400,,,members_5x8.json#36
5x8,37,rand,"[[1,3,5,6],[2,3,4,5],[1,4,6,7],[0,1,5,7],[0,3,5,6]]",390.0,400,,,members_5x8.json#37
5x8,38,rand,"[[0,2,4,6],[1,4,6,7],[1,2,4,7],[0,2,5,6],[0,2,4,7]]",400.0,400,,,members_5x8.json#38
5x8,39,rand,"[[3,4,5,7],[0,2,3,5],[0,3,4,6],[2,3,5,6],[3,4,6,7]]",395.0,400,,,members_5x8.json#39
5x8,40,rand,"[[0,1,2,6],[1,2,4,6],[3,4,5,6],[0,5,6,7],[0,2,4,6]]",395.0,400,,,members_5x8.json#40
5x8,41,rand,"[[3,4,6,7],[0,2,3,7],[2,3,4,5],[0,1,3,4],[2,3,4,5]]",392.0,400,,,members_5x8.json#41
5x8,42,rand,"[[0,2,3,7],[1,4,5,7],[0,1,4,6],[1,2,5,7],[2,5,6,7]]",391.0,400,,,members_5x8.json#42
5x8,43,rand,"[[1,4,5,7],[3,4,6,7],[0,1,3,6],[3,5,6,7],[1,2,4,6]]",390.0,400,,,members_5x8.json#43
5x8,44,rand,"[[0,1,5,7],[1,2,3,6],[3,4,6,7],[2,3,4,5],[1,3,4,6]]",386.0,400,,,members_5x8.json#44
5x8,45,rand,"[[0,2,4,6],[2,3,6,7],[0,2,4,5],[1,2,5,6],[2,3,5,6]]",400.0,400,,,members_5x8.json#45
5x8,46,rand,"[[2,3,5,7],[3,4,5,6],[0,2,5,7],[0,4,5,7],[1,4,5,7]]",394.0,400,,,members_5x8.json#46
5x8,47,rand,"[[0,2,3,5],[2,3,5,7],[1,2,6,7],[0,1,2,3],[0,4,6,7]]",392.0,400,,,members_5x8.json#47
5x8,48,rand,"[[3,5,6,7],[0,1,4,5],[2,4,5,6],[2,5,6,7],[2,4,5,7]]",400.0,400,,,members_5x8.json#48
5x8,49,rand,"[[2,3,6,7],[0,2,3,4],[0,2,3,5],[0,4,6,7],[2,3,4,6]]",400.0,400,,,members_5x8.json#49
5x8,50,rand,"[[0,3,4,7],[1,3,5,7],[1,3,5,6],[1,2,5,6],[2,3,6,7]]",400.0,400,,,members_5x8.json#50
5x8,51,rand,"[[1,2,6,7],[3,4,5,7],[0,3,4,7],[0,2,5,7],[0,1,5,6]]",395.0,400,,,members_5x8.json#51
5x8,52,rand,"[[0,1,2,4],[1,3,4,6],[1,3,4,5],[1,3,4,7],[0,3,5,6]]",398.0,400,,,members_5x8.json#52
5x8,53,rand,"[[0,1,3,5],[1,2,3,4],[1,3,4,5],[2,4,5,7],[1,4,6,7]]",393.0,400,,,members_5x8.json#53
5x8,54,rand,"[[0,1,2,6],[0,1,2,4],[1,4,6,7],[0,3,5,6],[0,1,5,6]]",398.0,400,,,members_5x8.json#54
5x8,55,rand,"[[0,4,5,6],[1,2,3,5],[1,2,5,7],[0,1,2,4],[2,4,5,7]]",396.0,400,,,members_5x8.json#55
5x8,56,rand,"[[0,3,5,7],[0,1,5,7],[2,4,5,7],[1,5,6,7],[0,4,5,7]]",400.0,400,,,members_5x8.json#56
5x8,57,rand,"[[1,2,4,6],[0,1,4,5],[0,1,3,7],[0,3,4,7],[0,1,2,6]]",400.0,400,,,members_5x8.json#57
5x8,58,rand,"[[2,3,4,6],[3,4,6,7],[0,1,3,4],[1,4,5,7],[2,3,4,7]]",397.0,400,,,members_5x8.json#58
5x8,59,rand,"[[0,1,4,7],[0,1,4,5],[0,1,5,6],[1,3,4,7],[0,2,5,6]]",400.0,400,,,members_5x8.json#59
5x8,60,rand,"[[0,2,5,7],[1,2,4,6],[1,2,4,5],[1,2,4,5],[0,3,4,6]]",395.0,400,,,members_5x8.json#60
5x8,61,rand,"[[0,5,6,7],[1,4,5,7],[0,1,4,7],[0,1,3,7],[1,2,3,6]]",390.0,400,,,members_5x8.json#61
5x8,62,rand,"[[2,3,5,6],[0,1,5,6],[1,2,3,7],[1,2,5,7],[0,3,4,6]]",394.0,400,,,members_5x8.json#62
5x8,63,rand,"[[1,5,6,7],[1,2,3,7],[1,3,6,7],[3,4,5,7],[0,3,4,7]]",398.0,400,,,members_5x8.json#63
5x8,64,rand,"[[0,4,5,7],[1,5,6,7],[2,4,5,7],[0,4,6,7],[0,3,4,5]]",396.0,400,,,members_5x8.json#64
5x8,65,rand,"[[0,3,4,6],[1,2,5,7],[0,2,3,4],[1,4,5,6],[1,2,3,4]]",397.0,400,,,members_5x8.json#65
5x8,66,rand,"[[0,1,3,5],[0,3,4,6],[0,5,6,7],[2,4,5,7],[0,3,4,7]]",391.0,400,,,members_5x8.json#66
5x8,67,rand,"[[2,4,5,7],[1,4,6,7],[0,1,4,5],[0,3,4,6],[2,3,4,5]]",387.0,400,,,members_5x8.json#67
5x8,68,rand,"[[2,3,4,6],[0,1,3,6],[0,1,3,6],[1,2,3,4],[0,1,4,5]]",397.0,400,,,members_5x8.json#68
5x8,69,rand,"[[2,3,4,6],[2,4,5,6],[0,1,4,7],[2,4,5,7],[4,5,6,7]]",400.0,400,,,members_5x8.json#69
5x8,70,rand,"[[2,3,4,5],[0,1,3,5],[1,2,6,7],[1,3,6,7],[0,3,6,7]]",394.0,400,,,members_5x8.json#70
5x8,71,rand,"[[0,2,3,4],[0,2,4,7],[1,3,6,7],[1,2,3,6],[2,3,6,7]]",400.0,400,,,members_5x8.json#71
5x8,72,rand,"[[2,3,5,7],[0,2,3,7],[0,2,6,7],[0,3,6,7],[1,3,5,7]]",400.0,400,,,members_5x8.json#72
5x8,73,rand,"[[0,1,4,7],[0,2,3,6],[2,3,6,7],[1,2,4,7],[1,2,3,4]]",400.0,400,,,members_5x8.json#73
5x8,74,rand,"[[1,2,3,6],[2,3,4,6],[4,5,6,7],[1,2,3,4],[1,3,6,7]]",398.0,400,,,members_5x8.json#74
5x8,75,rand,"[[0,2,3,5],[1,2,6,7],[1,2,4,7],[4,5,6,7],[0,1,5,6]]",390.0,400,,,members_5x8.json#75
5x8,76,rand,"[[0,2,5,6],[1,3,4,7],[0,2,3,6],[0,1,3,4],[1,4,5,7]]",397.0,400,,,members_5x8.json#76
5x8,77,rand,"[[0,1,3,6],[0,1,3,6],[0,1,5,6],[2,4,6,7],[0,2,5,6]]",400.0,400,,,members_5x8.json#77
5x8,78,rand,"[[0,1,5,6],[0,2,4,6],[1,3,4,5],[0,4,6,7],[0,2,3,7]]",390.0,400,,,members_5x8.json#78
5x8,79,rand,"[[2,3,4,5],[0,1,2,5],[0,3,5,7],[0,1,4,7],[1,3,4,6]]",378.0,400,,,members_5x8.json#79
5x8,80,rand,"[[1,4,5,6],[0,3,4,5],[0,1,3,6],[0,1,4,6],[1,3,5,6]]",398.0,400,,,members_5x8.json#80
5x8,81,rand,"[[1,5,6,7],[1,2,5,6],[0,2,3,6],[0,3,5,7],[2,4,6,7]]",387.0,400,,,members_5x8.json#81
5x8,82,rand,"[[0,3,5,7],[1,2,5,7],[0,2,3,7],[0,3,5,6],[1,3,6,7]]",394.0,400,,,members_5x8.json#82
5x8,83,rand,"[[0,1,2,4],[1,2,5,6],[0,3,6,7],[2,3,6,7],[0,5,6,7]]",392.0,400,,,members_5x8.json#83
5x8,84,rand,"[[2,3,5,7],[0,1,3,4],[2,4,5,6],[0,2,3,7],[1,2,3,4]]",393.0,400,,,members_5x8.json#84
5x8,85,rand,"[[1,3,4,5],[1,2,3,6],[0,3,6,7],[0,2,5,6],[2,3,6,7]]",391.0,400,,,members_5x8.json#85
5x8,86,rand,"[[0,2,4,6],[0,3,5,6],[1,3,5,6],[1,2,5,7],[0,1,3,4]]",387.0,400,,,members_5x8.json#86
5x8,87,rand,"[[0,4,6,7],[1,4,5,7],[0,2,4,6],[0,1,4,7],[1,2,3,7]]",398.0,400,,,members_5x8.json#87
5x8,88,rand,"[[1,3,5,6],[1,2,3,5],[1,2,4,5],[1,2,4,5],[0,1,2,6]]",398.0,400,,,members_5x8.json#88
5x8,89,rand,"[[0,1,5,7],[0,3,5,7],[0,3,4,7],[0,1,4,6],[1,3,4,5]]",391.0,400,,,members_5x8.json#89
5x8,90,rand,"[[1,2,3,4],[1,2,4,7],[4,5,6,7],[0,4,6,7],[1,4,5,7]]",400.0,400,,,members_5x8.json#90
5x8,91,rand,"[[0,2,5,7],[0,3,4,6],[1,2,5,6],[1,3,4,5],[1,2,4,6]]",386.0,400,,,members_5x8.json#91
5x8,92,rand,"[[2,5,6,7],[4,5,6,7],[3,4,5,7],[1,3,5,6],[1,3,4,5]]",398.0,400,,,members_5x8.json#92
5x8,93,rand,"[[0,1,2,6],[1,2,6,7],[0,1,2,7],[1,3,5,6],[0,3,4,7]]",392.0,400,,,members_5x8.json#93
5x8,94,rand,"[[2,4,6,7],[2,4,6,7],[3,4,5,7],[0,1,6,7],[1,4,5,6]]",395.0,400,,,members_5x8.json#94
5x8,95,rand,"[[0,1,2,7],[1,2,3,4],[0,2,3,5],[1,2,6,7],[0,1,2,4]]",398.0,400,,,members_5x8.json#95
5x8,96,rand,"[[3,4,5,6],[0,1,5,6],[1,2,3,4],[1,2,6,7],[2,4,5,6]]",391.0,400,,,members_5x8.json#96
5x8,97,rand,"[[0,2,4,5],[2,3,4,7],[0,1,4,5],[2,3,6,7],[2,3,6,7]]",400.0,400,,,members_5x8.json#97
5x8,98,rand,"[[2,4,5,6],[0,1,2,3],[2,3,4,7],[0,2,3,5],[1,3,4,7]]",393.0,400,,,members_5x8.json#98
5x8,99,rand,"[[1,2,4,5],[1,2,3,4],[0,2,6,7],[0,1,4,6],[0,1,3,4]]",398.0,400,,,members_5x8.json#99
5x8,100,rand,"[[0,4,6,7],[1,3,4,7],[1,2,5,6],[1,2,6,7],[1,2,5,6]]",398.0,400,,,members_5x8.json#100
5x8,101,rand,"[[0,1,2,3],[1,5,6,7],[1,2,4,5],[1,3,4,6],[0,1,3,7]]",386.0,400,,,members_5x8.json#101
5x8,102,rand,"[[0,4,6,7],[1,3,5,6],[1,2,5,6],[2,3,6,7],[1,4,5,7]]",390.0,400,,,members_5x8.json#102
5x8,103,rand,"[[0,3,4,6],[2,4,5,7],[0,2,6,7],[2,4,6,7],[0,1,2,6]]",398.0,400,,,members_5x8.json#103
5x8,104,rand,"[[0,2,4,6],[0,1,4,6],[0,2,4,7],[0,1,4,5],[0,1,3,5]]",400.0,400,,,members_5x8.json#104
5x8,105,rand,"[[1,2,4,7],[1,3,4,6],[1,3,5,7],[1,4,5,6],[0,2,4,5]]",390.0,400,,,members_5x8.json#105
5x8,106,rand,"[[1,3,4,7],[0,1,2,7],[0,2,5,7],[4,5,6,7],[1,3,4,7]]",397.0,400,,,members_5x8.json#106
5x8,107,rand,"[[0,4,5,6],[0,1,6,7],[3,5,6,7],[0,1,5,7],[1,3,4,5]]",391.0,400,,,members_5x8.json#107
5x8,108,rand,"[[1,4,5,6],[1,2,5,6],[0,1,2,6],[0,3,4,5],[2,3,5,6]]",398.0,400,,,members_5x8.json#108
5x8,109,rand,"[[2,3,4,6],[0,1,5,7],[0,4,6,7],[0,1,3,4],[0,2,5,7]]",394.0,400,,,members_5x8.json#109
5x8,110,rand,"[[2,3,4,7],[1,2,5,6],[3,4,6,7],[0,1,2,6],[3,4,5,7]]",400.0,400,,,members_5x8.json#110
5x8,111,rand,"[[1,2,5,7],[0,1,3,4],[1,2,3,4],[0,2,3,6],[1,2,3,4]]",398.0,400,,,members_5x8.json#111
5x8,112,rand,"[[1,3,5,7],[0,1,6,7],[0,1,4,7],[3,4,5,6],[0,5,6,7]]",398.0,400,,,members_5x8.json#112
5x8,113,rand,"[[0,4,5,6],[0,1,3,6],[2,4,6,7],[0,1,5,6],[0,3,5,6]]",400.0,400,,,members_5x8.json#113
5x8,114,rand,"[[0,4,5,7],[1,2,3,5],[1,2,6,7],[2,3,4,7],[0,2,4,7]]",395.0,400,,,members_5x8.json#114
5x8,115,rand,"[[0,2,4,5],[1,3,5,7],[0,1,4,6],[0,1,3,5],[0,5,6,7]]",390.0,400,,,members_5x8.json#115
5x8,116,rand,"[[2,3,4,6],[1,2,3,7],[1,3,4,5],[1,2,3,7],[0,2,3,4]]",397.0,400,,,members_5x8.json#116
5x8,117,rand,"[[1,2,5,6],[0,3,5,6],[1,3,4,6],[2,3,6,7],[0,2,5,6]]",392.0,400,,,members_5x8.json#117
5x8,118,rand,"[[1,2,6,7],[1,2,5,7],[0,1,5,6],[3,4,5,6],[1,2,3,4]]",390.0,400,,,members_5x8.json#118
5x8,119,rand,"[[0,4,5,6],[3,4,5,6],[1,2,6,7],[0,2,3,5],[1,3,6,7]]",391.0,400,,,members_5x8.json#119
5x8,120,rand,"[[2,4,5,7],[1,4,5,7],[2,3,4,7],[2,3,4,5],[0,2,5,6]]",398.0,400,,,members_5x8.json#120
5x8,121,rand,"[[1,2,5,6],[1,2,6,7],[2,3,4,6],[0,1,4,6],[4,5,6,7]]",385.0,400,,,members_5x8.json#121
5x8,122,rand,"[[1,2,4,5],[0,2,4,7],[0,2,4,5],[0,4,6,7],[0,2,4,5]]",400.0,400,,,members_5x8.json#122
5x8,123,rand,"[[0,1,2,7],[1,3,5,7],[0,2,3,4],[0,5,6,7],[0,1,2,6]]",392.0,400,,,members_5x8.json#123
5x8,124,rand,"[[0,1,4,6],[2,3,5,6],[0,2,3,5],[1,2,3,4],[1,4,5,7]]",396.0,400,,,members_5x8.json#124
5x8,125,rand,"[[2,4,6,7],[1,3,5,7],[1,2,5,7],[3,4,5,7],[1,2,3,5]]",398.0,400,,,members_5x8.json#125
5x8,126,rand,"[[2,3,4,7],[1,3,5,6],[0,1,3,5],[0,1,4,5],[0,1,5,6]]",398.0,400,,,members_5x8.json#126
5x8,127,rand,"[[1,2,4,5],[1,3,4,5],[0,1,4,7],[0,3,5,6],[0,2,6,7]]",392.0,400,,,members_5x8.json#127
5x8,128,rand,"[[2,5,6,7],[3,4,5,6],[0,1,3,4],[0,2,3,4],[0,2,3,4]]",400.0,400,,,members_5x8.json#128
5x8,129,rand,"[[1,2,3,6],[0,1,3,5],[1,2,5,7],[3,4,5,6],[0,2,3,4]]",383.0,400,,,members_5x8.json#129
5x8,130,rand,"[[0,2,3,4],[2,4,6,7],[1,3,4,6],[4,5,6,7],[1,3,5,7]]",388.0,400,,,members_5x8.json#130
5x8,131,rand,"[[1,3,5,7],[1,2,5,7],[0,1,2,3],[1,3,5,7],[1,3,5,7]]",400.0,400,,,members_5x8.json#131
5x8,132,rand,"[[0,3,4,7],[1,2,5,6],[0,1,3,4],[0,3,5,7],[2,3,4,7]]",391.0,400,,,members_5x8.json#132
5x8,133,rand,"[[0,1,3,4],[0,3,4,6],[2,3,4,6],[0,2,6,7],[0,3,4,7]]",400.0,400,,,members_5x8.json#133
5x8,134,rand,"[[2,3,4,5],[0,1,5,7],[0,2,5,6],[3,4,5,6],[0,2,3,5]]",400.0,400,,,members_5x8.json#134
5x8,135,rand,"[[3,5,6,7],[0,1,3,7],[0,1,3,5],[1,3,5,6],[1,3,5,6]]",400.0,400,,,members_5x8.json#135
5x8,136,rand,"[[3,5,6,7],[1,3,5,7],[2,4,6,7],[0,4,6,7],[1,4,5,6]]",398.0,400,,,members_5x8.json#136
5x8,137,rand,"[[2,3,4,6],[1,5,6,7],[3,4,6,7],[2,3,5,6],[3,5,6,7]]",398.0,400,,,members_5x8.json#137
5x8,138,rand,"[[1,3,4,5],[1,2,3,6],[2,5,6,7],[3,4,5,6],[1,2,3,4]]",396.0,400,,,members_5x8.json#138
5x8,139,rand,"[[0,1,4,5],[2,3,5,7],[1,3,5,6],[2,3,6,7],[0,1,3,7]]",395.0,400,,,members_5x8.json#139
5x8,140,rand,"[[2,4,6,7],[2,3,5,6],[1,2,3,6],[0,3,5,7],[0,1,2,7]]",387.0,400,,,members_5x8.json#140
5x8,141,rand,"[[1,4,6,7],[2,4,5,6],[3,4,5,6],[1,2,4,5],[0,2,3,6]]",395.0,400,,,members_5x8.json#141
5x8,142,rand,"[[0,1,3,4],[0,1,4,6],[1,2,6,7],[0,1,4,6],[1,2,3,5]]",397.0,400,,,members_5x8.json#142
5x8,143,rand,"[[0,1,4,6],[1,3,4,5],[0,1,3,6],[0,1,3,4],[0,1,2,6]]",400.0,400,,,members_5x8.json#143
5x8,144,rand,"[[0,2,3,7],[0,2,4,6],[0,1,2,6],[0,1,4,7],[3,4,5,6]]",385.0,400,,,members_5x8.json#144
5x8,145,rand,"[[2,3,4,6],[0,3,4,7],[1,2,3,5],[0,3,4,6],[1,2,4,5]]",400.0,400,,,members_5x8.json#145
5x8,146,rand,"[[0,2,5,7],[3,4,6,7],[0,1,4,7],[1,2,3,4],[0,2,5,7]]",395.0,400,,,members_5x8.json#146
5x8,147,rand,"[[0,1,2,4],[0,1,5,6],[3,5,6,7],[0,2,3,4],[0,1,6,7]]",394.0,400,,,members_5x8.json#147
5x8,148,rand,"[[0,1,4,7],[0,4,5,7],[1,3,4,6],[1,3,4,7],[3,4,6,7]]",400.0,400,,,members_5x8.json#148
5x8,149,rand,"[[2,3,5,7],[1,5,6,7],[0,1,6,7],[1,2,3,5],[0,2,5,7]]",398.0,400,,,members_5x8.json#149
5x8,150,rand,"[[1,3,5,6],[0,2,4,5],[1,2,3,7],[2,3,6,7],[4,5,6,7]]",388.0,400,,,members_5x8.json#150
5x8,151,rand,"[[0,1,2,7],[0,1,3,6],[1,3,4,5],[1,2,3,6],[2,3,4,7]]",391.0,400,,,members_5x8.json#151
5x8,152,rand,"[[0,2,3,7],[0,1,4,6],[2,5,6,7],[1,3,4,5],[1,5,6,7]]",381.0,400,,,members_5x8.json#152
5x8,153,rand,"[[0,4,5,6],[0,4,5,7],[1,2,5,7],[1,2,3,6],[0,1,4,7]]",396.0,400,,,members_5x8.json#153
5x8,154,rand,"[[4,5,6,7],[0,2,3,6],[0,2,4,6],[1,2,5,6],[1,2,3,5]]",394.0,400,,,members_5x8.json#154
5x8,155,rand,"[[0,1,3,4],[0,1,5,7],[0,4,5,6],[0,3,4,5],[2,3,5,7]]",391.0,400,,,members_5x8.json#155
5x8,156,rand,"[[0,1,5,7],[0,3,5,7],[0,1,2,4],[2,5,6,7],[1,2,5,7]]",396.0,400,,,members_5x8.json#156
5x8,157,rand,"[[2,3,4,7],[0,2,5,7],[0,1,2,6],[1,2,3,7],[0,1,4,6]]",394.0,400,,,members_5x8.json#157
5x8,158,rand,"[[1,2,5,6],[1,3,5,7],[0,2,4,6],[0,2,3,6],[0,1,5,7]]",400.0,400,,,members_5x8.json#158
5x8,159,rand,"[[0,3,5,6],[2,4,5,7],[0,1,3,6],[0,3,4,6],[2,4,5,7]]",400.0,400,,,members_5x8.json#159
5x8,160,rand,"[[1,2,4,7],[0,3,6,7],[0,2,4,7],[0,1,6,7],[1,2,6,7]]",398.0,400,,,members_5x8.json#160
5x8,161,rand,"[[0,1,2,4],[1,2,3,6],[2,4,5,6],[1,2,3,5],[1,4,6,7]]",390.0,400,,,members_5x8.json#161
5x8,162,rand,"[[0,1,4,6],[1,5,6,7],[0,1,2,3],[0,1,3,5],[1,3,5,6]]",396.0,400,,,members_5x8.json#162
5x8,163,rand,"[[1,4,5,6],[0,1,5,7],[0,1,2,4],[3,4,6,7],[0,1,3,6]]",384.0,400,,,members_5x8.json#163
5x8,164,rand,"[[0,2,3,5],[1,3,4,5],[1,2,5,6],[0,5,6,7],[1,2,4,7]]",383.0,400,,,members_5x8.json#164
5x8,165,rand,"[[1,4,5,7],[0,2,6,7],[2,3,4,5],[1,3,4,6],[0,1,4,5]]",385.0,400,,,members_5x8.json#165
5x8,166,rand,"[[0,2,6,7],[2,3,5,7],[0,3,5,6],[1,2,5,6],[1,3,5,7]]",392.0,400,,,members_5x8.json#166
5x8,167,rand,"[[1,2,3,4],[3,5,6,7],[1,3,5,6],[1,2,4,6],[1,2,3,4]]",400.0,400,,,members_5x8.json#167
5x8,168,rand,"[[2,3,4,6],[2,5,6,7],[2,5,6,7],[0,1,4,6],[0,2,5,6]]",398.0,400,,,members_5x8.json#168
5x8,169,rand,"[[0,2,3,6],[0,2,5,6],[1,3,6,7],[1,2,4,7],[1,3,4,5]]",386.0,400,,,members_5x8.json#169
5x8,170,rand,"[[0,2,4,7],[1,4,5,6],[0,1,3,4],[0,2,4,7],[0,2,4,6]]",398.0,400,,,members_5x8.json#170
5x8,171,rand,"[[0,3,5,6],[2,3,5,6],[0,1,2,4],[0,1,4,7],[2,3,4,5]]",398.0,400,,,members_5x8.json#171
5x8,172,rand,"[[1,2,3,6],[0,2,3,7],[2,4,5,6],[2,3,4,6],[0,1,6,7]]",398.0,400,,,members_5x8.json#172
5x8,173,rand,"[[0,4,5,6],[0,2,5,6],[3,4,5,7],[3,4,5,6],[2,4,6,7]]",396.0,400,,,members_5x8.json#173
5x8,174,rand,"[[1,3,6,7],[1,2,3,4],[0,2,6,7],[1,5,6,7],[1,3,5,6]]",396.0,400,,,members_5x8.json#174
5x8,175,rand,"[[0,1,3,5],[1,3,4,7],[0,2,3,6],[0,5,6,7],[0,2,6,7]]",392.0,400,,,members_5x8.json#175
5x8,176,rand,"[[0,3,4,6],[1,3,4,7],[1,5,6,7],[2,3,4,6],[2,3,4,5]]",398.0,400,,,members_5x8.json#176
5x8,177,rand,"[[0,1,2,5],[0,2,5,6],[0,3,4,7],[2,5,6,7],[0,2,3,6]]",394.0,400,,,members_5x8.json#177
5x8,178,rand,"[[2,3,4,5],[0,2,4,7],[0,2,3,4],[1,2,3,7],[0,2,3,5]]",395.0,400,,,members_5x8.json#178
5x8,179,rand,"[[2,3,4,6],[0,2,4,6],[2,3,4,7],[2,3,6,7],[2,3,4,5]]",398.0,400,,,members_5x8.json#179
5x8,180,rand,"[[0,1,4,5],[0,4,6,7],[0,2,3,7],[1,2,5,7],[0,2,4,6]]",393.0,400,,,members_5x8.json#180
5x8,181,rand,"[[0,3,4,7],[1,3,4,5],[1,5,6,7],[1,3,4,6],[0,5,6,7]]",393.0,400,,,members_5x8.json#181
5x8,182,rand,"[[1,3,4,7],[2,4,6,7],[0,5,6,7],[0,1,4,5],[0,1,3,7]]",387.0,400,,,members_5x8.json#182
5x8,183,rand,"[[3,4,5,7],[0,1,4,7],[0,2,4,5],[0,1,6,7],[0,4,6,7]]",398.0,400,,,members_5x8.json#183
5x8,184,rand,"[[2,3,6,7],[0,2,4,5],[0,2,4,7],[0,2,4,6],[0,1,5,7]]",397.0,400,,,members_5x8.json#184
5x8,185,rand,"[[0,5,6,7],[0,3,5,6],[0,1,2,7],[1,2,3,5],[0,2,5,6]]",396.0,400,,,members_5x8.json#185
5x8,186,rand,"[[2,3,4,7],[0,4,5,6],[0,4,5,6],[0,1,3,6],[2,4,5,7]]",397.0,400,,,members_5x8.json#186
5x8,187,rand,"[[0,5,6,7],[1,3,6,7],[2,3,6,7],[1,3,5,6],[1,3,6,7]]",398.0,400,,,members_5x8.json#187
5x8,188,rand,"[[0,2,4,6],[3,4,5,7],[2,3,5,6],[1,2,4,5],[0,2,3,7]]",382.0,400,,,members_5x8.json#188
5x8,189,rand,"[[0,1,2,6],[1,2,4,6],[0,1,5,7],[1,3,5,6],[2,4,6,7]]",395.0,400,,,members_5x8.json#189
5x8,190,rand,"[[2,5,6,7],[0,1,4,6],[0,1,2,6],[1,2,3,7],[1,3,6,7]]",394.0,400,,,members_5x8.json#190
5x8,191,rand,"[[2,3,5,6],[3,4,5,6],[1,4,5,6],[1,4,6,7],[1,2,4,5]]",398.0,400,,,members_5x8.json#191
5x8,192,rand,"[[0,2,4,6],[0,1,3,4],[3,5,6,7],[1,5,6,7],[0,1,3,5]]",393.0,400,,,members_5x8.json#192
5x8,193,rand,"[[0,2,3,7],[1,3,6,7],[0,1,6,7],[1,2,4,6],[0,3,6,7]]",400.0,400,,,members_5x8.json#193
5x8,194,rand,"[[2,4,6,7],[2,5,6,7],[0,2,3,5],[0,3,4,7],[1,3,4,7]]",392.0,400,,,members_5x8.json#194
5x8,195,rand,"[[0,1,5,7],[0,1,3,6],[0,1,3,7],[1,2,5,7],[1,2,4,5]]",400.0,400,,,members_5x8.json#195
5x8,196,rand,"[[0,2,3,7],[0,1,3,6],[0,1,2,5],[1,2,6,7],[0,4,5,7]]",387.0,400,,,members_5x8.json#196
5x8,197,rand,"[[1,3,5,6],[1,2,3,4],[3,4,5,6],[1,3,4,6],[0,2,3,7]]",400.0,400,,,members_5x8.json#197
5x8,198,rand,"[[1,3,6,7],[0,1,2,5],[0,2,6,7],[0,1,4,5],[1,3,4,6]]",388.0,400,,,members_5x8.json#198
5x8,199,rand,"[[0,3,5,6],[2,4,5,7],[0,3,4,5],[0,4,6,7],[3,4,6,7]]",396.0,400,,,members_5x8.json#199
5x8,200,rand,"[[1,4,6,7],[1,3,4,7],[0,1,2,7],[2,3,4,5],[0,2,4,6]]",389.0,400,,,members_5x8.json#200
5x8,201,rand,"[[3,4,5,6],[1,2,3,6],[1,4,5,6],[0,4,5,6],[0,4,5,7]]",400.0,400,,,members_5x8.json#201
5x8,202,rand,"[[0,1,2,6],[0,3,5,7],[2,3,4,5],[0,3,5,6],[0,1,4,6]]",395.0,400,,,members_5x8.json#202
5x8,203,rand,"[[0,3,5,6],[0,1,2,6],[1,2,3,6],[3,4,5,6],[1,2,3,6]]",400.0,400,,,members_5x8.json#203
5x8,204,rand,"[[3,4,5,7],[1,3,4,6],[0,1,5,7],[1,3,4,5],[0,4,5,6]]",394.0,400,,,members_5x8.json#204
5x8,205,rand,"[[1,2,3,6],[3,4,5,6],[1,2,6,7],[2,3,4,5],[0,1,3,5]]",395.0,400,,,members_5x8.json#205
5x8,206,rand,"[[0,2,4,6],[1,4,5,7],[0,5,6,7],[3,5,6,7],[0,1,4,7]]",393.0,400,,,members_5x8.json#206
5x8,207,rand,"[[4,5,6,7],[0,1,2,7],[1,3,5,6],[1,3,5,6],[0,2,4,5]]",395.0,400,,,members_5x8.json#207
5x8,208,rand,"[[0,1,5,6],[0,2,4,7],[0,1,5,7],[1,5,6,7],[0,1,5,6]]",400.0,400,,,members_5x8.json#208
5x8,209,rand,"[[2,4,5,7],[1,3,5,7],[2,4,5,6],[0,2,3,7],[0,1,2,7]]",396.0,400,,,members_5x8.json#209
5x8,210,rand,"[[0,4,5,6],[0,2,6,7],[1,3,4,5],[1,3,4,7],[0,1,5,6]]",394.0,400,,,members_5x8.json#210
5x8,211,rand,"[[0,2,4,5],[0,3,6,7],[1,3,4,7],[1,5,6,7],[0,2,4,7]]",391.0,400,,,members_5x8.json#211
5x8,212,rand,"[[0,1,5,7],[0,3,4,7],[3,5,6,7],[3,4,5,7],[0,3,6,7]]",392.0,400,,,members_5x8.json#212
5x8,213,rand,"[[1,3,6,7],[0,2,4,7],[0,1,2,7],[1,2,6,7],[2,4,6,7]]",398.0,400,,,members_5x8.json#213
5x8,214,rand,"[[0,1,5,7],[0,1,2,6],[3,5,6,7],[0,1,3,4],[0,2,5,7]]",394.0,400,,,members_5x8.json#214
5x8,215,rand,"[[1,4,6,7],[2,3,6,7],[2,5,6,7],[1,3,4,5],[1,3,6,7]]",400.0,400,,,members_5x8.json#215
5x8,216,rand,"[[3,5,6,7],[0,5,6,7],[1,2,3,5],[0,1,2,5],[1,3,5,7]]",397.0,400,,,members_5x8.json#216
5x8,217,rand,"[[0,2,3,5],[1,4,6,7],[0,2,3,7],[0,2,4,6],[0,1,4,7]]",398.0,400,,,members_5x8.json#217
5x8,218,rand,"[[0,4,5,6],[0,2,3,6],[0,2,3,6],[0,1,2,4],[2,3,5,7]]",394.0,400,,,members_5x8.json#218
5x8,219,rand,"[[0,1,3,7],[1,2,3,5],[0,3,6,7],[0,1,4,5],[0,2,6,7]]",394.0,400,,,members_5x8.json#219
5x8,220,rand,"[[0,1,3,4],[2,3,4,5],[3,5,6,7],[3,4,5,7],[2,3,5,7]]",400.0,400,,,members_5x8.json#220
5x8,221,rand,"[[0,1,6,7],[0,1,2,3],[1,2,4,6],[0,2,4,5],[0,1,4,6]]",395.0,400,,,members_5x8.json#221
5x8,222,rand,"[[3,4,6,7],[3,4,6,7],[1,3,5,7],[1,4,6,7],[0,1,3,7]]",400.0,400,,,members_5x8.json#222
5x8,223,rand,"[[1,2,3,4],[2,3,6,7],[0,1,4,7],[1,2,4,5],[1,4,6,7]]",396.0,400,,,members_5x8.json#223
5x8,224,rand,"[[1,3,4,5],[1,3,6,7],[0,1,3,6],[1,4,6,7],[0,1,2,4]]",391.0,400,,,members_5x8.json#224
5x8,225,rand,"[[0,1,2,3],[1,2,5,7],[0,3,4,5],[0,1,3,6],[0,1,4,6]]",392.0,400,,,members_5x8.json#225
5x8,226,rand,"[[2,4,5,6],[0,2,3,6],[0,2,5,6],[2,3,6,7],[0,3,6,7]]",400.0,400,,,members_5x8.json#226
5x8,227,rand,"[[3,5,6,7],[0,1,2,4],[0,1,3,6],[3,4,5,7],[0,1,4,5]]",397.0,400,,,members_5x8.json#227
5x8,228,rand,"[[0,1,6,7],[0,3,5,7],[2,3,4,6],[2,3,4,6],[3,4,6,7]]",398.0,400,,,members_5x8.json#228
5x8,229,rand,"[[0,2,4,7],[2,4,6,7],[0,3,4,6],[1,4,5,6],[1,2,4,7]]",397.0,400,,,members_5x8.json#229
5x8,230,rand,"[[0,2,6,7],[0,1,2,7],[0,2,3,4],[0,2,4,6],[0,1,3,4]]",398.0,400,,,members_5x8.json#230
5x8,231,rand,"[[1,2,3,7],[0,1,4,7],[0,2,3,4],[0,3,4,7],[2,3,4,6]]",397.0,400,,,members_5x8.json#231
5x8,232,rand,"[[1,3,4,6],[2,4,5,6],[0,2,4,6],[0,1,4,7],[0,1,3,6]]",394.0,400,,,members_5x8.json#232
5x8,233,rand,"[[0,2,4,7],[1,5,6,7],[0,3,4,7],[0,1,5,6],[2,3,4,7]]",400.0,400,,,members_5x8.json#233
5x8,234,rand,"[[1,3,4,6],[1,4,5,6],[1,4,6,7],[1,4,5,6],[1,3,4,6]]",400.0,400,,,members_5x8.json#234
5x8,235,rand,"[[0,1,3,7],[0,1,3,6],[0,5,6,7],[0,1,2,7],[1,2,3,6]]",398.0,400,,,members_5x8.json#235
5x8,236,rand,"[[2,4,5,7],[0,2,3,5],[3,4,5,7],[1,2,4,7],[1,3,6,7]]",394.0,400,,,members_5x8.json#236
5x8,237,rand,"[[0,1,6,7],[1,2,3,4],[1,2,6,7],[0,2,4,6],[0,1,3,6]]",391.0,400,,,members_5x8.json#237
5x8,238,rand,"[[1,3,6,7],[1,2,4,6],[2,3,4,7],[0,5,6,7],[0,1,2,5]]",379.0,400,,,members_5x8.json#238
5x8,239,rand,"[[0,3,4,6],[0,1,5,7],[2,3,4,5],[1,2,4,7],[0,3,5,7]]",383.0,400,,,members_5x8.json#239
5x8,240,rand,"[[0,4,5,7],[0,4,6,7],[1,2,3,5],[0,2,3,4],[0,2,3,6]]",398.0,400,,,members_5x8.json#240
5x8,241,rand,"[[0,4,5,7],[2,3,6,7],[0,1,2,7],[1,2,6,7],[0,3,4,7]]",398.0,400,,,members_5x8.json#241
5x8,242,rand,"[[0,1,2,5],[1,3,4,7],[1,4,6,7],[1,3,4,6],[0,2,5,6]]",400.0,400,,,members_5x8.json#242
5x8,243,rand,"[[0,2,5,6],[1,2,4,6],[1,2,4,5],[0,4,5,7],[0,2,4,6]]",395.0,400,,,members_5x8.json#243
5x8,244,rand,"[[0,1,3,5],[2,4,5,7],[3,5,6,7],[0,2,5,7],[0,1,2,5]]",395.0,400,,,members_5x8.json#244
5x8,245,rand,"[[0,2,3,7],[1,4,5,6],[3,5,6,7],[0,3,4,6],[0,5,6,7]]",395.0,400,,,members_5x8.json#245
5x8,246,rand,"[[1,4,6,7],[2,3,4,5],[0,3,4,6],[1,3,5,7],[1,2,3,6]]",382.0,400,,,members_5x8.json#246
5x8,247,rand,"[[3,5,6,7],[1,2,4,5],[0,3,5,6],[0,1,2,5],[0,1,2,5]]",400.0,400,,,members_5x8.json#247
5x8,248,rand,"[[2,3,4,5],[0,1,3,6],[0,1,4,7],[0,1,3,5],[3,4,5,7]]",397.0,400,,,members_5x8.json#248
5x8,249,rand,"[[1,4,5,6],[2,4,5,7],[0,4,5,6],[1,4,6,7],[0,1,5,7]]",390.0,400,,,members_5x8.json#249
5x8,250,rand,"[[0,2,4,7],[0,2,4,5],[0,3,4,7],[0,1,4,5],[0,1,2,3]]",392.0,400,,,members_5x8.json#250
5x8,251,rand,"[[0,2,3,7],[2,4,5,6],[1,4,5,6],[0,2,3,7],[0,2,5,7]]",400.0,400,,,members_5x8.json#251
5x8,252,rand,"[[1,3,5,6],[0,3,4,6],[0,1,6,7],[3,5,6,7],[2,3,5,7]]",394.0,400,,,members_5x8.json#252
5x8,253,rand,"[[1,3,4,5],[1,3,6,7],[0,1,3,4],[0,3,4,7],[0,2,4,7]]",398.0,400,,,members_5x8.json#253
5x8,254,rand,"[[2,3,4,6],[2,3,5,6],[2,4,6,7],[2,4,6,7],[0,1,3,6]]",400.0,400,,,members_5x8.json#254
5x8,255,rand,"[[0,1,2,5],[1,2,6,7],[0,1,3,5],[0,3,5,7],[3,4,5,6]]",394.0,400,,,members_5x8.json#255
5x8,256,rand,"[[3,4,6,7],[2,3,4,6],[0,4,5,6],[1,2,4,5],[0,1,6,7]]",389.0,400,,,members_5x8.json#256
5x8,257,rand,"[[3,4,5,7],[0,2,4,7],[0,1,3,4],[0,4,5,7],[1,2,5,7]]",398.0,400,,,members_5x8.json#257
5x8,258,rand,"[[1,2,5,6],[2,3,4,7],[1,4,5,7],[0,3,4,5],[3,5,6,7]]",385.0,400,,,members_5x8.json#258
5x8,259,rand,"[[0,3,5,7],[2,3,6,7],[2,4,5,7],[0,2,5,7],[3,4,6,7]]",394.0,400,,,members_5x8.json#259
5x8,260,rand,"[[2,4,5,7],[0,4,5,6],[0,2,6,7],[0,2,3,7],[0,1,4,7]]",392.0,400,,,members_5x8.json#260
5x8,261,rand,"[[2,3,5,6],[0,2,4,7],[0,3,5,7],[1,5,6,7],[2,3,5,6]]",394.0,400,,,members_5x8.json#261
5x8,262,rand,"[[1,3,5,7],[0,1,3,7],[0,1,3,6],[0,2,3,5],[2,3,6,7]]",388.0,400,,,members_5x8.json#262
5x8,263,rand,"[[0,1,5,6],[2,3,5,6],[4,5,6,7],[0,1,2,5],[0,1,2,7]]",398.0,400,,,members_5x8.json#263
5x8,264,rand,"[[3,4,6,7],[0,3,4,6],[1,2,4,7],[0,5,6,7],[0,4,5,7]]",396.0,400,,,members_5x8.json#264
5x8,265,rand,"[[0,1,3,7],[0,2,6,7],[1,3,4,5],[1,2,4,5],[0,3,4,7]]",395.0,400,,,members_5x8.json#265
5x8,266,rand,"[[0,1,4,5],[2,3,4,6],[0,3,5,6],[0,3,4,5],[0,1,2,4]]",395.0,400,,,members_5x8.json#266
5x8,267,rand,"[[1,2,3,4],[1,2,6,7],[0,1,3,7],[0,1,2,4],[1,3,5,6]]",392.0,400,,,members_5x8.json#267
5x8,268,rand,"[[0,2,3,7],[3,5,6,7],[2,3,6,7],[0,3,4,5],[1,4,6,7]]",394.0,400,,,members_5x8.json#268
5x8,269,rand,"[[0,3,6,7],[0,1,2,5],[0,4,6,7],[0,1,3,4],[0,1,3,4]]",400.0,400,,,members_5x8.json#269
5x8,270,rand,"[[0,1,5,7],[0,3,4,6],[1,2,4,5],[0,2,5,7],[0,2,4,6]]",394.0,400,,,members_5x8.json#270
5x8,271,rand,"[[2,3,6,7],[1,2,3,7],[3,4,5,6],[1,4,6,7],[0,3,4,7]]",390.0,400,,,members_5x8.json#271
5x8,272,rand,"[[1,2,5,6],[4,5,6,7],[0,3,4,5],[1,2,4,7],[0,2,4,5]]",390.0,400,,,members_5x8.json#272
5x8,273,rand,"[[2,3,4,6],[0,2,3,5],[0,1,2,7],[0,2,5,6],[0,2,5,7]]",400.0,400,,,members_5x8.json#273
5x8,274,rand,"[[1,3,5,6],[1,3,4,5],[2,4,5,7],[3,5,6,7],[0,2,4,7]]",398.0,400,,,members_5x8.json#274
5x8,275,rand,"[[0,1,3,6],[2,3,4,6],[1,2,4,6],[0,1,4,6],[0,2,4,5]]",398.0,400,,,members_5x8.json#275
5x8,276,rand,"[[3,4,5,6],[1,2,4,5],[1,5,6,7],[0,2,6,7],[0,4,5,6]]",391.0,400,,,members_5x8.json#276
5x8,277,rand,"[[1,3,6,7],[0,2,4,7],[0,3,4,6],[0,3,4,7],[2,3,4,5]]",395.0,400,,,members_5x8.json#277
5x8,278,rand,"[[0,2,5,6],[3,4,5,7],[2,3,4,6],[0,1,2,4],[1,4,6,7]]",383.0,400,,,members_5x8.json#278
5x8,279,rand,"[[0,3,4,5],[1,4,5,7],[1,2,4,5],[0,1,4,6],[0,2,3,6]]",398.0,400,,,members_5x8.json#279
5x8,280,rand,"[[0,1,5,6],[2,3,4,6],[1,3,5,6],[2,3,6,7],[0,4,5,7]]",393.0,400,,,members_5x8.json#280
5x8,281,rand,"[[1,2,3,6],[1,2,3,5],[0,1,6,7],[1,4,6,7],[1,2,5,7]]",398.0,400,,,members_5x8.json#281
5x8,282,rand,"[[1,3,5,6],[0,1,2,5],[0,1,3,5],[0,3,4,5],[2,5,6,7]]",398.0,400,,,members_5x8.json#282
5x8,283,rand,"[[0,1,2,6],[0,3,5,6],[1,2,3,7],[0,3,5,7],[0,3,5,6]]",397.0,400,,,members_5x8.json#283
5x8,284,rand,"[[0,1,2,6],[0,5,6,7],[0,1,4,6],[0,3,4,6],[1,5,6,7]]",400.0,400,,,members_5x8.json#284
5x8,285,rand,"[[1,2,3,6],[0,3,5,6],[0,1,2,6],[3,4,5,7],[0,2,3,7]]",398.0,400,,,members_5x8.json#285
5x8,286,rand,"[[0,3,4,7],[0,2,4,7],[1,5,6,7],[0,2,6,7],[1,2,4,5]]",392.0,400,,,members_5x8.json#286
5x8,287,rand,"[[0,1,5,6],[1,3,5,6],[2,3,4,7],[0,2,3,6],[0,2,5,7]]",394.0,400,,,members_5x8.json#287
5x8,288,rand,"[[2,4,5,7],[0,4,5,7],[0,1,3,6],[0,2,3,7],[0,1,3,5]]",398.0,400,,,members_5x8.json#288
5x8,289,rand,"[[2,4,6,7],[2,4,5,7],[1,2,6,7],[1,3,4,7],[0,2,3,6]]",396.0,400,,,members_5x8.json#289
5x8,290,rand,"[[0,1,5,7],[0,5,6,7],[1,3,5,6],[0,1,2,7],[1,2,3,6]]",397.0,400,,,members_5x8.json#290
5x8,291,rand,"[[1,4,5,6],[1,2,5,6],[0,1,2,7],[0,1,4,5],[3,5,6,7]]",393.0,400,,,members_5x8.json#291
5x8,292,rand,"[[0,1,2,6],[1,2,6,7],[3,5,6,7],[2,3,4,6],[2,4,5,6]]",395.0,400,,,members_5x8.json#292
5x8,293,rand,"[[0,1,4,5],[2,3,4,7],[1,2,3,4],[1,2,3,4],[1,2,6,7]]",398.0,400,,,members_5x8.json#293
5x8,294,rand,"[[1,2,4,6],[0,1,4,6],[1,2,5,7],[0,4,6,7],[0,2,5,6]]",398.0,400,,,members_5x8.json#294
5x8,295,rand,"[[1,2,3,4],[3,4,6,7],[2,4,6,7],[1,3,4,6],[0,3,5,6]]",396.0,400,,,members_5x8.json#295
5x8,296,rand,"[[3,4,5,6],[1,2,4,5],[0,2,4,7],[0,1,2,5],[2,5,6,7]]",391.0,400,,,members_5x8.json#296
5x8,297,rand,"[[0,3,5,6],[0,3,6,7],[0,1,2,4],[4,5,6,7],[2,4,5,6]]",391.0,400,,,members_5x8.json#297
5x8,298,rand,"[[0,1,4,6],[1,3,4,7],[3,4,6,7],[3,4,5,6],[1,3,4,7]]",398.0,400,,,members_5x8.json#298
5x8,299,rand,"[[0,3,4,6],[1,4,6,7],[3,5,6,7],[0,1,2,5],[0,2,5,6]]",391.0,400,,,members_5x8.json#299
5x8,300,WH,"[[0,2,4,6],[0,1,4,5],[0,3,4,7],[0,1,2,3],[0,2,5,7]]",379.0,400,378.0,379.0,members_5x8.json#300
5x8,301,WH,"[[0,2,4,6],[0,1,4,5],[0,3,4,7],[0,1,2,3],[0,1,6,7]]",380.0,400,379.0,380.0,members_5x8.json#301
5x8,302,WH,"[[0,2,4,6],[0,1,4,5],[0,3,4,7],[0,1,2,3],[0,3,5,6]]",379.0,400,378.0,379.0,members_5x8.json#302
5x8,303,WH,"[[0,2,4,6],[0,1,4,5],[0,3,4,7],[0,2,5,7],[0,1,6,7]]",379.0,400,379.0,379.0,members_5x8.json#303
5x8,304,WH,"[[0,2,4,6],[0,1,4,5],[0,3,4,7],[0,2,5,7],[0,3,5,6]]",379.0,400,379.0,379.0,members_5x8.json#304
5x8,305,WH,"[[0,2,4,6],[0,1,4,5],[0,3,4,7],[0,1,6,7],[0,3,5,6]]",377.0,400,,,members_5x8.json#305
5x8,306,WH,"[[0,2,4,6],[0,1,4,5],[0,1,2,3],[0,2,5,7],[0,1,6,7]]",378.0,400,,,members_5x8.json#306
5x8,307,WH,"[[0,2,4,6],[0,1,4,5],[0,1,2,3],[0,2,5,7],[0,3,5,6]]",377.0,400,,,members_5x8.json#307
5x8,308,WH,"[[0,2,4,6],[0,1,4,5],[0,1,2,3],[0,1,6,7],[0,3,5,6]]",379.0,400,378.0,379.0,members_5x8.json#308
5x8,309,WH,"[[0,2,4,6],[0,1,4,5],[0,2,5,7],[0,1,6,7],[0,3,5,6]]",377.0,400,,,members_5x8.json#309
5x8,310,WH,"[[0,2,4,6],[0,3,4,7],[0,1,2,3],[0,2,5,7],[0,1,6,7]]",379.0,400,,,members_5x8.json#310
5x8,311,WH,"[[0,2,4,6],[0,3,4,7],[0,1,2,3],[0,2,5,7],[0,3,5,6]]",377.0,400,,,members_5x8.json#311
5x8,312,WH,"[[0,2,4,6],[0,3,4,7],[0,1,2,3],[0,1,6,7],[0,3,5,6]]",378.0,400,,,members_5x8.json#312
5x8,313,WH,"[[0,2,4,6],[0,3,4,7],[0,2,5,7],[0,1,6,7],[0,3,5,6]]",377.0,400,,,members_5x8.json#313
5x8,314,WH,"[[0,2,4,6],[0,1,2,3],[0,2,5,7],[0,1,6,7],[0,3,5,6]]",378.0,400,,,members_5x8.json#314
5x8,315,WH,"[[0,1,4,5],[0,3,4,7],[0,1,2,3],[0,2,5,7],[0,1,6,7]]",377.0,400,,,members_5x8.json#315
5x8,316,WH,"[[0,1,4,5],[0,3,4,7],[0,1,2,3],[0,2,5,7],[0,3,5,6]]",379.0,400,,,members_5x8.json#316
5x8,317,WH,"[[0,1,4,5],[0,3,4,7],[0,1,2,3],[0,1,6,7],[0,3,5,6]]",378.0,400,,,members_5x8.json#317
5x8,318,WH,"[[0,1,4,5],[0,3,4,7],[0,2,5,7],[0,1,6,7],[0,3,5,6]]",377.0,400,,,members_5x8.json#318
5x8,319,WH,"[[0,1,4,5],[0,1,2,3],[0,2,5,7],[0,1,6,7],[0,3,5,6]]",378.0,400,,,members_5x8.json#319
5x8,320,WH,"[[0,3,4,7],[0,1,2,3],[0,2,5,7],[0,1,6,7],[0,3,5,6]]",378.0,400,,,members_5x8.json#320
5x8,321,WH+-,"[[0,3,4,7],[0,3,5,6],[1,3,5,7],[0,1,6,7],[2,3,6,7]]",379.0,400,,,members_5x8.json#321
5x8,322,WH+-,"[[0,3,5,6],[2,3,4,5],[0,1,2,3],[0,2,4,6],[0,1,6,7]]",392.0,400,,,members_5x8.json#322
5x8,323,WH+-,"[[0,3,5,6],[1,2,4,7],[0,1,4,5],[0,2,5,7],[1,2,5,6]]",391.0,400,,,members_5x8.json#323
5x8,324,WH+-,"[[1,2,5,6],[2,3,6,7],[1,3,4,6],[0,3,5,6],[2,3,4,5]]",379.0,400,377.0,379.0,members_5x8.json#324
5x8,325,WH+-,"[[2,3,4,5],[0,2,5,7],[1,3,4,6],[0,2,4,6],[0,3,4,7]]",392.0,400,,,members_5x8.json#325
5x8,326,WH+-,"[[2,3,6,7],[4,5,6,7],[0,1,4,5],[0,1,2,3],[0,2,4,6]]",389.0,400,,,members_5x8.json#326
5x8,327,WH+-,"[[0,2,4,6],[2,3,4,5],[0,1,4,5],[4,5,6,7],[0,2,5,7]]",379.0,400,,,members_5x8.json#327
5x8,328,WH+-,"[[4,5,6,7],[0,1,6,7],[0,1,2,3],[0,2,5,7],[1,2,4,7]]",391.0,400,,,members_5x8.json#328
5x8,329,WH+-,"[[2,3,6,7],[0,2,4,6],[1,3,5,7],[4,5,6,7],[0,3,5,6]]",391.0,400,,,members_5x8.json#329
5x8,330,WH+-,"[[1,2,5,6],[1,3,4,6],[1,3,5,7],[4,5,6,7],[0,1,4,5]]",377.0,400,,,members_5x8.json#330
5x8,331,WH+-,"[[0,1,2,3],[1,3,5,7],[1,2,4,7],[1,3,4,6],[1,2,5,6]]",378.0,400,,,members_5x8.json#331
5x8,332,WH+-,"[[0,3,4,7],[0,1,6,7],[0,3,5,6],[0,2,4,6],[1,3,4,6]]",379.0,400,377.0,379.0,members_5x8.json#332
5x8,333,WH+-,"[[1,3,4,6],[0,2,5,7],[1,2,5,6],[2,3,6,7],[0,3,4,7]]",389.0,400,,,members_5x8.json#333
5x8,334,WH+-,"[[0,3,5,6],[0,1,2,3],[0,1,6,7],[1,3,5,7],[0,2,4,6]]",392.0,400,,,members_5x8.json#334
5x8,335,WH+-,"[[0,3,4,7],[2,3,6,7],[2,3,4,5],[0,1,6,7],[0,3,5,6]]",391.0,400,,,members_5x8.json#335
5x8,336,WH+-,"[[1,2,5,6],[1,2,4,7],[1,3,5,7],[1,3,4,6],[0,1,4,5]]",378.0,400,,,members_5x8.json#336
5x8,337,WH+-,"[[1,2,5,6],[1,3,4,6],[0,2,5,7],[0,1,2,3],[0,1,4,5]]",392.0,400,,,members_5x8.json#337
5x8,338,WH+-,"[[1,3,5,7],[0,1,2,3],[0,2,5,7],[0,3,5,6],[1,2,4,7]]",390.0,400,,,members_5x8.json#338
5x8,339,WH+-,"[[0,1,4,5],[4,5,6,7],[0,2,5,7],[0,3,4,7],[2,3,4,5]]",379.0,400,377.0,379.0,members_5x8.json#339
5x8,340,WH+-,"[[0,2,4,6],[4,5,6,7],[0,3,4,7],[1,2,4,7],[0,3,5,6]]",392.0,400,,,members_5x8.json#340
5x8,341,WH+-,"[[4,5,6,7],[1,2,4,7],[0,1,6,7],[0,2,4,6],[0,3,4,7]]",379.0,400,377.0,379.0,members_5x8.json#341
5x8,342,WH+-,"[[2,3,4,5],[1,3,5,7],[0,2,4,6],[1,3,4,6],[0,1,6,7]]",389.0,400,,,members_5x8.json#342
5x8,343,WH+-,"[[0,1,6,7],[1,3,5,7],[1,2,4,7],[0,1,4,5],[0,3,5,6]]",392.0,400,,,members_5x8.json#343
5x8,344,WH+-,"[[2,3,6,7],[4,5,6,7],[0,1,4,5],[0,1,2,3],[1,2,4,7]]",389.0,400,,,members_5x8.json#344
5x8,345,WH+-,"[[0,1,2,3],[2,3,6,7],[1,3,5,7],[1,2,5,6],[1,2,4,7]]",379.0,400,377.0,379.0,members_5x8.json#345
5x8,346,WH+-,"[[0,1,6,7],[1,2,4,7],[0,1,2,3],[1,3,4,6],[1,2,5,6]]",377.0,400,,,members_5x8.json#346
5x8,347,WH+-,"[[0,2,5,7],[0,3,5,6],[0,1,4,5],[4,5,6,7],[1,3,4,6]]",392.0,400,,,members_5x8.json#347
5x8,348,WH+-,"[[0,2,4,6],[4,5,6,7],[0,3,5,6],[1,3,4,6],[2,3,6,7]]",377.0,400,,,members_5x8.json#348
5x8,349,WH+-,"[[0,2,4,6],[0,1,4,5],[1,3,5,7],[4,5,6,7],[2,3,4,5]]",390.0,400,,,members_5x8.json#349
5x8,350,WH+-,"[[0,1,2,3],[1,3,5,7],[0,1,6,7],[0,1,4,5],[2,3,4,5]]",392.0,400,,,members_5x8.json#350
5x8,351,WH+-,"[[1,3,5,7],[1,3,4,6],[4,5,6,7],[0,3,5,6],[0,2,5,7]]",392.0,400,,,members_5x8.json#351
5x8,352,WH+-,"[[2,3,6,7],[0,3,5,6],[0,1,4,5],[2,3,4,5],[1,2,4,7]]",389.0,400,,,members_5x8.json#352
5x8,353,WH+-,"[[0,2,4,6],[0,3,4,7],[0,3,5,6],[0,2,5,7],[1,2,4,7]]",391.0,400,,,members_5x8.json#353
5x8,354,WH+-,"[[0,2,5,7],[0,3,4,7],[0,1,2,3],[1,2,5,6],[1,3,5,7]]",390.0,400,,,members_5x8.json#354
5x8,355,WH+-,"[[0,1,2,3],[0,1,4,5],[4,5,6,7],[2,3,6,7],[2,3,4,5]]",392.0,400,,,members_5x8.json#355
5x8,356,WH+-,"[[0,2,4,6],[4,5,6,7],[1,3,4,6],[2,3,6,7],[1,2,5,6]]",378.0,400,,,members_5x8.json#356
5x8,357,WH+-,"[[0,2,5,7],[1,3,5,7],[0,1,2,3],[0,1,4,5],[2,3,4,5]]",377.0,400,,,members_5x8.json#357
5x8,358,WH+-,"[[1,3,4,6],[0,1,2,3],[0,1,6,7],[1,2,5,6],[0,1,4,5]]",378.0,400,,,members_5x8.json#358
5x8,359,WH+-,"[[1,2,5,6],[2,3,6,7],[1,2,4,7],[0,2,4,6],[0,2,5,7]]",378.0,400,378.0,378.0,members_5x8.json#359
5x8,360,WH+-,"[[0,1,6,7],[0,3,4,7],[1,2,4,7],[2,3,4,5],[0,3,5,6]]",389.0,400,,,members_5x8.json#360
5x8,361,WH+-,"[[0,1,4,5],[0,2,5,7],[0,2,4,6],[0,3,5,6],[1,2,4,7]]",392.0,400,,,members_5x8.json#361
5x8,362,WH+-,"[[0,1,2,3],[0,2,4,6],[1,2,4,7],[0,1,6,7],[1,3,4,6]]",378.0,400,,,members_5x8.json#362
5x8,363,WH+-,"[[1,2,4,7],[4,5,6,7],[0,2,5,7],[1,3,5,7],[2,3,4,5]]",379.0,400,377.0,379.0,members_5x8.json#363
5x8,364,WH+-,"[[2,3,4,5],[0,2,5,7],[1,3,4,6],[0,1,4,5],[1,3,5,7]]",391.0,400,,,members_5x8.json#364
5x8,365,WH+-,"[[1,3,5,7],[2,3,4,5],[1,2,5,6],[0,3,5,6],[4,5,6,7]]",379.0,400,377.0,379.0,members_5x8.json#365
5x8,366,WH+-,"[[2,3,4,5],[0,1,2,3],[0,3,5,6],[0,3,4,7],[1,2,5,6]]",392.0,400,,,members_5x8.json#366
5x8,367,WH+-,"[[0,1,6,7],[4,5,6,7],[1,3,4,6],[0,3,5,6],[0,2,5,7]]",391.0,400,,,members_5x8.json#367
5x8,368,WH+-,"[[2,3,4,5],[0,3,4,7],[1,2,5,6],[0,2,4,6],[2,3,6,7]]",392.0,400,,,members_5x8.json#368
5x8,369,WH+-,"[[0,1,4,5],[0,2,5,7],[2,3,6,7],[1,2,4,7],[0,3,4,7]]",391.0,400,,,members_5x8.json#369
5x8,370,WH+-,"[[0,1,6,7],[2,3,6,7],[1,2,5,6],[0,3,5,6],[0,2,4,6]]",378.0,400,,,members_5x8.json#370
5x8,371,WH+-,"[[0,2,4,6],[0,2,5,7],[1,2,5,6],[1,3,4,6],[1,3,5,7]]",389.0,400,,,members_5x8.json#371
5x8,372,WH+-,"[[0,1,6,7],[2,3,6,7],[0,2,5,7],[0,1,2,3],[0,3,5,6]]",377.0,400,,,members_5x8.json#372
5x8,373,WH+-,"[[2,3,4,5],[0,1,2,3],[4,5,6,7],[0,3,4,7],[0,2,4,6]]",391.0,400,,,members_5x8.json#373
5x8,374,WH+-,"[[0,1,4,5],[1,2,5,6],[2,3,4,5],[0,3,5,6],[0,1,6,7]]",391.0,400,,,members_5x8.json#374
5x8,375,WH+-,"[[0,1,6,7],[1,2,4,7],[2,3,6,7],[0,2,5,7],[0,3,4,7]]",377.0,400,,,members_5x8.json#375
5x8,376,WH+-,"[[0,3,5,6],[4,5,6,7],[0,2,5,7],[0,1,4,5],[1,2,5,6]]",378.0,400,,,members_5x8.json#376
5x8,377,WH+-,"[[2,3,6,7],[0,2,4,6],[0,1,2,3],[2,3,4,5],[1,3,5,7]]",390.0,400,,,members_5x8.json#377
5x8,378,WH+-,"[[1,2,5,6],[1,3,4,6],[0,1,2,3],[1,2,4,7],[0,3,4,7]]",392.0,400,,,members_5x8.json#378
5x8,379,WH+-,"[[1,3,4,6],[0,1,2,3],[0,2,5,7],[4,5,6,7],[1,3,5,7]]",392.0,400,,,members_5x8.json#379
5x8,380,WH+-,"[[1,2,4,7],[1,2,5,6],[1,3,4,6],[0,1,6,7],[0,1,4,5]]",377.0,400,,,members_5x8.json#380
5x8,381,WH+-,"[[1,2,5,6],[0,1,6,7],[0,2,5,7],[1,3,5,7],[0,1,4,5]]",379.0,400,378.0,379.0,members_5x8.json#381
5x8,382,WH+-,"[[0,3,5,6],[1,3,5,7],[0,1,2,3],[1,3,4,6],[0,1,4,5]]",379.0,400,,,members_5x8.json#382
5x8,383,WH+-,"[[4,5,6,7],[0,2,4,6],[0,2,5,7],[1,3,4,6],[2,3,6,7]]",392.0,400,,,members_5x8.json#383
5x8,384,WH+-,"[[1,3,4,6],[2,3,6,7],[1,3,5,7],[1,2,5,6],[0,2,5,7]]",390.0,400,,,members_5x8.json#384
5x8,385,WH+-,"[[0,3,4,7],[0,3,5,6],[0,1,6,7],[2,3,6,7],[2,3,4,5]]",391.0,400,,,members_5x8.json#385
5x8,386,WH+-,"[[1,3,4,6],[2,3,4,5],[0,3,4,7],[0,1,4,5],[0,2,5,7]]",391.0,400,,,members_5x8.json#386
5x8,387,WH+-,"[[0,3,4,7],[1,3,4,6],[2,3,6,7],[2,3,4,5],[1,2,4,7]]",379.0,400,379.0,379.0,members_5x8.json#387
5x8,388,WH+-,"[[0,2,4,6],[0,2,5,7],[1,2,5,6],[0,1,6,7],[1,3,4,6]]",392.0,400,,,members_5x8.json#388
5x8,389,WH+-,"[[2,3,6,7],[0,1,4,5],[1,3,4,6],[2,3,4,5],[4,5,6,7]]",392.0,400,,,members_5x8.json#389
5x8,390,WH+-,"[[0,2,5,7],[2,3,6,7],[1,2,5,6],[0,1,2,3],[4,5,6,7]]",391.0,400,,,members_5x8.json#390
5x8,391,WH+-,"[[0,3,4,7],[2,3,6,7],[0,3,5,6],[2,3,4,5],[0,1,6,7]]",391.0,400,,,members_5x8.json#391
5x8,392,WH+-,"[[0,3,5,6],[0,3,4,7],[0,2,5,7],[2,3,4,5],[4,5,6,7]]",377.0,400,,,members_5x8.json#392
5x8,393,WH+-,"[[0,2,5,7],[0,1,2,3],[0,1,4,5],[1,2,4,7],[2,3,4,5]]",377.0,400,,,members_5x8.json#393
5x8,394,WH+-,"[[1,3,5,7],[0,3,5,6],[2,3,6,7],[1,2,5,6],[0,2,4,6]]",392.0,400,,,members_5x8.json#394
5x8,395,WH+-,"[[1,2,4,7],[0,1,4,5],[2,3,4,5],[1,2,5,6],[2,3,6,7]]",391.0,400,,,members_5x8.json#395
5x8,396,WH+-,"[[0,1,4,5],[0,3,4,7],[1,3,5,7],[0,3,5,6],[4,5,6,7]]",377.0,400,,,members_5x8.json#396
5x8,397,WH+-,"[[1,3,5,7],[0,1,6,7],[1,3,4,6],[1,2,5,6],[2,3,6,7]]",379.0,400,379.0,379.0,members_5x8.json#397
5x8,398,WH+-,"[[0,2,5,7],[0,3,5,6],[4,5,6,7],[2,3,6,7],[1,2,5,6]]",379.0,400,,,members_5x8.json#398
5x8,399,WH+-,"[[0,1,6,7],[1,3,4,6],[2,3,6,7],[0,1,2,3],[0,2,5,7]]",390.0,400,,,members_5x8.json#399
5x8,400,WH+-,"[[0,2,5,7],[0,2,4,6],[0,1,4,5],[4,5,6,7],[0,3,5,6]]",378.0,400,,,members_5x8.json#400
5x8,401,WH+-,"[[0,3,5,6],[4,5,6,7],[2,3,4,5],[0,1,6,7],[0,2,4,6]]",392.0,400,,,members_5x8.json#401
5x8,402,WH+-,"[[0,1,4,5],[4,5,6,7],[1,3,5,7],[0,2,5,7],[2,3,4,5]]",377.0,400,,,members_5x8.json#402
5x8,403,WH+-,"[[0,1,2,3],[0,2,5,7],[0,3,4,7],[0,2,4,6],[2,3,6,7]]",377.0,400,,,members_5x8.json#403
5x8,404,WH+-,"[[4,5,6,7],[2,3,6,7],[1,2,5,6],[0,1,6,7],[0,3,5,6]]",377.0,400,,,members_5x8.json#404
5x8,405,WH+-,"[[2,3,6,7],[0,1,2,3],[1,3,4,6],[0,3,4,7],[0,1,4,5]]",391.0,400,,,members_5x8.json#405
5x8,406,WH+-,"[[0,3,5,6],[1,2,5,6],[0,1,2,3],[1,3,5,7],[0,2,4,6]]",390.0,400,,,members_5x8.json#406
5x8,407,WH+-,"[[0,1,6,7],[0,3,5,6],[1,2,4,7],[2,3,4,5],[1,2,5,6]]",389.0,400,,,members_5x8.json#407
5x8,408,WH+-,"[[0,1,2,3],[0,2,4,6],[0,1,4,5],[4,5,6,7],[0,3,4,7]]",390.0,400,,,members_5x8.json#408
5x8,409,WH+-,"[[1,2,4,7],[0,3,4,7],[1,3,4,6],[4,5,6,7],[0,2,5,7]]",390.0,400,,,members_5x8.json#409
5x8,410,WH+-,"[[0,1,2,3],[0,1,4,5],[0,2,4,6],[1,2,4,7],[0,2,5,7]]",379.0,400,379.0,379.0,members_5x8.json#410
5x8,411,WH+-,"[[0,3,4,7],[2,3,4,5],[4,5,6,7],[1,3,5,7],[0,2,5,7]]",377.0,400,,,members_5x8.json#411
5x8,412,WH+-,"[[0,3,4,7],[2,3,6,7],[0,1,6,7],[1,3,5,7],[2,3,4,5]]",390.0,400,,,members_5x8.json#412
5x8,413,WH+-,"[[2,3,4,5],[1,3,4,6],[0,3,4,7],[0,1,6,7],[4,5,6,7]]",392.0,400,,,members_5x8.json#413
5x8,414,WH+-,"[[1,3,4,6],[2,3,4,5],[0,1,2,3],[4,5,6,7],[0,3,5,6]]",391.0,400,,,members_5x8.json#414
5x8,415,WH+-,"[[4,5,6,7],[0,1,6,7],[2,3,4,5],[1,2,5,6],[0,1,4,5]]",392.0,400,,,members_5x8.json#415
5x8,416,WH+-,"[[4,5,6,7],[2,3,4,5],[0,3,5,6],[0,1,6,7],[1,2,5,6]]",390.0,400,,,members_5x8.json#416
5x8,417,WH+-,"[[0,1,4,5],[0,2,5,7],[1,2,5,6],[1,3,4,6],[0,1,6,7]]",392.0,400,,,members_5x8.json#417
5x8,418,WH+-,"[[4,5,6,7],[0,2,5,7],[0,2,4,6],[0,1,2,3],[1,2,5,6]]",391.0,400,,,members_5x8.json#418
5x8,419,WH+-,"[[4,5,6,7],[2,3,6,7],[0,2,5,7],[1,2,5,6],[0,2,4,6]]",379.0,400,,,members_5x8.json#419
5x8,420,WH+-,"[[0,1,4,5],[0,1,6,7],[0,3,4,7],[2,3,4,5],[0,3,5,6]]",391.0,400,,,members_5x8.json#420
5x8,421,WH+-,"[[0,1,4,5],[1,2,4,7],[0,3,5,6],[0,1,2,3],[1,2,5,6]]",392.0,400,,,members_5x8.json#421
5x8,422,WH+-,"[[0,3,5,6],[4,5,6,7],[0,2,5,7],[1,2,5,6],[0,1,2,3]]",392.0,400,,,members_5x8.json#422
5x8,423,WH+-,"[[1,3,5,7],[1,2,5,6],[2,3,4,5],[0,1,4,5],[4,5,6,7]]",378.0,400,,,members_5x8.json#423
5x8,424,WH+-,"[[0,1,4,5],[1,2,4,7],[0,1,2,3],[2,3,6,7],[2,3,4,5]]",392.0,400,,,members_5x8.json#424
5x8,425,WH+-,"[[1,3,4,6],[0,3,5,6],[0,2,4,6],[1,2,5,6],[0,1,6,7]]",377.0,400,,,members_5x8.json#425
5x8,426,WH+-,"[[0,1,4,5],[1,2,4,7],[0,3,5,6],[1,3,5,7],[4,5,6,7]]",391.0,400,,,members_5x8.json#426
5x8,427,WH+-,"[[1,3,4,6],[1,2,4,7],[0,1,4,5],[4,5,6,7],[1,3,5,7]]",379.0,400,,,members_5x8.json#427
5x8,428,WH+-,"[[4,5,6,7],[1,3,4,6],[2,3,6,7],[0,1,2,3],[1,2,4,7]]",390.0,400,,,members_5x8.json#428
5x8,429,WH+-,"[[1,2,5,6],[4,5,6,7],[0,1,6,7],[2,3,4,5],[2,3,6,7]]",392.0,400,,,members_5x8.json#429
5x8,430,WH+-,"[[0,2,4,6],[0,1,6,7],[0,3,4,7],[1,2,4,7],[1,2,5,6]]",391.0,400,,,members_5x8.json#430
5x8,431,WH+-,"[[4,5,6,7],[1,2,4,7],[0,1,6,7],[0,2,4,6],[2,3,6,7]]",377.0,400,,,members_5x8.json#431
5x8,432,WH+-,"[[0,3,5,6],[0,1,2,3],[2,3,4,5],[0,3,4,7],[1,2,5,6]]",392.0,400,,,members_5x8.json#432
5x8,433,WH+-,"[[2,3,6,7],[0,3,4,7],[1,2,4,7],[0,1,6,7],[4,5,6,7]]",378.0,400,,,members_5x8.json#433
5x8,434,WH+-,"[[1,3,5,7],[0,3,5,6],[0,1,6,7],[0,2,5,7],[0,1,4,5]]",377.0,400,,,members_5x8.json#434
5x8,435,WH+-,"[[2,3,4,5],[0,1,2,3],[1,3,5,7],[0,1,4,5],[0,3,4,7]]",377.0,400,,,members_5x8.json#435
5x8,436,WH+-,"[[0,1,2,3],[1,2,5,6],[0,1,4,5],[0,2,4,6],[2,3,4,5]]",378.0,400,,,members_5x8.json#436
5x8,437,WH+-,"[[0,1,4,5],[0,2,5,7],[0,1,6,7],[2,3,4,5],[0,3,4,7]]",392.0,400,,,members_5x8.json#437
5x8,438,WH+-,"[[0,2,5,7],[1,3,4,6],[1,2,5,6],[2,3,4,5],[4,5,6,7]]",392.0,400,,,members_5x8.json#438
5x8,439,WH+-,"[[2,3,4,5],[0,3,4,7],[0,1,2,3],[2,3,6,7],[0,1,6,7]]",392.0,400,,,members_5x8.json#439
5x8,440,WH+-,"[[1,2,4,7],[0,1,2,3],[0,1,6,7],[1,3,4,6],[0,3,4,7]]",377.0,400,,,members_5x8.json#440
5x8,441,WH+-,"[[2,3,6,7],[0,2,5,7],[1,2,4,7],[4,5,6,7],[1,3,4,6]]",392.0,400,,,members_5x8.json#441
5x8,442,WH+-,"[[0,3,4,7],[1,3,5,7],[0,2,4,6],[0,3,5,6],[0,1,4,5]]",392.0,400,,,members_5x8.json#442
5x8,443,WH+-,"[[0,1,6,7],[1,2,5,6],[2,3,6,7],[0,1,4,5],[4,5,6,7]]",392.0,400,,,members_5x8.json#443
5x8,444,WH+-,"[[0,2,5,7],[1,3,4,6],[4,5,6,7],[0,1,2,3],[1,2,5,6]]",389.0,400,,,members_5x8.json#444
5x8,445,WH+-,"[[1,3,4,6],[1,3,5,7],[0,2,4,6],[2,3,4,5],[0,1,6,7]]",389.0,400,,,members_5x8.json#445
5x8,446,WH+-,"[[2,3,6,7],[0,1,4,5],[0,2,4,6],[1,3,4,6],[0,3,4,7]]",392.0,400,,,members_5x8.json#446
5x8,447,WH+-,"[[0,2,4,6],[0,1,2,3],[0,1,4,5],[1,3,4,6],[1,3,5,7]]",392.0,400,,,members_5x8.json#447
5x8,448,WH+-,"[[4,5,6,7],[1,2,5,6],[0,1,4,5],[0,1,6,7],[0,1,2,3]]",392.0,400,,,members_5x8.json#448
5x8,449,WH+-,"[[1,2,4,7],[0,3,5,6],[2,3,6,7],[1,2,5,6],[1,3,5,7]]",390.0,400,,,members_5x8.json#449
5x8,450,WH+-,"[[2,3,4,5],[0,3,4,7],[0,1,4,5],[0,1,2,3],[0,1,6,7]]",392.0,400,,,members_5x8.json#450
5x8,451,WH+-,"[[0,1,2,3],[0,2,4,6],[4,5,6,7],[2,3,6,7],[2,3,4,5]]",392.0,400,,,members_5x8.json#451
5x8,452,WH+-,"[[0,1,4,5],[0,2,5,7],[1,2,5,6],[0,2,4,6],[4,5,6,7]]",377.0,400,,,members_5x8.json#452
5x8,453,WH+-,"[[0,1,6,7],[0,1,4,5],[0,2,5,7],[1,2,5,6],[0,2,4,6]]",379.0,400,379.0,379.0,members_5x8.json#453
5x8,454,WH+-,"[[2,3,6,7],[0,1,4,5],[0,1,6,7],[0,2,5,7],[1,3,4,6]]",389.0,400,,,members_5x8.json#454
5x8,455,WH+-,"[[2,3,4,5],[1,3,4,6],[0,2,4,6],[1,2,4,7],[0,3,4,7]]",378.0,400,,,members_5x8.json#455
5x8,456,WH+-,"[[0,2,4,6],[1,3,4,6],[1,2,5,6],[0,1,6,7],[1,2,4,7]]",379.0,400,379.0,379.0,members_5x8.json#456
5x8,457,WH+-,"[[2,3,6,7],[0,3,4,7],[1,3,5,7],[0,2,5,7],[1,3,4,6]]",390.0,400,,,members_5x8.json#457
5x8,458,WH+-,"[[2,3,6,7],[1,3,4,6],[1,2,4,7],[0,3,4,7],[0,2,5,7]]",392.0,400,,,members_5x8.json#458
5x8,459,WH+-,"[[0,2,4,6],[2,3,4,5],[1,3,5,7],[1,2,4,7],[0,1,2,3]]",392.0,400,,,members_5x8.json#459
5x8,460,WH+-,"[[1,2,5,6],[4,5,6,7],[2,3,6,7],[0,1,6,7],[0,1,4,5]]",392.0,400,,,members_5x8.json#460
5x8,461,WH+-,"[[1,3,4,6],[0,3,5,6],[0,1,4,5],[0,2,4,6],[4,5,6,7]]",379.0,400,,,members_5x8.json#461
5x8,462,WH+-,"[[0,1,4,5],[1,2,4,7],[0,1,6,7],[0,3,4,7],[0,2,5,7]]",377.0,400,,,members_5x8.json#462
5x8,463,WH+-,"[[1,2,5,6],[0,1,6,7],[1,3,4,6],[0,1,2,3],[1,2,4,7]]",377.0,400,,,members_5x8.json#463
5x8,464,WH+-,"[[1,3,5,7],[2,3,6,7],[0,1,4,5],[0,3,4,7],[0,1,6,7]]",392.0,400,,,members_5x8.json#464
5x8,465,WH+-,"[[0,1,2,3],[4,5,6,7],[0,1,4,5],[2,3,4,5],[1,2,4,7]]",392.0,400,,,members_5x8.json#465
5x8,466,WH+-,"[[1,2,4,7],[1,2,5,6],[0,2,4,6],[1,3,4,6],[0,3,4,7]]",391.0,400,,,members_5x8.json#466
5x8,467,WH+-,"[[4,5,6,7],[0,2,4,6],[1,2,5,6],[0,1,6,7],[1,3,4,6]]",377.0,400,,,members_5x8.json#467
5x8,468,WH+-,"[[2,3,4,5],[0,3,4,7],[0,1,4,5],[1,3,4,6],[0,2,5,7]]",392.0,400,,,members_5x8.json#468
5x8,469,WH+-,"[[0,2,5,7],[4,5,6,7],[0,1,6,7],[1,2,4,7],[1,3,5,7]]",379.0,400,,,members_5x8.json#469
5x8,470,WH+-,"[[2,3,6,7],[1,2,5,6],[0,3,5,6],[1,3,5,7],[0,1,4,5]]",392.0,400,,,members_5x8.json#470
5x8,471,flat,"[[0,2,4,7],[3,4,6,7],[0,2,6,7],[2,3,6,7],[2,5,6,7]]",398.0,400,,,members_5x8.json#471
5x8,472,flat,"[[2,3,6,7],[2,3,4,7],[0,2,3,7],[0,2,4,7],[0,2,6,7]]",398.0,400,,,members_5x8.json#472
5x8,473,flat,"[[0,2,6,7],[0,4,5,7],[0,2,6,7],[0,3,4,6],[0,3,4,5]]",398.0,400,,,members_5x8.json#473
5x8,474,flat,"[[0,1,5,7],[0,1,2,4],[0,1,2,6],[0,1,5,7],[1,2,5,7]]",400.0,400,,,members_5x8.json#474
5x8,475,flat,"[[2,5,6,7],[2,5,6,7],[2,4,5,6],[2,4,6,7],[1,2,5,6]]",400.0,400,,,members_5x8.json#475
5x8,476,flat,"[[1,2,3,6],[1,3,4,6],[1,3,5,6],[1,3,4,6],[1,2,5,6]]",400.0,400,,,members_5x8.json#476
5x8,477,flat,"[[0,2,3,5],[2,3,4,5],[1,3,4,5],[0,3,5,7],[0,3,4,5]]",400.0,400,,,members_5x8.json#477
5x8,478,flat,"[[2,4,6,7],[0,4,6,7],[0,2,4,7],[1,2,4,7],[0,4,6,7]]",400.0,400,,,members_5x8.json#478
5x8,479,flat,"[[0,2,3,6],[2,5,6,7],[0,2,3,6],[0,2,3,6],[2,3,5,6]]",400.0,400,,,members_5x8.json#479
5x8,480,flat,"[[0,2,3,7],[0,1,3,5],[0,1,2,3],[0,1,3,5],[0,1,2,3]]",400.0,400,,,members_5x8.json#480
5x8,481,flat,"[[0,1,3,5],[1,3,5,7],[1,3,5,7],[0,1,5,6],[0,1,5,6]]",400.0,400,,,members_5x8.json#481
5x8,482,flat,"[[0,4,6,7],[0,5,6,7],[0,2,6,7],[0,5,6,7],[2,4,6,7]]",400.0,400,,,members_5x8.json#482
5x8,483,flat,"[[2,3,4,6],[2,3,4,5],[2,3,4,6],[2,3,4,6],[2,3,6,7]]",400.0,400,,,members_5x8.json#483
5x8,484,flat,"[[3,4,6,7],[2,3,4,6],[3,4,6,7],[0,3,4,6],[2,3,6,7]]",400.0,400,,,members_5x8.json#484
5x8,485,flat,"[[1,4,5,7],[0,1,2,5],[0,1,5,7],[0,1,5,7],[1,2,5,7]]",400.0,400,,,members_5x8.json#485
5x8,486,flat,"[[0,3,4,5],[0,3,5,6],[3,4,5,6],[3,4,5,6],[0,3,4,5]]",400.0,400,,,members_5x8.json#486
5x8,487,flat,"[[2,3,5,7],[2,4,5,7],[2,3,4,7],[2,3,5,7],[2,3,4,7]]",400.0,400,,,members_5x8.json#487
5x8,488,flat,"[[0,2,4,6],[0,3,4,6],[2,3,4,6],[3,4,5,6],[0,4,5,6]]",398.0,400,,,members_5x8.json#488
5x8,489,flat,"[[0,4,5,6],[0,2,4,6],[0,2,4,6],[0,4,6,7],[0,2,5,6]]",400.0,400,,,members_5x8.json#489
5x8,490,flat,"[[1,3,4,7],[1,3,4,6],[0,3,4,7],[0,3,4,7],[1,3,4,6]]",400.0,400,,,members_5x8.json#490
5x8,491,flat,"[[1,2,5,6],[1,2,3,5],[0,1,2,5],[1,2,3,5],[0,1,5,6]]",400.0,400,,,members_5x8.json#491
5x8,492,flat,"[[0,2,5,6],[1,2,6,7],[0,2,3,6],[1,2,3,6],[2,3,5,6]]",400.0,400,,,members_5x8.json#492
5x8,493,flat,"[[2,3,5,6],[2,3,5,6],[0,2,5,6],[0,2,5,6],[2,3,5,6]]",400.0,400,,,members_5x8.json#493
5x8,494,flat,"[[0,2,4,7],[0,1,2,4],[0,2,4,7],[0,2,3,4],[2,3,4,5]]",400.0,400,,,members_5x8.json#494
5x8,495,flat,"[[2,4,5,6],[1,2,5,6],[2,4,6,7],[2,4,5,6],[1,2,5,6]]",400.0,400,,,members_5x8.json#495
5x8,496,flat,"[[2,4,5,7],[0,2,4,5],[0,4,5,7],[3,4,5,7],[2,4,5,7]]",400.0,400,,,members_5x8.json#496
5x8,497,flat,"[[1,2,3,5],[1,2,3,5],[2,3,4,5],[2,3,5,6],[2,3,4,5]]",400.0,400,,,members_5x8.json#497
5x8,498,flat,"[[1,2,3,4],[2,3,4,5],[0,2,3,4],[0,2,3,4],[1,2,4,5]]",400.0,400,,,members_5x8.json#498
5x8,499,flat,"[[1,3,5,7],[1,3,6,7],[1,4,5,7],[1,4,5,6],[1,4,5,7]]",400.0,400,,,members_5x8.json#499
5x8,500,flat,"[[1,5,6,7],[2,4,6,7],[2,3,5,7],[2,3,4,7],[2,3,5,7]]",397.0,400,,,members_5x8.json#500
5x8,501,flat,"[[3,4,5,7],[4,5,6,7],[0,3,5,6],[2,4,5,6],[0,5,6,7]]",394.0,400,,,members_5x8.json#501
5x8,502,flat,"[[1,2,5,6],[1,3,4,6],[1,3,4,6],[1,2,3,6],[1,5,6,7]]",400.0,400,,,members_5x8.json#502
5x8,503,flat,"[[0,1,2,6],[0,2,6,7],[0,4,6,7],[0,1,6,7],[0,4,6,7]]",400.0,400,,,members_5x8.json#503
5x8,504,flat,"[[0,4,5,6],[3,4,5,6],[0,3,4,5],[2,4,6,7],[0,2,3,4]]",395.0,400,,,members_5x8.json#504
5x8,505,flat,"[[2,3,4,5],[1,3,4,5],[1,2,3,5],[1,3,4,5],[1,3,4,5]]",400.0,400,,,members_5x8.json#505
5x8,506,flat,"[[0,1,5,7],[0,2,5,7],[0,3,5,7],[0,3,4,7],[0,2,5,7]]",400.0,400,,,members_5x8.json#506
5x8,507,flat,"[[2,5,6,7],[2,5,6,7],[2,4,6,7],[3,4,5,7],[0,5,6,7]]",398.0,400,,,members_5x8.json#507
5x8,508,flat,"[[1,3,4,6],[1,3,4,5],[3,4,6,7],[1,3,4,7],[1,2,3,4]]",400.0,400,,,members_5x8.json#508
5x8,509,flat,"[[0,1,3,4],[0,1,3,6],[3,5,6,7],[3,5,6,7],[0,3,5,7]]",400.0,400,,,members_5x8.json#509
5x8,510,flat,"[[0,5,6,7],[0,4,5,7],[0,1,4,5],[0,4,5,7],[0,1,5,7]]",400.0,400,,,members_5x8.json#510
5x8,511,flat,"[[1,4,5,6],[1,4,5,6],[1,4,5,6],[2,4,5,6],[1,2,5,6]]",400.0,400,,,members_5x8.json#511
5x8,512,flat,"[[0,2,3,6],[0,3,6,7],[0,2,3,6],[0,2,3,7],[0,2,3,7]]",400.0,400,,,members_5x8.json#512
5x8,513,flat,"[[1,2,4,5],[1,2,3,5],[2,3,4,6],[1,2,3,5],[0,2,3,5]]",398.0,400,,,members_5x8.json#513
5x8,514,flat,"[[0,1,5,6],[0,5,6,7],[0,1,5,6],[0,1,4,5],[0,4,5,7]]",398.0,400,,,members_5x8.json#514
5x8,515,flat,"[[1,2,5,6],[0,3,4,5],[2,4,5,6],[0,2,5,6],[0,4,5,6]]",400.0,400,,,members_5x8.json#515
5x8,516,flat,"[[0,2,4,7],[0,2,4,6],[2,4,6,7],[1,4,5,7],[1,2,4,6]]",398.0,400,,,members_5x8.json#516
5x8,517,flat,"[[0,1,2,6],[0,1,2,6],[0,1,4,6],[0,1,2,6],[0,1,2,4]]",400.0,400,,,members_5x8.json#517
5x8,518,flat,"[[0,1,5,6],[0,4,5,6],[0,3,5,6],[3,5,6,7],[0,3,5,6]]",400.0,400,,,members_5x8.json#518
5x8,519,flat,"[[2,3,5,7],[2,4,5,7],[2,4,5,7],[2,3,5,7],[2,3,4,7]]",400.0,400,,,members_5x8.json#519
5x8,520,flat,"[[0,1,2,3],[3,4,6,7],[0,1,3,7],[0,2,3,7],[3,4,6,7]]",400.0,400,,,members_5x8.json#520
5x8,521,flat,"[[1,2,3,5],[0,1,2,5],[1,2,3,5],[1,2,3,5],[0,2,3,5]]",400.0,400,,,members_5x8.json#521
5x8,522,flat,"[[0,1,3,4],[0,3,4,7],[0,1,4,6],[0,3,4,6],[0,1,4,7]]",398.0,400,,,members_5x8.json#522
5x8,523,flat,"[[0,1,4,6],[0,2,4,6],[0,1,2,4],[0,4,5,6],[0,1,4,6]]",400.0,400,,,members_5x8.json#523
5x8,524,flat,"[[1,2,5,6],[1,2,3,5],[1,2,4,5],[1,2,4,5],[1,2,4,5]]",400.0,400,,,members_5x8.json#524
5x8,525,flat,"[[3,5,6,7],[2,3,5,6],[2,3,6,7],[3,4,5,6],[2,3,4,6]]",398.0,400,,,members_5x8.json#525
5x8,526,flat,"[[1,2,4,7],[0,1,2,7],[1,2,3,7],[0,1,2,4],[0,1,3,4]]",400.0,400,,,members_5x8.json#526
5x8,527,flat,"[[3,4,6,7],[1,3,4,6],[3,4,6,7],[3,4,6,7],[1,3,4,6]]",400.0,400,,,members_5x8.json#527
5x8,528,flat,"[[2,4,5,7],[0,2,4,7],[0,2,4,7],[2,5,6,7],[2,3,4,6]]",398.0,400,,,members_5x8.json#528
5x8,529,flat,"[[0,2,5,7],[0,2,5,7],[2,3,5,7],[1,2,3,4],[2,4,5,7]]",400.0,400,,,members_5x8.json#529
5x8,530,flat,"[[0,2,3,4],[0,2,3,4],[1,2,3,4],[1,2,3,6],[0,2,3,6]]",398.0,400,,,members_5x8.json#530
5x8,531,flat,"[[1,2,6,7],[1,2,6,7],[2,3,4,7],[1,4,5,7],[2,3,6,7]]",397.0,400,,,members_5x8.json#531
5x8,532,flat,"[[4,5,6,7],[4,5,6,7],[0,2,4,5],[1,2,4,7],[1,2,4,6]]",395.0,400,,,members_5x8.json#532
5x8,533,flat,"[[0,3,5,6],[1,3,5,6],[3,5,6,7],[0,4,6,7],[0,1,4,6]]",398.0,400,,,members_5x8.json#533
5x8,534,flat,"[[0,1,2,4],[1,2,4,7],[0,1,2,4],[1,2,4,6],[1,2,4,7]]",400.0,400,,,members_5x8.json#534
5x8,535,flat,"[[0,1,4,7],[4,5,6,7],[0,2,4,5],[1,2,4,6],[2,4,5,6]]",391.0,400,,,members_5x8.json#535
5x8,536,flat,"[[1,4,6,7],[0,1,4,6],[0,2,6,7],[4,5,6,7],[1,4,6,7]]",398.0,400,,,members_5x8.json#536
5x8,537,flat,"[[0,1,2,6],[1,4,5,7],[0,1,5,6],[1,2,4,7],[0,1,2,5]]",398.0,400,,,members_5x8.json#537
5x8,538,flat,"[[1,3,4,7],[1,3,4,5],[2,3,4,7],[1,2,3,4],[2,3,4,7]]",400.0,400,,,members_5x8.json#538
5x8,539,flat,"[[1,4,5,7],[1,4,5,7],[0,1,2,5],[0,3,5,7],[0,2,3,5]]",398.0,400,,,members_5x8.json#539
5x8,540,flat,"[[0,3,4,5],[0,3,4,5],[0,2,3,4],[0,2,5,6],[0,2,3,5]]",400.0,400,,,members_5x8.json#540
5x8,541,flat,"[[0,1,4,7],[1,4,6,7],[0,1,4,6],[1,4,5,7],[1,4,5,6]]",398.0,400,,,members_5x8.json#541
5x8,542,flat,"[[2,3,5,6],[2,3,5,7],[2,3,5,6],[1,2,3,6],[2,3,4,7]]",400.0,400,,,members_5x8.json#542
5x8,543,flat,"[[0,1,3,5],[0,1,3,5],[0,1,2,5],[0,1,2,5],[0,1,4,5]]",400.0,400,,,members_5x8.json#543
5x8,544,flat,"[[3,4,5,7],[2,3,4,5],[1,3,4,5],[1,3,4,5],[1,2,3,4]]",400.0,400,,,members_5x8.json#544
5x8,545,flat,"[[1,4,6,7],[2,5,6,7],[2,3,5,6],[1,2,3,6],[2,3,5,6]]",398.0,400,,,members_5x8.json#545
5x8,546,flat,"[[0,1,5,7],[0,1,3,6],[0,1,3,6],[0,1,6,7],[0,1,3,6]]",400.0,400,,,members_5x8.json#546
5x8,547,flat,"[[0,2,4,5],[0,2,4,5],[0,1,2,4],[0,2,5,7],[0,2,4,7]]",400.0,400,,,members_5x8.json#547
5x8,548,flat,"[[0,1,5,7],[0,5,6,7],[0,2,5,7],[0,2,5,7],[0,2,6,7]]",400.0,400,,,members_5x8.json#548
5x8,549,flat,"[[2,3,4,7],[1,2,3,4],[1,2,3,4],[1,2,4,7],[1,2,4,5]]",400.0,400,,,members_5x8.json#549
5x8,550,flat,"[[0,1,4,6],[0,1,3,4],[0,1,6,7],[0,1,6,7],[0,1,3,4]]",400.0,400,,,members_5x8.json#550
5x8,551,flat,"[[1,2,6,7],[1,2,4,6],[1,2,6,7],[0,1,4,6],[0,1,2,6]]",400.0,400,,,members_5x8.json#551
5x8,552,flat,"[[1,5,6,7],[0,4,5,7],[1,5,6,7],[0,1,5,7],[4,5,6,7]]",398.0,400,,,members_5x8.json#552
5x8,553,flat,"[[1,2,3,6],[1,5,6,7],[1,2,6,7],[1,2,3,6],[0,1,2,3]]",400.0,400,,,members_5x8.json#553
5x8,554,flat,"[[0,1,4,6],[0,1,6,7],[0,4,5,6],[0,5,6,7],[0,1,4,6]]",398.0,400,,,members_5x8.json#554
5x8,555,flat,"[[0,3,6,7],[0,1,3,6],[0,2,6,7],[0,2,5,6],[0,2,5,7]]",400.0,400,,,members_5x8.json#555
5x8,556,flat,"[[0,1,2,5],[0,2,3,5],[0,2,3,5],[0,1,4,5],[0,1,2,5]]",400.0,400,,,members_5x8.json#556
5x8,557,flat,"[[0,3,4,7],[0,2,3,5],[1,3,5,7],[1,2,3,7],[0,3,5,7]]",394.0,400,,,members_5x8.json#557
5x8,558,flat,"[[4,5,6,7],[2,4,5,6],[3,4,5,6],[4,5,6,7],[3,4,6,7]]",400.0,400,,,members_5x8.json#558
5x8,559,flat,"[[0,4,5,7],[0,4,6,7],[2,5,6,7],[0,2,6,7],[0,3,4,7]]",400.0,400,,,members_5x8.json#559
5x8,560,flat,"[[1,2,5,6],[1,5,6,7],[1,5,6,7],[1,4,6,7],[1,2,6,7]]",400.0,400,,,members_5x8.json#560
5x8,561,flat,"[[0,3,5,7],[0,1,4,7],[0,3,4,5],[0,4,5,7],[0,3,4,6]]",398.0,400,,,members_5x8.json#561
5x8,562,flat,"[[1,3,5,7],[0,3,5,7],[0,3,5,6],[0,3,5,7],[0,1,3,5]]",400.0,400,,,members_5x8.json#562
5x8,563,flat,"[[0,2,6,7],[2,4,5,7],[2,3,4,7],[0,2,3,7],[3,5,6,7]]",392.0,400,,,members_5x8.json#563
5x8,564,flat,"[[0,1,2,4],[0,1,2,4],[0,1,4,7],[0,2,4,6],[0,1,4,5]]",400.0,400,,,members_5x8.json#564
5x8,565,flat,"[[2,3,4,6],[2,3,5,6],[2,3,4,5],[2,3,4,5],[0,2,3,5]]",400.0,400,,,members_5x8.json#565
5x8,566,flat,"[[0,1,4,6],[0,1,2,4],[2,4,5,6],[0,1,4,6],[0,3,4,6]]",398.0,400,,,members_5x8.json#566
5x8,567,flat,"[[0,2,3,4],[0,1,3,4],[0,1,3,6],[0,3,4,5],[0,2,3,5]]",400.0,400,,,members_5x8.json#567
5x8,568,flat,"[[0,4,5,6],[0,1,3,7],[0,3,5,7],[0,5,6,7],[0,4,6,7]]",400.0,400,,,members_5x8.json#568
5x8,569,flat,"[[1,3,6,7],[0,4,6,7],[0,4,5,7],[0,3,6,7],[1,3,4,7]]",398.0,400,,,members_5x8.json#569
5x8,570,flat,"[[1,2,3,4],[1,2,3,7],[1,2,3,7],[0,2,3,7],[1,2,3,7]]",400.0,400,,,members_5x8.json#570
8x8,0,rand,"[[0,3,4,6],[0,1,2,5],[1,4,5,7],[1,2,5,6],[0,1,4,5],[2,4,5,7],[0,1,5,6],[1,3,5,6]]",993.0,1024,,,members_8x8.json#0
8x8,1,rand,"[[0,2,6,7],[3,5,6,7],[3,4,5,7],[1,4,5,6],[2,3,4,7],[2,3,4,6],[0,2,5,6],[0,5,6,7]]",982.0,1024,,,members_8x8.json#1
8x8,2,rand,"[[1,2,3,5],[0,1,2,5],[0,1,5,7],[2,3,4,6],[1,3,4,7],[0,1,2,3],[0,2,3,5],[2,5,6,7]]",974.0,1024,,,members_8x8.json#2
8x8,3,rand,"[[2,3,4,7],[0,1,5,7],[1,2,4,7],[2,3,4,7],[0,4,6,7],[0,1,2,6],[0,2,3,5],[0,2,4,5]]",967.0,1024,,,members_8x8.json#3
8x8,4,rand,"[[1,2,3,5],[1,2,3,5],[2,3,4,7],[0,1,2,6],[0,1,2,4],[0,1,4,5],[0,3,5,7],[0,2,6,7]]",960.0,1024,,,members_8x8.json#4
8x8,5,rand,"[[0,2,6,7],[2,3,4,7],[1,3,4,6],[0,4,5,7],[1,2,4,7],[0,2,4,6],[1,3,4,7],[0,1,3,4]]",982.0,1024,,,members_8x8.json#5
8x8,6,rand,"[[0,2,4,6],[1,5,6,7],[1,4,6,7],[3,4,5,7],[2,3,5,6],[1,2,6,7],[1,2,4,7],[2,3,6,7]]",974.0,1024,,,members_8x8.json#6
8x8,7,rand,"[[0,3,4,5],[2,3,4,6],[0,1,3,6],[1,2,3,4],[0,1,3,6],[0,3,4,6],[0,1,2,4],[0,1,4,5]]",999.0,1024,,,members_8x8.json#7
8x8,8,rand,"[[1,4,5,7],[0,2,4,5],[0,2,5,6],[1,3,5,7],[2,5,6,7],[1,2,5,6],[0,2,3,6],[0,2,6,7]]",1003.0,1024,,,members_8x8.json#8
8x8,9,rand,"[[1,3,5,7],[0,1,2,7],[3,4,5,6],[0,2,4,5],[0,1,3,5],[1,3,6,7],[1,4,6,7],[0,1,2,3]]",972.0,1024,,,members_8x8.json#9
8x8,10,rand,"[[0,2,4,6],[0,1,6,7],[2,3,4,6],[0,1,3,7],[0,1,2,7],[0,1,3,4],[0,5,6,7],[0,1,6,7]]",996.0,1024,,,members_8x8.json#10
8x8,11,rand,"[[0,2,4,7],[2,3,5,7],[2,3,5,6],[0,2,3,6],[2,5,6,7],[0,2,4,7],[0,1,2,6],[0,1,2,3]]",992.0,1024,,,members_8x8.json#11
8x8,12,rand,"[[1,5,6,7],[0,1,6,7],[0,1,4,5],[0,3,6,7],[0,3,6,7],[0,1,3,4],[4,5,6,7],[1,2,5,7]]",989.0,1024,,,members_8x8.json#12
8x8,13,rand,"[[3,5,6,7],[1,4,5,6],[0,1,3,7],[0,1,4,6],[0,3,5,6],[1,2,3,5],[2,4,5,7],[1,2,5,6]]",957.0,1024,,,members_8x8.json#13
8x8,14,rand,"[[0,2,5,7],[1,4,6,7],[1,3,4,5],[0,2,3,5],[0,1,6,7],[0,1,3,6],[0,2,3,4],[0,2,4,7]]",976.0,1024,,,members_8x8.json#14
8x8,15,rand,"[[1,2,5,6],[1,4,5,6],[4,5,6,7],[0,1,3,7],[0,3,4,7],[1,2,3,6],[1,2,4,5],[1,2,3,4]]",983.0,1024,,,members_8x8.json#15
8x8,16,rand,"[[0,1,3,4],[1,3,4,5],[2,3,4,5],[0,1,3,5],[1,5,6,7],[0,1,2,5],[0,2,3,4],[1,2,4,6]]",992.0,1024,,,members_8x8.json#16
8x8,17,rand,"[[0,2,3,7],[2,4,6,7],[2,4,6,7],[2,4,5,7],[1,2,3,5],[3,5,6,7],[2,3,5,6],[2,3,5,7]]",1008.0,1024,,,members_8x8.json#17
8x8,18,rand,"[[0,4,5,7],[2,3,4,6],[1,2,5,7],[0,1,5,6],[1,2,3,4],[1,2,4,7],[0,1,2,5],[0,2,4,6]]",968.0,1024,,,members_8x8.json#18
8x8,19,rand,"[[2,4,6,7],[3,5,6,7],[0,1,2,3],[1,2,5,7],[3,4,5,7],[0,2,5,6],[0,1,3,4],[0,1,2,6]]",957.0,1024,,,members_8x8.json#19
8x8,20,rand,"[[0,1,3,7],[1,2,4,6],[2,3,5,7],[0,1,5,7],[0,1,3,7],[1,4,5,6],[0,1,3,6],[1,3,5,7]]",993.0,1024,,,members_8x8.json#20
8x8,21,rand,"[[3,5,6,7],[1,3,4,5],[1,2,3,6],[1,3,6,7],[0,3,4,6],[0,3,5,6],[1,2,6,7],[0,2,6,7]]",991.0,1024,,,members_8x8.json#21
8x8,22,rand,"[[0,4,5,6],[0,4,5,7],[1,2,6,7],[1,3,5,6],[1,2,5,7],[1,3,4,5],[1,3,5,7],[2,5,6,7]]",994.0,1024,,,members_8x8.json#22
8x8,23,rand,"[[2,3,5,7],[0,3,6,7],[3,4,5,6],[1,3,4,7],[2,4,5,6],[0,2,4,6],[1,2,3,6],[2,3,5,7]]",968.0,1024,,,members_8x8.json#23
8x8,24,rand,"[[0,4,5,7],[0,1,4,5],[0,3,4,6],[2,4,5,6],[0,4,5,6],[2,3,6,7],[0,2,4,7],[0,3,5,7]]",986.0,1024,,,members_8x8.json#24
8x8,25,rand,"[[0,4,6,7],[0,2,3,4],[0,2,3,7],[0,4,6,7],[1,4,5,7],[1,3,4,5],[0,1,3,6],[1,3,4,6]]",976.0,1024,,,members_8x8.json#25
8x8,26,rand,"[[1,2,3,4],[1,2,3,6],[0,2,6,7],[0,2,6,7],[2,5,6,7],[0,3,4,7],[0,1,3,6],[0,1,2,4]]",982.0,1024,,,members_8x8.json#26
8x8,27,rand,"[[1,4,5,7],[0,1,4,7],[0,1,2,5],[0,1,4,6],[1,2,4,7],[0,3,4,6],[0,5,6,7],[1,3,6,7]]",971.0,1024,,,members_8x8.json#27
8x8,28,rand,"[[1,3,4,6],[1,2,3,5],[0,2,6,7],[0,1,3,6],[0,1,3,6],[0,2,3,6],[2,5,6,7],[0,4,5,7]]",981.0,1024,,,members_8x8.json#28
8x8,29,rand,"[[0,4,6,7],[1,2,6,7],[0,4,5,6],[1,3,5,6],[0,2,4,7],[1,2,4,6],[2,3,6,7],[0,2,6,7]]",996.0,1024,,,members_8x8.json#29
8x8,30,rand,"[[1,2,4,7],[1,2,4,5],[1,4,5,7],[3,4,6,7],[0,1,2,5],[1,2,3,4],[0,2,4,7],[0,4,5,6]]",984.0,1024,,,members_8x8.json#30
8x8,31,rand,"[[0,2,3,4],[1,2,3,5],[3,4,6,7],[1,2,3,7],[0,4,6,7],[0,1,3,7],[2,3,5,6],[0,1,3,7]]",991.0,1024,,,members_8x8.json#31
8x8,32,rand,"[[0,1,3,7],[2,4,6,7],[1,3,6,7],[1,2,3,5],[0,2,4,7],[0,2,3,4],[2,3,4,5],[0,3,4,6]]",958.0,1024,,,members_8x8.json#32
8x8,33,rand,"[[1,3,6,7],[3,4,5,6],[0,2,3,6],[0,1,2,7],[1,4,5,6],[0,4,5,6],[0,1,5,7],[0,2,5,7]]",971.0,1024,,,members_8x8.json#33
8x8,34,rand,"[[2,3,4,6],[0,2,6,7],[2,4,5,6],[4,5,6,7],[1,4,5,6],[0,1,4,7],[0,1,2,5],[2,4,5,7]]",956.0,1024,,,members_8x8.json#34
8x8,35,rand,"[[1,3,6,7],[3,5,6,7],[0,2,4,5],[0,2,6,7],[0,1,3,4],[3,4,6,7],[1,4,5,7],[0,2,4,7]]",977.0,1024,,,members_8x8.json#35
8x8,36,rand,"[[2,3,5,7],[0,1,5,7],[2,3,4,5],[1,4,6,7],[2,3,4,5],[2,3,5,6],[0,4,5,6],[1,2,4,5]]",984.0,1024,,,members_8x8.json#36
8x8,37,rand,"[[0,2,5,6],[0,1,6,7],[4,5,6,7],[2,3,6,7],[0,2,5,6],[2,3,6,7],[2,3,5,7],[1,4,5,6]]",1004.0,1024,,,members_8x8.json#37
8x8,38,rand,"[[2,3,4,6],[0,2,5,6],[0,1,3,4],[0,1,3,4],[1,2,6,7],[0,2,5,6],[0,3,4,6],[3,5,6,7]]",999.0,1024,,,members_8x8.json#38
8x8,39,rand,"[[0,1,3,7],[0,1,4,7],[1,2,4,5],[0,3,5,6],[2,3,4,6],[1,2,4,6],[0,1,3,7],[1,2,3,6]]",983.0,1024,,,members_8x8.json#39
8x8,40,rand,"[[0,1,4,7],[1,4,6,7],[0,5,6,7],[2,5,6,7],[1,3,4,5],[0,4,6,7],[1,2,3,7],[0,1,2,7]]",974.0,1024,,,members_8x8.json#40
8x8,41,rand,"[[0,3,4,6],[3,4,5,6],[0,1,3,7],[3,4,6,7],[1,2,4,7],[0,5,6,7],[0,2,4,6],[0,2,4,7]]",975.0,1024,,,members_8x8.json#41
8x8,42,rand,"[[0,5,6,7],[1,3,6,7],[1,2,3,7],[0,3,6,7],[1,2,3,4],[0,2,3,4],[4,5,6,7],[1,2,3,7]]",1008.0,1024,,,members_8x8.json#42
8x8,43,rand,"[[0,3,4,6],[0,2,3,7],[0,1,5,6],[0,1,6,7],[1,2,6,7],[0,1,4,5],[1,4,5,6],[2,5,6,7]]",976.0,1024,,,members_8x8.json#43
8x8,44,rand,"[[1,3,5,7],[0,3,4,6],[2,3,5,7],[1,4,5,6],[0,1,4,5],[2,3,4,7],[0,2,6,7],[0,3,4,5]]",958.0,1024,,,members_8x8.json#44
8x8,45,rand,"[[0,2,3,5],[0,1,4,5],[0,1,3,4],[1,2,3,4],[0,2,3,5],[0,4,5,7],[1,2,4,6],[0,4,5,6]]",1000.0,1024,,,members_8x8.json#45
8x8,46,rand,"[[0,1,2,4],[0,2,5,6],[0,1,5,7],[2,3,4,7],[0,2,4,7],[1,2,4,6],[0,2,3,4],[0,1,4,7]]",981.0,1024,,,members_8x8.json#46
8x8,47,rand,"[[2,3,4,7],[0,2,4,7],[0,4,5,7],[1,3,4,7],[0,1,2,6],[1,2,6,7],[0,1,3,4],[2,4,6,7]]",996.0,1024,,,members_8x8.json#47
8x8,48,rand,"[[3,5,6,7],[0,2,3,4],[3,4,5,7],[2,3,4,7],[0,5,6,7],[0,2,4,6],[2,3,4,5],[1,5,6,7]]",1010.0,1024,,,members_8x8.json#48
8x8,49,rand,"[[3,4,5,7],[0,2,5,6],[2,4,6,7],[3,5,6,7],[1,3,5,7],[0,1,5,6],[0,1,3,6],[1,3,5,7]]",989.0,1024,,,members_8x8.json#49
8x8,50,rand,"[[0,1,6,7],[2,3,5,6],[2,3,4,7],[0,3,4,7],[1,4,5,7],[3,4,5,7],[0,3,4,5],[1,2,5,6]]",962.0,1024,,,members_8x8.json#50
8x8,51,rand,"[[0,3,5,6],[0,2,3,6],[0,2,3,4],[1,2,5,6],[1,2,3,4],[0,1,3,6],[1,2,4,7],[3,5,6,7]]",986.0,1024,,,members_8x8.json#51
8x8,52,rand,"[[0,2,4,7],[0,1,2,3],[2,3,4,6],[0,2,3,6],[2,3,5,6],[0,1,4,5],[0,2,3,4],[0,2,5,7]]",997.0,1024,,,members_8x8.json#52
8x8,53,rand,"[[0,2,4,7],[0,4,5,6],[0,1,4,5],[0,4,5,7],[1,2,4,6],[3,5,6,7],[0,3,4,5],[2,4,6,7]]",986.0,1024,,,members_8x8.json#53
8x8,54,rand,"[[0,4,5,7],[1,4,5,6],[1,2,5,6],[1,4,5,7],[0,1,2,6],[3,4,5,7],[0,1,5,7],[0,1,6,7]]",1016.0,1024,,,members_8x8.json#54
8x8,55,rand,"[[0,3,4,6],[0,1,3,6],[0,1,4,7],[1,2,4,5],[0,3,5,6],[0,4,6,7],[2,3,5,7],[0,2,3,7]]",956.0,1024,,,members_8x8.json#55
8x8,56,rand,"[[2,3,4,5],[1,3,6,7],[0,3,5,6],[4,5,6,7],[0,1,2,4],[0,2,4,7],[0,4,5,6],[2,4,5,7]]",970.0,1024,,,members_8x8.json#56
8x8,57,rand,"[[1,2,5,6],[0,5,6,7],[0,1,2,7],[0,1,3,7],[2,4,5,7],[4,5,6,7],[0,3,5,7],[0,4,6,7]]",979.0,1024,,,members_8x8.json#57
8x8,58,rand,"[[1,4,5,7],[2,4,6,7],[2,3,4,6],[1,4,6,7],[2,3,5,6],[0,4,5,7],[1,4,6,7],[0,2,3,7]]",998.0,1024,,,members_8x8.json#58
8x8,59,rand,"[[1,2,5,7],[0,2,4,6],[0,1,4,6],[0,1,2,7],[1,3,5,7],[0,1,3,7],[1,3,6,7],[0,4,6,7]]",1009.0,1024,,,members_8x8.json#59
8x8,60,rand,"[[0,2,3,5],[0,3,4,6],[1,3,4,5],[2,3,4,7],[2,4,6,7],[2,4,5,6],[0,2,3,7],[4,5,6,7]]",977.0,1024,,,members_8x8.json#60
8x8,61,rand,"[[2,3,5,7],[3,4,5,7],[0,1,3,5],[2,4,5,6],[2,3,6,7],[1,2,4,5],[2,4,6,7],[1,5,6,7]]",980.0,1024,,,members_8x8.json#61
8x8,62,rand,"[[0,1,5,6],[0,2,3,5],[1,3,5,7],[1,2,4,6],[1,2,4,7],[2,3,5,7],[1,2,3,4],[0,1,5,6]]",973.0,1024,,,members_8x8.json#62
8x8,63,rand,"[[0,3,5,7],[2,4,5,6],[0,1,2,6],[0,4,5,7],[3,4,6,7],[1,3,4,7],[3,4,5,7],[2,3,5,7]]",976.0,1024,,,members_8x8.json#63
8x8,64,rand,"[[1,4,5,7],[1,2,3,5],[1,3,4,6],[0,3,4,7],[1,2,3,6],[3,4,5,6],[2,3,5,6],[1,2,5,6]]",1003.0,1024,,,members_8x8.json#64
8x8,65,rand,"[[3,5,6,7],[0,2,3,7],[0,1,3,7],[1,2,4,6],[0,1,3,4],[0,1,3,5],[1,4,5,6],[1,2,3,7]]",992.0,1024,,,members_8x8.json#65
8x8,66,rand,"[[2,3,4,6],[0,2,5,6],[0,1,2,3],[1,4,5,7],[0,1,5,7],[1,2,4,5],[3,5,6,7],[0,1,2,3]]",957.0,1024,,,members_8x8.json#66
8x8,67,rand,"[[0,1,4,7],[0,3,6,7],[3,4,6,7],[0,4,5,6],[1,2,3,7],[0,1,4,7],[1,4,5,7],[1,2,3,6]]",987.0,1024,,,members_8x8.json#67
8x8,68,rand,"[[1,4,6,7],[0,2,4,6],[0,1,2,4],[0,3,4,5],[0,1,4,6],[0,2,3,5],[0,1,2,6],[0,2,3,5]]",1022.0,1024,,,members_8x8.json#68
8x8,69,rand,"[[2,5,6,7],[2,3,6,7],[0,2,5,7],[1,4,6,7],[1,2,4,5],[3,4,5,7],[0,1,5,6],[1,2,5,6]]",958.0,1024,,,members_8x8.json#69
8x8,70,rand,"[[0,2,3,7],[1,2,3,4],[0,1,3,7],[1,3,5,7],[0,4,6,7],[0,2,4,6],[0,2,3,7],[3,4,6,7]]",1002.0,1024,,,members_8x8.json#70
8x8,71,rand,"[[0,1,3,4],[0,3,5,6],[0,1,3,7],[0,2,5,7],[1,2,4,7],[1,3,5,6],[2,3,5,6],[0,3,4,5]]",971.0,1024,,,members_8x8.json#71
8x8,72,rand,"[[1,4,5,7],[3,4,5,6],[0,1,3,6],[0,3,5,6],[3,5,6,7],[0,2,4,6],[0,1,2,7],[2,4,6,7]]",948.0,1024,,,members_8x8.json#72
8x8,73,rand,"[[0,2,3,7],[0,1,2,3],[0,2,4,7],[3,4,6,7],[3,4,5,7],[0,3,6,7],[0,2,3,5],[2,3,4,7]]",1008.0,1024,,,members_8x8.json#73
8x8,74,rand,"[[1,2,3,4],[0,1,3,6],[0,5,6,7],[1,2,3,6],[0,3,4,6],[1,2,3,6],[0,3,5,6],[1,3,4,7]]",1018.0,1024,,,members_8x8.json#74
8x8,75,rand,"[[0,2,3,6],[0,2,5,6],[0,1,6,7],[0,3,5,7],[0,5,6,7],[2,3,6,7],[3,5,6,7],[1,3,4,7]]",999.0,1024,,,members_8x8.json#75
8x8,76,rand,"[[0,2,5,7],[1,2,3,6],[0,2,4,7],[2,4,5,7],[2,3,4,6],[0,4,5,7],[0,3,6,7],[3,4,6,7]]",1015.0,1024,,,members_8x8.json#76
8x8,77,rand,"[[0,3,4,7],[0,2,4,7],[0,4,6,7],[2,5,6,7],[3,4,5,7],[1,2,5,7],[0,2,3,4],[1,2,3,4]]",981.0,1024,,,members_8x8.json#77
8x8,78,rand,"[[1,3,6,7],[0,1,4,6],[0,1,5,6],[0,2,4,5],[2,3,6,7],[0,1,3,4],[1,2,5,6],[0,4,5,6]]",987.0,1024,,,members_8x8.json#78
8x8,79,rand,"[[0,1,5,7],[1,2,4,7],[0,2,3,4],[2,4,5,6],[1,2,6,7],[0,3,5,7],[0,4,5,6],[0,2,4,7]]",956.0,1024,,,members_8x8.json#79
8x8,80,rand,"[[0,2,4,6],[0,1,5,7],[1,5,6,7],[1,2,5,7],[1,3,4,5],[0,2,4,7],[0,4,6,7],[1,3,6,7]]",983.0,1024,,,members_8x8.json#80
8x8,81,rand,"[[0,1,2,5],[3,4,5,6],[0,2,5,7],[0,1,3,7],[2,3,4,7],[4,5,6,7],[2,4,5,6],[0,1,4,5]]",979.0,1024,,,members_8x8.json#81
8x8,82,rand,"[[1,3,6,7],[0,5,6,7],[4,5,6,7],[0,1,2,4],[2,3,4,5],[0,3,6,7],[3,4,6,7],[0,1,2,5]]",976.0,1024,,,members_8x8.json#82
8x8,83,rand,"[[0,4,5,6],[1,2,3,5],[0,2,3,5],[0,3,5,6],[0,3,4,6],[0,4,6,7],[0,1,2,5],[1,3,6,7]]",998.0,1024,,,members_8x8.json#83
8x8,84,rand,"[[0,1,3,4],[1,4,5,7],[0,1,4,5],[0,1,4,6],[1,2,5,7],[0,3,4,6],[1,2,4,5],[1,2,3,4]]",1021.0,1024,,,members_8x8.json#84
8x8,85,rand,"[[0,4,5,7],[1,2,5,7],[0,3,6,7],[0,1,2,3],[0,4,6,7],[0,5,6,7],[0,4,6,7],[1,3,5,7]]",1005.0,1024,,,members_8x8.json#85
8x8,86,rand,"[[3,4,6,7],[2,4,5,6],[1,2,3,7],[1,3,6,7],[2,3,6,7],[0,1,6,7],[3,4,6,7],[0,1,2,6]]",995.0,1024,,,members_8x8.json#86
8x8,87,rand,"[[0,2,3,4],[0,1,3,7],[0,2,6,7],[1,4,5,7],[3,4,6,7],[0,5,6,7],[3,4,6,7],[1,4,5,7]]",979.0,1024,,,members_8x8.json#87
8x8,88,rand,"[[0,1,3,4],[0,4,5,7],[2,3,5,6],[0,1,3,4],[4,5,6,7],[0,2,4,7],[0,4,5,7],[2,3,4,5]]",1002.0,1024,,,members_8x8.json#88
8x8,89,rand,"[[1,2,5,7],[2,3,4,6],[1,2,6,7],[2,4,5,6],[0,1,3,5],[2,4,5,7],[1,2,6,7],[4,5,6,7]]",983.0,1024,,,members_8x8.json#89
8x8,90,rand,"[[0,1,4,6],[3,5,6,7],[0,1,3,7],[0,4,5,6],[0,1,2,6],[1,2,3,7],[1,3,5,7],[2,3,5,6]]",989.0,1024,,,members_8x8.json#90
8x8,91,rand,"[[0,4,6,7],[0,1,2,6],[0,1,5,6],[1,3,4,5],[1,4,5,6],[0,2,4,7],[0,1,4,6],[2,3,5,6]]",987.0,1024,,,members_8x8.json#91
8x8,92,rand,"[[1,3,5,7],[1,3,6,7],[1,2,4,6],[1,3,6,7],[2,3,4,5],[0,2,4,5],[3,4,5,7],[0,3,5,7]]",1003.0,1024,,,members_8x8.json#92
8x8,93,rand,"[[0,1,3,7],[1,4,5,6],[1,4,5,6],[0,1,3,5],[0,2,3,7],[2,3,5,6],[3,5,6,7],[0,3,6,7]]",1008.0,1024,,,members_8x8.json#93
8x8,94,rand,"[[0,1,2,6],[1,2,4,6],[0,2,5,6],[0,2,5,6],[0,2,3,4],[4,5,6,7],[0,2,5,7],[0,5,6,7]]",1002.0,1024,,,members_8x8.json#94
8x8,95,rand,"[[0,3,6,7],[4,5,6,7],[0,1,2,7],[0,4,6,7],[0,4,5,6],[1,3,5,7],[1,5,6,7],[0,4,5,7]]",994.0,1024,,,members_8x8.json#95
8x8,96,rand,"[[1,2,5,7],[1,2,6,7],[0,2,4,5],[0,1,2,3],[1,2,3,7],[0,1,4,5],[0,2,3,5],[0,2,4,7]]",1003.0,1024,,,members_8x8.json#96
8x8,97,rand,"[[3,4,5,6],[1,3,5,7],[1,3,4,7],[2,3,6,7],[0,2,3,6],[0,2,3,4],[1,2,3,7],[0,5,6,7]]",966.0,1024,,,members_8x8.json#97
8x8,98,rand,"[[0,1,4,7],[1,3,6,7],[0,2,3,7],[0,4,5,6],[1,4,6,7],[1,2,4,7],[0,1,4,6],[0,4,5,7]]",990.0,1024,,,members_8x8.json#98
8x8,99,rand,"[[2,4,6,7],[0,2,3,7],[2,3,4,5],[1,2,4,7],[0,1,5,6],[0,1,3,4],[1,3,4,5],[0,3,5,7]]",946.0,1024,,,members_8x8.json#99
8x8,100,rand,"[[3,4,6,7],[0,3,4,6],[0,1,2,5],[2,3,4,7],[1,2,4,5],[3,4,5,6],[0,2,4,7],[0,3,4,7]]",1008.0,1024,,,members_8x8.json#100
8x8,101,rand,"[[0,1,4,6],[0,4,5,7],[2,3,4,5],[1,4,5,7],[2,4,5,6],[4,5,6,7],[0,1,2,5],[0,1,2,7]]",990.0,1024,,,members_8x8.json#101
8x8,102,rand,"[[0,1,2,6],[1,2,3,5],[0,4,5,7],[2,3,4,7],[0,3,4,7],[1,2,6,7],[0,1,3,6],[0,1,2,6]]",980.0,1024,,,members_8x8.json#102
8x8,103,rand,"[[3,5,6,7],[1,4,5,6],[1,4,5,6],[1,4,5,7],[1,5,6,7],[1,4,5,7],[3,4,6,7],[0,3,5,7]]",1018.0,1024,,,members_8x8.json#103
8x8,104,rand,"[[0,2,5,6],[0,1,3,6],[1,2,6,7],[2,5,6,7],[0,3,5,7],[0,1,2,4],[1,2,4,5],[2,4,6,7]]",960.0,1024,,,members_8x8.json#104
8x8,105,rand,"[[0,3,5,6],[0,2,3,5],[1,4,6,7],[0,2,5,6],[1,4,5,7],[0,2,5,7],[0,1,4,5],[0,1,3,4]]",1000.0,1024,,,members_8x8.json#105
8x8,106,rand,"[[0,1,5,7],[0,2,4,6],[0,1,2,3],[0,3,4,5],[0,1,2,3],[0,2,4,5],[1,2,4,5],[0,4,5,7]]",992.0,1024,,,members_8x8.json#106
8x8,107,rand,"[[2,3,4,7],[1,3,6,7],[0,3,4,5],[0,1,3,5],[1,2,6,7],[1,3,5,7],[1,3,4,7],[1,2,4,5]]",995.0,1024,,,members_8x8.json#107
8x8,108,rand,"[[1,2,4,7],[0,2,4,5],[1,3,5,7],[2,3,5,7],[2,5,6,7],[2,5,6,7],[1,2,4,5],[0,1,5,6]]",971.0,1024,,,members_8x8.json#108
8x8,109,rand,"[[0,2,6,7],[0,4,5,6],[0,2,3,5],[0,2,5,6],[1,4,6,7],[1,2,3,6],[1,2,5,7],[1,3,4,6]]",972.0,1024,,,members_8x8.json#109
8x8,110,rand,"[[1,2,4,6],[1,2,4,7],[0,1,2,4],[1,2,3,5],[1,3,6,7],[1,3,5,7],[1,3,5,6],[3,4,6,7]]",994.0,1024,,,members_8x8.json#110
8x8,111,rand,"[[0,2,5,7],[0,2,3,6],[1,3,4,5],[1,4,5,6],[1,3,5,6],[1,3,4,7],[0,3,5,6],[2,3,4,7]]",961.0,1024,,,members_8x8.json#111
8x8,112,rand,"[[0,4,5,6],[1,2,4,6],[2,3,5,7],[2,3,4,6],[1,3,6,7],[0,1,2,6],[0,3,5,6],[0,3,4,6]]",966.0,1024,,,members_8x8.json#112
8x8,113,rand,"[[0,1,3,7],[2,3,4,5],[0,2,3,5],[0,3,4,6],[2,3,5,6],[1,2,3,7],[0,1,3,4],[0,4,5,6]]",993.0,1024,,,members_8x8.json#113
8x8,114,rand,"[[1,5,6,7],[0,1,3,7],[0,2,4,5],[0,2,6,7],[3,5,6,7],[1,2,4,7],[0,1,5,7],[1,2,6,7]]",972.0,1024,,,members_8x8.json#114
8x8,115,rand,"[[2,3,6,7],[0,4,6,7],[1,4,6,7],[0,1,2,7],[2,3,4,5],[1,3,4,7],[3,4,6,7],[2,3,4,5]]",1003.0,1024,,,members_8x8.json#115
8x8,116,rand,"[[0,2,6,7],[0,1,5,6],[2,3,4,6],[0,2,4,7],[0,3,5,7],[0,4,5,7],[0,1,2,3],[0,3,4,5]]",959.0,1024,,,members_8x8.json#116
8x8,117,rand,"[[2,3,5,7],[0,2,3,5],[0,1,2,7],[0,1,3,7],[1,2,6,7],[2,3,6,7],[3,4,5,7],[0,1,4,7]]",991.0,1024,,,members_8x8.json#117
8x8,118,rand,"[[1,3,4,6],[0,1,2,5],[0,2,3,4],[1,2,3,4],[1,2,5,6],[2,4,6,7],[0,5,6,7],[3,4,5,7]]",948.0,1024,,,members_8x8.json#118
8x8,119,rand,"[[0,5,6,7],[1,2,4,6],[3,4,5,7],[2,3,4,6],[1,2,3,5],[1,4,6,7],[0,2,5,7],[0,2,6,7]]",944.0,1024,,,members_8x8.json#119
8x8,120,rand,"[[2,5,6,7],[3,4,5,6],[1,2,6,7],[1,3,4,5],[0,3,4,5],[1,3,4,5],[0,5,6,7],[0,1,5,7]]",1013.0,1024,,,members_8x8.json#120
8x8,121,rand,"[[0,1,3,4],[2,3,4,6],[0,2,3,5],[3,5,6,7],[0,3,6,7],[0,2,6,7],[1,3,5,6],[3,4,5,6]]",973.0,1024,,,members_8x8.json#121
8x8,122,rand,"[[0,5,6,7],[0,3,5,6],[1,3,4,5],[1,2,3,6],[2,4,6,7],[2,3,4,7],[0,2,4,5],[0,3,5,6]]",958.0,1024,,,members_8x8.json#122
8x8,123,rand,"[[0,1,3,7],[0,1,5,6],[1,4,6,7],[1,4,5,6],[1,3,4,7],[0,5,6,7],[0,2,5,6],[0,4,5,7]]",997.0,1024,,,members_8x8.json#123
8x8,124,rand,"[[0,4,5,6],[0,1,6,7],[3,5,6,7],[4,5,6,7],[1,3,4,7],[2,3,4,7],[1,2,4,7],[3,4,5,6]]",997.0,1024,,,members_8x8.json#124
8x8,125,rand,"[[2,4,5,6],[2,3,4,6],[0,1,2,3],[1,3,5,6],[2,3,5,7],[1,2,3,5],[0,2,4,5],[0,3,4,6]]",970.0,1024,,,members_8x8.json#125
8x8,126,rand,"[[0,2,3,5],[0,1,5,7],[2,5,6,7],[2,3,5,7],[0,1,2,6],[0,3,4,7],[0,1,4,7],[0,3,4,6]]",961.0,1024,,,members_8x8.json#126
8x8,127,rand,"[[0,1,2,3],[0,2,4,6],[1,2,6,7],[1,3,5,7],[0,1,3,6],[0,1,5,6],[0,1,4,7],[0,1,2,4]]",984.0,1024,,,members_8x8.json#127
8x8,128,rand,"[[1,2,3,5],[1,2,4,6],[2,3,4,7],[0,1,4,5],[0,1,3,5],[0,1,3,6],[0,3,4,5],[0,1,3,5]]",984.0,1024,,,members_8x8.json#128
8x8,129,rand,"[[1,4,6,7],[0,3,4,7],[0,2,3,7],[0,2,3,4],[0,1,4,7],[0,1,5,6],[1,3,5,6],[0,1,3,4]]",1001.0,1024,,,members_8x8.json#129
8x8,130,rand,"[[0,1,3,5],[2,4,5,7],[1,3,5,7],[0,2,6,7],[0,3,5,6],[0,1,2,5],[0,1,4,6],[3,5,6,7]]",952.0,1024,,,members_8x8.json#130
8x8,131,rand,"[[0,4,6,7],[0,1,3,5],[0,2,3,5],[0,5,6,7],[2,3,4,5],[1,3,5,7],[0,2,4,6],[1,2,3,5]]",998.0,1024,,,members_8x8.json#131
8x8,132,rand,"[[1,2,3,6],[0,1,2,4],[0,1,2,5],[0,1,2,6],[1,3,5,6],[2,3,4,7],[1,3,6,7],[0,2,3,7]]",983.0,1024,,,members_8x8.json#132
8x8,133,rand,"[[1,2,5,6],[0,4,5,7],[0,1,2,3],[1,2,3,6],[1,4,6,7],[2,3,6,7],[0,1,4,5],[0,2,5,7]]",960.0,1024,,,members_8x8.json#133
8x8,134,rand,"[[0,4,6,7],[2,3,6,7],[0,4,6,7],[2,3,4,5],[1,2,3,4],[1,3,4,7],[0,4,5,6],[0,4,5,6]]",999.0,1024,,,members_8x8.json#134
8x8,135,rand,"[[0,1,4,6],[3,4,6,7],[0,2,3,4],[0,1,2,7],[0,4,5,7],[3,4,5,6],[1,3,5,6],[1,2,3,6]]",949.0,1024,,,members_8x8.json#135
8x8,136,rand,"[[2,5,6,7],[1,3,4,5],[0,1,4,7],[1,4,6,7],[0,2,4,5],[2,3,4,6],[1,5,6,7],[3,4,6,7]]",947.0,1024,,,members_8x8.json#136
8x8,137,rand,"[[1,2,4,6],[1,5,6,7],[0,1,3,5],[1,5,6,7],[1,4,6,7],[2,4,5,6],[0,4,5,6],[0,1,4,7]]",987.0,1024,,,members_8x8.json#137
8x8,138,rand,"[[0,1,3,7],[0,1,5,7],[1,2,5,6],[2,3,5,7],[0,2,4,6],[2,3,4,6],[0,3,5,7],[0,1,4,5]]",964.0,1024,,,members_8x8.json#138
8x8,139,rand,"[[1,2,3,5],[0,1,2,3],[0,4,5,7],[0,1,3,6],[0,1,2,6],[2,3,4,6],[1,2,3,6],[0,1,2,5]]",993.0,1024,,,members_8x8.json#139
8x8,140,rand,"[[0,3,5,7],[0,1,5,7],[1,2,3,6],[1,2,3,6],[2,3,4,5],[1,2,6,7],[1,2,4,5],[1,3,5,6]]",982.0,1024,,,members_8x8.json#140
8x8,141,rand,"[[2,3,4,5],[2,3,4,7],[1,2,3,7],[1,4,5,6],[0,2,4,6],[1,4,5,6],[0,3,4,5],[1,2,3,7]]",1001.0,1024,,,members_8x8.json#141
8x8,142,rand,"[[0,2,4,6],[3,4,6,7],[4,5,6,7],[0,3,5,7],[1,2,3,5],[2,3,6,7],[3,4,5,6],[1,3,5,6]]",984.0,1024,,,members_8x8.json#142
8x8,143,rand,"[[2,3,4,6],[0,2,3,5],[0,1,4,6],[2,3,5,7],[0,3,4,5],[1,3,5,7],[2,5,6,7],[1,4,6,7]]",964.0,1024,,,members_8x8.json#143
8x8,144,rand,"[[0,1,3,7],[1,2,5,7],[0,4,5,6],[1,2,6,7],[1,3,4,6],[0,3,6,7],[1,4,5,6],[0,4,5,6]]",981.0,1024,,,members_8x8.json#144
8x8,145,rand,"[[0,1,3,4],[1,2,5,6],[4,5,6,7],[1,2,5,7],[1,3,5,7],[1,3,4,6],[0,1,4,7],[2,5,6,7]]",993.0,1024,,,members_8x8.json#145
8x8,146,rand,"[[2,3,4,5],[3,4,6,7],[1,2,5,7],[0,1,3,7],[0,1,4,7],[0,1,2,7],[2,3,4,5],[0,2,4,7]]",991.0,1024,,,members_8x8.json#146
8x8,147,rand,"[[1,3,6,7],[1,3,4,7],[0,3,4,5],[1,2,5,7],[0,1,2,6],[0,2,3,7],[1,3,5,6],[1,2,3,4]]",942.0,1024,,,members_8x8.json#147
8x8,148,rand,"[[0,1,2,6],[0,2,4,5],[1,2,6,7],[1,3,5,6],[3,4,5,7],[1,2,3,6],[1,4,5,7],[2,3,4,7]]",973.0,1024,,,members_8x8.json#148
8x8,149,rand,"[[0,3,4,6],[0,1,2,4],[2,5,6,7],[2,4,6,7],[0,3,5,7],[3,4,6,7],[0,2,3,7],[0,1,2,5]]",961.0,1024,,,members_8x8.json#149
8x8,150,circ,"[[0,4,5,7],[0,1,5,6],[1,2,6,7],[0,2,3,7],[0,1,3,4],[1,2,4,5],[2,3,5,6],[3,4,6,7]]",896.0,1024,892.0,896.0,members_8x8.json#150
8x8,151,circ,"[[2,4,5,6],[3,5,6,7],[0,4,6,7],[0,1,5,7],[0,1,2,6],[1,2,3,7],[0,2,3,4],[1,3,4,5]]",894.0,1024,891.0,894.0,members_8x8.json#151
8x8,152,circ,"[[1,5,6,7],[0,2,6,7],[0,1,3,7],[0,1,2,4],[1,2,3,5],[2,3,4,6],[3,4,5,7],[0,4,5,6]]",893.0,1024,890.0,893.0,members_8x8.json#152
8x8,153,circ,"[[0,2,3,7],[0,1,3,4],[1,2,4,5],[2,3,5,6],[3,4,6,7],[0,4,5,7],[0,1,5,6],[1,2,6,7]]",896.0,1024,889.0,896.0,members_8x8.json#153
8x8,154,circ,"[[0,5,6,7],[0,1,6,7],[0,1,2,7],[0,1,2,3],[1,2,3,4],[2,3,4,5],[3,4,5,6],[4,5,6,7]]",949.0,1024,,,members_8x8.json#154
8x8,155,circ,"[[0,3,4,5],[1,4,5,6],[2,5,6,7],[0,3,6,7],[0,1,4,7],[0,1,2,5],[1,2,3,6],[2,3,4,7]]",894.0,1024,889.0,894.0,members_8x8.json#155
8x8,156,circ,"[[2,3,5,7],[0,3,4,6],[1,4,5,7],[0,2,5,6],[1,3,6,7],[0,2,4,7],[0,1,3,5],[1,2,4,6]]",893.0,1024,892.0,893.0,members_8x8.json#156
8x8,157,circ,"[[0,1,2,4],[1,2,3,5],[2,3,4,6],[3,4,5,7],[0,4,5,6],[1,5,6,7],[0,2,6,7],[0,1,3,7]]",894.0,1024,891.0,894.0,members_8x8.json#157
8x8,158,circ,"[[0,1,4,6],[1,2,5,7],[0,2,3,6],[1,3,4,7],[0,2,4,5],[1,3,5,6],[2,4,6,7],[0,3,5,7]]",898.0,1024,891.0,898.0,members_8x8.json#158
8x8,159,circ,"[[1,2,3,6],[2,3,4,7],[0,3,4,5],[1,4,5,6],[2,5,6,7],[0,3,6,7],[0,1,4,7],[0,1,2,5]]",897.0,1024,891.0,897.0,members_8x8.json#159
8x8,160,circ,"[[1,2,3,4],[2,3,4,5],[3,4,5,6],[4,5,6,7],[0,5,6,7],[0,1,6,7],[0,1,2,7],[0,1,2,3]]",950.0,1024,,,members_8x8.json#160
8x8,161,circ,"[[1,2,4,5],[2,3,5,6],[3,4,6,7],[0,4,5,7],[0,1,5,6],[1,2,6,7],[0,2,3,7],[0,1,3,4]]",893.0,1024,892.0,893.0,members_8x8.json#161
8x8,162,circ,"[[2,4,5,6],[3,5,6,7],[0,4,6,7],[0,1,5,7],[0,1,2,6],[1,2,3,7],[0,2,3,4],[1,3,4,5]]",893.0,1024,892.0,893.0,members_8x8.json#162
8x8,163,circ,"[[2,5,6,7],[0,3,6,7],[0,1,4,7],[0,1,2,5],[1,2,3,6],[2,3,4,7],[0,3,4,5],[1,4,5,6]]",892.0,1024,892.0,892.0,members_8x8.json#163
8x8,164,circ,"[[0,4,6,7],[0,1,5,7],[0,1,2,6],[1,2,3,7],[0,2,3,4],[1,3,4,5],[2,4,5,6],[3,5,6,7]]",893.0,1024,893.0,893.0,members_8x8.json#164
8x8,165,circ,"[[0,1,2,6],[1,2,3,7],[0,2,3,4],[1,3,4,5],[2,4,5,6],[3,5,6,7],[0,4,6,7],[0,1,5,7]]",893.0,1024,892.0,893.0,members_8x8.json#165
8x8,166,circ,"[[1,5,6,7],[0,2,6,7],[0,1,3,7],[0,1,2,4],[1,2,3,5],[2,3,4,6],[3,4,5,7],[0,4,5,6]]",894.0,1024,,,members_8x8.json#166
8x8,167,circ,"[[0,4,5,6],[1,5,6,7],[0,2,6,7],[0,1,3,7],[0,1,2,4],[1,2,3,5],[2,3,4,6],[3,4,5,7]]",894.0,1024,894.0,894.0,members_8x8.json#167
8x8,168,circ,"[[0,1,2,4],[1,2,3,5],[2,3,4,6],[3,4,5,7],[0,4,5,6],[1,5,6,7],[0,2,6,7],[0,1,3,7]]",893.0,1024,891.0,893.0,members_8x8.json#168
8x8,169,circ,"[[0,2,6,7],[0,1,3,7],[0,1,2,4],[1,2,3,5],[2,3,4,6],[3,4,5,7],[0,4,5,6],[1,5,6,7]]",894.0,1024,891.0,894.0,members_8x8.json#169
8x8,170,flat,"[[1,2,3,5],[1,3,6,7],[3,4,6,7],[1,2,3,4],[3,4,5,7],[2,3,5,7],[2,3,4,5],[1,3,6,7]]",1007.0,1024,,,members_8x8.json#170
8x8,171,flat,"[[0,3,6,7],[3,4,5,7],[3,5,6,7],[0,3,5,7],[3,4,5,7],[0,3,4,7],[3,4,5,7],[0,3,5,7]]",1022.0,1024,,,members_8x8.json#171
8x8,172,flat,"[[4,5,6,7],[1,4,6,7],[1,4,5,6],[1,2,4,6],[2,4,6,7],[1,2,4,6],[1,4,6,7],[1,4,6,7]]",1022.0,1024,,,members_8x8.json#172
8x8,173,flat,"[[0,1,2,5],[0,1,2,3],[0,2,3,4],[0,2,4,5],[0,1,2,4],[0,2,4,5],[0,1,2,3],[0,1,2,3]]",1022.0,1024,,,members_8x8.json#173
8x8,174,flat,"[[1,5,6,7],[0,2,5,7],[0,1,5,7],[3,5,6,7],[0,2,3,5],[1,3,5,6],[0,2,5,6],[1,2,5,6]]",995.0,1024,,,members_8x8.json#174
8x8,175,flat,"[[1,2,4,6],[1,2,3,6],[2,3,4,6],[2,4,5,6],[1,2,5,6],[1,2,5,6],[2,4,5,6],[2,3,4,6]]",1021.0,1024,,,members_8x8.json#175
8x8,176,flat,"[[2,5,6,7],[1,2,3,5],[2,3,5,6],[2,3,5,6],[1,2,5,7],[2,3,5,6],[2,3,5,7],[2,3,5,6]]",1022.0,1024,,,members_8x8.json#176
8x8,177,flat,"[[1,2,3,5],[1,3,5,6],[2,3,5,7],[1,3,5,6],[3,5,6,7],[3,5,6,7],[1,3,5,7],[1,2,3,5]]",1021.0,1024,,,members_8x8.json#177
8x8,178,flat,"[[2,3,4,6],[2,3,4,7],[2,3,6,7],[2,3,4,5],[2,3,6,7],[0,2,3,5],[2,3,5,7],[2,4,5,7]]",1012.0,1024,,,members_8x8.json#178
8x8,179,flat,"[[0,2,3,6],[0,2,3,6],[0,3,4,6],[0,2,3,6],[0,2,3,6],[0,3,6,7],[0,2,6,7],[0,2,6,7]]",1024.0,1024,,,members_8x8.json#179
8x8,180,flat,"[[1,2,3,5],[0,1,3,5],[1,2,3,6],[1,2,3,5],[0,1,3,6],[1,2,3,5],[0,1,3,6],[0,1,3,6]]",1022.0,1024,,,members_8x8.json#180
8x8,181,flat,"[[3,4,5,6],[2,3,4,5],[1,3,5,6],[1,4,5,6],[2,3,5,6],[0,2,5,6],[2,3,5,6],[1,2,4,5]]",1006.0,1024,,,members_8x8.json#181
8x8,182,flat,"[[1,2,3,6],[2,4,5,6],[0,3,4,6],[0,2,5,6],[0,1,4,6],[0,3,4,6],[0,2,5,6],[1,2,4,6]]",998.0,1024,,,members_8x8.json#182
8x8,183,flat,"[[1,2,3,5],[1,2,3,5],[0,1,2,5],[0,1,2,5],[0,1,2,3],[0,1,2,5],[1,2,3,5],[0,1,2,3]]",1024.0,1024,,,members_8x8.json#183
8x8,184,flat,"[[2,3,5,6],[2,3,4,5],[1,2,3,6],[1,2,3,4],[1,2,3,4],[1,2,3,5],[2,3,4,6],[2,3,4,6]]",1013.0,1024,,,members_8x8.json#184
8x8,185,flat,"[[1,4,5,6],[1,4,5,6],[0,4,6,7],[0,4,5,6],[0,3,6,7],[0,4,6,7],[0,3,5,6],[1,3,6,7]]",1008.0,1024,,,members_8x8.json#185
8x8,186,flat,"[[1,2,4,5],[1,4,5,6],[1,3,5,6],[0,2,4,5],[0,4,5,6],[0,2,5,6],[0,3,5,6],[3,4,5,6]]",1006.0,1024,,,members_8x8.json#186
8x8,187,flat,"[[0,1,3,6],[2,3,6,7],[0,2,3,6],[1,2,3,4],[0,2,3,6],[0,2,3,4],[0,3,6,7],[0,1,3,4]]",1014.0,1024,,,members_8x8.json#187
8x8,188,flat,"[[0,1,3,5],[0,1,3,5],[0,1,5,6],[0,1,3,5],[0,1,5,7],[0,1,5,7],[0,1,3,6],[0,1,3,5]]",1024.0,1024,,,members_8x8.json#188
8x8,189,flat,"[[2,3,4,6],[1,3,5,6],[1,3,4,6],[1,3,5,6],[1,2,3,6],[2,3,4,6],[2,3,5,6],[1,3,5,6]]",1022.0,1024,,,members_8x8.json#189
8x8,190,WH+-,"[[1,3,4,6],[1,2,5,6],[0,2,4,6],[0,3,5,6],[2,3,4,5],[1,2,4,7],[2,3,6,7],[0,1,2,3]]",928.0,1024,,,members_8x8.json#190
8x8,191,WH+-,"[[0,1,2,3],[0,3,4,7],[2,3,6,7],[1,2,4,7],[4,5,6,7],[2,3,4,5],[0,1,6,7],[0,3,5,6]]",918.0,1024,,,members_8x8.json#191
8x8,192,WH+-,"[[0,1,6,7],[0,2,5,7],[1,3,5,7],[1,2,4,7],[2,3,4,5],[1,2,5,6],[2,3,6,7],[0,3,5,6]]",940.0,1024,,,members_8x8.json#192
8x8,193,WH+-,"[[1,3,5,7],[2,3,6,7],[1,3,4,6],[0,1,6,7],[0,2,5,7],[0,1,2,3],[2,3,4,5],[0,2,4,6]]",930.0,1024,,,members_8x8.json#193
8x8,194,WH+-,"[[1,2,5,6],[0,2,4,6],[1,3,5,7],[0,1,6,7],[0,2,5,7],[1,2,4,7],[2,3,4,5],[1,3,4,6]]",919.0,1024,,,members_8x8.json#194
8x8,195,WH+-,"[[0,2,4,6],[1,3,4,6],[0,3,4,7],[2,3,6,7],[0,1,6,7],[0,3,5,6],[0,1,4,5],[4,5,6,7]]",929.0,1024,,,members_8x8.json#195
8x8,196,WH+-,"[[0,2,4,6],[0,1,2,3],[0,3,5,6],[4,5,6,7],[2,3,4,5],[2,3,6,7],[0,3,4,7],[1,2,5,6]]",939.0,1024,,,members_8x8.json#196
8x8,197,WH+-,"[[1,2,5,6],[1,3,4,6],[1,2,4,7],[0,1,2,3],[0,2,4,6],[0,2,5,7],[0,3,4,7],[2,3,4,5]]",931.0,1024,,,members_8x8.json#197
8x8,198,WH+-,"[[0,1,2,3],[0,2,5,7],[1,3,5,7],[0,1,6,7],[1,2,5,6],[0,3,4,7],[0,3,5,6],[4,5,6,7]]",943.0,1024,,,members_8x8.json#198
8x8,199,WH+-,"[[4,5,6,7],[0,1,6,7],[0,3,5,6],[2,3,4,5],[0,2,4,6],[2,3,6,7],[1,3,4,6],[0,2,5,7]]",936.0,1024,,,members_8x8.json#199
8x8,200,WH+-,"[[0,2,4,6],[0,1,2,3],[0,3,4,7],[2,3,4,5],[2,3,6,7],[1,2,4,7],[1,2,5,6],[0,1,4,5]]",943.0,1024,,,members_8x8.json#200
8x8,201,WH+-,"[[2,3,4,5],[0,3,5,6],[1,3,5,7],[0,1,4,5],[2,3,6,7],[4,5,6,7],[0,2,4,6],[0,2,5,7]]",938.0,1024,,,members_8x8.json#201
8x8,202,WH+-,"[[0,2,5,7],[0,3,5,6],[0,3,4,7],[0,1,2,3],[1,2,5,6],[1,2,4,7],[0,1,4,5],[2,3,4,5]]",941.0,1024,,,members_8x8.json#202
8x8,203,WH+-,"[[0,1,6,7],[2,3,6,7],[2,3,4,5],[1,2,5,6],[0,1,2,3],[1,3,5,7],[1,2,4,7],[0,2,5,7]]",927.0,1024,,,members_8x8.json#203
8x8,204,WH+-,"[[0,2,5,7],[2,3,6,7],[0,1,6,7],[0,1,2,3],[0,1,4,5],[1,3,4,6],[0,3,5,6],[0,3,4,7]]",939.0,1024,,,members_8x8.json#204
8x8,205,WH+-,"[[0,2,5,7],[1,3,5,7],[1,3,4,6],[0,1,6,7],[1,2,5,6],[0,1,4,5],[0,1,2,3],[1,2,4,7]]",946.0,1024,,,members_8x8.json#205
8x8,206,WH+-,"[[2,3,4,5],[1,3,4,6],[1,3,5,7],[1,2,5,6],[1,2,4,7],[4,5,6,7],[0,1,4,5],[0,1,2,3]]",939.0,1024,,,members_8x8.json#206
8x8,207,WH+-,"[[1,2,5,6],[0,1,6,7],[0,3,4,7],[4,5,6,7],[0,1,4,5],[0,2,5,7],[1,3,5,7],[2,3,4,5]]",938.0,1024,,,members_8x8.json#207
8x8,208,WH+-,"[[4,5,6,7],[0,2,4,6],[1,3,5,7],[1,2,4,7],[0,1,2,3],[0,1,4,5],[0,2,5,7],[0,3,5,6]]",927.0,1024,,,members_8x8.json#208
8x8,209,WH+-,"[[1,2,4,7],[0,2,4,6],[0,3,4,7],[0,2,5,7],[0,3,5,6],[0,1,6,7],[1,3,5,7],[4,5,6,7]]",940.0,1024,,,members_8x8.json#209
8x8,210,WH+-,"[[1,2,5,6],[0,3,4,7],[0,1,4,5],[0,2,5,7],[1,3,5,7],[0,1,6,7],[2,3,6,7],[1,3,4,6]]",920.0,1024,,,members_8x8.json#210
8x8,211,WH+-,"[[2,3,6,7],[0,1,2,3],[1,2,4,7],[0,1,6,7],[4,5,6,7],[1,3,5,7],[0,2,4,6],[2,3,4,5]]",914.0,1024,,,members_8x8.json#211
8x8,212,WH+-,"[[0,3,5,6],[1,2,4,7],[2,3,6,7],[1,3,4,6],[0,2,5,7],[1,3,5,7],[1,2,5,6],[0,1,6,7]]",941.0,1024,,,members_8x8.json#212
8x8,213,WH+-,"[[0,1,2,3],[1,3,4,6],[0,3,5,6],[2,3,6,7],[0,3,4,7],[2,3,4,5],[1,2,4,7],[0,1,4,5]]",938.0,1024,,,members_8x8.json#213
8x8,214,WH+-,"[[2,3,4,5],[0,1,6,7],[0,3,5,6],[0,2,4,6],[1,3,4,6],[0,1,4,5],[2,3,6,7],[4,5,6,7]]",942.0,1024,,,members_8x8.json#214
8x8,215,WH+-,"[[2,3,6,7],[1,3,5,7],[0,2,4,6],[1,2,4,7],[0,3,4,7],[0,1,4,5],[0,2,5,7],[0,1,6,7]]",941.0,1024,,,members_8x8.json#215
8x8,216,WH+-,"[[0,3,4,7],[1,2,5,6],[1,2,4,7],[0,2,5,7],[4,5,6,7],[2,3,4,5],[0,2,4,6],[1,3,5,7]]",927.0,1024,,,members_8x8.json#216
8x8,217,WH+-,"[[2,3,4,5],[2,3,6,7],[1,2,4,7],[0,2,4,6],[0,1,2,3],[0,2,5,7],[1,3,4,6],[1,3,5,7]]",943.0,1024,,,members_8x8.json#217
8x8,218,WH+-,"[[0,1,4,5],[2,3,4,5],[0,1,6,7],[1,3,5,7],[0,2,4,6],[0,3,4,7],[2,3,6,7],[0,2,5,7]]",922.0,1024,,,members_8x8.json#218
8x8,219,WH+-,"[[0,3,4,7],[0,2,4,6],[0,1,6,7],[1,2,4,7],[1,3,4,6],[0,2,5,7],[2,3,6,7],[0,3,5,6]]",937.0,1024,,,members_8x8.json#219
10x10,0,rand,"[[0,4,5,6,7],[1,2,7,8,9],[0,3,5,8,9],[0,1,4,6,7],[2,5,7,8,9],[0,1,2,6,8],[0,1,4,6,7],[0,3,6,8,9],[4,6,7,8,9],[0,5,6,7,8]]",2369.0,2500,,,members_10x10.json#0
10x10,1,rand,"[[2,4,5,7,8],[1,2,3,4,8],[1,3,4,5,7],[1,2,3,5,8],[0,2,3,4,8],[0,1,6,7,8],[1,2,3,5,6],[0,1,7,8,9],[1,3,5,7,8],[0,3,4,6,8]]",2333.0,2500,,,members_10x10.json#1
10x10,2,rand,"[[1,2,3,7,9],[3,4,5,7,9],[0,1,2,6,9],[0,1,4,6,7],[0,1,2,6,8],[3,4,5,6,7],[0,4,5,7,9],[2,3,4,5,8],[2,3,5,6,9],[2,4,5,7,9]]",2341.0,2500,,,members_10x10.json#2
10x10,3,rand,"[[0,1,4,7,8],[0,1,3,4,9],[1,3,4,5,6],[0,2,3,5,9],[1,2,4,7,9],[2,5,6,7,9],[2,5,7,8,9],[1,4,6,7,8],[0,2,5,6,7],[0,1,5,6,9]]",2312.0,2500,,,members_10x10.json#3
10x10,4,rand,"[[2,4,5,6,8],[0,1,4,6,7],[0,2,4,5,7],[2,3,5,6,7],[0,3,5,6,9],[1,3,6,8,9],[0,3,6,7,8],[0,3,4,7,8],[0,3,6,8,9],[0,4,5,6,8]]",2366.0,2500,,,members_10x10.json#4
10x10,5,rand,"[[1,4,5,6,7],[1,3,4,7,8],[0,1,3,4,8],[2,4,6,7,9],[0,1,4,6,7],[0,2,3,6,7],[0,1,2,6,8],[1,3,7,8,9],[0,3,6,7,8],[1,5,6,7,8]]",2328.0,2500,,,members_10x10.json#5
10x10,6,rand,"[[0,1,4,6,9],[0,2,7,8,9],[1,3,4,5,9],[1,2,3,4,6],[0,1,7,8,9],[0,4,5,6,9],[0,1,2,6,8],[1,4,5,7,9],[0,2,4,5,7],[1,3,4,5,9]]",2356.0,2500,,,members_10x10.json#6
10x10,7,rand,"[[0,2,5,7,8],[0,1,2,7,9],[1,3,4,6,9],[1,2,3,8,9],[2,4,5,6,7],[0,1,2,3,5],[0,2,3,4,7],[0,1,4,7,8],[0,2,3,6,8],[0,3,4,6,9]]",2301.0,2500,,,members_10x10.json#7
10x10,8,rand,"[[0,1,3,6,8],[0,3,4,7,9],[1,2,4,7,9],[0,5,6,7,8],[1,3,4,7,8],[0,1,3,4,5],[1,2,3,4,9],[1,3,5,6,9],[0,2,4,6,7],[0,2,4,6,7]]",2313.0,2500,,,members_10x10.json#8
10x10,9,rand,"[[0,3,5,6,7],[1,2,4,6,7],[0,2,3,6,9],[0,1,4,8,9],[1,2,3,6,9],[0,1,3,6,7],[1,2,7,8,9],[0,2,3,7,9],[5,6,7,8,9],[0,3,6,7,8]]",2298.0,2500,,,members_10x10.json#9
10x10,10,rand,"[[0,1,4,5,8],[1,2,3,6,7],[0,2,3,5,9],[4,6,7,8,9],[0,1,3,4,7],[0,2,3,5,8],[1,2,3,5,7],[1,2,3,5,8],[0,2,5,6,8],[0,5,7,8,9]]",2313.0,2500,,,members_10x10.json#10
10x10,11,rand,"[[1,2,3,4,5],[0,1,3,5,7],[1,2,3,4,6],[0,1,2,6,9],[0,6,7,8,9],[1,2,3,4,5],[1,2,4,5,6],[1,2,4,5,9],[1,4,5,6,9],[1,3,5,6,9]]",2447.0,2500,,,members_10x10.json#11
10x10,12,rand,"[[1,3,6,7,8],[0,1,2,4,7],[1,2,3,5,7],[2,4,7,8,9],[2,3,4,6,9],[0,1,3,4,6],[0,1,2,7,9],[1,4,7,8,9],[0,1,2,4,5],[1,3,4,8,9]]",2283.0,2500,,,members_10x10.json#12
10x10,13,rand,"[[2,4,7,8,9],[1,2,4,8,9],[0,1,4,5,7],[1,2,4,7,9],[0,3,4,7,8],[0,2,6,7,8],[2,3,5,6,9],[0,1,3,4,9],[0,1,2,5,8],[0,1,4,6,8]]",2253.0,2500,,,members_10x10.json#13
10x10,14,rand,"[[0,1,2,3,6],[3,4,6,8,9],[3,4,5,6,8],[1,3,7,8,9],[1,2,5,6,7],[1,5,6,7,9],[1,2,6,8,9],[2,3,4,6,8],[0,2,4,8,9],[5,6,7,8,9]]",2319.0,2500,,,members_10x10.json#14
10x10,15,rand,"[[1,2,4,5,8],[0,4,6,7,9],[0,5,6,8,9],[1,2,3,6,9],[1,3,4,5,8],[0,1,6,7,9],[0,1,3,4,9],[0,1,2,6,7],[1,2,4,8,9],[2,3,5,7,9]]",2309.0,2500,,,members_10x10.json#15
10x10,16,rand,"[[0,1,3,6,7],[0,2,3,7,9],[0,2,5,8,9],[2,3,7,8,9],[1,2,4,5,7],[1,6,7,8,9],[3,4,5,8,9],[0,3,5,7,8],[4,5,6,7,8],[2,3,5,6,7]]",2263.0,2500,,,members_10x10.json#16
10x10,17,rand,"[[0,1,3,5,8],[2,3,4,7,9],[0,3,5,7,8],[0,2,3,4,6],[2,4,5,7,8],[1,3,5,7,8],[1,2,6,8,9],[0,2,4,7,8],[0,1,3,4,9],[2,6,7,8,9]]",2291.0,2500,,,members_10x10.json#17
10x10,18,rand,"[[1,2,3,4,9],[3,4,5,6,7],[1,3,4,5,7],[0,2,4,5,8],[0,3,4,7,9],[2,4,5,6,9],[0,5,6,7,8],[1,2,5,8,9],[1,2,4,5,8],[0,1,2,6,7]]",2255.0,2500,,,members_10x10.json#18
10x10,19,rand,"[[0,3,5,6,8],[1,6,7,8,9],[0,1,2,3,8],[0,1,2,4,5],[2,3,4,5,7],[0,3,4,8,9],[2,3,5,6,9],[0,2,5,8,9],[2,3,4,7,8],[1,4,5,8,9]]",2249.0,2500,2246.0,2249.0,members_10x10.json#19
10x10,20,rand,"[[0,1,4,6,8],[1,2,6,8,9],[1,4,5,6,9],[0,2,3,6,9],[2,3,5,7,9],[3,5,6,7,9],[1,4,6,7,9],[0,4,7,8,9],[1,2,5,6,9],[0,2,4,6,7]]",2354.0,2500,,,members_10x10.json#20
10x10,21,rand,"[[1,2,4,5,9],[2,4,6,7,9],[1,2,3,6,8],[0,1,6,8,9],[0,4,6,7,8],[0,1,3,4,8],[1,5,6,8,9],[0,2,5,6,8],[0,1,3,5,9],[0,1,2,6,9]]",2289.0,2500,,,members_10x10.json#21
10x10,22,rand,"[[0,1,2,3,6],[1,2,5,6,7],[2,3,6,8,9],[0,3,7,8,9],[3,4,7,8,9],[3,4,5,6,8],[0,1,2,6,8],[2,4,6,7,8],[0,1,5,8,9],[5,6,7,8,9]]",2299.0,2500,,,members_10x10.json#22
10x10,23,rand,"[[1,3,5,7,8],[1,2,4,6,7],[1,2,4,5,7],[1,3,4,5,8],[0,2,3,4,7],[0,4,6,7,9],[0,2,3,4,6],[0,4,6,7,9],[0,1,6,7,9],[0,4,5,7,8]]",2422.0,2500,,,members_10x10.json#23
10x10,24,rand,"[[0,4,6,7,8],[0,1,2,5,9],[0,3,5,6,8],[1,4,7,8,9],[1,2,3,4,6],[0,3,4,6,7],[0,1,3,6,9],[0,2,3,4,7],[1,3,4,5,9],[3,4,5,6,8]]",2275.0,2500,,,members_10x10.json#24
10x10,25,rand,"[[1,2,3,4,9],[0,2,3,5,8],[2,3,4,5,7],[0,1,4,8,9],[2,4,7,8,9],[0,1,5,6,8],[1,2,5,6,8],[0,2,5,6,9],[0,2,5,6,7],[3,4,7,8,9]]",2301.0,2500,,,members_10x10.json#25
10x10,26,rand,"[[0,2,3,6,7],[0,1,2,6,8],[2,3,5,6,9],[0,1,4,7,8],[0,1,3,4,5],[1,2,3,5,8],[2,3,4,8,9],[3,6,7,8,9],[0,2,5,7,9],[1,2,3,5,9]]",2237.0,2500,,,members_10x10.json#26
10x10,27,rand,"[[0,2,7,8,9],[1,2,3,4,5],[0,2,3,5,8],[1,2,3,4,8],[0,1,5,6,9],[0,1,3,6,8],[1,2,4,5,7],[0,1,4,5,6],[0,2,4,6,9],[0,1,3,6,9]]",2306.0,2500,,,members_10x10.json#27
10x10,28,rand,"[[1,2,3,4,5],[0,3,4,8,9],[0,3,4,5,7],[3,4,5,6,8],[0,2,7,8,9],[0,1,3,5,8],[0,2,4,7,8],[2,5,6,7,8],[0,1,2,6,8],[2,4,6,7,9]]",2272.0,2500,,,members_10x10.json#28
10x10,29,rand,"[[2,3,4,5,7],[2,3,4,6,8],[0,2,3,4,9],[0,4,5,7,8],[0,2,3,4,6],[0,3,4,5,8],[0,1,4,8,9],[2,3,4,5,9],[0,1,3,4,7],[2,3,4,5,9]]",2392.0,2500,,,members_10x10.json#29
10x10,30,rand,"[[0,3,4,5,8],[0,2,4,7,9],[0,1,6,7,9],[0,2,3,6,8],[1,2,3,8,9],[1,2,4,5,6],[1,4,5,7,8],[1,2,4,5,6],[0,3,6,7,8],[1,3,5,6,7]]",2269.0,2500,2259.0,2269.0,members_10x10.json#30
10x10,31,rand,"[[1,2,4,5,7],[0,1,6,7,9],[0,2,6,7,9],[1,4,5,6,9],[0,1,5,8,9],[3,4,7,8,9],[3,4,6,8,9],[1,2,4,6,7],[1,4,6,7,8],[4,5,6,7,8]]",2303.0,2500,,,members_10x10.json#31
10x10,32,rand,"[[0,3,5,6,9],[2,4,5,7,9],[0,2,4,7,8],[1,2,3,5,9],[2,5,7,8,9],[1,3,4,5,9],[0,3,4,6,7],[1,2,6,7,9],[1,3,4,7,9],[1,2,3,4,7]]",2328.0,2500,,,members_10x10.json#32
10x10,33,rand,"[[1,4,5,7,8],[0,5,6,8,9],[0,1,3,7,9],[0,4,7,8,9],[1,3,4,5,7],[0,1,5,7,8],[2,3,4,5,7],[0,1,4,6,7],[2,3,4,7,8],[1,2,3,5,8]]",2348.0,2500,,,members_10x10.json#33
10x10,34,rand,"[[0,1,5,7,8],[0,1,2,4,6],[1,5,6,8,9],[4,5,6,7,9],[1,3,5,6,8],[1,3,5,7,8],[0,1,2,7,8],[1,2,3,4,5],[0,2,4,6,8],[1,2,6,7,9]]",2309.0,2500,,,members_10x10.json#34
10x10,35,rand,"[[0,2,3,4,5],[0,1,5,6,9],[2,5,6,8,9],[2,5,7,8,9],[1,3,4,5,9],[4,5,6,7,9],[0,1,2,3,4],[0,4,6,7,8],[0,1,2,5,6],[0,1,2,4,6]]",2309.0,2500,,,members_10x10.json#35
10x10,36,rand,"[[2,3,5,7,8],[0,2,4,5,8],[2,3,5,8,9],[0,1,2,4,7],[3,4,6,7,8],[0,5,6,7,8],[2,5,6,7,9],[2,3,4,7,9],[1,3,4,7,9],[1,2,4,5,9]]",2278.0,2500,,,members_10x10.json#36
10x10,37,rand,"[[0,2,4,8,9],[0,3,4,7,8],[0,2,3,8,9],[0,1,2,4,7],[1,2,4,6,8],[1,2,6,8,9],[0,5,7,8,9],[1,2,3,6,8],[0,1,2,5,9],[0,3,4,5,8]]",2371.0,2500,,,members_10x10.json#37
10x10,38,rand,"[[0,3,4,6,7],[0,1,2,3,5],[2,3,6,8,9],[2,3,5,7,8],[2,3,5,8,9],[2,5,6,7,9],[0,1,2,4,7],[1,3,4,5,6],[1,2,5,7,9],[1,3,5,7,8]]",2293.0,2500,,,members_10x10.json#38
10x10,39,rand,"[[0,1,4,8,9],[0,2,3,6,8],[3,5,7,8,9],[0,3,4,5,7],[0,3,4,6,8],[2,5,6,7,8],[1,3,6,7,9],[0,1,2,3,7],[0,1,4,8,9],[0,2,3,5,9]]",2279.0,2500,,,members_10x10.json#39
10x10,40,rand,"[[2,4,5,6,7],[0,2,5,6,9],[1,6,7,8,9],[1,2,5,8,9],[2,4,5,7,9],[5,6,7,8,9],[0,2,4,6,7],[1,3,5,6,8],[4,5,6,7,8],[0,3,5,6,8]]",2366.0,2500,,,members_10x10.json#40
10x10,41,rand,"[[0,1,3,4,9],[0,1,2,5,6],[0,1,6,7,8],[0,1,2,6,9],[1,2,4,7,8],[0,2,5,6,7],[0,1,2,6,9],[4,5,6,7,9],[0,1,4,8,9],[0,1,2,7,8]]",2364.0,2500,,,members_10x10.json#41
10x10,42,rand,"[[0,1,2,3,4],[0,1,4,5,6],[1,5,6,7,9],[0,1,2,6,9],[1,2,3,4,5],[0,4,5,7,8],[0,4,6,8,9],[0,1,2,3,4],[3,4,7,8,9],[2,4,5,6,7]]",2287.0,2500,,,members_10x10.json#42
10x10,43,rand,"[[1,3,6,8,9],[1,3,5,6,7],[1,2,4,6,8],[0,4,5,6,9],[1,2,7,8,9],[0,2,3,4,5],[1,2,3,8,9],[0,2,3,6,7],[0,2,3,4,8],[0,1,4,5,7]]",2276.0,2500,,,members_10x10.json#43
10x10,44,rand,"[[1,2,3,6,9],[1,5,6,8,9],[0,3,5,6,9],[2,3,5,7,9],[1,4,5,7,8],[2,4,6,8,9],[0,2,5,6,9],[1,2,6,7,9],[2,3,5,6,7],[1,2,4,5,9]]",2310.0,2500,,,members_10x10.json#44
10x10,45,rand,"[[1,3,5,7,9],[1,2,3,7,8],[1,5,7,8,9],[2,4,5,6,9],[0,2,3,5,8],[0,4,6,8,9],[0,3,6,7,8],[0,1,3,4,6],[0,4,5,8,9],[2,3,5,7,8]]",2298.0,2500,,,members_10x10.json#45
10x10,46,rand,"[[0,2,4,6,8],[1,4,5,7,9],[2,3,4,7,8],[0,1,2,3,4],[0,1,2,6,8],[0,4,5,6,7],[0,2,3,7,9],[1,3,7,8,9],[0,1,3,5,6],[0,1,2,3,6]]",2287.0,2500,,,members_10x10.json#46
10x10,47,rand,"[[1,3,4,6,9],[0,3,5,7,8],[1,2,4,5,7],[2,4,5,8,9],[4,5,6,7,8],[1,3,4,6,7],[1,3,4,8,9],[0,4,5,8,9],[1,6,7,8,9],[4,5,7,8,9]]",2350.0,2500,,,members_10x10.json#47
10x10,48,rand,"[[1,2,5,8,9],[1,2,5,7,9],[0,4,6,8,9],[1,3,4,7,9],[0,1,2,5,8],[3,5,6,7,9],[2,3,4,6,7],[0,2,4,6,8],[0,3,4,6,9],[1,3,4,5,8]]",2270.0,2500,,,members_10x10.json#48
10x10,49,rand,"[[1,2,3,5,6],[0,1,3,7,8],[0,2,4,6,9],[2,3,5,8,9],[0,1,2,4,6],[1,2,3,5,6],[0,4,5,7,9],[0,2,3,6,9],[2,4,5,6,7],[0,3,4,8,9]]",2320.0,2500,,,members_10x10.json#49
10x10,50,rand,"[[0,2,3,6,9],[0,2,3,4,6],[0,3,5,8,9],[0,3,4,6,8],[0,1,3,8,9],[2,3,4,5,6],[0,1,2,3,8],[0,2,4,5,9],[2,6,7,8,9],[1,2,4,8,9]]",2316.0,2500,,,members_10x10.json#50
10x10,51,rand,"[[2,3,5,6,9],[0,1,2,3,7],[0,4,5,6,9],[0,1,4,7,8],[1,4,7,8,9],[1,2,3,5,8],[0,4,6,8,9],[3,5,6,7,8],[3,4,6,8,9],[0,2,3,8,9]]",2298.0,2500,,,members_10x10.json#51
10x10,52,rand,"[[0,1,5,6,8],[0,2,6,7,9],[2,3,4,6,8],[1,4,6,7,9],[2,3,5,6,7],[0,2,4,5,8],[2,4,7,8,9],[1,3,4,5,6],[0,3,4,7,9],[1,2,3,5,9]]",2224.0,2500,2210.0,2224.0,members_10x10.json#52
10x10,53,rand,"[[0,2,4,5,6],[0,2,3,6,9],[1,4,6,8,9],[1,2,3,5,6],[0,1,5,7,9],[0,2,3,7,9],[0,1,3,5,7],[0,3,6,7,8],[1,2,3,4,7],[0,2,3,6,9]]",2276.0,2500,,,members_10x10.json#53
10x10,54,rand,"[[0,1,5,6,7],[2,4,5,8,9],[0,5,6,8,9],[0,1,3,4,6],[0,1,5,8,9],[0,2,3,4,9],[1,4,6,7,9],[3,4,5,6,7],[0,1,4,6,7],[2,3,5,7,9]]",2280.0,2500,,,members_10x10.json#54
10x10,55,rand,"[[2,5,6,7,8],[1,2,3,5,8],[0,1,5,7,8],[2,3,5,6,9],[1,4,7,8,9],[3,4,5,7,8],[1,3,6,8,9],[1,3,4,7,8],[3,5,6,7,9],[2,4,5,7,9]]",2323.0,2500,,,members_10x10.json#55
10x10,56,rand,"[[0,3,4,7,9],[0,2,3,8,9],[0,2,3,6,9],[1,2,6,7,9],[0,1,3,4,8],[1,3,4,7,9],[2,3,5,6,7],[1,2,5,6,8],[2,5,6,8,9],[1,4,5,6,8]]",2322.0,2500,,,members_10x10.json#56
10x10,57,rand,"[[0,3,4,5,9],[1,3,5,6,8],[3,4,5,6,7],[4,5,7,8,9],[0,1,5,6,7],[0,2,6,8,9],[0,1,2,5,6],[0,3,5,6,9],[1,2,4,6,7],[0,1,3,7,8]]",2242.0,2500,,,members_10x10.json#57
10x10,58,rand,"[[0,2,3,4,7],[0,4,5,6,7],[1,2,4,5,7],[2,5,6,7,8],[0,4,6,7,8],[1,2,6,8,9],[0,2,7,8,9],[1,2,5,6,8],[0,6,7,8,9],[1,3,4,5,6]]",2337.0,2500,,,members_10x10.json#58
10x10,59,rand,"[[0,1,5,7,9],[1,3,5,8,9],[0,3,4,7,8],[0,1,2,3,6],[2,4,7,8,9],[0,3,5,6,7],[1,3,5,7,8],[1,2,4,7,9],[1,2,3,7,9],[2,3,4,6,9]]",2301.0,2500,,,members_10x10.json#59
10x10,60,rand,"[[0,2,3,4,6],[1,4,6,7,9],[4,5,6,7,9],[0,2,3,8,9],[0,3,6,7,9],[1,2,3,8,9],[2,3,6,7,9],[2,3,4,7,8],[0,1,3,6,8],[2,3,4,5,7]]",2341.0,2500,,,members_10x10.json#60
10x10,61,rand,"[[1,2,5,6,9],[0,1,2,5,9],[1,2,3,6,9],[1,3,5,7,9],[0,1,3,4,5],[2,3,4,7,8],[0,2,3,5,8],[3,6,7,8,9],[0,2,4,5,6],[2,3,4,8,9]]",2297.0,2500,,,members_10x10.json#61
10x10,62,rand,"[[0,2,3,4,5],[3,4,6,7,8],[0,2,4,5,8],[2,5,6,8,9],[0,2,3,4,7],[0,3,5,8,9],[0,2,3,5,7],[2,3,7,8,9],[0,2,3,6,7],[3,5,6,7,9]]",2336.0,2500,,,members_10x10.json#62
10x10,63,rand,"[[3,4,6,8,9],[0,2,3,7,8],[0,1,4,6,7],[0,3,4,5,8],[1,2,3,4,9],[0,3,5,7,9],[2,3,7,8,9],[1,2,4,5,8],[0,2,5,7,8],[2,6,7,8,9]]",2243.0,2500,,,members_10x10.json#63
10x10,64,rand,"[[0,1,2,3,5],[1,3,5,6,9],[1,3,5,6,7],[0,2,4,5,8],[0,4,5,6,9],[0,1,4,6,9],[1,4,5,7,8],[0,1,3,6,7],[0,3,4,7,9],[1,2,4,7,9]]",2261.0,2500,,,members_10x10.json#64
10x10,65,rand,"[[0,2,3,4,6],[0,4,6,7,8],[2,3,4,6,7],[0,2,4,5,7],[0,4,5,6,7],[0,2,4,6,7],[0,1,3,5,8],[1,2,5,7,8],[1,2,4,7,8],[2,4,5,6,7]]",2421.0,2500,,,members_10x10.json#65
10x10,66,rand,"[[2,4,5,6,8],[1,3,4,5,8],[2,4,5,7,8],[1,3,6,8,9],[0,3,4,8,9],[2,3,6,7,8],[0,3,5,8,9],[2,4,5,8,9],[1,2,3,6,8],[0,1,3,6,8]]",2377.0,2500,,,members_10x10.json#66
10x10,67,rand,"[[3,6,7,8,9],[0,1,2,7,9],[0,1,3,8,9],[1,2,4,5,6],[0,1,3,6,9],[0,1,4,6,7],[2,3,4,6,7],[0,2,4,5,6],[1,2,5,6,8],[1,2,3,7,8]]",2301.0,2500,,,members_10x10.json#67
10x10,68,rand,"[[0,1,2,3,9],[0,1,6,7,9],[0,1,2,3,5],[0,1,2,8,9],[2,4,6,7,9],[0,1,2,4,5],[0,2,5,6,7],[0,4,5,6,7],[2,3,5,7,8],[3,4,6,8,9]]",2267.0,2500,,,members_10x10.json#68
10x10,69,rand,"[[0,3,7,8,9],[1,2,4,7,8],[0,1,3,6,9],[1,2,4,5,7],[2,4,6,7,8],[2,3,5,8,9],[0,3,4,6,8],[0,2,3,4,6],[3,4,7,8,9],[1,2,3,4,8]]",2334.0,2500,,,members_10x10.json#69
10x10,70,rand,"[[2,3,5,6,7],[0,3,4,5,7],[2,3,7,8,9],[1,2,5,6,8],[0,1,4,5,9],[0,1,7,8,9],[3,6,7,8,9],[2,5,6,7,8],[0,1,5,6,7],[2,3,4,7,8]]",2297.0,2500,,,members_10x10.json#70
10x10,71,rand,"[[3,4,5,6,7],[1,3,5,6,8],[0,3,5,6,9],[1,3,4,6,8],[2,3,5,6,8],[3,4,5,6,7],[1,2,5,6,7],[0,1,2,4,9],[0,1,2,5,6],[0,1,4,7,9]]",2368.0,2500,,,members_10x10.json#71
10x10,72,rand,"[[0,2,3,4,7],[1,2,6,7,9],[0,2,4,8,9],[0,1,5,7,9],[1,3,6,8,9],[1,3,5,6,9],[2,4,6,7,8],[2,3,4,8,9],[1,2,6,8,9],[0,3,6,7,8]]",2333.0,2500,,,members_10x10.json#72
10x10,73,rand,"[[0,2,5,6,9],[0,4,7,8,9],[0,1,2,5,7],[0,5,6,8,9],[0,1,3,6,7],[0,1,2,8,9],[0,5,6,7,8],[2,3,4,7,8],[0,2,3,5,8],[0,1,4,6,7]]",2290.0,2500,,,members_10x10.json#73
10x10,74,rand,"[[1,6,7,8,9],[0,1,2,3,6],[1,3,4,8,9],[1,2,5,6,8],[0,1,4,5,7],[0,2,4,5,6],[1,2,5,6,7],[0,1,2,6,9],[2,3,4,6,8],[0,1,3,6,9]]",2300.0,2500,,,members_10x10.json#74
10x10,75,rand,"[[0,2,3,6,8],[0,1,4,5,6],[1,2,3,4,5],[0,1,4,5,8],[0,2,6,8,9],[1,4,5,7,9],[0,2,3,4,7],[0,2,3,4,6],[0,1,2,6,7],[0,1,4,5,7]]",2406.0,2500,,,members_10x10.json#75
10x10,76,rand,"[[0,2,3,7,8],[0,2,3,4,7],[0,1,2,4,9],[0,3,4,5,9],[0,2,3,4,6],[0,3,4,6,8],[0,1,3,6,8],[2,4,5,6,8],[0,3,5,7,8],[3,4,5,6,8]]",2353.0,2500,,,members_10x10.json#76
10x10,77,rand,"[[0,1,2,3,5],[0,1,2,5,6],[1,4,6,7,9],[0,2,4,7,8],[0,1,3,6,8],[1,3,4,5,6],[2,3,5,7,9],[0,1,3,5,7],[0,4,6,8,9],[1,6,7,8,9]]",2277.0,2500,,,members_10x10.json#77
10x10,78,rand,"[[1,3,4,8,9],[0,2,5,6,7],[0,1,2,3,4],[0,2,3,7,8],[2,3,4,6,7],[3,5,7,8,9],[2,4,6,7,9],[3,4,5,7,8],[0,3,4,7,8],[1,3,4,7,8]]",2396.0,2500,,,members_10x10.json#78
10x10,79,rand,"[[0,1,4,6,9],[2,3,4,8,9],[0,2,4,6,8],[0,2,7,8,9],[0,1,2,4,7],[1,2,5,6,9],[0,2,3,4,8],[1,3,4,5,6],[2,5,6,7,8],[0,2,7,8,9]]",2356.0,2500,,,members_10x10.json#79
10x10,80,rand,"[[0,3,5,8,9],[0,3,4,8,9],[0,1,2,5,6],[0,3,4,5,9],[0,1,2,5,9],[1,2,3,4,9],[0,1,5,7,9],[3,5,6,8,9],[2,5,6,8,9],[0,4,6,7,9]]",2336.0,2500,,,members_10x10.json#80
10x10,81,rand,"[[2,3,4,8,9],[2,3,4,6,9],[0,2,5,6,9],[1,3,5,8,9],[3,4,5,6,9],[0,4,6,7,8],[1,2,4,8,9],[2,3,5,7,9],[1,2,4,7,8],[1,2,3,5,8]]",2317.0,2500,,,members_10x10.json#81
10x10,82,rand,"[[0,4,5,6,7],[0,3,4,8,9],[0,3,6,7,9],[1,4,6,8,9],[3,5,6,8,9],[1,2,3,5,9],[2,3,4,5,9],[0,1,3,4,6],[1,2,6,7,9],[0,4,5,6,8]]",2302.0,2500,,,members_10x10.json#82
10x10,83,rand,"[[0,2,3,6,7],[3,4,7,8,9],[0,3,5,7,8],[0,5,6,8,9],[2,3,5,6,8],[2,3,5,7,9],[0,2,4,6,9],[1,4,5,8,9],[1,4,7,8,9],[2,3,5,6,8]]",2328.0,2500,,,members_10x10.json#83
10x10,84,rand,"[[0,2,3,4,7],[0,1,6,7,9],[0,2,3,7,8],[2,4,5,6,8],[0,2,3,5,7],[0,3,4,7,9],[0,5,6,7,8],[0,2,4,6,8],[1,3,4,7,9],[1,3,7,8,9]]",2378.0,2500,,,members_10x10.json#84
10x10,85,rand,"[[0,2,5,6,9],[0,3,5,6,8],[0,1,4,7,9],[1,3,4,5,8],[1,5,7,8,9],[0,1,2,4,7],[0,3,6,8,9],[1,4,5,7,9],[1,2,4,5,6],[0,1,2,4,5]]",2337.0,2500,,,members_10x10.json#85
10x10,86,rand,"[[0,1,4,6,8],[1,2,6,8,9],[4,5,7,8,9],[0,2,3,6,9],[1,3,6,7,8],[0,4,6,7,9],[2,3,4,5,6],[0,5,6,8,9],[3,4,7,8,9],[1,5,6,7,8]]",2260.0,2500,,,members_10x10.json#86
10x10,87,rand,"[[2,3,4,5,6],[2,3,6,7,9],[2,3,4,6,7],[0,2,5,6,8],[0,2,7,8,9],[3,4,5,8,9],[2,3,4,6,8],[2,3,4,6,8],[1,2,3,7,9],[1,3,4,6,7]]",2367.0,2500,,,members_10x10.json#87
10x10,88,rand,"[[0,1,2,3,7],[0,3,4,5,6],[4,5,7,8,9],[1,2,4,8,9],[2,3,4,6,9],[0,1,6,8,9],[1,2,3,5,6],[1,2,6,8,9],[4,5,7,8,9],[0,1,6,8,9]]",2341.0,2500,,,members_10x10.json#88
10x10,89,rand,"[[0,1,3,6,8],[0,3,5,6,7],[0,1,6,7,9],[1,5,6,7,9],[0,4,7,8,9],[0,2,4,5,6],[1,2,4,7,8],[0,3,5,7,9],[1,2,3,4,6],[0,1,2,3,8]]",2279.0,2500,,,members_10x10.json#89
10x10,90,rand,"[[1,2,4,7,9],[1,4,5,6,9],[1,3,5,7,8],[1,3,5,6,7],[0,2,6,7,9],[1,2,6,7,8],[0,4,5,7,8],[1,4,5,6,9],[0,2,5,7,8],[0,1,2,4,8]]",2299.0,2500,,,members_10x10.json#90
10x10,91,rand,"[[0,4,6,7,8],[1,4,5,6,9],[0,1,3,4,6],[1,6,7,8,9],[2,3,4,5,9],[0,1,2,5,6],[0,3,4,7,9],[2,3,5,8,9],[0,1,2,5,6],[0,4,5,6,8]]",2284.0,2500,,,members_10x10.json#91
10x10,92,rand,"[[2,3,5,8,9],[2,3,5,6,7],[1,4,5,6,8],[2,4,6,8,9],[2,3,5,6,8],[2,6,7,8,9],[0,1,5,7,8],[1,2,4,6,9],[1,4,7,8,9],[1,4,5,7,9]]",2344.0,2500,,,members_10x10.json#92
10x10,93,rand,"[[0,2,3,7,8],[1,2,3,5,8],[2,4,6,7,9],[0,2,4,6,9],[0,2,5,6,7],[0,1,2,5,6],[0,1,2,3,9],[3,4,5,6,9],[4,5,6,8,9],[0,1,6,7,9]]",2315.0,2500,,,members_10x10.json#93
10x10,94,rand,"[[2,3,6,8,9],[2,3,4,7,9],[0,2,3,7,8],[0,2,5,7,8],[1,2,5,6,9],[0,3,4,7,8],[2,4,5,7,8],[2,3,7,8,9],[1,3,5,6,9],[1,2,3,4,5]]",2405.0,2500,,,members_10x10.json#94
10x10,95,rand,"[[1,3,4,5,7],[0,1,3,4,5],[0,1,3,6,7],[1,2,3,7,8],[0,1,4,5,7],[3,5,6,8,9],[1,3,5,6,9],[0,2,3,4,9],[0,2,3,5,8],[2,3,5,6,9]]",2343.0,2500,,,members_10x10.json#95
10x10,96,rand,"[[2,3,4,5,7],[0,1,4,5,8],[0,2,5,6,7],[0,1,2,5,6],[0,1,2,8,9],[2,3,5,6,8],[0,1,2,3,6],[0,2,4,7,9],[0,1,2,7,8],[3,5,6,7,9]]",2319.0,2500,,,members_10x10.json#96
10x10,97,rand,"[[1,3,6,7,8],[0,3,4,5,9],[0,2,4,6,8],[3,5,6,7,9],[0,2,3,4,9],[2,3,6,7,8],[0,1,2,3,4],[1,4,5,6,9],[1,3,4,6,7],[0,4,5,8,9]]",2329.0,2500,,,members_10x10.json#97
10x10,98,rand,"[[1,3,4,5,8],[2,5,6,7,9],[0,1,4,7,9],[0,1,3,7,8],[1,6,7,8,9],[1,3,7,8,9],[1,2,4,5,6],[2,3,4,5,9],[1,2,6,7,8],[2,4,6,8,9]]",2320.0,2500,,,members_10x10.json#98
10x10,99,rand,"[[1,3,4,6,7],[3,5,6,7,9],[0,1,2,6,8],[2,5,6,7,8],[0,1,5,6,9],[3,4,6,7,9],[1,3,6,8,9],[0,2,4,5,8],[3,4,7,8,9],[0,1,4,6,8]]",2318.0,2500,,,members_10x10.json#99
10x10,100,rand,"[[0,1,3,5,8],[0,1,3,4,6],[0,1,3,5,9],[1,2,3,4,8],[1,2,5,6,9],[0,2,3,5,7],[0,4,7,8,9],[0,3,4,7,9],[2,5,7,8,9],[0,1,2,3,7]]",2290.0,2500,,,members_10x10.json#100
10x10,101,rand,"[[0,1,2,4,5],[0,3,5,6,9],[1,3,6,7,8],[0,4,5,8,9],[4,5,6,8,9],[0,1,4,8,9],[0,3,4,7,9],[2,3,5,6,9],[2,4,5,7,9],[1,3,5,6,7]]",2317.0,2500,,,members_10x10.json#101
10x10,102,rand,"[[1,3,4,7,9],[1,3,5,8,9],[1,6,7,8,9],[0,3,4,5,9],[2,3,4,5,8],[0,2,3,7,8],[0,3,5,6,7],[1,2,3,5,8],[0,4,5,8,9],[1,5,6,7,8]]",2278.0,2500,,,members_10x10.json#102
10x10,103,rand,"[[0,3,6,7,8],[0,1,2,3,4],[1,2,5,6,7],[0,1,2,4,8],[0,2,5,6,8],[0,3,4,6,8],[0,2,3,4,8],[0,1,3,5,9],[1,3,4,5,8],[2,4,5,7,8]]",2292.0,2500,,,members_10x10.json#103
10x10,104,rand,"[[0,2,4,8,9],[0,2,5,6,7],[1,4,5,6,9],[1,3,6,7,9],[0,2,4,7,9],[0,1,3,4,9],[0,4,5,6,7],[0,2,3,5,6],[0,1,4,7,9],[2,3,5,6,8]]",2358.0,2500,,,members_10x10.json#104
10x10,105,rand,"[[1,4,7,8,9],[0,1,3,8,9],[1,3,4,5,6],[0,1,2,5,7],[2,3,4,6,8],[0,2,4,5,8],[1,3,5,7,8],[3,4,5,6,7],[2,3,5,6,7],[0,2,3,4,7]]",2266.0,2500,,,members_10x10.json#105
10x10,106,rand,"[[0,1,2,4,7],[0,3,5,6,7],[3,5,7,8,9],[0,2,3,5,8],[0,4,7,8,9],[0,1,2,4,9],[1,2,6,7,8],[1,3,6,7,8],[2,3,4,7,8],[0,2,3,4,6]]",2269.0,2500,,,members_10x10.json#106
10x10,107,rand,"[[1,2,5,6,7],[3,4,5,6,7],[0,2,3,5,9],[1,2,6,7,9],[0,1,4,5,6],[0,1,2,5,9],[1,2,3,5,9],[1,3,4,7,9],[1,2,4,5,8],[0,1,5,6,7]]",2320.0,2500,,,members_10x10.json#107
10x10,108,rand,"[[1,2,3,6,9],[2,3,5,6,8],[1,2,3,5,7],[0,1,4,5,6],[1,3,4,5,7],[0,1,4,8,9],[3,4,5,6,7],[1,2,4,8,9],[1,2,3,8,9],[0,4,6,8,9]]",2334.0,2500,,,members_10x10.json#108
10x10,109,rand,"[[0,2,3,4,6],[0,2,4,8,9],[0,3,4,5,8],[0,2,3,5,7],[0,3,4,7,9],[1,4,6,7,9],[1,2,6,8,9],[0,6,7,8,9],[0,3,7,8,9],[1,3,4,5,6]]",2279.0,2500,,,members_10x10.json#109
10x10,110,rand,"[[2,3,5,6,7],[0,4,5,6,8],[0,2,3,5,7],[0,4,6,7,8],[0,4,6,7,8],[2,3,5,6,8],[1,3,5,7,8],[0,3,6,8,9],[3,4,6,8,9],[0,1,3,4,6]]",2357.0,2500,,,members_10x10.json#110
10x10,111,rand,"[[0,1,2,3,8],[0,1,3,6,8],[1,3,4,7,9],[0,1,2,5,8],[3,5,6,7,9],[2,3,5,6,9],[0,2,3,7,8],[1,2,3,7,8],[2,3,4,7,8],[0,1,3,5,9]]",2346.0,2500,,,members_10x10.json#111
10x10,112,rand,"[[0,1,2,4,8],[0,2,6,8,9],[0,1,3,4,9],[0,4,7,8,9],[1,3,5,7,8],[0,1,2,5,9],[0,1,2,5,9],[0,2,3,6,8],[0,5,6,8,9],[0,1,2,3,6]]",2295.0,2500,,,members_10x10.json#112
10x10,113,rand,"[[0,1,2,3,8],[1,2,4,5,6],[2,3,7,8,9],[0,1,4,5,8],[2,3,6,8,9],[1,2,4,5,9],[0,1,4,7,9],[2,3,4,5,8],[0,2,5,6,9],[0,1,4,7,9]]",2334.0,2500,,,members_10x10.json#113
10x10,114,rand,"[[0,2,4,7,9],[1,4,5,6,7],[1,2,4,5,9],[3,4,5,7,9],[2,4,5,7,8],[0,1,2,3,5],[2,3,4,6,7],[0,5,6,7,8],[2,3,5,7,8],[0,2,6,7,8]]",2311.0,2500,,,members_10x10.json#114
10x10,115,rand,"[[2,3,5,6,9],[0,1,5,7,9],[1,2,3,8,9],[1,3,5,7,9],[2,4,6,8,9],[0,2,4,5,9],[0,2,4,7,9],[1,2,5,6,8],[0,1,2,3,9],[0,1,6,8,9]]",2326.0,2500,,,members_10x10.json#115
10x10,116,rand,"[[0,3,4,5,6],[2,4,5,6,9],[1,3,4,6,9],[0,1,3,5,9],[0,1,3,5,7],[0,1,3,4,5],[2,6,7,8,9],[1,4,5,6,8],[1,4,7,8,9],[0,1,2,3,9]]",2349.0,2500,,,members_10x10.json#116
10x10,117,rand,"[[0,1,2,5,7],[0,1,6,8,9],[0,1,2,3,5],[1,4,6,7,8],[0,2,4,5,9],[0,1,3,7,9],[1,2,4,5,7],[2,3,6,8,9],[3,5,7,8,9],[0,2,3,5,8]]",2259.0,2500,,,members_10x10.json#117
10x10,118,rand,"[[3,4,6,8,9],[3,5,6,7,8],[0,1,2,6,7],[1,4,5,6,8],[2,5,6,7,8],[0,2,6,7,9],[1,2,3,7,9],[3,4,6,7,8],[1,4,5,7,8],[2,3,5,6,7]]",2398.0,2500,,,members_10x10.json#118
10x10,119,rand,"[[0,2,6,8,9],[0,2,4,6,9],[1,4,7,8,9],[1,2,4,8,9],[0,1,3,5,9],[0,2,3,4,6],[1,5,6,8,9],[0,1,6,8,9],[0,2,4,7,9],[0,1,3,4,9]]",2367.0,2500,,,members_10x10.json#119
10x10,120,circ,"[[1,4,5,6,9],[0,2,5,6,7],[1,3,6,7,8],[2,4,7,8,9],[0,3,5,8,9],[0,1,4,6,9],[0,1,2,5,7],[1,2,3,6,8],[2,3,4,7,9],[0,3,4,5,8]]",2233.0,2500,2228.0,2233.0,members_10x10.json#120
10x10,121,circ,"[[0,1,2,5,6],[1,2,3,6,7],[2,3,4,7,8],[3,4,5,8,9],[0,4,5,6,9],[0,1,5,6,7],[1,2,6,7,8],[2,3,7,8,9],[0,3,4,8,9],[0,1,4,5,9]]",2298.0,2500,,,members_10x10.json#121
10x10,122,circ,"[[0,3,4,6,8],[1,4,5,7,9],[0,2,5,6,8],[1,3,6,7,9],[0,2,4,7,8],[1,3,5,8,9],[0,2,4,6,9],[0,1,3,5,7],[1,2,4,6,8],[2,3,5,7,9]]",2230.0,2500,,,members_10x10.json#122
10x10,123,circ,"[[0,1,4,5,7],[1,2,5,6,8],[2,3,6,7,9],[0,3,4,7,8],[1,4,5,8,9],[0,2,5,6,9],[0,1,3,6,7],[1,2,4,7,8],[2,3,5,8,9],[0,3,4,6,9]]",2185.0,2500,2165.0,2185.0,members_10x10.json#123
10x10,124,circ,"[[4,5,6,7,9],[0,5,6,7,8],[1,6,7,8,9],[0,2,7,8,9],[0,1,3,8,9],[0,1,2,4,9],[0,1,2,3,5],[1,2,3,4,6],[2,3,4,5,7],[3,4,5,6,8]]",2177.0,2500,2165.0,2177.0,members_10x10.json#124
10x10,125,circ,"[[1,2,4,6,9],[0,2,3,5,7],[1,3,4,6,8],[2,4,5,7,9],[0,3,5,6,8],[1,4,6,7,9],[0,2,5,7,8],[1,3,6,8,9],[0,2,4,7,9],[0,1,3,5,8]]",2300.0,2500,,,members_10x10.json#125
10x10,126,circ,"[[0,1,2,6,8],[1,2,3,7,9],[0,2,3,4,8],[1,3,4,5,9],[0,2,4,5,6],[1,3,5,6,7],[2,4,6,7,8],[3,5,7,8,9],[0,4,6,8,9],[0,1,5,7,9]]",2240.0,2500,,,members_10x10.json#126
10x10,127,circ,"[[0,2,6,7,9],[0,1,3,7,8],[1,2,4,8,9],[0,2,3,5,9],[0,1,3,4,6],[1,2,4,5,7],[2,3,5,6,8],[3,4,6,7,9],[0,4,5,7,8],[1,5,6,8,9]]",2118.0,2500,2100.0,2118.0,members_10x10.json#127
10x10,128,circ,"[[1,3,4,6,8],[2,4,5,7,9],[0,3,5,6,8],[1,4,6,7,9],[0,2,5,7,8],[1,3,6,8,9],[0,2,4,7,9],[0,1,3,5,8],[1,2,4,6,9],[0,2,3,5,7]]",2298.0,2500,,,members_10x10.json#128
10x10,129,circ,"[[2,3,6,8,9],[0,3,4,7,9],[0,1,4,5,8],[1,2,5,6,9],[0,2,3,6,7],[1,3,4,7,8],[2,4,5,8,9],[0,3,5,6,9],[0,1,4,6,7],[1,2,5,7,8]]",2185.0,2500,2166.0,2185.0,members_10x10.json#129
10x10,130,circ,"[[0,3,5,7,8],[1,4,6,8,9],[0,2,5,7,9],[0,1,3,6,8],[1,2,4,7,9],[0,2,3,5,8],[1,3,4,6,9],[0,2,4,5,7],[1,3,5,6,8],[2,4,6,7,9]]",2293.0,2500,,,members_10x10.json#130
10x10,131,circ,"[[2,3,6,7,9],[0,3,4,7,8],[1,4,5,8,9],[0,2,5,6,9],[0,1,3,6,7],[1,2,4,7,8],[2,3,5,8,9],[0,3,4,6,9],[0,1,4,5,7],[1,2,5,6,8]]",2184.0,2500,2164.0,2184.0,members_10x10.json#131
10x10,132,circ,"[[0,3,6,7,9],[0,1,4,7,8],[1,2,5,8,9],[0,2,3,6,9],[0,1,3,4,7],[1,2,4,5,8],[2,3,5,6,9],[0,3,4,6,7],[1,4,5,7,8],[2,5,6,8,9]]",2299.0,2500,,,members_10x10.json#132
10x10,133,circ,"[[2,3,5,7,8],[3,4,6,8,9],[0,4,5,7,9],[0,1,5,6,8],[1,2,6,7,9],[0,2,3,7,8],[1,3,4,8,9],[0,2,4,5,9],[0,1,3,5,6],[1,2,4,6,7]]",2232.0,2500,2229.0,2232.0,members_10x10.json#133
10x10,134,circ,"[[0,1,4,7,9],[0,1,2,5,8],[1,2,3,6,9],[0,2,3,4,7],[1,3,4,5,8],[2,4,5,6,9],[0,3,5,6,7],[1,4,6,7,8],[2,5,7,8,9],[0,3,6,8,9]]",2125.0,2500,2100.0,2125.0,members_10x10.json#134
10x10,135,circ,"[[0,1,3,7,9],[0,1,2,4,8],[1,2,3,5,9],[0,2,3,4,6],[1,3,4,5,7],[2,4,5,6,8],[3,5,6,7,9],[0,4,6,7,8],[1,5,7,8,9],[0,2,6,8,9]]",2246.0,2500,,,members_10x10.json#135
10x10,136,circ,"[[0,2,4,7,9],[0,1,3,5,8],[1,2,4,6,9],[0,2,3,5,7],[1,3,4,6,8],[2,4,5,7,9],[0,3,5,6,8],[1,4,6,7,9],[0,2,5,7,8],[1,3,6,8,9]]",2288.0,2500,,,members_10x10.json#136
10x10,137,circ,"[[0,1,2,5,6],[1,2,3,6,7],[2,3,4,7,8],[3,4,5,8,9],[0,4,5,6,9],[0,1,5,6,7],[1,2,6,7,8],[2,3,7,8,9],[0,3,4,8,9],[0,1,4,5,9]]",2311.0,2500,,,members_10x10.json#137
10x10,138,circ,"[[1,2,3,4,7],[2,3,4,5,8],[3,4,5,6,9],[0,4,5,6,7],[1,5,6,7,8],[2,6,7,8,9],[0,3,7,8,9],[0,1,4,8,9],[0,1,2,5,9],[0,1,2,3,6]]",2115.0,2500,2106.0,2115.0,members_10x10.json#138
10x10,139,circ,"[[0,3,6,7,9],[0,1,4,7,8],[1,2,5,8,9],[0,2,3,6,9],[0,1,3,4,7],[1,2,4,5,8],[2,3,5,6,9],[0,3,4,6,7],[1,4,5,7,8],[2,5,6,8,9]]",2300.0,2500,,,members_10x10.json#139
10x10,140,flat,"[[1,2,7,8,9],[0,2,3,7,9],[2,3,4,8,9],[0,2,4,7,9],[1,2,6,7,9],[0,2,3,7,8],[1,2,3,6,7],[0,1,2,6,7],[0,2,4,7,8],[1,2,4,6,7]]",2419.0,2500,,,members_10x10.json#140
10x10,141,flat,"[[0,4,5,8,9],[3,4,6,7,9],[2,4,6,7,9],[0,2,4,5,7],[0,4,6,8,9],[0,3,4,8,9],[4,5,6,7,9],[2,3,4,7,8],[0,2,4,7,8],[0,2,3,4,6]]",2362.0,2500,,,members_10x10.json#141
10x10,142,flat,"[[0,5,6,7,9],[0,1,7,8,9],[0,3,5,8,9],[0,3,6,7,9],[0,1,6,8,9],[0,1,3,7,9],[0,3,4,8,9],[1,3,5,8,9],[1,3,6,8,9],[3,5,6,8,9]]",2418.0,2500,,,members_10x10.json#142
10x10,143,flat,"[[0,1,3,6,7],[1,3,4,6,8],[0,1,3,6,7],[0,1,3,7,8],[1,2,3,4,8],[1,3,4,6,7],[0,1,3,6,8],[1,3,4,7,8],[1,2,3,7,8],[0,1,3,6,8]]",2479.0,2500,,,members_10x10.json#143
10x10,144,flat,"[[0,2,4,5,7],[0,2,4,6,7],[0,4,5,7,8],[0,4,6,8,9],[0,2,4,6,8],[0,2,4,6,9],[0,2,4,6,9],[0,4,7,8,9],[0,4,5,6,7],[0,2,4,7,9]]",2456.0,2500,,,members_10x10.json#144
10x10,145,flat,"[[0,2,3,4,8],[0,2,4,8,9],[0,4,6,8,9],[0,1,4,6,8],[0,2,3,4,8],[0,1,3,4,8],[2,4,6,8,9],[1,4,6,8,9],[1,2,4,8,9],[0,3,4,6,8]]",2469.0,2500,,,members_10x10.json#145
10x10,146,flat,"[[0,3,4,6,8],[0,3,6,7,8],[0,1,3,7,9],[0,3,4,7,9],[0,1,3,6,8],[0,1,3,6,9],[0,1,3,4,6],[0,1,3,4,7],[0,1,3,4,8],[0,1,3,6,9]]",2454.0,2500,,,members_10x10.json#146
10x10,147,flat,"[[2,3,5,8,9],[0,1,2,5,8],[0,1,5,7,8],[0,1,3,5,8],[0,1,5,8,9],[0,1,5,7,8],[0,1,3,8,9],[0,6,7,8,9],[1,5,6,8,9],[0,2,3,7,8]]",2420.0,2500,,,members_10x10.json#147
10x10,148,flat,"[[0,6,7,8,9],[1,3,4,6,8],[1,4,6,7,8],[3,4,6,8,9],[0,6,7,8,9],[0,3,4,6,8],[0,6,7,8,9],[1,4,6,7,8],[1,3,6,8,9],[0,1,3,6,8]]",2461.0,2500,,,members_10x10.json#148
10x10,149,flat,"[[1,3,6,7,9],[1,3,6,7,9],[4,5,6,8,9],[0,1,3,5,9],[0,5,6,8,9],[0,1,3,7,9],[1,5,6,8,9],[0,1,3,7,9],[0,3,4,7,9],[1,4,6,8,9]]",2456.0,2500,,,members_10x10.json#149
10x10,150,flat,"[[1,2,3,4,5],[0,3,4,5,8],[0,2,3,4,9],[0,2,3,4,5],[2,3,4,5,8],[1,2,3,4,8],[0,3,4,8,9],[1,2,3,4,9],[0,1,3,4,5],[3,4,5,8,9]]",2430.0,2500,,,members_10x10.json#150
10x10,151,flat,"[[4,6,7,8,9],[1,2,4,6,8],[1,4,6,7,8],[1,2,4,6,9],[2,4,6,7,8],[1,2,4,6,8],[0,1,4,6,9],[0,1,4,6,9],[0,4,6,8,9],[0,1,4,6,8]]",2473.0,2500,,,members_10x10.json#151
10x10,152,flat,"[[0,1,3,5,7],[1,3,4,5,7],[0,1,3,7,8],[0,1,4,5,7],[1,3,6,7,9],[1,3,5,6,7],[1,3,4,7,9],[0,1,3,7,9],[1,3,4,5,8],[1,3,4,6,8]]",2424.0,2500,,,members_10x10.json#152
10x10,153,flat,"[[1,4,5,6,8],[0,1,2,6,9],[1,2,4,6,9],[1,2,4,6,9],[0,1,2,4,6],[0,1,2,5,9],[0,1,5,8,9],[1,2,3,8,9],[0,1,4,5,6],[1,4,5,6,8]]",2465.0,2500,,,members_10x10.json#153
10x10,154,flat,"[[1,6,7,8,9],[2,4,6,8,9],[1,2,6,7,9],[1,2,5,6,9],[4,5,6,8,9],[2,4,6,8,9],[2,3,5,7,9],[3,5,6,7,9],[1,3,5,8,9],[1,2,3,4,9]]",2374.0,2500,,,members_10x10.json#154
10x10,155,flat,"[[2,3,4,6,7],[1,3,4,6,8],[2,4,6,7,8],[1,2,4,5,6],[1,2,3,4,6],[1,4,5,6,8],[2,4,5,6,7],[3,4,6,7,8],[1,2,4,5,6],[1,3,4,5,6]]",2454.0,2500,,,members_10x10.json#155
10x10,156,flat,"[[3,5,6,7,9],[1,2,3,5,6],[3,5,6,7,8],[1,2,5,6,9],[2,5,6,7,9],[1,2,5,6,7],[1,5,6,8,9],[1,5,6,7,8],[1,5,6,7,9],[2,5,6,7,8]]",2444.0,2500,,,members_10x10.json#156
10x10,157,flat,"[[3,5,6,7,9],[0,4,5,7,9],[4,5,7,8,9],[0,3,4,5,6],[1,4,5,8,9],[3,4,5,8,9],[4,5,6,7,9],[3,4,5,6,8],[0,1,4,5,6],[1,3,5,7,9]]",2406.0,2500,,,members_10x10.json#157
10x10,158,flat,"[[0,2,4,5,6],[0,4,7,8,9],[0,2,4,6,7],[0,2,4,7,9],[0,1,4,7,9],[4,6,7,8,9],[1,4,5,8,9],[0,4,5,6,9],[1,2,4,8,9],[0,2,4,6,9]]",2427.0,2500,,,members_10x10.json#158
10x10,159,flat,"[[1,4,7,8,9],[2,5,6,7,9],[2,5,6,7,9],[1,2,7,8,9],[2,4,6,7,9],[1,2,4,7,9],[2,4,6,7,9],[1,4,5,7,9],[1,5,6,7,9],[1,2,4,7,9]]",2482.0,2500,,,members_10x10.json#159
13x13,0,rand,"[[1,3,7,10,11,12],[0,1,4,6,7,10],[2,4,5,7,10,11],[0,3,4,9,10,12],[1,7,8,9,10,11],[0,3,4,7,9,12],[3,5,6,7,11,12],[0,5,6,7,10,11],[0,1,5,7,8,11],[3,4,8,9,11,12],[2,3,4,7,9,11],[0,3,8,9,11,12],[1,2,5,9,10,12]]",6361.0,7098,,,members_13x13.json#0
13x13,1,rand,"[[0,1,6,7,10,12],[2,4,6,7,8,11],[2,6,8,9,10,12],[0,5,8,9,11,12],[0,5,6,7,10,12],[0,5,6,7,8,9],[0,1,5,6,10,12],[2,4,8,10,11,12],[3,6,7,8,9,11],[2,5,7,8,9,11],[0,1,4,5,11,12],[2,4,5,7,11,12],[2,5,6,7,10,11]]",6498.0,7098,,,members_13x13.json#1
13x13,2,rand,"[[1,4,9,10,11,12],[0,2,4,5,6,10],[0,3,6,7,8,12],[0,1,3,6,8,11],[0,3,6,7,8,11],[1,7,8,9,10,11],[1,5,6,8,9,10],[0,1,3,8,9,11],[4,7,8,9,10,11],[4,5,7,10,11,12],[1,2,3,8,11,12],[0,1,2,4,10,12],[1,2,3,4,6,11]]",6384.0,7098,,,members_13x13.json#2
13x13,3,rand,"[[0,3,4,10,11,12],[1,2,4,8,9,12],[4,5,6,8,10,11],[1,3,6,7,10,11],[0,4,5,9,11,12],[0,1,3,4,5,10],[4,6,9,10,11,12],[0,3,4,5,8,12],[0,1,2,4,9,12],[2,3,5,6,7,9],[2,4,5,6,7,11],[2,5,6,8,9,12],[0,4,5,6,8,11]]",6349.0,7098,,,members_13x13.json#3
13x13,4,rand,"[[0,2,4,6,8,10],[0,1,2,8,10,11],[0,5,6,7,8,9],[1,3,4,7,8,10],[1,3,5,6,9,10],[1,2,5,9,10,12],[1,2,3,6,8,10],[0,2,3,5,6,9],[3,5,7,9,11,12],[0,2,4,5,9,11],[1,3,4,6,8,12],[1,5,7,8,9,11],[4,6,7,8,9,11]]",6268.0,7098,,,members_13x13.json#4
13x13,5,rand,"[[1,3,4,5,8,12],[2,5,7,8,9,11],[1,2,3,6,10,11],[1,2,4,6,7,12],[0,6,8,10,11,12],[0,5,6,7,9,11],[1,4,5,6,7,12],[0,2,3,5,6,8],[3,4,6,7,9,10],[3,5,6,8,10,11],[2,3,6,7,9,10],[2,4,9,10,11,12],[0,1,4,10,11,12]]",6219.0,7098,,,members_13x13.json#5
13x13,6,rand,"[[0,4,7,9,10,11],[0,1,3,5,9,11],[1,4,8,9,10,12],[0,2,5,6,7,8],[1,2,8,9,10,11],[1,4,5,6,7,12],[1,2,4,7,8,9],[0,1,5,7,8,11],[5,6,7,8,10,11],[0,2,6,10,11,12],[3,5,7,9,10,12],[4,5,6,7,9,12],[0,4,5,7,11,12]]",6187.0,7098,,,members_13x13.json#6
13x13,7,rand,"[[0,2,3,6,10,11],[0,1,7,9,10,12],[4,6,8,9,10,11],[2,4,6,7,10,11],[0,1,5,6,8,10],[2,3,4,6,8,11],[0,3,4,5,7,8],[1,5,6,7,8,11],[0,3,4,6,9,10],[0,4,6,7,8,11],[1,2,3,8,10,12],[1,2,3,5,10,11],[1,4,5,8,9,12]]",6214.0,7098,,,members_13x13.json#7
13x13,8,rand,"[[0,1,2,5,7,12],[2,4,5,6,8,11],[0,1,6,7,8,11],[1,2,4,7,9,10],[0,3,4,6,8,12],[3,5,7,8,9,11],[0,2,5,7,8,9],[0,1,2,3,6,12],[0,2,3,9,11,12],[0,2,6,8,9,11],[1,2,5,6,10,12],[2,5,7,9,10,11],[0,4,5,6,9,11]]",6286.0,7098,,,members_13x13.json#8
13x13,9,rand,"[[1,4,6,8,10,12],[0,1,2,6,10,12],[0,4,6,8,9,11],[0,1,2,4,5,12],[2,3,4,7,8,11],[4,6,7,8,11,12],[1,2,5,6,7,8],[1,4,5,6,7,10],[0,1,2,6,10,12],[1,2,6,8,10,11],[0,1,4,7,9,11],[3,4,6,8,11,12],[2,3,4,8,9,10]]",6409.0,7098,,,members_13x13.json#9
13x13,10,rand,"[[0,2,4,5,10,11],[1,3,5,6,8,9],[0,3,5,9,11,12],[2,5,6,8,10,11],[0,1,2,3,7,11],[0,2,7,8,9,12],[5,7,9,10,11,12],[2,3,4,9,10,12],[0,2,7,8,9,12],[4,5,9,10,11,12],[2,7,8,9,10,11],[1,2,6,7,9,10],[1,2,3,5,7,11]]",6270.0,7098,,,members_13x13.json#10
13x13,11,rand,"[[0,3,5,6,9,10],[1,3,4,8,9,10],[3,5,6,7,9,11],[2,3,4,6,9,10],[1,2,3,5,9,11],[1,3,6,7,8,9],[0,1,6,7,10,12],[1,3,8,10,11,12],[2,4,5,6,9,10],[2,4,5,6,7,8],[3,5,7,10,11,12],[0,2,3,5,10,11],[0,2,4,5,9,12]]",6315.0,7098,,,members_13x13.json#11
13x13,12,rand,"[[2,4,6,8,10,11],[2,6,8,9,10,11],[0,2,3,4,8,11],[4,6,7,8,9,10],[0,3,5,7,9,11],[0,1,3,5,6,11],[0,3,4,5,7,9],[2,3,4,10,11,12],[0,1,4,9,10,11],[0,2,3,5,8,12],[1,2,3,4,8,10],[0,1,2,7,8,9],[1,4,5,9,10,12]]",6302.0,7098,,,members_13x13.json#12
13x13,13,rand,"[[0,1,2,8,9,12],[1,3,9,10,11,12],[1,4,6,7,8,12],[0,2,5,6,9,11],[0,1,4,8,11,12],[1,3,5,6,11,12],[2,3,5,6,7,8],[1,5,6,8,10,11],[0,2,3,4,6,9],[0,1,3,6,8,12],[1,3,5,6,7,11],[1,4,6,9,10,12],[1,2,7,9,10,12]]",6294.0,7098,,,members_13x13.json#13
13x13,14,rand,"[[0,1,3,6,9,12],[4,5,6,9,11,12],[0,2,8,9,11,12],[0,1,3,6,10,12],[1,2,6,8,9,11],[1,2,4,7,10,11],[2,3,5,7,11,12],[6,7,8,9,11,12],[2,3,4,7,8,12],[0,1,3,5,8,11],[2,3,6,7,9,11],[0,1,2,3,5,9],[0,3,5,6,7,8]]",6198.0,7098,,,members_13x13.json#14
13x13,15,rand,"[[1,3,4,7,8,10],[5,6,7,9,11,12],[0,3,6,7,9,12],[0,1,9,10,11,12],[2,5,6,8,10,12],[2,4,6,8,9,11],[0,2,3,5,9,11],[0,1,2,4,6,10],[1,3,7,9,11,12],[1,3,8,9,11,12],[0,3,7,9,11,12],[1,3,4,8,9,12],[0,1,5,7,8,10]]",6292.0,7098,,,members_13x13.json#15
13x13,16,rand,"[[0,8,9,10,11,12],[2,3,4,5,7,11],[2,4,5,6,7,10],[0,3,7,8,11,12],[0,2,6,8,10,11],[1,2,4,7,8,9],[2,3,7,9,11,12],[2,3,4,9,10,12],[0,2,4,5,7,11],[2,4,6,7,10,12],[0,2,5,7,8,9],[1,3,4,5,9,12],[0,1,7,9,10,12]]",6281.0,7098,,,members_13x13.json#16
13x13,17,rand,"[[4,5,6,7,10,11],[3,4,6,9,10,11],[0,1,3,6,7,8],[2,4,5,6,7,8],[0,3,5,6,7,8],[2,4,8,9,10,12],[2,3,5,6,8,11],[2,3,4,5,9,11],[3,5,6,9,10,11],[1,4,7,8,10,11],[2,3,6,7,10,11],[1,3,5,6,10,12],[0,4,5,6,7,9]]",6419.0,7098,,,members_13x13.json#17
13x13,18,rand,"[[4,7,8,9,10,12],[0,1,2,3,4,9],[3,5,6,7,8,10],[0,5,7,8,10,12],[0,4,5,9,11,12],[0,3,5,7,8,10],[3,4,5,6,8,11],[1,5,7,8,11,12],[0,1,2,3,9,10],[1,2,3,4,6,8],[0,2,3,4,10,12],[0,4,7,8,10,12],[0,2,4,9,10,12]]",6476.0,7098,,,members_13x13.json#18
13x13,19,rand,"[[5,7,8,9,10,11],[0,2,4,5,6,12],[0,2,5,8,10,12],[0,5,6,9,10,11],[0,3,5,8,9,12],[1,2,6,7,10,12],[0,3,7,8,9,12],[1,2,3,5,6,11],[0,2,5,6,7,12],[2,3,5,6,8,9],[0,4,6,9,10,11],[1,4,6,7,8,11],[0,4,5,6,9,11]]",6356.0,7098,,,members_13x13.json#19
13x13,20,rand,"[[3,5,7,9,10,12],[0,7,8,9,10,12],[1,5,8,9,11,12],[0,6,7,8,10,11],[2,5,6,8,10,11],[1,2,3,4,11,12],[0,2,7,8,9,10],[1,3,4,6,8,12],[0,1,3,7,8,10],[2,3,7,8,10,12],[2,3,5,7,9,10],[2,3,8,10,11,12],[2,6,9,10,11,12]]",6511.0,7098,,,members_13x13.json#20
13x13,21,rand,"[[0,2,3,7,9,12],[0,2,3,10,11,12],[1,7,8,9,10,11],[1,3,4,9,10,11],[0,4,7,9,10,11],[0,3,4,7,9,11],[5,6,7,8,9,12],[0,3,5,7,9,10],[0,1,2,6,9,12],[0,1,4,8,11,12],[1,3,4,5,9,11],[0,1,2,5,10,11],[1,6,9,10,11,12]]",6249.0,7098,,,members_13x13.json#21
13x13,22,rand,"[[0,1,4,5,9,10],[0,1,5,7,8,9],[0,6,8,9,11,12],[1,5,6,7,10,11],[1,4,5,6,8,10],[1,6,7,8,10,11],[0,5,7,8,10,11],[0,2,9,10,11,12],[0,1,3,5,8,12],[2,3,6,8,11,12],[0,6,7,10,11,12],[5,7,8,9,10,12],[1,2,6,7,8,10]]",6424.0,7098,,,members_13x13.json#22
13x13,23,rand,"[[0,4,8,9,10,12],[1,3,6,7,9,10],[1,4,5,7,8,10],[1,2,4,5,10,11],[3,5,6,8,9,11],[0,2,5,7,11,12],[1,3,6,8,9,10],[1,2,4,6,8,12],[0,2,3,4,6,8],[1,3,6,7,9,11],[0,2,4,5,7,8],[0,6,7,8,10,12],[2,5,6,9,10,11]]",6273.0,7098,,,members_13x13.json#23
13x13,24,rand,"[[0,1,2,4,5,12],[1,5,8,10,11,12],[2,3,5,7,9,10],[0,2,3,4,8,11],[0,3,5,7,8,12],[1,4,5,9,11,12],[1,2,3,5,10,12],[1,2,5,6,7,8],[0,3,5,7,10,12],[1,4,7,8,9,11],[0,1,3,5,9,12],[1,4,5,8,11,12],[1,4,5,6,8,11]]",6499.0,7098,,,members_13x13.json#24
13x13,25,rand,"[[0,2,7,8,10,12],[2,3,4,6,10,12],[1,5,7,9,11,12],[4,6,9,10,11,12],[1,4,8,9,10,12],[0,1,2,3,5,9],[1,2,3,10,11,12],[2,3,4,6,7,11],[2,5,7,9,10,12],[0,3,5,6,8,9],[1,2,5,7,9,11],[1,3,6,7,8,11],[1,2,3,5,6,8]]",6228.0,7098,,,members_13x13.json#25
13x13,26,rand,"[[1,2,4,8,10,11],[1,4,5,8,9,12],[1,2,3,4,9,11],[0,2,8,9,11,12],[2,4,7,8,10,11],[1,2,3,6,8,11],[2,3,5,6,8,11],[0,6,7,10,11,12],[2,3,4,6,8,10],[1,3,4,5,9,12],[2,3,4,5,9,10],[0,3,4,5,8,12],[4,5,6,8,9,12]]",6447.0,7098,,,members_13x13.json#26
13x13,27,rand,"[[5,6,7,9,11,12],[0,5,6,7,9,12],[0,1,2,5,7,10],[1,3,6,7,10,12],[0,1,2,4,8,11],[3,4,8,9,10,12],[0,1,4,6,7,11],[1,3,4,5,8,12],[1,2,6,8,9,10],[1,2,6,9,10,12],[1,2,3,6,10,11],[2,7,8,9,11,12],[0,2,4,5,8,10]]",6141.0,7098,,,members_13x13.json#27
13x13,28,rand,"[[4,6,7,8,9,10],[0,2,6,8,11,12],[1,5,7,8,10,11],[1,2,3,5,9,12],[0,3,5,7,8,12],[1,2,3,5,7,11],[1,2,3,5,9,10],[0,1,3,6,8,9],[0,3,5,6,7,9],[0,5,7,8,9,11],[2,3,5,7,10,12],[3,5,6,9,10,11],[3,4,7,8,9,12]]",6276.0,7098,,,members_13x13.json#28
13x13,29,rand,"[[0,6,8,9,11,12],[0,1,3,5,7,12],[1,2,3,7,8,11],[1,2,4,8,9,12],[0,2,7,9,11,12],[1,2,3,4,10,11],[1,2,3,4,5,8],[1,2,3,4,8,12],[1,3,4,5,8,12],[1,3,4,5,8,10],[0,7,8,9,11,12],[1,7,9,10,11,12],[0,1,2,4,6,10]]",6613.0,7098,,,members_13x13.json#29
13x13,30,rand,"[[1,3,6,9,11,12],[0,4,6,8,10,11],[0,7,8,9,10,12],[1,2,4,7,10,12],[0,4,5,8,11,12],[1,2,3,6,8,10],[0,3,4,6,10,11],[0,1,3,9,11,12],[0,1,5,6,8,10],[1,7,8,9,10,11],[0,2,6,8,9,11],[0,6,8,9,10,11],[0,2,3,4,5,12]]",6263.0,7098,,,members_13x13.json#30
13x13,31,rand,"[[1,2,3,4,7,10],[3,4,7,8,9,11],[2,3,7,8,9,12],[1,2,3,4,8,11],[1,5,7,9,10,11],[2,6,7,10,11,12],[0,4,5,6,11,12],[3,4,8,9,11,12],[2,5,9,10,11,12],[3,5,7,8,11,12],[0,1,5,6,8,9],[1,2,4,5,6,8],[1,2,6,9,10,12]]",6190.0,7098,,,members_13x13.json#31
13x13,32,rand,"[[2,3,5,6,9,10],[3,4,9,10,11,12],[2,3,5,6,9,10],[1,2,7,8,9,10],[3,4,5,7,8,12],[2,3,6,7,8,12],[4,6,7,8,10,12],[1,3,6,7,9,11],[0,4,5,8,11,12],[2,3,6,7,9,11],[4,7,8,10,11,12],[0,1,3,6,7,11],[2,5,6,7,8,11]]",6471.0,7098,,,members_13x13.json#32
13x13,33,rand,"[[0,3,4,9,11,12],[3,4,6,7,10,12],[0,2,3,4,5,6],[4,8,9,10,11,12],[0,2,3,7,11,12],[0,2,3,9,11,12],[2,5,7,8,9,11],[1,2,3,7,11,12],[0,4,5,6,10,11],[0,3,4,6,8,12],[0,3,4,6,9,10],[2,3,5,10,11,12],[0,1,3,5,10,11]]",6481.0,7098,,,members_13x13.json#33
13x13,34,rand,"[[1,7,9,10,11,12],[1,3,4,5,9,10],[0,1,3,8,10,12],[4,5,7,10,11,12],[4,5,6,7,8,12],[0,2,5,9,10,12],[1,4,6,8,10,12],[0,3,4,6,7,8],[1,4,8,9,11,12],[0,1,2,4,8,11],[2,5,6,9,11,12],[0,3,4,5,9,11],[1,2,3,5,7,9]]",6195.0,7098,,,members_13x13.json#34
13x13,35,rand,"[[5,7,8,9,11,12],[3,4,6,7,10,12],[2,5,6,9,11,12],[0,1,2,5,6,8],[0,1,2,3,6,10],[1,2,3,6,9,11],[0,2,4,6,9,12],[0,1,3,4,9,10],[0,1,8,10,11,12],[0,1,5,7,10,11],[0,3,5,8,10,11],[0,3,6,7,8,10],[3,5,6,7,9,10]]",6219.0,7098,,,members_13x13.json#35
13x13,36,rand,"[[1,2,5,6,10,11],[1,2,3,4,6,7],[2,3,4,7,11,12],[1,3,4,6,8,11],[0,3,4,5,7,9],[1,3,4,6,9,10],[2,3,5,8,9,11],[0,3,6,8,9,10],[0,2,4,5,6,11],[0,2,3,5,7,10],[1,2,3,5,7,11],[1,2,4,8,9,11],[0,3,5,7,9,12]]",6313.0,7098,,,members_13x13.json#36
13x13,37,rand,"[[0,2,4,8,10,11],[2,3,4,6,7,11],[0,2,4,7,9,10],[4,5,7,8,10,12],[1,4,7,8,9,10],[0,1,4,5,7,11],[0,2,5,6,9,12],[0,1,2,3,10,12],[0,2,7,8,9,12],[0,1,4,7,8,12],[2,4,5,8,9,10],[0,5,7,8,10,12],[3,4,5,7,8,9]]",6361.0,7098,,,members_13x13.json#37
13x13,38,rand,"[[0,1,4,9,10,11],[0,2,7,8,10,12],[0,1,2,3,5,7],[2,4,7,8,11,12],[0,3,5,8,11,12],[0,1,2,3,4,5],[0,1,3,4,8,10],[3,5,7,9,10,12],[0,1,2,7,9,10],[0,3,6,8,9,12],[2,4,5,7,10,12],[2,4,5,10,11,12],[0,2,4,5,7,9]]",6327.0,7098,,,members_13x13.json#38
13x13,39,rand,"[[0,1,2,4,10,12],[6,7,8,10,11,12],[3,5,6,7,9,12],[0,4,7,8,10,11],[0,1,2,5,7,10],[2,3,6,10,11,12],[0,2,3,4,8,11],[5,7,9,10,11,12],[5,6,9,10,11,12],[2,3,8,9,10,12],[0,2,4,5,7,9],[0,1,5,6,7,8],[0,4,5,6,9,12]]",6173.0,7098,,,members_13x13.json#39
13x13,40,rand,"[[0,1,2,5,6,7],[0,2,4,5,6,12],[1,3,5,6,10,11],[2,3,4,7,11,12],[0,1,4,6,8,12],[0,1,3,5,7,9],[0,1,2,8,9,12],[4,6,8,9,11,12],[0,2,3,4,8,9],[0,2,3,4,8,9],[0,4,5,8,9,12],[1,2,5,6,9,10],[0,2,5,6,9,10]]",6428.0,7098,,,members_13x13.json#40
13x13,41,rand,"[[0,1,6,7,9,10],[0,1,3,6,9,11],[0,1,2,5,7,9],[1,3,5,6,7,12],[0,4,6,9,11,12],[1,5,6,7,8,11],[2,5,6,7,8,10],[0,1,4,6,7,12],[1,3,4,7,9,12],[0,6,8,9,10,11],[1,3,4,6,7,11],[3,6,7,8,11,12],[0,3,5,6,9,12]]",6467.0,7098,,,members_13x13.json#41
13x13,42,rand,"[[1,2,4,6,10,12],[2,5,7,8,9,11],[1,2,4,5,8,10],[0,1,3,4,8,12],[0,2,4,5,8,11],[0,4,6,7,9,12],[0,3,4,7,8,12],[2,3,6,7,8,11],[2,4,7,8,10,12],[1,5,6,8,9,10],[0,3,4,5,6,12],[0,1,3,8,11,12],[2,3,4,7,8,11]]",6362.0,7098,,,members_13x13.json#42
13x13,43,rand,"[[5,7,8,9,10,12],[1,2,7,9,11,12],[0,4,6,7,10,11],[1,2,6,7,8,10],[2,4,5,6,10,11],[2,4,6,7,9,11],[0,2,4,8,10,11],[3,6,7,10,11,12],[3,4,7,9,10,12],[1,2,3,4,7,9],[1,2,3,4,8,11],[4,8,9,10,11,12],[1,3,4,9,10,12]]",6307.0,7098,,,members_13x13.json#43
13x13,44,rand,"[[1,5,9,10,11,12],[0,2,3,4,8,12],[1,4,5,6,10,12],[1,2,4,5,10,11],[2,6,7,9,10,12],[1,3,5,9,10,12],[2,3,4,7,9,10],[2,4,5,7,9,11],[0,1,3,4,5,11],[1,2,4,8,9,11],[0,2,6,7,8,12],[0,3,4,5,9,10],[3,4,5,6,7,11]]",6281.0,7098,,,members_13x13.json#44
13x13,45,rand,"[[1,3,4,6,9,11],[1,3,4,6,7,11],[0,1,3,4,9,11],[0,3,4,7,9,12],[1,3,4,5,6,12],[1,6,7,9,11,12],[3,5,6,8,9,12],[0,1,2,3,6,8],[5,6,7,8,9,10],[1,3,6,7,9,12],[1,2,4,6,11,12],[1,4,5,6,7,8],[0,1,4,9,11,12]]",6657.0,7098,,,members_13x13.json#45
13x13,46,rand,"[[3,6,7,9,10,11],[0,5,7,10,11,12],[0,3,5,6,9,12],[0,1,2,9,10,12],[1,4,5,6,8,10],[1,4,9,10,11,12],[0,1,4,7,9,11],[3,4,8,9,11,12],[1,2,4,7,9,10],[1,4,5,7,9,12],[0,3,7,9,11,12],[0,6,8,9,10,12],[1,2,5,7,10,12]]",6355.0,7098,,,members_13x13.json#46
13x13,47,rand,"[[1,4,6,7,10,11],[0,1,6,10,11,12],[0,1,6,7,9,10],[0,1,2,6,7,9],[1,2,4,6,8,12],[0,2,6,7,9,12],[1,6,7,8,9,10],[2,4,5,8,9,12],[0,1,2,3,5,8],[1,5,7,8,10,11],[0,1,2,7,10,11],[0,2,5,9,11,12],[0,1,2,3,4,11]]",6452.0,7098,,,members_13x13.json#47
13x13,48,rand,"[[1,3,5,6,11,12],[1,3,5,8,9,10],[1,2,7,8,9,12],[0,1,7,8,9,11],[0,5,7,8,9,11],[1,4,5,6,7,9],[2,5,7,9,11,12],[1,2,7,9,11,12],[1,4,6,7,9,12],[0,4,6,7,9,10],[0,1,4,5,8,11],[0,1,2,6,9,12],[1,7,8,9,11,12]]",6482.0,7098,,,members_13x13.json#48
13x13,49,rand,"[[2,5,6,9,10,11],[0,4,6,8,10,12],[1,4,6,9,11,12],[1,4,5,7,10,12],[0,2,3,4,5,6],[2,3,5,6,9,10],[0,5,6,7,11,12],[3,5,8,9,10,11],[2,5,6,8,10,11],[0,2,4,7,8,11],[0,1,6,9,10,12],[1,2,4,6,8,12],[1,4,5,7,8,12]]",6323.0,7098,,,members_13x13.json#49
13x13,50,rand,"[[1,3,5,8,11,12],[0,1,2,5,8,10],[1,3,4,7,10,11],[0,3,6,7,10,11],[0,1,4,6,11,12],[0,3,4,6,8,11],[3,6,7,9,10,12],[0,2,5,7,8,11],[0,1,8,9,10,11],[0,4,5,6,8,9],[0,1,2,3,6,7],[0,7,9,10,11,12],[0,1,2,5,7,10]]",6182.0,7098,,,members_13x13.json#50
13x13,51,rand,"[[1,3,4,6,9,12],[2,6,7,9,11,12],[0,2,3,4,7,11],[3,4,6,7,9,12],[4,7,8,9,10,12],[0,6,8,10,11,12],[0,3,5,6,10,11],[1,2,4,5,7,12],[1,2,3,7,8,12],[0,3,5,8,9,11],[5,6,8,9,10,12],[0,1,2,3,4,8],[0,1,3,6,7,11]]",6223.0,7098,,,members_13x13.json#51
13x13,52,rand,"[[1,4,5,6,8,12],[1,3,5,7,9,10],[2,3,4,7,8,10],[0,2,3,5,8,12],[2,3,4,5,9,10],[0,1,4,5,9,10],[3,6,9,10,11,12],[0,5,8,9,11,12],[1,2,6,7,8,9],[2,4,5,9,10,12],[1,2,7,8,11,12],[0,3,4,5,6,12],[0,2,3,5,6,7]]",6125.0,7098,,,members_13x13.json#52
13x13,53,rand,"[[2,3,4,9,10,11],[0,2,4,6,9,11],[0,2,3,5,10,12],[2,4,6,7,11,12],[0,1,6,7,10,11],[3,5,8,10,11,12],[0,1,3,6,7,8],[0,1,4,6,7,11],[0,2,3,6,9,11],[5,8,9,10,11,12],[0,2,4,9,11,12],[1,6,7,10,11,12],[1,5,7,8,9,11]]",6530.0,7098,,,members_13x13.json#53
13x13,54,rand,"[[0,2,4,5,6,7],[1,2,3,7,8,9],[1,3,5,7,9,12],[2,5,6,7,10,12],[1,3,6,7,8,12],[2,4,6,10,11,12],[1,2,6,7,8,12],[0,2,3,8,9,11],[0,4,7,8,11,12],[0,4,6,7,9,12],[0,2,4,8,9,10],[0,2,4,6,8,12],[0,2,3,7,8,11]]",6414.0,7098,,,members_13x13.json#54
13x13,55,rand,"[[0,2,5,6,7,12],[1,2,3,5,6,12],[0,2,5,7,8,12],[4,6,7,8,9,10],[0,2,3,8,11,12],[0,2,6,7,8,10],[2,5,7,9,10,11],[2,4,5,7,8,12],[0,1,2,5,7,10],[4,6,7,10,11,12],[0,1,4,5,8,12],[3,5,7,8,9,10],[1,2,3,6,8,10]]",6344.0,7098,,,members_13x13.json#55
13x13,56,rand,"[[0,1,6,9,11,12],[1,3,5,6,8,12],[3,4,6,8,9,12],[0,3,4,5,7,10],[1,3,4,8,10,11],[0,1,3,5,9,11],[0,1,2,3,7,12],[2,3,5,7,9,11],[0,4,5,8,10,11],[0,1,4,6,8,12],[2,4,5,7,11,12],[0,3,4,5,7,12],[1,2,4,6,9,11]]",6186.0,7098,,,members_13x13.json#56
13x13,57,rand,"[[2,4,5,6,7,10],[1,6,7,9,10,11],[2,3,4,6,10,12],[2,5,8,9,10,12],[1,3,7,10,11,12],[2,3,5,6,8,10],[0,1,3,4,8,9],[0,1,5,8,9,11],[4,6,8,9,10,12],[2,4,5,9,10,11],[0,2,6,7,9,11],[1,4,5,9,10,12],[1,3,4,5,7,11]]",6252.0,7098,,,members_13x13.json#57
13x13,58,rand,"[[0,5,7,8,11,12],[4,5,6,7,8,9],[0,2,3,4,6,10],[0,2,3,4,5,8],[1,2,3,9,10,12],[0,3,5,10,11,12],[1,3,6,7,8,11],[0,1,3,5,6,7],[1,2,7,8,9,10],[0,1,7,9,11,12],[0,4,7,8,9,11],[2,3,6,8,9,11],[2,4,6,8,10,11]]",6165.0,7098,,,members_13x13.json#58
13x13,59,rand,"[[0,1,2,3,11,12],[4,6,9,10,11,12],[0,2,3,8,9,11],[0,2,7,9,10,12],[0,2,5,6,11,12],[2,6,7,8,10,12],[0,1,3,4,8,10],[0,1,6,8,9,12],[2,3,9,10,11,12],[2,3,4,5,6,7],[1,2,3,9,11,12],[1,3,4,5,6,9],[0,4,7,9,10,12]]",6186.0,7098,,,members_13x13.json#59
13x13,60,circ,"[[4,5,7,9,10,12],[0,5,6,8,10,11],[1,6,7,9,11,12],[0,2,7,8,10,12],[0,1,3,8,9,11],[1,2,4,9,10,12],[0,2,3,5,10,11],[1,3,4,6,11,12],[0,2,4,5,7,12],[0,1,3,5,6,8],[1,2,4,6,7,9],[2,3,5,7,8,10],[3,4,6,8,9,11]]",6088.0,7098,,,members_13x13.json#60
13x13,61,circ,"[[2,4,6,7,9,11],[3,5,7,8,10,12],[0,4,6,8,9,11],[1,5,7,9,10,12],[0,2,6,8,10,11],[1,3,7,9,11,12],[0,2,4,8,10,12],[0,1,3,5,9,11],[1,2,4,6,10,12],[0,2,3,5,7,11],[1,3,4,6,8,12],[0,2,4,5,7,9],[1,3,5,6,8,10]]",6043.0,7098,,,members_13x13.json#61
13x13,62,circ,"[[0,1,3,8,9,12],[0,1,2,4,9,10],[1,2,3,5,10,11],[2,3,4,6,11,12],[0,3,4,5,7,12],[0,1,4,5,6,8],[1,2,5,6,7,9],[2,3,6,7,8,10],[3,4,7,8,9,11],[4,5,8,9,10,12],[0,5,6,9,10,11],[1,6,7,10,11,12],[0,2,7,8,11,12]]",5829.0,7098,5736.0,5829.0,members_13x13.json#62
13x13,63,circ,"[[1,2,3,4,9,11],[2,3,4,5,10,12],[0,3,4,5,6,11],[1,4,5,6,7,12],[0,2,5,6,7,8],[1,3,6,7,8,9],[2,4,7,8,9,10],[3,5,8,9,10,11],[4,6,9,10,11,12],[0,5,7,10,11,12],[0,1,6,8,11,12],[0,1,2,7,9,12],[0,1,2,3,8,10]]",5875.0,7098,5816.0,5875.0,members_13x13.json#63
13x13,64,circ,"[[0,2,3,4,6,11],[1,3,4,5,7,12],[0,2,4,5,6,8],[1,3,5,6,7,9],[2,4,6,7,8,10],[3,5,7,8,9,11],[4,6,8,9,10,12],[0,5,7,9,10,11],[1,6,8,10,11,12],[0,2,7,9,11,12],[0,1,3,8,10,12],[0,1,2,4,9,11],[1,2,3,5,10,12]]",6021.0,7098,,,members_13x13.json#64
13x13,65,circ,"[[0,1,4,5,11,12],[0,1,2,5,6,12],[0,1,2,3,6,7],[1,2,3,4,7,8],[2,3,4,5,8,9],[3,4,5,6,9,10],[4,5,6,7,10,11],[5,6,7,8,11,12],[0,6,7,8,9,12],[0,1,7,8,9,10],[1,2,8,9,10,11],[2,3,9,10,11,12],[0,3,4,10,11,12]]",5898.0,7098,5864.0,5898.0,members_13x13.json#65
13x13,66,circ,"[[1,6,7,8,11,12],[0,2,7,8,9,12],[0,1,3,8,9,10],[1,2,4,9,10,11],[2,3,5,10,11,12],[0,3,4,6,11,12],[0,1,4,5,7,12],[0,1,2,5,6,8],[1,2,3,6,7,9],[2,3,4,7,8,10],[3,4,5,8,9,11],[4,5,6,9,10,12],[0,5,6,7,10,11]]",5855.0,7098,5751.0,5855.0,members_13x13.json#66
13x13,67,circ,"[[2,6,7,8,9,10],[3,7,8,9,10,11],[4,8,9,10,11,12],[0,5,9,10,11,12],[0,1,6,10,11,12],[0,1,2,7,11,12],[0,1,2,3,8,12],[0,1,2,3,4,9],[1,2,3,4,5,10],[2,3,4,5,6,11],[3,4,5,6,7,12],[0,4,5,6,7,8],[1,5,6,7,8,9]]",6019.0,7098,,,members_13x13.json#67
13x13,68,circ,"[[1,3,5,7,11,12],[0,2,4,6,8,12],[0,1,3,5,7,9],[1,2,4,6,8,10],[2,3,5,7,9,11],[3,4,6,8,10,12],[0,4,5,7,9,11],[1,5,6,8,10,12],[0,2,6,7,9,11],[1,3,7,8,10,12],[0,2,4,8,9,11],[1,3,5,9,10,12],[0,2,4,6,10,11]]",6206.0,7098,,,members_13x13.json#68
13x13,69,circ,"[[0,2,3,4,5,6],[1,3,4,5,6,7],[2,4,5,6,7,8],[3,5,6,7,8,9],[4,6,7,8,9,10],[5,7,8,9,10,11],[6,8,9,10,11,12],[0,7,9,10,11,12],[0,1,8,10,11,12],[0,1,2,9,11,12],[0,1,2,3,10,12],[0,1,2,3,4,11],[1,2,3,4,5,12]]",6234.0,7098,,,members_13x13.json#69
13x13,70,circ,"[[4,5,6,7,8,10],[5,6,7,8,9,11],[6,7,8,9,10,12],[0,7,8,9,10,11],[1,8,9,10,11,12],[0,2,9,10,11,12],[0,1,3,10,11,12],[0,1,2,4,11,12],[0,1,2,3,5,12],[0,1,2,3,4,6],[1,2,3,4,5,7],[2,3,4,5,6,8],[3,4,5,6,7,9]]",6228.0,7098,,,members_13x13.json#70
13x13,71,circ,"[[1,5,7,8,10,12],[0,2,6,8,9,11],[1,3,7,9,10,12],[0,2,4,8,10,11],[1,3,5,9,11,12],[0,2,4,6,10,12],[0,1,3,5,7,11],[1,2,4,6,8,12],[0,2,3,5,7,9],[1,3,4,6,8,10],[2,4,5,7,9,11],[3,5,6,8,10,12],[0,4,6,7,9,11]]",6062.0,7098,,,members_13x13.json#71
13x13,72,circ,"[[0,2,4,5,9,10],[1,3,5,6,10,11],[2,4,6,7,11,12],[0,3,5,7,8,12],[0,1,4,6,8,9],[1,2,5,7,9,10],[2,3,6,8,10,11],[3,4,7,9,11,12],[0,4,5,8,10,12],[0,1,5,6,9,11],[1,2,6,7,10,12],[0,2,3,7,8,11],[1,3,4,8,9,12]]",5920.0,7098,5874.0,5920.0,members_13x13.json#72
13x13,73,circ,"[[0,1,6,7,9,11],[1,2,7,8,10,12],[0,2,3,8,9,11],[1,3,4,9,10,12],[0,2,4,5,10,11],[1,3,5,6,11,12],[0,2,4,6,7,12],[0,1,3,5,7,8],[1,2,4,6,8,9],[2,3,5,7,9,10],[3,4,6,8,10,11],[4,5,7,9,11,12],[0,5,6,8,10,12]]",5742.0,7098,5681.0,5742.0,members_13x13.json#73
13x13,74,circ,"[[2,3,5,6,9,11],[3,4,6,7,10,12],[0,4,5,7,8,11],[1,5,6,8,9,12],[0,2,6,7,9,10],[1,3,7,8,10,11],[2,4,8,9,11,12],[0,3,5,9,10,12],[0,1,4,6,10,11],[1,2,5,7,11,12],[0,2,3,6,8,12],[0,1,3,4,7,9],[1,2,4,5,8,10]]",5830.0,7098,5790.0,5830.0,members_13x13.json#74
13x13,75,circ,"[[0,2,3,4,6,9],[1,3,4,5,7,10],[2,4,5,6,8,11],[3,5,6,7,9,12],[0,4,6,7,8,10],[1,5,7,8,9,11],[2,6,8,9,10,12],[0,3,7,9,10,11],[1,4,8,10,11,12],[0,2,5,9,11,12],[0,1,3,6,10,12],[0,1,2,4,7,11],[1,2,3,5,8,12]]",5841.0,7098,5756.0,5841.0,members_13x13.json#75
13x13,76,circ,"[[0,2,4,8,10,11],[1,3,5,9,11,12],[0,2,4,6,10,12],[0,1,3,5,7,11],[1,2,4,6,8,12],[0,2,3,5,7,9],[1,3,4,6,8,10],[2,4,5,7,9,11],[3,5,6,8,10,12],[0,4,6,7,9,11],[1,5,7,8,10,12],[0,2,6,8,9,11],[1,3,7,9,10,12]]",6093.0,7098,,,members_13x13.json#76
13x13,77,circ,"[[0,1,5,6,7,12],[0,1,2,6,7,8],[1,2,3,7,8,9],[2,3,4,8,9,10],[3,4,5,9,10,11],[4,5,6,10,11,12],[0,5,6,7,11,12],[0,1,6,7,8,12],[0,1,2,7,8,9],[1,2,3,8,9,10],[2,3,4,9,10,11],[3,4,5,10,11,12],[0,4,5,6,11,12]]",6499.0,7098,,,members_13x13.json#77
13x13,78,circ,"[[1,2,5,8,11,12],[0,2,3,6,9,12],[0,1,3,4,7,10],[1,2,4,5,8,11],[2,3,5,6,9,12],[0,3,4,6,7,10],[1,4,5,7,8,11],[2,5,6,8,9,12],[0,3,6,7,9,10],[1,4,7,8,10,11],[2,5,8,9,11,12],[0,3,6,9,10,12],[0,1,4,7,10,11]]",6512.0,7098,,,members_13x13.json#78
13x13,79,circ,"[[0,4,5,9,10,12],[0,1,5,6,10,11],[1,2,6,7,11,12],[0,2,3,7,8,12],[0,1,3,4,8,9],[1,2,4,5,9,10],[2,3,5,6,10,11],[3,4,6,7,11,12],[0,4,5,7,8,12],[0,1,5,6,8,9],[1,2,6,7,9,10],[2,3,7,8,10,11],[3,4,8,9,11,12]]",6013.0,7098,5965.0,6013.0,members_13x13.json#79
13x13,80,flat,"[[0,4,6,9,11,12],[0,4,5,8,9,12],[0,1,4,5,8,9],[0,5,6,7,8,10],[0,1,4,6,9,10],[0,3,4,6,10,12],[0,3,4,5,10,12],[0,3,4,5,7,11],[0,1,3,4,11,12],[0,3,4,5,6,12],[0,4,6,7,9,11],[0,7,8,10,11,12],[0,1,3,5,8,10]]",6538.0,7098,,,members_13x13.json#80
13x13,81,flat,"[[1,2,6,9,11,12],[1,2,3,6,11,12],[1,2,3,6,8,10],[1,2,5,8,10,11],[1,2,3,8,10,11],[1,2,5,6,8,10],[1,2,3,6,10,12],[1,2,7,8,10,12],[1,2,5,6,7,12],[1,2,7,8,9,10],[1,2,3,8,9,12],[1,2,8,9,10,11],[1,2,5,7,10,12]]",6790.0,7098,,,members_13x13.json#81
13x13,82,flat,"[[2,3,4,6,7,9],[0,3,6,7,9,12],[1,3,4,6,7,9],[0,1,2,3,4,7],[0,3,7,8,9,12],[3,7,8,9,10,12],[2,3,4,7,9,10],[1,3,6,7,10,12],[0,1,3,6,7,12],[1,3,6,7,9,12],[0,3,4,7,9,12],[0,1,2,3,7,10],[2,3,4,7,8,12]]",6771.0,7098,,,members_13x13.json#82
13x13,83,flat,"[[0,3,5,6,10,12],[5,6,7,9,10,12],[1,3,5,6,7,11],[1,5,6,10,11,12],[0,2,5,6,10,11],[0,1,5,6,9,12],[5,6,7,9,11,12],[1,5,6,7,9,11],[2,5,6,7,9,11],[5,6,7,9,10,11],[0,1,3,5,6,9],[5,6,7,9,11,12],[0,1,5,6,7,12]]",6863.0,7098,,,members_13x13.json#83
13x13,84,flat,"[[0,2,3,4,6,8],[0,2,3,4,6,10],[2,3,4,5,6,11],[0,2,3,9,10,12],[2,3,5,8,9,11],[0,2,3,8,10,12],[0,2,3,5,6,8],[0,2,3,5,6,11],[0,2,3,5,10,12],[2,3,5,10,11,12],[2,3,5,9,11,12],[0,2,3,4,11,12],[0,2,3,6,8,12]]",6832.0,7098,,,members_13x13.json#84
13x13,85,flat,"[[1,2,5,8,10,11],[0,2,6,8,10,11],[3,4,5,8,9,10],[2,3,6,8,10,11],[1,2,3,6,8,10],[0,2,5,8,9,10],[0,2,6,8,9,10],[0,2,4,5,8,10],[2,4,5,6,8,10],[1,3,4,8,9,10],[1,4,5,8,9,10],[1,2,5,8,9,10],[3,4,5,8,10,11]]",6847.0,7098,,,members_13x13.json#85
13x13,86,flat,"[[0,1,8,9,10,12],[0,1,3,4,6,10],[0,1,6,7,9,10],[1,3,6,10,11,12],[1,6,7,8,10,11],[1,3,8,9,10,12],[1,6,7,9,10,12],[1,3,9,10,11,12],[0,1,4,6,10,12],[1,6,7,8,9,10],[1,3,6,7,9,10],[0,1,8,10,11,12],[1,3,4,9,10,12]]",6807.0,7098,,,members_13x13.json#86
13x13,87,flat,"[[0,1,3,7,8,10],[0,1,4,7,10,12],[1,2,3,5,8,10],[1,3,4,5,8,9],[0,1,2,5,8,9],[1,3,6,9,10,12],[1,2,3,4,5,6],[1,2,6,8,9,10],[1,3,6,7,10,12],[1,5,7,8,9,12],[1,2,3,6,9,10],[0,1,2,4,7,10],[1,2,4,5,7,10]]",6530.0,7098,,,members_13x13.json#87
13x13,88,flat,"[[3,5,6,7,9,10],[0,2,5,6,9,10],[3,5,6,8,9,10],[5,6,8,9,10,12],[2,5,6,8,10,12],[0,2,3,5,6,12],[2,5,6,8,10,12],[3,5,6,8,9,12],[0,5,6,7,9,10],[0,1,5,6,8,10],[0,3,5,6,8,9],[2,5,6,7,8,9],[2,5,6,8,9,12]]",6861.0,7098,,,members_13x13.json#88
13x13,89,flat,"[[3,4,5,7,9,12],[1,3,5,6,8,11],[2,3,5,8,9,11],[0,1,2,3,9,12],[2,3,4,5,7,8],[1,3,6,8,11,12],[2,3,5,6,9,12],[3,4,5,8,9,11],[2,3,4,5,11,12],[0,2,3,8,9,11],[0,1,2,3,4,8],[0,3,4,6,7,9],[3,4,5,6,9,12]]",6543.0,7098,,,members_13x13.json#89
13x13,90,flat,"[[0,4,6,7,10,12],[1,2,5,6,10,11],[0,2,3,6,10,12],[0,3,4,6,7,9],[0,2,3,6,10,12],[0,1,2,5,6,12],[0,1,3,6,10,12],[0,2,4,5,6,9],[5,6,7,9,10,12],[0,6,7,9,10,11],[0,1,3,4,6,10],[0,1,4,6,7,11],[1,3,5,6,7,9]]",6534.0,7098,,,members_13x13.json#90
13x13,91,flat,"[[0,3,4,6,9,10],[0,2,3,4,6,11],[0,6,7,8,10,11],[0,3,6,8,9,10],[0,4,5,6,7,10],[0,2,3,6,8,11],[0,5,6,9,10,11],[0,2,5,6,9,10],[0,4,5,6,10,11],[0,2,5,6,7,8],[0,5,6,9,10,11],[0,3,5,6,7,10],[0,2,3,6,7,8]]",6805.0,7098,,,members_13x13.json#91
13x13,92,flat,"[[0,2,5,9,11,12],[2,5,7,10,11,12],[4,5,7,9,11,12],[0,3,5,6,11,12],[1,2,3,9,10,12],[0,2,4,9,11,12],[1,4,5,6,10,12],[0,2,7,9,10,12],[0,2,3,5,7,12],[3,7,9,10,11,12],[0,1,3,9,10,12],[1,4,6,10,11,12],[0,1,3,4,6,12]]",6537.0,7098,,,members_13x13.json#92
13x13,93,flat,"[[2,4,5,6,7,10],[4,5,6,7,8,11],[1,4,5,6,8,10],[1,4,5,6,7,12],[2,4,5,6,7,11],[0,5,6,7,10,12],[0,1,5,6,8,10],[0,1,5,6,8,10],[5,6,7,8,10,11],[2,4,5,6,7,8],[2,4,5,6,10,12],[0,1,4,5,6,11],[5,6,7,8,10,12]]",6830.0,7098,,,members_13x13.json#93
13x13,94,flat,"[[1,4,5,6,7,10],[4,5,6,7,9,12],[0,4,5,6,7,12],[5,6,7,10,11,12],[2,4,6,7,9,11],[0,1,4,5,6,7],[1,5,6,7,9,10],[1,2,6,7,11,12],[0,4,6,7,10,11],[2,4,5,6,7,11],[0,5,6,7,10,11],[1,2,4,6,7,12],[0,2,6,7,10,12]]",6707.0,7098,,,members_13x13.json#94
13x13,95,flat,"[[1,2,4,9,10,11],[1,4,6,7,8,11],[1,3,5,6,7,11],[1,3,4,6,7,11],[1,2,3,6,10,11],[1,3,5,8,9,11],[1,5,6,8,10,11],[1,4,8,9,10,11],[1,5,7,8,10,11],[1,3,4,5,8,11],[1,4,7,9,10,11],[1,2,4,6,9,11],[1,2,6,7,10,11]]",6761.0,7098,,,members_13x13.json#95
13x13,96,flat,"[[0,3,5,7,8,10],[0,4,5,7,8,9],[0,1,3,5,6,8],[0,2,3,4,5,8],[1,2,4,5,8,10],[0,1,2,5,6,8],[0,2,5,6,8,10],[1,2,3,5,7,8],[3,4,5,6,7,8],[0,4,5,7,8,9],[0,5,6,8,9,10],[1,4,5,6,7,8],[0,1,3,5,8,9]]",6712.0,7098,,,members_13x13.json#96
13x13,97,flat,"[[0,1,2,7,9,10],[0,1,2,5,9,10],[0,1,5,8,10,12],[0,1,2,6,7,10],[0,1,2,5,9,12],[0,1,7,9,10,12],[0,1,7,9,10,11],[0,1,5,6,7,8],[0,1,5,9,10,11],[0,1,2,8,9,11],[0,1,2,5,6,12],[0,1,2,5,6,9],[0,1,5,6,11,12]]",6805.0,7098,,,members_13x13.json#97
13x13,98,flat,"[[0,1,4,8,9,12],[0,2,3,4,9,11],[0,4,8,9,11,12],[1,2,3,6,9,10],[0,6,7,8,9,11],[0,1,2,3,7,9],[0,1,4,9,10,12],[3,4,7,9,11,12],[0,1,3,8,9,11],[0,2,4,6,8,9],[0,1,3,7,9,11],[2,6,7,9,11,12],[4,6,8,9,10,12]]",6558.0,7098,,,members_13x13.json#98
13x13,99,flat,"[[0,1,5,6,8,9],[1,2,3,5,8,12],[3,5,6,8,9,12],[0,1,4,5,8,12],[0,1,3,4,8,12],[0,4,6,7,8,12],[1,4,6,8,9,10],[2,3,7,8,9,10],[0,2,5,6,8,12],[1,2,3,6,8,12],[2,3,4,5,6,8],[1,2,3,7,8,10],[3,5,7,8,10,12]]",6598.0,7098,,,members_13x13.json#99
13x13,100,paley,"[[1,3,4,9,10,12],[0,2,4,5,10,11],[1,3,5,6,11,12],[0,2,4,6,7,12],[0,1,3,5,7,8],[1,2,4,6,8,9],[2,3,5,7,9,10],[3,4,6,8,10,11],[4,5,7,9,11,12],[0,5,6,8,10,12],[0,1,6,7,9,11],[1,2,7,8,10,12],[0,2,3,8,9,11]]",5728.0,7098,5674.0,5728.0,members_13x13.json#100
