# source=flyvis 1.2.0 : connectome/fib25-fib19_v2.2.json; json_sha256=bfbb0766251ff09e22723d0ebbf7b14793e70b3ae8ad0eea64eac9d28223351a; compiled=FLYVIS_ROOT_DIR/connectome/ConnectomeFromAvgFilters_0000 (extent 15, n_syn_fill 1); script=results/genome/bank/extract_bank.py sha256=fb2303d241ed0966033b63a3d9f9b64ec1e47cea5376932360b8cfb96ae93943; see bank.meta.json
pair_birth_id,src,tar,du,dv,n_syn,n_syn_json,sign,provenance,json_index,json_offset_order
326,R1,L1,0,0,40.0,40,-1,in_json,0,0
327,R1,L2,0,0,46.0,46,-1,in_json,1,0
328,R1,L3,0,0,11.0,11,-1,in_json,2,0
325,R1,Am,0,0,36.0,36,-1,in_json,3,0
329,R1,T1,0,0,2.0,2,-1,in_json,4,0
331,R2,L1,0,0,43.0,43,-1,in_json,5,0
332,R2,L2,0,0,45.0,45,-1,in_json,6,0
333,R2,L3,0,0,10.0,10,-1,in_json,7,0
330,R2,Am,0,0,39.0,39,-1,in_json,8,0
334,R2,T1,0,0,2.0,2,-1,in_json,9,0
336,R3,L1,0,0,37.0,37,-1,in_json,10,0
337,R3,L2,0,0,39.0,39,-1,in_json,11,0
338,R3,L3,0,0,4.0,4,-1,in_json,12,0
335,R3,Am,0,0,40.0,40,-1,in_json,13,0
339,R3,T1,0,0,2.0,2,-1,in_json,14,0
341,R4,L1,0,0,38.0,38,-1,in_json,15,0
342,R4,L2,0,0,41.0,41,-1,in_json,16,0
343,R4,L3,0,0,8.0,8,-1,in_json,17,0
340,R4,Am,0,0,37.0,37,-1,in_json,18,0
344,R4,T1,0,0,2.0,2,-1,in_json,19,0
346,R5,L1,0,0,38.0,38,-1,in_json,20,0
347,R5,L2,0,0,39.0,39,-1,in_json,21,0
348,R5,L3,0,0,6.0,6,-1,in_json,22,0
345,R5,Am,0,0,35.0,35,-1,in_json,23,0
349,R5,T1,0,0,2.0,2,-1,in_json,24,0
351,R6,L1,0,0,45.0,45,-1,in_json,25,0
352,R6,L2,0,0,47.0,47,-1,in_json,26,0
353,R6,L3,0,0,12.0,12,-1,in_json,27,0
350,R6,Am,0,0,40.0,40,-1,in_json,28,0
354,R6,T1,0,0,2.0,2,-1,in_json,29,0
357,R7,R8,0,0,1.2999999523162842,1.3,-1,in_json,30,0
356,R7,Mi9,0,0,1.5833333730697632,1.5833333333333333,-1,in_json,31,0
355,R7,Mi15,0,0,1.25,1.25,-1,in_json,32,0
358,R7,Tm5a,0,0,12.571428298950195,12.571428571428571,-1,in_json,33,0
359,R7,Tm5b,-1,1,1.6666666269302368,1.6666666666666667,-1,in_json,34,0
359,R7,Tm5b,0,-1,2.1666667461395264,2.1666666666666665,-1,in_json,34,1
359,R7,Tm5b,1,-1,1.0,1,-1,in_json,34,2
359,R7,Tm5b,0,0,7.75,7.75,-1,in_json,34,3
366,R8,R7,0,0,18.299999237060547,18.3,-1,in_json,35,0
360,R8,L1,0,0,5.099999904632568,5.1,-1,in_json,36,0
361,R8,L3,0,0,1.2999999523162842,1.3,-1,in_json,37,0
362,R8,Mi1,0,0,11.399999618530273,11.4,1,in_json,38,0
364,R8,Mi4,0,0,16.299999237060547,16.3,1,in_json,39,0
365,R8,Mi9,0,0,2.5999999046325684,2.6,1,in_json,40,0
363,R8,Mi15,0,-1,1.5,1.5,1,in_json,41,0
363,R8,Mi15,1,-1,3.0,3,1,in_json,41,1
363,R8,Mi15,0,0,8.0,8,1,in_json,41,2
368,R8,Tm5c,0,1,1.3333333730697632,1.3333333333333333,-1,in_json,42,0
368,R8,Tm5c,0,0,7.0,7,-1,in_json,42,1
367,R8,Tm20,0,0,12.777777671813965,12.777777777777779,-1,in_json,43,0
127,L1,L5,0,0,88.76923370361328,88.76923076923077,-1,in_json,44,0
128,L1,Lawf2,0,1,5.0,5,-1,in_json,45,0
128,L1,Lawf2,-1,1,5.0,5,-1,in_json,45,1
128,L1,Lawf2,0,0,5.0,5,-1,in_json,45,2
128,L1,Lawf2,-2,1,5.0,5,-1,in_json,45,3
128,L1,Lawf2,-1,0,5.0,5,-1,in_json,45,4
128,L1,Lawf2,-2,0,5.0,5,-1,in_json,45,5
128,L1,Lawf2,-1,2,5.0,5,-1,in_json,45,6
128,L1,Lawf2,-2,2,5.0,5,-1,in_json,45,7
128,L1,Lawf2,2,-1,5.0,5,-1,in_json,45,8
128,L1,Lawf2,2,-2,5.0,5,-1,in_json,45,9
128,L1,Lawf2,2,0,5.0,5,-1,in_json,45,10
128,L1,Lawf2,1,1,5.0,5,-1,in_json,45,11
128,L1,Lawf2,1,-2,5.0,5,-1,in_json,45,12
128,L1,Lawf2,0,-2,5.0,5,-1,in_json,45,13
128,L1,Lawf2,-1,-1,5.0,5,-1,in_json,45,14
128,L1,Lawf2,0,-1,5.0,5,-1,in_json,45,15
128,L1,Lawf2,1,0,5.0,5,-1,in_json,45,16
128,L1,Lawf2,1,-1,5.0,5,-1,in_json,45,17
128,L1,Lawf2,0,2,5.0,5,-1,in_json,45,18
125,L1,C2,0,0,41.272727966308594,41.27272727272727,-1,in_json,46,0
126,L1,C3,0,0,73.875,73.875,-1,in_json,47,0
129,L1,Mi1,0,0,136.2857208251953,136.28571428571428,-1,in_json,48,0
130,L1,Tm3,-1,0,4.375,4.375,-1,in_json,49,0
130,L1,Tm3,0,1,11.571428298950195,11.571428571428571,-1,in_json,49,1
130,L1,Tm3,-1,1,13.214285850524902,13.214285714285714,-1,in_json,49,2
130,L1,Tm3,-1,-1,1.125,1.125,-1,in_json,49,3
130,L1,Tm3,-1,2,2.909090995788574,2.909090909090909,-1,in_json,49,4
130,L1,Tm3,1,0,4.916666507720947,4.916666666666667,-1,in_json,49,5
130,L1,Tm3,0,-1,5.07692289352417,5.076923076923077,-1,in_json,49,6
130,L1,Tm3,0,2,1.1111111640930176,1.1111111111111112,-1,in_json,49,7
130,L1,Tm3,1,-2,2.555555582046509,2.5555555555555554,-1,in_json,49,8
130,L1,Tm3,1,-1,4.333333492279053,4.333333333333333,-1,in_json,49,9
130,L1,Tm3,0,0,11.399999618530273,11.4,-1,in_json,49,10
139,L2,R1,0,0,1.0,1,1,in_json,50,0
140,L2,R2,0,0,2.0,2,1,in_json,51,0
132,L2,L1,0,0,3.0,3,1,in_json,52,0
133,L2,L4,0,0,5.0,5,1,in_json,53,0
133,L2,L4,-1,1,5.0,5,1,in_json,53,1
133,L2,L4,0,1,3.0,3,1,in_json,53,2
134,L2,L5,0,0,43.0,43,1,in_json,54,0
135,L2,Lawf2,0,1,5.0,5,1,in_json,55,0
135,L2,Lawf2,-1,1,5.0,5,1,in_json,55,1
135,L2,Lawf2,0,0,5.0,5,1,in_json,55,2
135,L2,Lawf2,-2,1,5.0,5,1,in_json,55,3
135,L2,Lawf2,-1,0,5.0,5,1,in_json,55,4
135,L2,Lawf2,-2,0,5.0,5,1,in_json,55,5
135,L2,Lawf2,-1,2,5.0,5,1,in_json,55,6
135,L2,Lawf2,-2,2,5.0,5,1,in_json,55,7
135,L2,Lawf2,2,-1,5.0,5,1,in_json,55,8
135,L2,Lawf2,2,-2,5.0,5,1,in_json,55,9
135,L2,Lawf2,2,0,5.0,5,1,in_json,55,10
135,L2,Lawf2,1,1,5.0,5,1,in_json,55,11
135,L2,Lawf2,1,-2,5.0,5,1,in_json,55,12
135,L2,Lawf2,0,-2,5.0,5,1,in_json,55,13
135,L2,Lawf2,-1,-1,5.0,5,1,in_json,55,14
135,L2,Lawf2,0,-1,5.0,5,1,in_json,55,15
135,L2,Lawf2,1,0,5.0,5,1,in_json,55,16
135,L2,Lawf2,1,-1,5.0,5,1,in_json,55,17
135,L2,Lawf2,0,2,5.0,5,1,in_json,55,18
131,L2,C3,0,0,4.875,4.875,1,in_json,56,0
136,L2,Mi1,0,0,1.5714285373687744,1.5714285714285714,1,in_json,57,0
137,L2,Mi4,0,0,4.5714287757873535,4.571428571428571,1,in_json,58,0
138,L2,Mi9,0,0,1.0,1,1,in_json,59,0
141,L2,T1,0,0,139.60000610351562,139.6,1,in_json,60,0
142,L2,Tm1,0,0,144.09091186523438,144.0909090909091,1,in_json,61,0
143,L2,Tm2,0,0,123.16666412353516,123.16666666666667,1,in_json,62,0
145,L2,Tm4,-1,0,3.5714285373687744,3.5714285714285716,1,in_json,63,0
145,L2,Tm4,0,1,21.5,21.5,1,in_json,63,1
145,L2,Tm4,-1,1,24.77777862548828,24.77777777777778,1,in_json,63,2
145,L2,Tm4,-1,2,11.333333015441895,11.333333333333334,1,in_json,63,3
145,L2,Tm4,1,0,2.6666667461395264,2.6666666666666665,1,in_json,63,4
145,L2,Tm4,0,2,1.625,1.625,1,in_json,63,5
145,L2,Tm4,0,0,8.44444465637207,8.444444444444445,1,in_json,63,6
144,L2,Tm20,0,0,10.0,10,1,in_json,64,0
146,L2,TmY3,-1,1,3.5999999046325684,3.6,1,in_json,65,0
146,L2,TmY3,1,0,1.0,1,1,in_json,65,1
146,L2,TmY3,0,-1,1.5,1.5,1,in_json,65,2
146,L2,TmY3,0,0,3.3333332538604736,3.3333333333333335,1,in_json,65,3
148,L3,Lawf1,1,1,1.0,1,1,in_json,66,0
147,L3,C3,0,0,4.363636493682861,4.363636363636363,1,in_json,67,0
149,L3,Mi1,0,0,14.142857551574707,14.142857142857142,1,in_json,68,0
152,L3,Mi2,1,0,1.25,1.25,1,in_json,69,0
152,L3,Mi2,0,-1,2.5999999046325684,2.6,1,in_json,69,1
152,L3,Mi2,0,0,3.3333332538604736,3.3333333333333335,1,in_json,69,2
153,L3,Mi9,0,0,36.71428680419922,36.714285714285715,1,in_json,70,0
150,L3,Mi13,0,1,1.0,1,1,in_json,71,0
150,L3,Mi13,0,0,1.1428571939468384,1.1428571428571428,1,in_json,71,1
151,L3,Mi15,0,-1,1.1428571939468384,1.1428571428571428,1,in_json,72,0
151,L3,Mi15,0,0,1.75,1.75,1,in_json,72,1
156,L3,Tm3,0,0,1.2666666507720947,1.2666666666666666,1,in_json,73,0
157,L3,Tm5Y,0,-1,1.2857142686843872,1.2857142857142858,1,in_json,74,0
157,L3,Tm5Y,0,0,1.125,1.125,1,in_json,74,1
158,L3,Tm5a,0,0,1.1666666269302368,1.1666666666666667,1,in_json,75,0
159,L3,Tm5c,-1,0,2.5,2.5,1,in_json,76,0
159,L3,Tm5c,0,1,9.0,9,1,in_json,76,1
159,L3,Tm5c,-1,1,3.0,3,1,in_json,76,2
159,L3,Tm5c,0,-1,2.6666667461395264,2.6666666666666665,1,in_json,76,3
159,L3,Tm5c,0,0,21.5,21.5,1,in_json,76,4
160,L3,Tm9,0,0,24.0,24,1,in_json,77,0
154,L3,Tm20,0,0,20.299999237060547,20.3,1,in_json,78,0
155,L3,Tm28,-1,0,1.2000000476837158,1.2,1,in_json,79,0
155,L3,Tm28,1,0,1.399999976158142,1.4,1,in_json,79,1
155,L3,Tm28,0,0,3.0,3,1,in_json,79,2
162,L3,TmY9,0,0,1.3333333730697632,1.3333333333333333,1,in_json,80,0
161,L3,TmY10,0,1,1.75,1.75,1,in_json,81,0
161,L3,TmY10,-1,1,1.0,1,1,in_json,81,1
161,L3,TmY10,1,0,1.75,1.75,1,in_json,81,2
161,L3,TmY10,0,-1,2.75,2.75,1,in_json,81,3
161,L3,TmY10,1,-1,5.666666507720947,5.666666666666667,1,in_json,81,4
161,L3,TmY10,0,0,7.25,7.25,1,in_json,81,5
169,L4,R1,1,-1,1.0,1,1,in_json,82,0
169,L4,R1,0,-1,1.0,1,1,in_json,82,1
170,L4,R2,0,-1,1.0,1,1,in_json,83,0
171,L4,R3,1,-1,2.0,2,1,in_json,84,0
171,L4,R3,0,-1,2.0,2,1,in_json,84,1
172,L4,R4,1,-1,1.0,1,1,in_json,85,0
172,L4,R4,0,-1,1.0,1,1,in_json,85,1
173,L4,R5,0,0,1.0,1,1,in_json,86,0
173,L4,R5,0,-1,3.0,3,1,in_json,86,1
174,L4,R6,1,-1,2.0,2,1,in_json,87,0
174,L4,R6,0,-1,2.0,2,1,in_json,87,1
164,L4,L2,0,0,4.0,4,1,in_json,88,0
164,L4,L2,1,-1,6.0,6,1,in_json,88,1
164,L4,L2,0,-1,5.0,5,1,in_json,88,2
165,L4,L3,1,-1,1.0,1,1,in_json,89,0
165,L4,L3,0,-1,1.0,1,1,in_json,89,1
166,L4,L4,1,-1,2.0,2,1,in_json,90,0
166,L4,L4,0,-1,3.0,3,1,in_json,90,1
166,L4,L4,-1,0,1.0,1,1,in_json,90,2
166,L4,L4,1,0,3.0,3,1,in_json,90,3
166,L4,L4,0,0,1.0,,1,hull_filled,90,
167,L4,L5,0,0,2.0,2,1,in_json,91,0
167,L4,L5,1,-1,3.0,3,1,in_json,91,1
167,L4,L5,0,-1,2.0,2,1,in_json,91,2
163,L4,Am,0,0,1.0,1,1,in_json,92,0
163,L4,Am,1,-1,1.0,1,1,in_json,92,1
163,L4,Am,0,-1,1.0,1,1,in_json,92,2
168,L4,Mi9,0,-1,1.2222222089767456,1.2222222222222223,1,in_json,93,0
168,L4,Mi9,1,-1,1.2000000476837158,1.2,1,in_json,93,1
175,L4,T2,-1,0,1.8333333730697632,1.8333333333333333,1,in_json,94,0
175,L4,T2,0,0,6.900000095367432,6.9,1,in_json,94,1
176,L4,Tm2,0,-1,12.100000381469727,12.1,1,in_json,95,0
176,L4,Tm2,1,-1,6.888888835906982,6.888888888888889,1,in_json,95,1
176,L4,Tm2,0,0,5.800000190734863,5.8,1,in_json,95,2
177,L4,Tm4,-1,0,1.125,1.125,1,in_json,96,0
177,L4,Tm4,0,1,1.0,1,1,in_json,96,1
177,L4,Tm4,-1,1,2.3333332538604736,2.3333333333333335,1,in_json,96,2
177,L4,Tm4,1,0,1.6666666269302368,1.6666666666666667,1,in_json,96,3
177,L4,Tm4,1,-1,1.0,1,1,in_json,96,4
177,L4,Tm4,0,0,6.5,6.5,1,in_json,96,5
178,L4,Tm9,0,-1,1.3333333730697632,1.3333333333333333,1,in_json,97,0
180,L4,TmY3,-1,0,8.0,8,1,in_json,98,0
180,L4,TmY3,-1,1,1.5,1.5,1,in_json,98,1
180,L4,TmY3,1,0,1.6666666269302368,1.6666666666666667,1,in_json,98,2
180,L4,TmY3,0,-1,7.714285850524902,7.714285714285714,1,in_json,98,3
180,L4,TmY3,1,-2,6.25,6.25,1,in_json,98,4
180,L4,TmY3,1,-1,4.800000190734863,4.8,1,in_json,98,5
180,L4,TmY3,0,0,6.333333492279053,6.333333333333333,1,in_json,98,6
179,L4,TmY13,0,-1,1.0,1,1,in_json,99,0
183,L5,L1,0,0,22.384614944458008,22.384615384615383,1,in_json,100,0
184,L5,L2,0,0,4.666666507720947,4.666666666666667,1,in_json,101,0
185,L5,L5,0,1,1.0,1,1,in_json,102,0
181,L5,C2,1,1,1.5,1.5,1,in_json,103,0
181,L5,C2,0,1,8.875,8.875,1,in_json,103,1
181,L5,C2,-1,1,2.875,2.875,1,in_json,103,2
181,L5,C2,-1,2,2.5,2.5,1,in_json,103,3
181,L5,C2,1,0,5.666666507720947,5.666666666666667,1,in_json,103,4
181,L5,C2,0,-1,1.899999976158142,1.9,1,in_json,103,5
181,L5,C2,1,-2,1.5,1.5,1,in_json,103,6
181,L5,C2,1,-1,3.8333332538604736,3.8333333333333335,1,in_json,103,7
181,L5,C2,0,0,8.272727012634277,8.272727272727273,1,in_json,103,8
182,L5,C3,0,0,7.5,7.5,1,in_json,104,0
186,L5,Mi1,-1,0,1.5,1.5,1,in_json,105,0
186,L5,Mi1,-1,1,1.0,1,1,in_json,105,1
186,L5,Mi1,0,0,28.076923370361328,28.076923076923077,1,in_json,105,2
188,L5,Mi2,0,0,1.6666666269302368,1.6666666666666667,1,in_json,106,0
189,L5,Mi4,-1,0,2.5714285373687744,2.5714285714285716,1,in_json,107,0
189,L5,Mi4,0,1,5.125,5.125,1,in_json,107,1
189,L5,Mi4,-1,1,3.4285714626312256,3.4285714285714284,1,in_json,107,2
189,L5,Mi4,0,-1,1.6363636255264282,1.6363636363636365,1,in_json,107,3
189,L5,Mi4,1,-1,1.25,1.25,1,in_json,107,4
189,L5,Mi4,0,0,14.333333015441895,14.333333333333334,1,in_json,107,5
187,L5,Mi15,1,0,1.0,1,1,in_json,108,0
190,L5,T1,0,0,1.0,1,1,in_json,109,0
191,L5,T2,0,1,11.88888931274414,11.88888888888889,1,in_json,110,0
191,L5,T2,-1,1,15.5,15.5,1,in_json,110,1
191,L5,T2,-1,2,2.5,2.5,1,in_json,110,2
191,L5,T2,0,0,8.833333015441895,8.833333333333334,1,in_json,110,3
193,L5,Tm3,-1,0,3.909090995788574,3.909090909090909,1,in_json,111,0
193,L5,Tm3,0,1,6.7272725105285645,6.7272727272727275,1,in_json,111,1
193,L5,Tm3,-1,1,10.300000190734863,10.3,1,in_json,111,2
193,L5,Tm3,-1,-1,1.25,1.25,1,in_json,111,3
193,L5,Tm3,-1,2,6.142857074737549,6.142857142857143,1,in_json,111,4
193,L5,Tm3,1,0,2.3636362552642822,2.3636363636363638,1,in_json,111,5
193,L5,Tm3,0,-1,2.0714285373687744,2.0714285714285716,1,in_json,111,6
193,L5,Tm3,0,2,1.6666666269302368,1.6666666666666667,1,in_json,111,7
193,L5,Tm3,1,-1,1.2307692766189575,1.2307692307692308,1,in_json,111,8
193,L5,Tm3,0,0,7.785714149475098,7.785714285714286,1,in_json,111,9
192,L5,Tm20,-1,1,1.0,1,1,in_json,112,0
192,L5,Tm20,0,0,1.8181818723678589,1.8181818181818181,1,in_json,112,1
197,L5,TmY3,-1,0,6.666666507720947,6.666666666666667,1,in_json,113,0
197,L5,TmY3,0,1,4.599999904632568,4.6,1,in_json,113,1
197,L5,TmY3,-1,1,7.400000095367432,7.4,1,in_json,113,2
197,L5,TmY3,-1,2,1.0,1,1,in_json,113,3
197,L5,TmY3,1,0,5.25,5.25,1,in_json,113,4
197,L5,TmY3,0,-1,2.875,2.875,1,in_json,113,5
197,L5,TmY3,1,-1,3.799999952316284,3.8,1,in_json,113,6
197,L5,TmY3,0,0,10.857142448425293,10.857142857142858,1,in_json,113,7
194,L5,TmY13,-1,0,1.6666666269302368,1.6666666666666667,1,in_json,114,0
195,L5,TmY14,0,1,1.2000000476837158,1.2,1,in_json,115,0
195,L5,TmY14,-1,1,2.3333332538604736,2.3333333333333335,1,in_json,115,1
195,L5,TmY14,0,0,2.799999952316284,2.8,1,in_json,115,2
196,L5,TmY18,0,1,1.5714285373687744,1.5714285714285714,1,in_json,116,0
196,L5,TmY18,-1,1,1.1666666269302368,1.1666666666666667,1,in_json,116,1
198,Lawf1,Lawf1,1,0,1.0,1,1,dropped,117,0
199,Lawf1,Tm3,1,0,1.100000023841858,1.1,1,in_json,118,0
199,Lawf1,Tm3,0,2,1.3333333730697632,1.3333333333333333,1,in_json,118,1
201,Lawf2,L3,-3,-1,1.9090908765792847,1.9090909090909092,1,in_json,119,0
201,Lawf2,L3,-2,-1,1.9090908765792847,1.9090909090909092,1,in_json,119,1
201,Lawf2,L3,-1,-1,1.9090908765792847,1.9090909090909092,1,in_json,119,2
201,Lawf2,L3,0,-1,1.9090908765792847,1.9090909090909092,1,in_json,119,3
201,Lawf2,L3,1,-1,1.9090908765792847,1.9090909090909092,1,in_json,119,4
201,Lawf2,L3,2,-1,1.9090908765792847,1.9090909090909092,1,in_json,119,5
201,Lawf2,L3,3,-1,1.9090908765792847,1.9090909090909092,1,in_json,119,6
201,Lawf2,L3,4,-1,1.9090908765792847,1.9090909090909092,1,in_json,119,7
201,Lawf2,L3,-4,0,1.9090908765792847,1.9090909090909092,1,in_json,119,8
201,Lawf2,L3,-3,0,1.9090908765792847,1.9090909090909092,1,in_json,119,9
201,Lawf2,L3,-2,0,1.9090908765792847,1.9090909090909092,1,in_json,119,10
201,Lawf2,L3,-1,0,1.9090908765792847,1.9090909090909092,1,in_json,119,11
201,Lawf2,L3,0,0,1.9090908765792847,1.9090909090909092,1,in_json,119,12
201,Lawf2,L3,1,0,1.9090908765792847,1.9090909090909092,1,in_json,119,13
201,Lawf2,L3,2,0,1.9090908765792847,1.9090909090909092,1,in_json,119,14
201,Lawf2,L3,3,0,1.9090908765792847,1.9090909090909092,1,in_json,119,15
201,Lawf2,L3,4,0,1.9090908765792847,1.9090909090909092,1,in_json,119,16
201,Lawf2,L3,-4,1,1.9090908765792847,1.9090909090909092,1,in_json,119,17
201,Lawf2,L3,-3,1,1.9090908765792847,1.9090909090909092,1,in_json,119,18
201,Lawf2,L3,-2,1,1.9090908765792847,1.9090909090909092,1,in_json,119,19
201,Lawf2,L3,-1,1,1.9090908765792847,1.9090909090909092,1,in_json,119,20
201,Lawf2,L3,0,1,1.9090908765792847,1.9090909090909092,1,in_json,119,21
201,Lawf2,L3,1,1,1.9090908765792847,1.9090909090909092,1,in_json,119,22
201,Lawf2,L3,2,1,1.9090908765792847,1.9090909090909092,1,in_json,119,23
201,Lawf2,L3,3,1,1.9090908765792847,1.9090909090909092,1,in_json,119,24
202,Lawf2,Lawf2,-3,-1,1.4,1.4,1,dropped,120,0
202,Lawf2,Lawf2,-2,-1,1.4,1.4,1,dropped,120,1
202,Lawf2,Lawf2,-1,-1,1.4,1.4,1,dropped,120,2
202,Lawf2,Lawf2,0,-1,1.4,1.4,1,dropped,120,3
202,Lawf2,Lawf2,1,-1,1.4,1.4,1,dropped,120,4
202,Lawf2,Lawf2,2,-1,1.4,1.4,1,dropped,120,5
202,Lawf2,Lawf2,3,-1,1.4,1.4,1,dropped,120,6
202,Lawf2,Lawf2,4,-1,1.4,1.4,1,dropped,120,7
202,Lawf2,Lawf2,-4,0,1.4,1.4,1,dropped,120,8
202,Lawf2,Lawf2,-3,0,1.399999976158142,1.4,1,in_json,120,9
202,Lawf2,Lawf2,-2,0,1.4,1.4,1,dropped,120,10
202,Lawf2,Lawf2,-1,0,1.4,1.4,1,dropped,120,11
202,Lawf2,Lawf2,1,0,1.4,1.4,1,dropped,120,12
202,Lawf2,Lawf2,2,0,1.4,1.4,1,dropped,120,13
202,Lawf2,Lawf2,3,0,1.399999976158142,1.4,1,in_json,120,14
202,Lawf2,Lawf2,4,0,1.4,1.4,1,dropped,120,15
202,Lawf2,Lawf2,-4,1,1.4,1.4,1,dropped,120,16
202,Lawf2,Lawf2,-3,1,1.4,1.4,1,dropped,120,17
202,Lawf2,Lawf2,-2,1,1.4,1.4,1,dropped,120,18
202,Lawf2,Lawf2,-1,1,1.4,1.4,1,dropped,120,19
202,Lawf2,Lawf2,0,1,1.4,1.4,1,dropped,120,20
202,Lawf2,Lawf2,1,1,1.4,1.4,1,dropped,120,21
202,Lawf2,Lawf2,2,1,1.4,1.4,1,dropped,120,22
202,Lawf2,Lawf2,3,1,1.4,1.4,1,dropped,120,23
202,Lawf2,Lawf2,0,0,1.0,,1,hull_filled,120,
200,Lawf2,Am,-3,-1,3.2727272510528564,3.272727272727273,1,in_json,121,0
200,Lawf2,Am,-2,-1,3.2727272510528564,3.272727272727273,1,in_json,121,1
200,Lawf2,Am,-1,-1,3.2727272510528564,3.272727272727273,1,in_json,121,2
200,Lawf2,Am,0,-1,3.2727272510528564,3.272727272727273,1,in_json,121,3
200,Lawf2,Am,1,-1,3.2727272510528564,3.272727272727273,1,in_json,121,4
200,Lawf2,Am,2,-1,3.2727272510528564,3.272727272727273,1,in_json,121,5
200,Lawf2,Am,3,-1,3.2727272510528564,3.272727272727273,1,in_json,121,6
200,Lawf2,Am,4,-1,3.2727272510528564,3.272727272727273,1,in_json,121,7
200,Lawf2,Am,-4,0,3.2727272510528564,3.272727272727273,1,in_json,121,8
200,Lawf2,Am,-3,0,3.2727272510528564,3.272727272727273,1,in_json,121,9
200,Lawf2,Am,-2,0,3.2727272510528564,3.272727272727273,1,in_json,121,10
200,Lawf2,Am,-1,0,3.2727272510528564,3.272727272727273,1,in_json,121,11
200,Lawf2,Am,0,0,3.2727272510528564,3.272727272727273,1,in_json,121,12
200,Lawf2,Am,1,0,3.2727272510528564,3.272727272727273,1,in_json,121,13
200,Lawf2,Am,2,0,3.2727272510528564,3.272727272727273,1,in_json,121,14
200,Lawf2,Am,3,0,3.2727272510528564,3.272727272727273,1,in_json,121,15
200,Lawf2,Am,4,0,3.2727272510528564,3.272727272727273,1,in_json,121,16
200,Lawf2,Am,-4,1,3.2727272510528564,3.272727272727273,1,in_json,121,17
200,Lawf2,Am,-3,1,3.2727272510528564,3.272727272727273,1,in_json,121,18
200,Lawf2,Am,-2,1,3.2727272510528564,3.272727272727273,1,in_json,121,19
200,Lawf2,Am,-1,1,3.2727272510528564,3.272727272727273,1,in_json,121,20
200,Lawf2,Am,0,1,3.2727272510528564,3.272727272727273,1,in_json,121,21
200,Lawf2,Am,1,1,3.2727272510528564,3.272727272727273,1,in_json,121,22
200,Lawf2,Am,2,1,3.2727272510528564,3.272727272727273,1,in_json,121,23
200,Lawf2,Am,3,1,3.2727272510528564,3.272727272727273,1,in_json,121,24
72,Am,R1,0,0,1.0,1,-1,in_json,122,0
73,Am,R2,0,0,1.0,1,-1,in_json,123,0
74,Am,R4,0,0,2.0,2,-1,in_json,124,0
75,Am,R5,0,0,2.0,2,-1,in_json,125,0
68,Am,L1,0,0,1.0,1,1,in_json,126,0
69,Am,L2,0,0,4.0,4,-1,in_json,127,0
70,Am,L3,0,0,14.0,14,-1,in_json,128,0
71,Am,L4,0,0,5.0,5,-1,in_json,129,0
66,Am,C2,0,0,1.0,1,-1,in_json,130,0
67,Am,C3,0,0,1.0,1,-1,in_json,131,0
76,Am,T1,0,0,63.0,63,1,in_json,132,0
78,C2,L1,0,0,18.454545974731445,18.454545454545453,1,in_json,133,0
79,C2,L2,0,0,11.5,11.5,1,in_json,134,0
80,C2,L3,0,0,3.200000047683716,3.2,-1,in_json,135,0
81,C2,L4,0,1,6.44444465637207,6.444444444444445,-1,in_json,136,0
81,C2,L4,-1,1,5.666666507720947,5.666666666666667,-1,in_json,136,1
82,C2,L5,0,0,19.454545974731445,19.454545454545453,-1,in_json,137,0
83,C2,Lawf2,0,1,5.0,5,-1,in_json,138,0
83,C2,Lawf2,-1,1,5.0,5,-1,in_json,138,1
83,C2,Lawf2,0,0,5.0,5,-1,in_json,138,2
83,C2,Lawf2,-2,1,5.0,5,-1,in_json,138,3
83,C2,Lawf2,-1,0,5.0,5,-1,in_json,138,4
83,C2,Lawf2,-2,0,5.0,5,-1,in_json,138,5
83,C2,Lawf2,-1,2,5.0,5,-1,in_json,138,6
83,C2,Lawf2,-2,2,5.0,5,-1,in_json,138,7
83,C2,Lawf2,2,-1,5.0,5,-1,in_json,138,8
83,C2,Lawf2,2,-2,5.0,5,-1,in_json,138,9
83,C2,Lawf2,2,0,5.0,5,-1,in_json,138,10
83,C2,Lawf2,1,1,5.0,5,-1,in_json,138,11
83,C2,Lawf2,1,-2,5.0,5,-1,in_json,138,12
83,C2,Lawf2,0,-2,5.0,5,-1,in_json,138,13
83,C2,Lawf2,-1,-1,5.0,5,-1,in_json,138,14
83,C2,Lawf2,0,-1,5.0,5,-1,in_json,138,15
83,C2,Lawf2,1,0,5.0,5,-1,in_json,138,16
83,C2,Lawf2,1,-1,5.0,5,-1,in_json,138,17
83,C2,Lawf2,0,2,5.0,5,-1,in_json,138,18
77,C2,Am,0,0,8.0,8,-1,in_json,139,0
84,C2,Mi1,0,0,10.727272987365723,10.727272727272727,-1,in_json,140,0
85,C2,T1,0,0,3.454545497894287,3.4545454545454546,-1,in_json,141,0
86,C2,T2,-1,1,1.6666666269302368,1.6666666666666667,-1,in_json,142,0
87,C2,T4a,-4,2,1.2000000476837158,1.2,-1,in_json,143,0
88,C2,Tm1,0,0,5.400000095367432,5.4,-1,in_json,144,0
89,C2,Tm9,0,0,3.3333332538604736,3.3333333333333335,-1,in_json,145,0
90,C2,TmY14,1,0,1.5,1.5,-1,in_json,146,0
101,C3,R3,-2,1,1.0,1,-1,in_json,147,0
93,C3,L1,0,0,6.0,6,1,in_json,148,0
94,C3,L2,0,0,56.125,56.125,1,in_json,149,0
95,C3,L3,0,0,1.0,1,-1,in_json,150,0
96,C3,L5,0,0,9.333333015441895,9.333333333333334,-1,in_json,151,0
97,C3,Lawf2,0,1,5.0,5,-1,in_json,152,0
97,C3,Lawf2,-1,1,5.0,5,-1,in_json,152,1
97,C3,Lawf2,0,0,5.0,5,-1,in_json,152,2
97,C3,Lawf2,-2,1,5.0,5,-1,in_json,152,3
97,C3,Lawf2,-1,0,5.0,5,-1,in_json,152,4
97,C3,Lawf2,-2,0,5.0,5,-1,in_json,152,5
97,C3,Lawf2,-1,2,5.0,5,-1,in_json,152,6
97,C3,Lawf2,-2,2,5.0,5,-1,in_json,152,7
97,C3,Lawf2,2,-1,5.0,5,-1,in_json,152,8
97,C3,Lawf2,2,-2,5.0,5,-1,in_json,152,9
97,C3,Lawf2,2,0,5.0,5,-1,in_json,152,10
97,C3,Lawf2,1,1,5.0,5,-1,in_json,152,11
97,C3,Lawf2,1,-2,5.0,5,-1,in_json,152,12
97,C3,Lawf2,0,-2,5.0,5,-1,in_json,152,13
97,C3,Lawf2,-1,-1,5.0,5,-1,in_json,152,14
97,C3,Lawf2,0,-1,5.0,5,-1,in_json,152,15
97,C3,Lawf2,1,0,5.0,5,-1,in_json,152,16
97,C3,Lawf2,1,-1,5.0,5,-1,in_json,152,17
97,C3,Lawf2,0,2,5.0,5,-1,in_json,152,18
91,C3,Am,0,0,22.0,22,-1,in_json,153,0
92,C3,CT1(M10),0,0,1.1304347515106201,1.1304347826086956,-1,in_json,154,0
98,C3,Mi1,0,0,3.9200000762939453,3.92,-1,in_json,155,0
99,C3,Mi4,0,0,2.119999885559082,2.12,-1,in_json,156,0
100,C3,Mi9,0,0,11.727272987365723,11.727272727272727,-1,in_json,157,0
102,C3,T1,0,0,128.60000610351562,128.6,-1,in_json,158,0
103,C3,T2,0,1,3.555555582046509,3.5555555555555554,-1,in_json,159,0
103,C3,T2,-1,1,3.0,3,-1,in_json,159,1
103,C3,T2,-1,2,2.8333332538604736,2.8333333333333335,-1,in_json,159,2
103,C3,T2,0,0,4.400000095367432,4.4,-1,in_json,159,3
104,C3,T4a,0,1,2.3043477535247803,2.3043478260869565,-1,in_json,160,0
104,C3,T4a,-1,1,7.400000095367432,7.4,-1,in_json,160,1
105,C3,T4b,0,-1,2.7200000286102295,2.72,-1,in_json,161,0
105,C3,T4b,1,-1,2.5,2.5,-1,in_json,161,1
106,C3,T4c,1,0,2.4285714626312256,2.4285714285714284,-1,in_json,162,0
106,C3,T4c,1,-1,1.7777777910232544,1.7777777777777777,-1,in_json,162,1
107,C3,T4d,-1,0,4.5,4.5,-1,in_json,163,0
107,C3,T4d,1,1,1.0,1,-1,in_json,163,1
107,C3,T4d,-1,1,1.0,1,-1,in_json,163,2
107,C3,T4d,0,1,1.0,,-1,hull_filled,163,
108,C3,Tm1,0,0,16.090909957885742,16.09090909090909,-1,in_json,164,0
109,C3,Tm2,0,0,1.5199999809265137,1.52,-1,in_json,165,0
111,C3,Tm4,-1,0,1.1428571939468384,1.1428571428571428,-1,in_json,166,0
111,C3,Tm4,0,1,7.666666507720947,7.666666666666667,-1,in_json,166,1
111,C3,Tm4,-1,1,7.111111164093018,7.111111111111111,-1,in_json,166,2
111,C3,Tm4,-1,2,3.0,3,-1,in_json,166,3
111,C3,Tm4,0,2,1.0,1,-1,in_json,166,4
111,C3,Tm4,0,0,3.555555582046509,3.5555555555555554,-1,in_json,166,5
112,C3,Tm9,0,0,2.444444417953491,2.4444444444444446,-1,in_json,167,0
110,C3,Tm20,0,0,6.800000190734863,6.8,-1,in_json,168,0
113,CT1(Lo1),T5a,0,1,6.12863302230835,6.12863283450829,-1,in_json,169,0
113,CT1(Lo1),T5a,-1,1,9.382027626037598,9.382027419272763,-1,in_json,169,1
113,CT1(Lo1),T5a,-1,2,4.881271839141846,4.881271821858781,-1,in_json,169,2
113,CT1(Lo1),T5a,0,2,2.5690903663635254,2.5690904325572537,-1,in_json,169,3
113,CT1(Lo1),T5a,-6,4,5.769749164581299,5.769748929784831,-1,in_json,169,4
113,CT1(Lo1),T5a,-4,4,2.3228859901428223,2.3228859327705167,-1,in_json,169,5
113,CT1(Lo1),T5a,-2,3,2.124316692352295,2.124316651420779,-1,in_json,169,6
113,CT1(Lo1),T5a,0,0,1.822026014328003,1.8220259778267889,-1,in_json,169,7
113,CT1(Lo1),T5a,-5,4,1.0,,-1,hull_filled,169,
113,CT1(Lo1),T5a,-4,3,1.0,,-1,hull_filled,169,
113,CT1(Lo1),T5a,-3,2,1.0,,-1,hull_filled,169,
113,CT1(Lo1),T5a,-3,3,1.0,,-1,hull_filled,169,
113,CT1(Lo1),T5a,-2,2,1.0,,-1,hull_filled,169,
114,CT1(Lo1),T5b,0,-1,8.783177375793457,8.783177164368235,-1,in_json,170,0
114,CT1(Lo1),T5b,0,-2,5.060619831085205,5.060619655251229,-1,in_json,170,1
114,CT1(Lo1),T5b,1,-2,2.6499245166778564,2.6499244740224617,-1,in_json,170,2
114,CT1(Lo1),T5b,1,-1,7.229456424713135,7.229456650358899,-1,in_json,170,3
114,CT1(Lo1),T5b,-3,-3,4.554557800292969,4.554557689726106,-1,in_json,170,4
114,CT1(Lo1),T5b,0,0,2.722264289855957,2.7222643662730746,-1,in_json,170,5
114,CT1(Lo1),T5b,-2,-2,1.0,,-1,hull_filled,170,
114,CT1(Lo1),T5b,-1,-2,1.0,,-1,hull_filled,170,
114,CT1(Lo1),T5b,-1,-1,1.0,,-1,hull_filled,170,
115,CT1(Lo1),T5c,-1,1,6.497471809387207,6.4974719178290155,-1,in_json,171,0
115,CT1(Lo1),T5c,1,0,21.696697235107422,21.69669664893563,-1,in_json,171,1
115,CT1(Lo1),T5c,1,-1,10.805831909179688,10.805831433235351,-1,in_json,171,2
115,CT1(Lo1),T5c,0,0,1.0,,-1,hull_filled,171,
116,CT1(Lo1),T5d,-1,0,21.430313110351562,21.430312880942704,-1,in_json,172,0
116,CT1(Lo1),T5d,-1,1,6.509549140930176,6.509548963835838,-1,in_json,172,1
116,CT1(Lo1),T5d,0,-1,7.281592845916748,7.2815928484355945,-1,in_json,172,2
116,CT1(Lo1),T5d,0,0,4.778545379638672,4.778545306785859,-1,in_json,172,3
117,CT1(Lo1),Tm1,0,0,2.799999952316284,2.8,-1,in_json,173,0
118,CT1(Lo1),Tm9,0,0,19.68000030517578,19.68,-1,in_json,174,0
119,CT1(M10),C3,0,0,1.1739130020141602,1.173913043478261,-1,in_json,175,0
120,CT1(M10),Mi1,0,0,7.0638298988342285,7.0638297872340425,-1,in_json,176,0
121,CT1(M10),T4a,-1,0,1.7142857313156128,1.7142857142857144,-1,in_json,177,0
121,CT1(M10),T4a,-2,0,1.0,1.0000000000000002,-1,in_json,177,1
121,CT1(M10),T4a,0,1,3.0,3.000000000000001,-1,in_json,177,2
121,CT1(M10),T4a,-1,1,9.285714149475098,9.285714285714288,-1,in_json,177,3
121,CT1(M10),T4a,1,0,1.6666666269302368,1.666666666666667,-1,in_json,177,4
121,CT1(M10),T4a,0,0,1.3050847053527832,1.3050847457627122,-1,in_json,177,5
122,CT1(M10),T4b,-1,0,1.2999999523162842,1.3,-1,in_json,178,0
122,CT1(M10),T4b,0,-1,6.55555534362793,6.555555555555556,-1,in_json,178,1
122,CT1(M10),T4b,1,-1,2.7142856121063232,2.7142857142857144,-1,in_json,178,2
122,CT1(M10),T4b,0,0,1.5555555820465088,1.5555555555555556,-1,in_json,178,3
123,CT1(M10),T4c,1,1,2.0,1.9999999999999998,-1,in_json,179,0
123,CT1(M10),T4c,0,1,1.0,0.9999999999999999,-1,in_json,179,1
123,CT1(M10),T4c,-1,1,1.0,0.9999999999999999,-1,in_json,179,2
123,CT1(M10),T4c,1,0,7.142857074737549,7.142857142857142,-1,in_json,179,3
123,CT1(M10),T4c,1,-1,2.2857143878936768,2.2857142857142856,-1,in_json,179,4
123,CT1(M10),T4c,0,0,1.0909091234207153,1.0909090909090906,-1,in_json,179,5
124,CT1(M10),T4d,-1,0,9.125,9.125,-1,in_json,180,0
124,CT1(M10),T4d,-2,0,1.0,0.9999999999999999,-1,in_json,180,1
124,CT1(M10),T4d,1,1,2.75,2.75,-1,in_json,180,2
124,CT1(M10),T4d,0,1,1.0,0.9999999999999999,-1,in_json,180,3
124,CT1(M10),T4d,-1,1,1.1111111640930176,1.1111111111111112,-1,in_json,180,4
124,CT1(M10),T4d,0,-1,1.3333333730697632,1.3333333333333333,-1,in_json,180,5
124,CT1(M10),T4d,0,0,1.8888888359069824,1.8888888888888886,-1,in_json,180,6
206,Mi1,L1,0,0,26.285715103149414,26.285714285714285,1,in_json,181,0
207,Mi1,L5,0,0,4.92307710647583,4.923076923076923,1,in_json,182,0
203,Mi1,C2,0,1,2.777777671813965,2.7777777777777777,1,in_json,183,0
203,Mi1,C2,-1,1,2.454545497894287,2.4545454545454546,1,in_json,183,1
203,Mi1,C2,2,-2,1.600000023841858,1.6,1,in_json,183,2
203,Mi1,C2,-1,2,1.4444444179534912,1.4444444444444444,1,in_json,183,3
203,Mi1,C2,1,0,3.6666667461395264,3.6666666666666665,1,in_json,183,4
203,Mi1,C2,1,-2,2.200000047683716,2.2,1,in_json,183,5
203,Mi1,C2,1,-1,2.6666667461395264,2.6666666666666665,1,in_json,183,6
203,Mi1,C2,-1,3,1.1666666269302368,1.1666666666666667,1,in_json,183,7
203,Mi1,C2,0,0,4.909090995788574,4.909090909090909,1,in_json,183,8
203,Mi1,C2,2,-4,2.3333332538604736,2.3333333333333335,1,in_json,183,9
203,Mi1,C2,2,-3,1.5,1.5,1,in_json,183,10
203,Mi1,C2,2,-1,1.6666666269302368,1.6666666666666667,1,in_json,183,11
203,Mi1,C2,1,2,1.25,1.25,1,in_json,183,12
203,Mi1,C2,0,2,1.0,,1,hull_filled,183,
203,Mi1,C2,1,1,1.0,,1,hull_filled,183,
204,Mi1,C3,0,0,8.960000038146973,8.96,1,in_json,184,0
205,Mi1,CT1(M10),0,0,4.319149017333984,4.319148936170213,1,in_json,185,0
213,Mi1,Mi2,-1,0,4.5,4.5,1,in_json,186,0
213,Mi1,Mi2,0,1,2.799999952316284,2.8,1,in_json,186,1
213,Mi1,Mi2,-1,1,2.1666667461395264,2.1666666666666665,1,in_json,186,2
213,Mi1,Mi2,-1,2,1.0,1,1,in_json,186,3
213,Mi1,Mi2,0,-1,2.0,2,1,in_json,186,4
213,Mi1,Mi2,0,0,9.166666984558105,9.166666666666666,1,in_json,186,5
214,Mi1,Mi4,0,0,11.833333015441895,11.833333333333334,1,in_json,187,0
215,Mi1,Mi9,0,0,10.5600004196167,10.56,1,in_json,188,0
208,Mi1,Mi10,-1,0,1.0,1,1,in_json,189,0
208,Mi1,Mi10,1,0,1.0,1,1,in_json,189,1
209,Mi1,Mi12,0,1,1.125,1.125,1,in_json,190,0
210,Mi1,Mi13,0,-1,1.0,1,1,in_json,191,0
211,Mi1,Mi14,0,1,1.6666666269302368,1.6666666666666667,1,in_json,192,0
211,Mi1,Mi14,0,0,2.3333332538604736,2.3333333333333335,1,in_json,192,1
212,Mi1,Mi15,0,0,3.875,3.875,1,in_json,193,0
216,Mi1,T2,0,1,5.5,5.5,1,in_json,194,0
216,Mi1,T2,-1,1,4.454545497894287,4.454545454545454,1,in_json,194,1
216,Mi1,T2,-1,2,1.2000000476837158,1.2,1,in_json,194,2
216,Mi1,T2,0,0,4.7272725105285645,4.7272727272727275,1,in_json,194,3
217,Mi1,T2a,0,1,10.5,10.5,1,in_json,195,0
217,Mi1,T2a,-1,1,4.5,4.5,1,in_json,195,1
217,Mi1,T2a,-1,2,3.700000047683716,3.7,1,in_json,195,2
217,Mi1,T2a,0,0,3.3333332538604736,3.3333333333333335,1,in_json,195,3
218,Mi1,T3,-1,0,7.375,7.375,1,in_json,196,0
218,Mi1,T3,0,1,2.0,2,1,in_json,196,1
218,Mi1,T3,-1,1,4.777777671813965,4.777777777777778,1,in_json,196,2
218,Mi1,T3,2,-1,3.5999999046325684,3.6,1,in_json,196,3
218,Mi1,T3,1,0,6.142857074737549,6.142857142857143,1,in_json,196,4
218,Mi1,T3,0,-1,1.2999999523162842,1.3,1,in_json,196,5
218,Mi1,T3,1,-1,2.75,2.75,1,in_json,196,6
218,Mi1,T3,0,0,22.0,22,1,in_json,196,7
219,Mi1,T4a,-1,0,13.736448287963867,13.736448168879368,1,in_json,197,0
219,Mi1,T4a,1,1,0.8618947863578796,0.8618947870669407,1,in_json,197,1
219,Mi1,T4a,0,1,3.453104019165039,3.4531041148515254,1,in_json,197,2
219,Mi1,T4a,-1,1,3.6710333824157715,3.6710333523221546,1,in_json,197,3
219,Mi1,T4a,2,-1,0.8978070616722107,0.8978070698613966,1,in_json,197,4
219,Mi1,T4a,1,0,4.5146870613098145,4.514686979874451,1,in_json,197,5
219,Mi1,T4a,0,-1,1.4364913702011108,1.4364913117782345,1,in_json,197,6
219,Mi1,T4a,1,-1,0.7182456851005554,0.7182456558891173,1,in_json,197,7
219,Mi1,T4a,0,0,20.749319076538086,20.74931894790783,1,in_json,197,8
219,Mi1,T4a,2,0,1.4364913702011108,1.4364913117782345,1,in_json,197,9
219,Mi1,T4a,-4,1,1.8355166912078857,1.8355166761610773,1,in_json,197,10
219,Mi1,T4a,2,2,0.8208521604537964,0.8208521781589911,1,in_json,197,11
219,Mi1,T4a,1,3,3.9104485511779785,3.9104485709518606,1,in_json,197,12
219,Mi1,T4a,1,4,0.9576608538627625,0.957660874518823,1,in_json,197,13
219,Mi1,T4a,-3,1,1.0,,1,hull_filled,197,
219,Mi1,T4a,-2,0,1.0,,1,hull_filled,197,
219,Mi1,T4a,-2,1,1.0,,1,hull_filled,197,
219,Mi1,T4a,-2,2,1.0,,1,hull_filled,197,
219,Mi1,T4a,-1,2,1.0,,1,hull_filled,197,
219,Mi1,T4a,0,2,1.0,,1,hull_filled,197,
219,Mi1,T4a,0,3,1.0,,1,hull_filled,197,
219,Mi1,T4a,1,2,1.0,,1,hull_filled,197,
219,Mi1,T4a,2,1,1.0,,1,hull_filled,197,
220,Mi1,T4b,-1,0,4.06332540512085,4.0633254409708615,1,in_json,198,0
220,Mi1,T4b,0,1,4.113490104675293,4.113489952587785,1,in_json,198,1
220,Mi1,T4b,-1,1,5.3274712562561035,5.327471133717352,1,in_json,198,2
220,Mi1,T4b,-2,1,1.5479334592819214,1.5479335013222328,1,in_json,198,3
220,Mi1,T4b,2,-3,1.0207387208938599,1.0207387581182839,1,in_json,198,4
220,Mi1,T4b,1,0,3.724714994430542,3.724714987556623,1,in_json,198,5
220,Mi1,T4b,0,-1,3.3108577728271484,3.310857766716998,1,in_json,198,6
220,Mi1,T4b,1,-1,3.611844778060913,3.6118448364185434,1,in_json,198,7
220,Mi1,T4b,0,0,23.17600440979004,23.176004367018987,1,in_json,198,8
220,Mi1,T4b,1,2,1.1036192178726196,1.1036192555723328,1,in_json,198,9
220,Mi1,T4b,1,-2,1.0,,1,hull_filled,198,
220,Mi1,T4b,1,1,1.0,,1,hull_filled,198,
221,Mi1,T4c,-1,0,2.9245340824127197,2.9245341716534643,1,in_json,199,0
221,Mi1,T4c,1,1,1.698116660118103,1.6981166157987857,1,in_json,199,1
221,Mi1,T4c,0,1,7.756828784942627,7.756828985747539,1,in_json,199,2
221,Mi1,T4c,-1,1,3.490572929382324,3.490573043586393,1,in_json,199,3
221,Mi1,T4c,-2,1,5.660388946533203,5.660388719329286,1,in_json,199,4
221,Mi1,T4c,1,0,4.952840328216553,4.952840129413125,1,in_json,199,5
221,Mi1,T4c,0,-1,4.245291709899902,4.245291539496964,1,in_json,199,6
221,Mi1,T4c,0,2,2.264155387878418,2.2641554877317143,1,in_json,199,7
221,Mi1,T4c,1,-1,7.510900497436523,7.510900416033091,1,in_json,199,8
221,Mi1,T4c,0,0,20.39191246032715,20.39191320681448,1,in_json,199,9
221,Mi1,T4c,2,0,1.0613229274749756,1.061322884874241,1,in_json,199,10
221,Mi1,T4c,-3,1,1.886796236038208,1.8867962397764286,1,in_json,199,11
221,Mi1,T4c,3,-2,0.943398118019104,0.9433981198882143,1,in_json,199,12
221,Mi1,T4c,-4,2,1.2129404544830322,1.2129404398562755,1,in_json,199,13
221,Mi1,T4c,-3,2,1.0,,1,hull_filled,199,
221,Mi1,T4c,-2,2,1.0,,1,hull_filled,199,
221,Mi1,T4c,-1,2,1.0,,1,hull_filled,199,
221,Mi1,T4c,2,-1,1.0,,1,hull_filled,199,
222,Mi1,T4d,-1,0,5.828821182250977,5.82882112662677,1,in_json,200,0
222,Mi1,T4d,1,1,4.035337924957275,4.0353377030493025,1,in_json,200,1
222,Mi1,T4d,0,1,3.7831292152404785,3.783129096608721,1,in_json,200,2
222,Mi1,T4d,-1,1,5.268357753753662,5.2683575567588115,1,in_json,200,3
222,Mi1,T4d,1,0,2.8583641052246094,2.8583642063265895,1,in_json,200,4
222,Mi1,T4d,0,-1,6.053006649017334,6.053006554573954,1,in_json,200,5
222,Mi1,T4d,1,-1,5.044172286987305,5.044172128811628,1,in_json,200,6
222,Mi1,T4d,0,0,26.12881088256836,26.128811627244232,1,in_json,200,7
223,Mi1,Tm1,0,0,4.42307710647583,4.423076923076923,1,in_json,201,0
225,Mi1,Tm3,-1,0,2.866666555404663,2.8666666666666667,1,in_json,202,0
225,Mi1,Tm3,0,1,7.0,7,1,in_json,202,1
225,Mi1,Tm3,-1,1,6.5625,6.5625,1,in_json,202,2
225,Mi1,Tm3,-1,-1,1.2000000476837158,1.2,1,in_json,202,3
225,Mi1,Tm3,-1,2,2.461538553237915,2.4615384615384617,1,in_json,202,4
225,Mi1,Tm3,1,0,4.0,4,1,in_json,202,5
225,Mi1,Tm3,0,-1,3.9285714626312256,3.9285714285714284,1,in_json,202,6
225,Mi1,Tm3,1,-1,3.9166667461395264,3.9166666666666665,1,in_json,202,7
225,Mi1,Tm3,0,0,7.625,7.625,1,in_json,202,8
224,Mi1,Tm20,0,0,2.200000047683716,2.2,1,in_json,203,0
230,Mi1,TmY3,-1,0,4.142857074737549,4.142857142857143,1,in_json,204,0
230,Mi1,TmY3,0,1,2.6666667461395264,2.6666666666666665,1,in_json,204,1
230,Mi1,TmY3,-1,1,3.5714285373687744,3.5714285714285716,1,in_json,204,2
230,Mi1,TmY3,1,0,3.5,3.5,1,in_json,204,3
230,Mi1,TmY3,0,-1,2.0,2,1,in_json,204,4
230,Mi1,TmY3,1,-1,1.2000000476837158,1.2,1,in_json,204,5
230,Mi1,TmY3,0,0,6.285714149475098,6.285714285714286,1,in_json,204,6
230,Mi1,TmY3,2,-1,1.625,1.625,1,in_json,204,7
231,Mi1,TmY9,0,1,1.25,1.25,1,in_json,205,0
231,Mi1,TmY9,0,0,1.1428571939468384,1.1428571428571428,1,in_json,205,1
226,Mi1,TmY13,-1,0,1.3333333730697632,1.3333333333333333,1,in_json,206,0
227,Mi1,TmY14,-1,1,1.600000023841858,1.6,1,in_json,207,0
227,Mi1,TmY14,1,0,1.5,1.5,1,in_json,207,1
227,Mi1,TmY14,0,0,1.8333333730697632,1.8333333333333333,1,in_json,207,2
228,Mi1,TmY15,-1,0,1.0,1,1,in_json,208,0
228,Mi1,TmY15,0,1,2.0,2,1,in_json,208,1
228,Mi1,TmY15,-1,1,1.5,1.5,1,in_json,208,2
228,Mi1,TmY15,-1,2,2.3333332538604736,2.3333333333333335,1,in_json,208,3
228,Mi1,TmY15,1,0,1.5,1.5,1,in_json,208,4
228,Mi1,TmY15,1,-1,1.25,1.25,1,in_json,208,5
228,Mi1,TmY15,0,0,1.25,1.25,1,in_json,208,6
228,Mi1,TmY15,3,-4,1.3333333730697632,1.3333333333333333,1,in_json,208,7
228,Mi1,TmY15,2,0,1.0,1,1,in_json,208,8
228,Mi1,TmY15,0,-1,1.0,,1,hull_filled,208,
228,Mi1,TmY15,1,-2,1.0,,1,hull_filled,208,
228,Mi1,TmY15,2,-3,1.0,,1,hull_filled,208,
228,Mi1,TmY15,2,-2,1.0,,1,hull_filled,208,
228,Mi1,TmY15,2,-1,1.0,,1,hull_filled,208,
229,Mi1,TmY18,-1,0,4.0,4,1,in_json,209,0
229,Mi1,TmY18,0,1,4.0,4,1,in_json,209,1
229,Mi1,TmY18,-1,1,5.545454502105713,5.545454545454546,1,in_json,209,2
229,Mi1,TmY18,2,-3,1.0,1,1,in_json,209,3
229,Mi1,TmY18,-1,-1,2.25,2.25,1,in_json,209,4
229,Mi1,TmY18,2,-1,1.5,1.5,1,in_json,209,5
229,Mi1,TmY18,1,0,5.0,5,1,in_json,209,6
229,Mi1,TmY18,0,-1,3.5,3.5,1,in_json,209,7
229,Mi1,TmY18,0,-2,1.75,1.75,1,in_json,209,8
229,Mi1,TmY18,1,-2,2.125,2.125,1,in_json,209,9
229,Mi1,TmY18,1,-1,1.899999976158142,1.9,1,in_json,209,10
229,Mi1,TmY18,-2,3,1.1428571939468384,1.1428571428571428,1,in_json,209,11
229,Mi1,TmY18,0,0,12.615385055541992,12.615384615384615,1,in_json,209,12
229,Mi1,TmY18,2,0,1.2000000476837158,1.2,1,in_json,209,13
229,Mi1,TmY18,-1,2,1.0,,1,hull_filled,209,
229,Mi1,TmY18,2,-2,1.0,,1,hull_filled,209,
265,Mi2,Mi1,1,-1,1.3333333730697632,1.3333333333333333,-1,in_json,210,0
265,Mi2,Mi1,0,0,1.1666666269302368,1.1666666666666667,-1,in_json,210,1
266,Mi2,T2,-1,0,1.0,1,-1,in_json,211,0
266,Mi2,T2,0,1,4.5,4.5,-1,in_json,211,1
266,Mi2,T2,-1,1,2.5,2.5,-1,in_json,211,2
266,Mi2,T2,-1,2,1.25,1.25,-1,in_json,211,3
266,Mi2,T2,1,0,1.25,1.25,-1,in_json,211,4
266,Mi2,T2,0,0,5.199999809265137,5.2,-1,in_json,211,5
267,Mi2,T2a,0,1,3.1666667461395264,3.1666666666666665,-1,in_json,212,0
267,Mi2,T2a,1,0,1.3333333730697632,1.3333333333333333,-1,in_json,212,1
267,Mi2,T2a,0,0,1.4285714626312256,1.4285714285714286,-1,in_json,212,2
268,Mi2,T3,1,0,1.7999999523162842,1.8,-1,in_json,213,0
268,Mi2,T3,0,-1,1.25,1.25,-1,in_json,213,1
268,Mi2,T3,1,-1,1.0,1,-1,in_json,213,2
268,Mi2,T3,0,0,3.8333332538604736,3.8333333333333335,-1,in_json,213,3
269,Mi2,Tm1,0,1,1.2000000476837158,1.2,-1,in_json,214,0
269,Mi2,Tm1,0,-1,1.0,1,-1,in_json,214,1
270,Mi2,TmY18,0,1,1.0,1,-1,in_json,215,0
270,Mi2,TmY18,1,-2,1.6666666269302368,1.6666666666666667,-1,in_json,215,1
270,Mi2,TmY18,0,0,1.8333333730697632,1.8333333333333333,-1,in_json,215,2
271,Mi3,T2,0,1,1.0,1,-1,in_json,216,0
272,Mi3,Tm5b,1,1,2.3333332538604736,2.3333333333333335,-1,in_json,217,0
274,Mi4,L2,0,0,5.4285712242126465,5.428571428571429,-1,in_json,218,0
273,Mi4,C3,0,0,1.2400000095367432,1.24,-1,in_json,219,0
275,Mi4,Mi1,0,0,3.9166667461395264,3.9166666666666665,-1,in_json,220,0
276,Mi4,Mi4,0,1,1.6842105388641357,1.6842105263157894,-1,in_json,221,0
276,Mi4,Mi4,-1,1,1.4500000476837158,1.45,-1,in_json,221,1
276,Mi4,Mi4,0,-1,1.9473683834075928,1.9473684210526316,-1,in_json,221,2
276,Mi4,Mi4,1,-1,1.5499999523162842,1.55,-1,in_json,221,3
276,Mi4,Mi4,0,0,1.0,,-1,hull_filled,221,
277,Mi4,Mi9,0,0,42.5,42.5,-1,in_json,222,0
278,Mi4,T1,0,0,1.0,1,-1,in_json,223,0
279,Mi4,T4a,1,1,1.3533281087875366,1.3533281575613942,-1,in_json,224,0
279,Mi4,T4a,0,1,3.5671966075897217,3.567196502267805,-1,in_json,224,1
279,Mi4,T4a,-1,1,7.823928356170654,7.82392841090181,-1,in_json,224,2
279,Mi4,T4a,0,4,0.8458300828933716,0.8458300984758713,-1,in_json,224,3
279,Mi4,T4a,1,4,1.4097168445587158,1.409716830793119,-1,in_json,224,4
279,Mi4,T4a,0,2,1.0,,-1,hull_filled,224,
279,Mi4,T4a,0,3,1.0,,-1,hull_filled,224,
279,Mi4,T4a,1,2,1.0,,-1,hull_filled,224,
279,Mi4,T4a,1,3,1.0,,-1,hull_filled,224,
280,Mi4,T4b,-1,0,1.399999976158142,1.4,-1,in_json,225,0
280,Mi4,T4b,1,0,1.25,1.25,-1,in_json,225,1
280,Mi4,T4b,0,-1,6.090909004211426,6.090909090909091,-1,in_json,225,2
280,Mi4,T4b,1,-1,5.75,5.75,-1,in_json,225,3
280,Mi4,T4b,0,0,1.3636363744735718,1.3636363636363635,-1,in_json,225,4
281,Mi4,T4c,1,1,1.2000000476837158,1.2,-1,in_json,226,0
281,Mi4,T4c,2,-1,1.399999976158142,1.4,-1,in_json,226,1
281,Mi4,T4c,1,0,3.375,3.375,-1,in_json,226,2
281,Mi4,T4c,1,-1,3.777777671813965,3.7777777777777777,-1,in_json,226,3
281,Mi4,T4c,0,0,1.9166666269302368,1.9166666666666667,-1,in_json,226,4
282,Mi4,T4d,-1,0,6.111111164093018,6.111111111111111,-1,in_json,227,0
282,Mi4,T4d,1,1,1.25,1.25,-1,in_json,227,1
282,Mi4,T4d,1,0,1.3333333730697632,1.3333333333333333,-1,in_json,227,2
282,Mi4,T4d,0,-1,1.2222222089767456,1.2222222222222223,-1,in_json,227,3
282,Mi4,T4d,0,0,1.0,,-1,hull_filled,227,
283,Mi4,Tm1,0,0,5.5217390060424805,5.521739130434782,-1,in_json,228,0
285,Mi4,Tm2,0,0,5.416666507720947,5.416666666666667,-1,in_json,229,0
288,Mi4,Tm5Y,0,0,2.375,2.375,-1,in_json,230,0
289,Mi4,Tm5a,1,0,1.0,1,-1,in_json,231,0
289,Mi4,Tm5a,0,-1,1.25,1.25,-1,in_json,231,1
289,Mi4,Tm5a,0,0,1.0,1,-1,in_json,231,2
290,Mi4,Tm5b,0,0,1.3333333730697632,1.3333333333333333,-1,in_json,232,0
291,Mi4,Tm5c,0,0,1.25,1.25,-1,in_json,233,0
292,Mi4,Tm9,0,0,10.666666984558105,10.666666666666666,-1,in_json,234,0
284,Mi4,Tm16,-1,0,3.5714285373687744,3.5714285714285716,-1,in_json,235,0
284,Mi4,Tm16,1,1,1.3333333730697632,1.3333333333333333,-1,in_json,235,1
284,Mi4,Tm16,0,1,4.0,4,-1,in_json,235,2
284,Mi4,Tm16,-1,1,1.8571428060531616,1.8571428571428572,-1,in_json,235,3
284,Mi4,Tm16,-2,1,1.25,1.25,-1,in_json,235,4
284,Mi4,Tm16,-1,-1,1.600000023841858,1.6,-1,in_json,235,5
284,Mi4,Tm16,-1,2,2.0,2,-1,in_json,235,6
284,Mi4,Tm16,1,0,6.25,6.25,-1,in_json,235,7
284,Mi4,Tm16,0,-1,4.333333492279053,4.333333333333333,-1,in_json,235,8
284,Mi4,Tm16,0,2,1.25,1.25,-1,in_json,235,9
284,Mi4,Tm16,1,-1,7.333333492279053,7.333333333333333,-1,in_json,235,10
284,Mi4,Tm16,0,0,5.5,5.5,-1,in_json,235,11
286,Mi4,Tm20,0,0,12.399999618530273,12.4,-1,in_json,236,0
287,Mi4,Tm28,0,0,1.2857142686843872,1.2857142857142858,-1,in_json,237,0
297,Mi4,TmY3,-1,0,4.0,4,-1,in_json,238,0
297,Mi4,TmY3,0,1,4.333333492279053,4.333333333333333,-1,in_json,238,1
297,Mi4,TmY3,-1,1,6.0,6,-1,in_json,238,2
297,Mi4,TmY3,-2,1,1.2000000476837158,1.2,-1,in_json,238,3
297,Mi4,TmY3,1,0,3.75,3.75,-1,in_json,238,4
297,Mi4,TmY3,0,-1,2.5,2.5,-1,in_json,238,5
297,Mi4,TmY3,0,-2,1.3333333730697632,1.3333333333333333,-1,in_json,238,6
297,Mi4,TmY3,1,-2,1.0,1,-1,in_json,238,7
297,Mi4,TmY3,1,-1,4.25,4.25,-1,in_json,238,8
297,Mi4,TmY3,0,0,11.0,11,-1,in_json,238,9
298,Mi4,TmY4,1,0,1.0,1,-1,in_json,239,0
298,Mi4,TmY4,0,-1,1.0,1,-1,in_json,239,1
298,Mi4,TmY4,1,-1,1.3333333730697632,1.3333333333333333,-1,in_json,239,2
299,Mi4,TmY5a,0,1,1.5,1.5,-1,in_json,240,0
299,Mi4,TmY5a,-1,1,1.4285714626312256,1.4285714285714286,-1,in_json,240,1
299,Mi4,TmY5a,0,-1,2.3333332538604736,2.3333333333333335,-1,in_json,240,2
299,Mi4,TmY5a,1,-1,3.4285714626312256,3.4285714285714284,-1,in_json,240,3
299,Mi4,TmY5a,0,0,4.25,4.25,-1,in_json,240,4
293,Mi4,TmY10,0,1,1.0,1,-1,in_json,241,0
293,Mi4,TmY10,1,0,2.3333332538604736,2.3333333333333335,-1,in_json,241,1
293,Mi4,TmY10,0,-1,1.75,1.75,-1,in_json,241,2
293,Mi4,TmY10,1,-1,5.666666507720947,5.666666666666667,-1,in_json,241,3
293,Mi4,TmY10,0,0,6.0,6,-1,in_json,241,4
294,Mi4,TmY13,-1,0,4.666666507720947,4.666666666666667,-1,in_json,242,0
294,Mi4,TmY13,0,1,2.75,2.75,-1,in_json,242,1
294,Mi4,TmY13,-1,1,1.75,1.75,-1,in_json,242,2
294,Mi4,TmY13,1,0,4.666666507720947,4.666666666666667,-1,in_json,242,3
294,Mi4,TmY13,0,-1,5.333333492279053,5.333333333333333,-1,in_json,242,4
294,Mi4,TmY13,1,-1,7.333333492279053,7.333333333333333,-1,in_json,242,5
294,Mi4,TmY13,0,0,9.0,9,-1,in_json,242,6
295,Mi4,TmY15,1,1,2.3333332538604736,2.3333333333333335,-1,in_json,243,0
295,Mi4,TmY15,0,1,1.75,1.75,-1,in_json,243,1
295,Mi4,TmY15,1,-1,1.399999976158142,1.4,-1,in_json,243,2
295,Mi4,TmY15,0,0,1.0,1,-1,in_json,243,3
295,Mi4,TmY15,1,0,1.0,,-1,hull_filled,243,
296,Mi4,TmY18,-1,0,1.7000000476837158,1.7,-1,in_json,244,0
296,Mi4,TmY18,-1,1,1.0555555820465088,1.0555555555555556,-1,in_json,244,1
296,Mi4,TmY18,2,-1,2.200000047683716,2.2,-1,in_json,244,2
296,Mi4,TmY18,1,0,3.555555582046509,3.5555555555555554,-1,in_json,244,3
296,Mi4,TmY18,0,-1,1.941176414489746,1.9411764705882353,-1,in_json,244,4
296,Mi4,TmY18,0,-2,1.076923131942749,1.0769230769230769,-1,in_json,244,5
296,Mi4,TmY18,1,-1,1.1111111640930176,1.1111111111111112,-1,in_json,244,6
296,Mi4,TmY18,1,-3,1.25,1.25,-1,in_json,244,7
296,Mi4,TmY18,0,0,2.384615421295166,2.3846153846153846,-1,in_json,244,8
296,Mi4,TmY18,1,-2,1.0,,-1,hull_filled,244,
302,Mi9,L3,0,0,1.0,1,-1,in_json,245,0
303,Mi9,Lawf1,-1,0,1.5714285373687744,1.5714285714285714,-1,in_json,246,0
303,Mi9,Lawf1,0,1,1.0,1,-1,in_json,246,1
303,Mi9,Lawf1,-1,1,1.4285714626312256,1.4285714285714286,-1,in_json,246,2
303,Mi9,Lawf1,1,0,2.3333332538604736,2.3333333333333335,-1,in_json,246,3
303,Mi9,Lawf1,0,-1,1.3333333730697632,1.3333333333333333,-1,in_json,246,4
303,Mi9,Lawf1,0,0,2.1666667461395264,2.1666666666666665,-1,in_json,246,5
300,Mi9,C3,0,0,2.319999933242798,2.32,-1,in_json,247,0
301,Mi9,CT1(M10),0,0,2.6458332538604736,2.6458333333333335,-1,in_json,248,0
304,Mi9,Mi1,0,0,3.799999952316284,3.8,-1,in_json,249,0
307,Mi9,Mi4,0,0,25.08333396911621,25.083333333333332,-1,in_json,250,0
305,Mi9,Mi10,-1,0,2.3333332538604736,2.3333333333333335,-1,in_json,251,0
305,Mi9,Mi10,0,1,5.800000190734863,5.8,-1,in_json,251,1
305,Mi9,Mi10,-1,1,5.0,5,-1,in_json,251,2
305,Mi9,Mi10,-1,-1,1.600000023841858,1.6,-1,in_json,251,3
305,Mi9,Mi10,1,0,4.333333492279053,4.333333333333333,-1,in_json,251,4
305,Mi9,Mi10,0,-1,5.400000095367432,5.4,-1,in_json,251,5
305,Mi9,Mi10,1,-1,3.1666667461395264,3.1666666666666665,-1,in_json,251,6
305,Mi9,Mi10,0,0,7.599999904632568,7.6,-1,in_json,251,7
305,Mi9,Mi10,2,-1,4.0,4,-1,in_json,251,8
306,Mi9,Mi15,0,0,5.125,5.125,-1,in_json,252,0
308,Mi9,T2,0,1,1.100000023841858,1.1,-1,in_json,253,0
308,Mi9,T2,-1,1,1.3636363744735718,1.3636363636363635,-1,in_json,253,1
308,Mi9,T2,0,0,1.1818181276321411,1.1818181818181819,-1,in_json,253,2
309,Mi9,T2a,1,-1,1.0,1,-1,in_json,254,0
310,Mi9,T4a,-1,0,1.0714285373687744,1.0714285714285714,-1,in_json,255,0
310,Mi9,T4a,0,1,1.6399999856948853,1.64,-1,in_json,255,1
310,Mi9,T4a,-1,1,1.923076868057251,1.9230769230769231,-1,in_json,255,2
310,Mi9,T4a,-1,-1,2.0,2,-1,in_json,255,3
310,Mi9,T4a,0,-1,5.125,5.125,-1,in_json,255,4
310,Mi9,T4a,0,-2,1.399999976158142,1.4,-1,in_json,255,5
310,Mi9,T4a,1,-2,2.5999999046325684,2.6,-1,in_json,255,6
310,Mi9,T4a,1,-1,2.2857143878936768,2.2857142857142856,-1,in_json,255,7
310,Mi9,T4a,0,0,1.7857142686843872,1.7857142857142858,-1,in_json,255,8
310,Mi9,T4a,2,2,2.3333332538604736,2.3333333333333335,-1,in_json,255,9
310,Mi9,T4a,-4,0,1.0,1,-1,in_json,255,10
310,Mi9,T4a,-3,0,1.0,,-1,hull_filled,255,
310,Mi9,T4a,-2,-1,1.0,,-1,hull_filled,255,
310,Mi9,T4a,-2,0,1.0,,-1,hull_filled,255,
310,Mi9,T4a,1,0,1.0,,-1,hull_filled,255,
310,Mi9,T4a,1,1,1.0,,-1,hull_filled,255,
311,Mi9,T4b,0,1,6.666666507720947,6.666666666666667,-1,in_json,256,0
311,Mi9,T4b,-1,1,8.199999809265137,8.2,-1,in_json,256,1
311,Mi9,T4b,-1,2,3.857142925262451,3.857142857142857,-1,in_json,256,2
311,Mi9,T4b,0,-1,1.3793103694915771,1.3793103448275863,-1,in_json,256,3
311,Mi9,T4b,0,0,1.7586207389831543,1.7586206896551724,-1,in_json,256,4
312,Mi9,T4c,-1,0,7.199999809265137,7.2,-1,in_json,257,0
312,Mi9,T4c,-1,1,4.199999809265137,4.2,-1,in_json,257,1
312,Mi9,T4c,-2,1,2.5,2.5,-1,in_json,257,2
312,Mi9,T4c,0,-1,2.6666667461395264,2.6666666666666665,-1,in_json,257,3
312,Mi9,T4c,0,0,2.5862069129943848,2.586206896551724,-1,in_json,257,4
312,Mi9,T4c,-4,1,2.545454502105713,2.5454545454545454,-1,in_json,257,5
312,Mi9,T4c,-3,1,1.0,,-1,hull_filled,257,
312,Mi9,T4c,-2,0,1.0,,-1,hull_filled,257,
313,Mi9,T4d,-1,0,1.1111111640930176,1.1111111111111112,-1,in_json,258,0
313,Mi9,T4d,0,1,7.875,7.875,-1,in_json,258,1
313,Mi9,T4d,1,0,8.166666984558105,8.166666666666666,-1,in_json,258,2
313,Mi9,T4d,1,-1,2.857142925262451,2.857142857142857,-1,in_json,258,3
313,Mi9,T4d,0,0,2.142857074737549,2.142857142857143,-1,in_json,258,4
314,Mi9,Tm1,0,0,20.79166603088379,20.791666666666668,-1,in_json,259,0
316,Mi9,Tm2,0,0,7.769230842590332,7.769230769230769,-1,in_json,260,0
317,Mi9,Tm4,0,1,1.0526316165924072,1.0526315789473684,-1,in_json,261,0
317,Mi9,Tm4,-1,1,2.153846263885498,2.1538461538461537,-1,in_json,261,1
317,Mi9,Tm4,0,0,1.0,1,-1,in_json,261,2
318,Mi9,Tm5a,0,0,1.4285714626312256,1.4285714285714286,-1,in_json,262,0
319,Mi9,Tm5b,0,0,1.2222222089767456,1.2222222222222223,-1,in_json,263,0
315,Mi9,Tm16,0,0,1.125,1.125,-1,in_json,264,0
322,Mi9,TmY3,-1,0,1.5714285373687744,1.5714285714285714,-1,in_json,265,0
322,Mi9,TmY3,0,1,1.8333333730697632,1.8333333333333333,-1,in_json,265,1
322,Mi9,TmY3,-1,1,2.142857074737549,2.142857142857143,-1,in_json,265,2
322,Mi9,TmY3,1,0,2.5,2.5,-1,in_json,265,3
322,Mi9,TmY3,0,-1,2.2857143878936768,2.2857142857142856,-1,in_json,265,4
322,Mi9,TmY3,1,-2,2.25,2.25,-1,in_json,265,5
322,Mi9,TmY3,1,-1,2.5999999046325684,2.6,-1,in_json,265,6
322,Mi9,TmY3,0,0,7.0,7,-1,in_json,265,7
322,Mi9,TmY3,2,-1,1.375,1.375,-1,in_json,265,8
323,Mi9,TmY4,1,-2,1.0,1,-1,in_json,266,0
323,Mi9,TmY4,1,-1,1.3333333730697632,1.3333333333333333,-1,in_json,266,1
324,Mi9,TmY5a,0,0,1.0,1,-1,in_json,267,0
320,Mi9,TmY13,-1,0,4.333333492279053,4.333333333333333,-1,in_json,268,0
320,Mi9,TmY13,0,1,2.75,2.75,-1,in_json,268,1
320,Mi9,TmY13,-1,2,2.0,2,-1,in_json,268,2
320,Mi9,TmY13,1,0,9.0,9,-1,in_json,268,3
320,Mi9,TmY13,0,-1,3.0,3,-1,in_json,268,4
320,Mi9,TmY13,1,-1,6.5,6.5,-1,in_json,268,5
320,Mi9,TmY13,0,0,10.5,10.5,-1,in_json,268,6
320,Mi9,TmY13,-1,1,1.0,,-1,hull_filled,268,
321,Mi9,TmY18,-1,1,1.454545497894287,1.4545454545454546,-1,in_json,269,0
321,Mi9,TmY18,1,0,1.3333333730697632,1.3333333333333333,-1,in_json,269,1
321,Mi9,TmY18,1,-1,1.0,1,-1,in_json,269,2
321,Mi9,TmY18,0,0,1.8461538553237915,1.8461538461538463,-1,in_json,269,3
232,Mi10,Lawf1,-1,0,10.666666984558105,10.666666666666666,-1,in_json,270,0
232,Mi10,Lawf1,0,1,11.333333015441895,11.333333333333334,-1,in_json,270,1
232,Mi10,Lawf1,-1,1,9.25,9.25,-1,in_json,270,2
232,Mi10,Lawf1,0,-1,6.0,6,-1,in_json,270,3
232,Mi10,Lawf1,0,0,5.25,5.25,-1,in_json,270,4
234,Mi10,Mi9,-1,0,3.0,3,-1,in_json,271,0
234,Mi10,Mi9,0,1,2.0,2,-1,in_json,271,1
234,Mi10,Mi9,-1,1,2.0,2,-1,in_json,271,2
234,Mi10,Mi9,1,0,2.5999999046325684,2.6,-1,in_json,271,3
234,Mi10,Mi9,0,-1,2.5999999046325684,2.6,-1,in_json,271,4
234,Mi10,Mi9,1,-2,1.0,1,-1,in_json,271,5
234,Mi10,Mi9,1,-1,2.5,2.5,-1,in_json,271,6
234,Mi10,Mi9,0,0,6.199999809265137,6.2,-1,in_json,271,7
234,Mi10,Mi9,-2,2,1.25,1.25,-1,in_json,271,8
233,Mi10,Mi14,0,0,1.6666666269302368,1.6666666666666667,-1,in_json,272,0
235,Mi10,T4a,-1,1,1.2857142686843872,1.2857142857142858,-1,in_json,273,0
236,Mi10,T4b,0,0,1.0,1,-1,in_json,274,0
237,Mi10,T4c,-1,0,1.4285714626312256,1.4285714285714286,-1,in_json,275,0
238,Mi10,T4d,0,1,1.0,1,-1,in_json,276,0
238,Mi10,T4d,1,-1,1.1428571939468384,1.1428571428571428,-1,in_json,276,1
239,Mi10,Tm5b,-1,0,1.3333333730697632,1.3333333333333333,-1,in_json,277,0
241,Mi10,TmY3,1,-1,1.0,1,-1,in_json,278,0
242,Mi10,TmY5a,0,0,1.25,1.25,-1,in_json,279,0
240,Mi10,TmY14,0,0,3.3333332538604736,3.3333333333333335,-1,in_json,280,0
243,Mi12,Mi1,-1,0,2.142857074737549,2.142857142857143,-1,in_json,281,0
243,Mi12,Mi1,0,1,1.0,1,-1,in_json,281,1
243,Mi12,Mi1,-1,1,1.625,1.625,-1,in_json,281,2
243,Mi12,Mi1,0,-1,1.125,1.125,-1,in_json,281,3
243,Mi12,Mi1,0,0,5.222222328186035,5.222222222222222,-1,in_json,281,4
244,Mi12,Mi9,0,0,1.2222222089767456,1.2222222222222223,-1,in_json,282,0
245,Mi12,Tm1,-1,0,2.8333332538604736,2.8333333333333335,-1,in_json,283,0
245,Mi12,Tm1,0,1,2.142857074737549,2.142857142857143,-1,in_json,283,1
245,Mi12,Tm1,-1,1,2.125,2.125,-1,in_json,283,2
245,Mi12,Tm1,-1,2,1.0,1,-1,in_json,283,3
245,Mi12,Tm1,1,-1,1.3333333730697632,1.3333333333333333,-1,in_json,283,4
245,Mi12,Tm1,0,0,6.111111164093018,6.111111111111111,-1,in_json,283,5
246,Mi12,Tm2,-1,0,2.1666667461395264,2.1666666666666665,-1,in_json,284,0
246,Mi12,Tm2,0,1,1.4444444179534912,1.4444444444444444,-1,in_json,284,1
246,Mi12,Tm2,-1,1,1.4285714626312256,1.4285714285714286,-1,in_json,284,2
246,Mi12,Tm2,1,-1,1.4444444179534912,1.4444444444444444,-1,in_json,284,3
246,Mi12,Tm2,0,0,3.3333332538604736,3.3333333333333335,-1,in_json,284,4
247,Mi12,Tm3,-1,1,1.2000000476837158,1.2,-1,in_json,285,0
248,Mi12,Tm4,0,1,2.5,2.5,-1,in_json,286,0
248,Mi12,Tm4,-1,1,1.3333333730697632,1.3333333333333333,-1,in_json,286,1
248,Mi12,Tm4,-1,2,1.600000023841858,1.6,-1,in_json,286,2
248,Mi12,Tm4,0,0,1.1111111640930176,1.1111111111111112,-1,in_json,286,3
249,Mi13,L5,1,0,2.25,2.25,-1,in_json,287,0
249,Mi13,L5,0,-1,1.0,1,-1,in_json,287,1
249,Mi13,L5,1,-1,2.3333332538604736,2.3333333333333335,-1,in_json,287,2
249,Mi13,L5,0,0,2.2857143878936768,2.2857142857142856,-1,in_json,287,3
250,Mi13,Mi1,2,-2,1.600000023841858,1.6,-1,in_json,288,0
250,Mi13,Mi1,1,0,2.0,2,-1,in_json,288,1
250,Mi13,Mi1,0,-1,4.166666507720947,4.166666666666667,-1,in_json,288,2
250,Mi13,Mi1,1,-2,1.4285714626312256,1.4285714285714286,-1,in_json,288,3
250,Mi13,Mi1,1,-1,3.7142856121063232,3.7142857142857144,-1,in_json,288,4
250,Mi13,Mi1,0,0,2.625,2.625,-1,in_json,288,5
251,Mi13,T2,0,1,2.3333332538604736,2.3333333333333335,-1,in_json,289,0
251,Mi13,T2,0,-1,1.0,1,-1,in_json,289,1
251,Mi13,T2,0,0,4.0,4,-1,in_json,289,2
252,Mi13,Tm1,1,1,1.25,1.25,-1,in_json,290,0
252,Mi13,Tm1,2,-2,1.75,1.75,-1,in_json,290,1
252,Mi13,Tm1,2,-1,1.3333333730697632,1.3333333333333333,-1,in_json,290,2
252,Mi13,Tm1,1,0,6.5,6.5,-1,in_json,290,3
252,Mi13,Tm1,0,-1,4.0,4,-1,in_json,290,4
252,Mi13,Tm1,1,-1,5.666666507720947,5.666666666666667,-1,in_json,290,5
252,Mi13,Tm1,0,0,5.0,5,-1,in_json,290,6
253,Mi13,Tm2,2,-2,2.0,2,-1,in_json,291,0
253,Mi13,Tm2,1,0,1.6666666269302368,1.6666666666666667,-1,in_json,291,1
253,Mi13,Tm2,0,-1,2.7142856121063232,2.7142857142857144,-1,in_json,291,2
253,Mi13,Tm2,1,-2,1.2857142686843872,1.2857142857142858,-1,in_json,291,3
253,Mi13,Tm2,1,-1,3.0,3,-1,in_json,291,4
253,Mi13,Tm2,0,0,3.625,3.625,-1,in_json,291,5
254,Mi13,Tm3,0,1,1.0,1,-1,in_json,292,0
254,Mi13,Tm3,0,-1,1.0,1,-1,in_json,292,1
254,Mi13,Tm3,1,-1,1.875,1.875,-1,in_json,292,2
254,Mi13,Tm3,0,0,1.7777777910232544,1.7777777777777777,-1,in_json,292,3
255,Mi13,Tm4,-1,0,1.1666666269302368,1.1666666666666667,-1,in_json,293,0
255,Mi13,Tm4,1,1,2.0,2,-1,in_json,293,1
255,Mi13,Tm4,0,1,2.799999952316284,2.8,-1,in_json,293,2
255,Mi13,Tm4,2,-1,1.0,1,-1,in_json,293,3
255,Mi13,Tm4,1,0,5.0,5,-1,in_json,293,4
255,Mi13,Tm4,0,-1,1.399999976158142,1.4,-1,in_json,293,5
255,Mi13,Tm4,1,-1,2.5,2.5,-1,in_json,293,6
255,Mi13,Tm4,0,0,4.0,4,-1,in_json,293,7
256,Mi13,Tm9,1,-1,1.25,1.25,-1,in_json,294,0
257,Mi14,Tm1,-1,0,1.3333333730697632,1.3333333333333333,-1,in_json,295,0
258,Mi14,Tm4,-1,1,2.3333332538604736,2.3333333333333335,-1,in_json,296,0
258,Mi14,Tm4,-2,1,1.6666666269302368,1.6666666666666667,-1,in_json,296,1
259,Mi14,TmY3,-1,0,1.6666666269302368,1.6666666666666667,-1,in_json,297,0
260,Mi15,C3,0,0,5.857142925262451,5.857142857142857,1,in_json,298,0
263,Mi15,Mi4,0,0,4.857142925262451,4.857142857142857,1,in_json,299,0
261,Mi15,Mi10,0,1,1.25,1.25,1,in_json,300,0
262,Mi15,Mi15,-1,0,1.0,1,1,in_json,301,0
262,Mi15,Mi15,0,1,1.7999999523162842,1.8,1,in_json,301,1
262,Mi15,Mi15,-1,1,2.0,2,1,in_json,301,2
262,Mi15,Mi15,0,-2,1.3333333730697632,1.3333333333333333,1,in_json,301,3
262,Mi15,Mi15,1,-1,1.0,1,1,in_json,301,4
262,Mi15,Mi15,0,-1,1.0,,1,hull_filled,301,
262,Mi15,Mi15,0,0,1.0,,1,hull_filled,301,
264,Mi15,Tm5c,0,-1,1.0,1,1,in_json,302,0
369,T1,L2,0,0,5.199999809265137,5.2,1,in_json,303,0
370,T1,L5,0,0,1.0,1,1,in_json,304,0
371,T1,Tm20,0,0,1.5555555820465088,1.5555555555555556,1,in_json,305,0
372,T2,Lawf2,-1,0,2.6666667461395264,2.6666666666666665,1,in_json,306,0
372,T2,Lawf2,0,-1,1.0,1,1,in_json,306,1
372,T2,Lawf2,1,-1,1.6666666269302368,1.6666666666666667,1,in_json,306,2
372,T2,Lawf2,0,0,2.0,2,1,in_json,306,3
373,T2,Mi1,0,-1,2.9000000953674316,2.9,1,in_json,307,0
373,T2,Mi1,1,-1,2.454545497894287,2.4545454545454546,1,in_json,307,1
373,T2,Mi1,0,0,1.2173912525177002,1.2173913043478262,1,in_json,307,2
374,T2,T2,-1,0,3.1111111640930176,3.111111111111111,1,in_json,308,0
374,T2,T2,1,1,1.5714285373687744,1.5714285714285714,1,in_json,308,1
374,T2,T2,0,1,1.875,1.875,1,in_json,308,2
374,T2,T2,-1,1,3.4285714626312256,3.4285714285714284,1,in_json,308,3
374,T2,T2,-1,-1,1.1428571939468384,1.1428571428571428,1,in_json,308,4
374,T2,T2,1,0,2.277777671813965,2.2777777777777777,1,in_json,308,5
374,T2,T2,0,-1,2.375,2.375,1,in_json,308,6
374,T2,T2,0,2,1.6428571939468384,1.6428571428571428,1,in_json,308,7
374,T2,T2,1,-1,3.0,3,1,in_json,308,8
374,T2,T2,-2,0,1.0833333730697632,1.0833333333333333,1,in_json,308,9
374,T2,T2,3,2,1.0,1,1,in_json,308,10
374,T2,T2,-3,-2,1.0,1,1,in_json,308,11
374,T2,T2,1,2,1.0,1,1,in_json,308,12
374,T2,T2,2,0,1.3333333730697632,1.3333333333333333,1,in_json,308,13
374,T2,T2,-2,-1,1.0,,1,hull_filled,308,
374,T2,T2,0,0,1.0,,1,hull_filled,308,
374,T2,T2,2,1,1.0,,1,hull_filled,308,
374,T2,T2,2,2,1.0,,1,hull_filled,308,
375,T2,Tm5c,0,-1,3.25,3.25,1,in_json,309,0
375,T2,Tm5c,0,0,2.75,2.75,1,in_json,309,1
377,T2,TmY5a,1,1,1.5,1.5,1,in_json,310,0
377,T2,TmY5a,0,-1,1.3333333730697632,1.3333333333333333,1,in_json,310,1
377,T2,TmY5a,1,-1,1.625,1.625,1,in_json,310,2
377,T2,TmY5a,1,0,1.0,,1,hull_filled,310,
376,T2,TmY15,0,2,1.6666666269302368,1.6666666666666667,1,in_json,311,0
376,T2,TmY15,3,-3,1.0,1,1,in_json,311,1
376,T2,TmY15,1,2,1.0,1,1,in_json,311,2
376,T2,TmY15,1,1,1.0,,1,hull_filled,311,
376,T2,TmY15,2,-1,1.0,,1,hull_filled,311,
378,T2a,Mi1,0,-1,2.4000000953674316,2.4,1,in_json,312,0
378,T2a,Mi1,1,-1,1.0,1,1,in_json,312,1
378,T2a,Mi1,0,0,2.5,2.5,1,in_json,312,2
379,T2a,T3,0,0,1.25,1.25,1,in_json,313,0
381,T2a,Tm3,-1,1,1.600000023841858,1.6,1,in_json,314,0
381,T2a,Tm3,1,-2,1.0,1,1,in_json,314,1
382,T2a,Tm5Y,0,-1,1.0,1,1,in_json,315,0
382,T2a,Tm5Y,0,0,1.6666666269302368,1.6666666666666667,1,in_json,315,1
383,T2a,Tm5b,1,-2,1.0,1,1,in_json,316,0
380,T2a,Tm28,-2,0,1.399999976158142,1.4,1,in_json,317,0
380,T2a,Tm28,-1,-2,1.0,1,1,in_json,317,1
380,T2a,Tm28,0,-1,1.0,1,1,in_json,317,2
380,T2a,Tm28,-1,-1,1.0,,1,hull_filled,317,
384,T2a,TmY4,0,-1,1.0,1,1,in_json,318,0
384,T2a,TmY4,1,-2,1.0,1,1,in_json,318,1
384,T2a,TmY4,0,0,1.4285714626312256,1.4285714285714286,1,in_json,318,2
385,T2a,TmY5a,-1,0,1.0,1,1,in_json,319,0
385,T2a,TmY5a,1,0,1.125,1.125,1,in_json,319,1
385,T2a,TmY5a,0,-1,2.1666667461395264,2.1666666666666665,1,in_json,319,2
385,T2a,TmY5a,1,-2,2.5999999046325684,2.6,1,in_json,319,3
385,T2a,TmY5a,1,-1,5.285714149475098,5.285714285714286,1,in_json,319,4
385,T2a,TmY5a,0,0,1.8571428060531616,1.8571428571428572,1,in_json,319,5
386,T2a,TmY9,0,-1,1.0,1,1,in_json,320,0
386,T2a,TmY9,1,-1,1.0,1,1,in_json,320,1
386,T2a,TmY9,0,0,1.125,1.125,1,in_json,320,2
387,T3,T2,-2,1,1.0,1,1,in_json,321,0
387,T3,T2,0,0,1.0,1,1,in_json,321,1
388,T3,T2a,-1,1,1.0,1,1,in_json,322,0
388,T3,T2a,1,-2,2.0,2,1,in_json,322,1
388,T3,T2a,0,0,1.75,1.75,1,in_json,322,2
389,T3,Tm3,0,1,2.5833332538604736,2.5833333333333335,1,in_json,323,0
389,T3,Tm3,0,0,1.3333333730697632,1.3333333333333333,1,in_json,323,1
390,T4a,C3,1,0,1.399999976158142,1.4,1,in_json,324,0
390,T4a,C3,0,0,3.777777671813965,3.7777777777777777,1,in_json,324,1
391,T4a,CT1(M10),0,0,5.0,5.0,1,in_json,325,0
393,T4a,Mi9,1,0,1.0,1,1,in_json,326,0
393,T4a,Mi9,0,0,3.0714285373687744,3.0714285714285716,1,in_json,326,1
392,T4a,Mi12,-1,1,1.2999999523162842,1.3,1,in_json,327,0
392,T4a,Mi12,-1,-2,2.0,2,1,in_json,327,1
392,T4a,Mi12,0,0,1.0,1,1,in_json,327,2
392,T4a,Mi12,-1,-1,1.0,,1,hull_filled,327,
392,T4a,Mi12,-1,0,1.0,,1,hull_filled,327,
394,T4a,T4a,-1,0,2.56862735748291,2.5686274509803924,1,in_json,328,0
394,T4a,T4a,0,1,1.0181818008422852,1.018181818181818,1,in_json,328,1
394,T4a,T4a,-1,1,1.545454502105713,1.5454545454545454,1,in_json,328,2
394,T4a,T4a,-1,-1,1.0,1,1,in_json,328,3
394,T4a,T4a,1,0,2.4901959896087646,2.4901960784313726,1,in_json,328,4
394,T4a,T4a,0,-1,3.1666667461395264,3.1666666666666665,1,in_json,328,5
394,T4a,T4a,1,-1,2.799999952316284,2.8,1,in_json,328,6
394,T4a,T4a,2,0,1.0,1,1,in_json,328,7
394,T4a,T4a,-5,-2,4.333333492279053,4.333333333333333,1,in_json,328,8
394,T4a,T4a,5,2,1.0,1,1,in_json,328,9
394,T4a,T4a,-3,-1,1.0,,1,hull_filled,328,
394,T4a,T4a,-2,-1,1.0,,1,hull_filled,328,
394,T4a,T4a,-2,0,1.0,,1,hull_filled,328,
394,T4a,T4a,0,0,1.0,,1,hull_filled,328,
394,T4a,T4a,1,1,1.0,,1,hull_filled,328,
394,T4a,T4a,2,1,1.0,,1,hull_filled,328,
394,T4a,T4a,3,1,1.0,,1,hull_filled,328,
395,T4a,T4c,0,2,1.0,1,1,in_json,329,0
395,T4a,T4c,0,0,1.3333333730697632,1.3333333333333333,1,in_json,329,1
396,T4a,T5a,-1,0,2.7058823108673096,2.7058823529411766,1,in_json,330,0
396,T4a,T5a,0,1,1.2549020051956177,1.2549019607843137,1,in_json,330,1
396,T4a,T5a,-1,1,1.372549057006836,1.3725490196078431,1,in_json,330,2
396,T4a,T5a,-2,1,1.0930233001708984,1.0930232558139534,1,in_json,330,3
396,T4a,T5a,1,0,1.0612244606018066,1.0612244897959184,1,in_json,330,4
396,T4a,T5a,0,-1,1.5357142686843872,1.5357142857142858,1,in_json,330,5
396,T4a,T5a,1,-1,1.0555555820465088,1.0555555555555556,1,in_json,330,6
396,T4a,T5a,0,0,1.9444444179534912,1.9444444444444444,1,in_json,330,7
397,T4a,TmY14,-1,0,1.3928571939468384,1.3928571428571428,1,in_json,331,0
397,T4a,TmY14,-1,1,1.3666666746139526,1.3666666666666667,1,in_json,331,1
397,T4a,TmY14,0,-1,1.4642857313156128,1.4642857142857142,1,in_json,331,2
397,T4a,TmY14,0,0,1.1034482717514038,1.103448275862069,1,in_json,331,3
398,T4a,TmY18,0,1,1.5,1.5,1,in_json,332,0
398,T4a,TmY18,1,0,1.0,1,1,in_json,332,1
398,T4a,TmY18,0,0,1.7272727489471436,1.7272727272727273,1,in_json,332,2
399,T4b,CT1(M10),0,0,6.0,6.0,1,in_json,333,0
400,T4b,Mi9,0,0,2.25,2.25,1,in_json,334,0
401,T4b,T4b,-1,0,1.8392857313156128,1.8392857142857142,1,in_json,335,0
401,T4b,T4b,0,1,2.75,2.75,1,in_json,335,1
401,T4b,T4b,-1,1,3.875,3.875,1,in_json,335,2
401,T4b,T4b,1,0,2.375,2.375,1,in_json,335,3
401,T4b,T4b,0,-1,1.4642857313156128,1.4642857142857142,1,in_json,335,4
401,T4b,T4b,1,-1,1.8275861740112305,1.8275862068965518,1,in_json,335,5
401,T4b,T4b,0,0,1.0,,1,hull_filled,335,
402,T4b,T4c,0,0,1.0909091234207153,1.0909090909090908,1,in_json,336,0
403,T4b,T5b,-1,0,1.3275861740112305,1.3275862068965518,1,in_json,337,0
403,T4b,T5b,1,0,1.2115384340286255,1.2115384615384615,1,in_json,337,1
403,T4b,T5b,0,-1,1.5762711763381958,1.576271186440678,1,in_json,337,2
403,T4b,T5b,1,-1,1.0185185670852661,1.0185185185185186,1,in_json,337,3
403,T4b,T5b,0,0,1.5245901346206665,1.5245901639344261,1,in_json,337,4
404,T4b,TmY15,0,1,0.3160112500190735,0.3160112359550562,1,in_json,338,0
404,T4b,TmY15,-1,1,0.6741573214530945,0.6741573033707866,1,in_json,338,1
404,T4b,TmY15,1,0,0.25280898809432983,0.25280898876404495,1,in_json,338,2
404,T4b,TmY15,1,-1,0.21067415177822113,0.2106741573033708,1,in_json,338,3
404,T4b,TmY15,0,0,0.42134830355644226,0.4213483146067416,1,in_json,338,4
404,T4b,TmY15,-1,0,0.2633427083492279,0.2633426966292135,1,in_json,338,5
404,T4b,TmY15,1,-5,0.42134830355644226,0.4213483146067416,1,in_json,338,6
404,T4b,TmY15,-1,-1,0.2633427083492279,0.2633426966292135,1,in_json,338,7
404,T4b,TmY15,2,-2,0.21067415177822113,0.2106741573033708,1,in_json,338,8
404,T4b,TmY15,2,-1,0.25280898809432983,0.25280898876404495,1,in_json,338,9
404,T4b,TmY15,0,-1,0.5898876190185547,0.5898876404494382,1,in_json,338,10
404,T4b,TmY15,1,-2,0.632022500038147,0.6320224719101124,1,in_json,338,11
404,T4b,TmY15,6,-4,0.4915730357170105,0.49157303370786526,1,in_json,338,12
404,T4b,TmY15,0,-3,1.0,,1,hull_filled,338,
404,T4b,TmY15,0,-2,1.0,,1,hull_filled,338,
404,T4b,TmY15,1,-4,1.0,,1,hull_filled,338,
404,T4b,TmY15,1,-3,1.0,,1,hull_filled,338,
404,T4b,TmY15,2,-4,1.0,,1,hull_filled,338,
404,T4b,TmY15,2,-3,1.0,,1,hull_filled,338,
404,T4b,TmY15,3,-4,1.0,,1,hull_filled,338,
404,T4b,TmY15,3,-3,1.0,,1,hull_filled,338,
404,T4b,TmY15,3,-2,1.0,,1,hull_filled,338,
404,T4b,TmY15,4,-4,1.0,,1,hull_filled,338,
404,T4b,TmY15,4,-3,1.0,,1,hull_filled,338,
404,T4b,TmY15,5,-4,1.0,,1,hull_filled,338,
405,T4c,CT1(M10),0,0,4.0,4.0,1,in_json,339,0
406,T4c,Mi9,0,0,1.7692307233810425,1.7692307692307692,1,in_json,340,0
407,T4c,T4c,-1,0,1.5,1.5,1,in_json,341,0
407,T4c,T4c,0,1,1.0847457647323608,1.0847457627118644,1,in_json,341,1
407,T4c,T4c,-1,1,2.125,2.125,1,in_json,341,2
407,T4c,T4c,1,0,1.0,1,1,in_json,341,3
407,T4c,T4c,0,-1,2.0,2,1,in_json,341,4
407,T4c,T4c,0,0,1.0,,1,hull_filled,341,
408,T4c,T5c,0,1,1.1428571939468384,1.1428571428571428,1,in_json,342,0
408,T4c,T5c,-1,1,1.2222222089767456,1.2222222222222223,1,in_json,342,1
408,T4c,T5c,1,0,1.2264150381088257,1.2264150943396226,1,in_json,342,2
408,T4c,T5c,0,0,1.4576271772384644,1.4576271186440677,1,in_json,342,3
411,T4c,TmY4,-1,0,1.25,1.25,1,in_json,343,0
411,T4c,TmY4,0,1,1.375,1.375,1,in_json,343,1
411,T4c,TmY4,-1,1,1.0,1,1,in_json,343,2
411,T4c,TmY4,2,-1,1.7142857313156128,1.7142857142857142,1,in_json,343,3
411,T4c,TmY4,-1,2,2.125,2.125,1,in_json,343,4
411,T4c,TmY4,1,0,1.375,1.375,1,in_json,343,5
411,T4c,TmY4,0,-1,2.375,2.375,1,in_json,343,6
411,T4c,TmY4,0,2,2.2857143878936768,2.2857142857142856,1,in_json,343,7
411,T4c,TmY4,1,-2,1.25,1.25,1,in_json,343,8
411,T4c,TmY4,1,-1,3.25,3.25,1,in_json,343,9
411,T4c,TmY4,-1,3,3.8333332538604736,3.8333333333333335,1,in_json,343,10
411,T4c,TmY4,0,0,1.125,1.125,1,in_json,343,11
411,T4c,TmY4,2,-4,1.4285714626312256,1.4285714285714286,1,in_json,343,12
411,T4c,TmY4,5,-4,3.6666667461395264,3.6666666666666665,1,in_json,343,13
411,T4c,TmY4,-1,4,1.375,1.375,1,in_json,343,14
411,T4c,TmY4,-2,4,1.399999976158142,1.4,1,in_json,343,15
411,T4c,TmY4,2,-3,2.2857143878936768,2.2857142857142856,1,in_json,343,16
411,T4c,TmY4,0,5,1.25,1.25,1,in_json,343,17
411,T4c,TmY4,-2,5,2.1666667461395264,2.1666666666666665,1,in_json,343,18
411,T4c,TmY4,-1,5,1.2000000476837158,1.2,1,in_json,343,19
411,T4c,TmY4,1,-3,1.125,1.125,1,in_json,343,20
411,T4c,TmY4,0,3,1.0,,1,hull_filled,343,
411,T4c,TmY4,0,4,1.0,,1,hull_filled,343,
411,T4c,TmY4,1,1,1.0,,1,hull_filled,343,
411,T4c,TmY4,1,2,1.0,,1,hull_filled,343,
411,T4c,TmY4,1,3,1.0,,1,hull_filled,343,
411,T4c,TmY4,2,-2,1.0,,1,hull_filled,343,
411,T4c,TmY4,2,0,1.0,,1,hull_filled,343,
411,T4c,TmY4,2,1,1.0,,1,hull_filled,343,
411,T4c,TmY4,3,-3,1.0,,1,hull_filled,343,
411,T4c,TmY4,3,-2,1.0,,1,hull_filled,343,
411,T4c,TmY4,3,-1,1.0,,1,hull_filled,343,
411,T4c,TmY4,4,-3,1.0,,1,hull_filled,343,
409,T4c,TmY14,-1,1,1.0645161867141724,1.064516129032258,1,in_json,344,0
410,T4c,TmY15,1,1,0.2209363430738449,0.2209363492898474,1,in_json,345,0
410,T4c,TmY15,0,1,0.3037874698638916,0.3037874802735402,1,in_json,345,1
410,T4c,TmY15,-1,1,0.3093108832836151,0.30931088900578635,1,in_json,345,2
410,T4c,TmY15,-1,2,0.19331930577754974,0.1933193056286165,1,in_json,345,3
410,T4c,TmY15,1,0,0.37559178471565247,0.37559179379274055,1,in_json,345,4
410,T4c,TmY15,0,-1,0.25775906443595886,0.25775907417148863,1,in_json,345,5
410,T4c,TmY15,0,2,0.28721725940704346,0.28721725407680165,1,in_json,345,6
410,T4c,TmY15,1,-1,0.5523408651351929,0.5523408732246184,1,in_json,345,7
410,T4c,TmY15,-1,3,0.3093108832836151,0.30931088900578635,1,in_json,345,8
410,T4c,TmY15,0,0,0.6407154202461243,0.6407154129405574,1,in_json,345,9
410,T4c,TmY15,-1,0,0.15465544164180756,0.15465544450289317,1,in_json,345,10
410,T4c,TmY15,5,-4,0.2209363430738449,0.2209363492898474,1,in_json,345,11
410,T4c,TmY15,-1,4,0.33140453696250916,0.3314045239347711,1,in_json,345,12
410,T4c,TmY15,2,1,0.47869542241096497,0.478695423461336,1,in_json,345,13
410,T4c,TmY15,2,-3,0.11046817153692245,0.1104681746449237,1,in_json,345,14
410,T4c,TmY15,-2,-1,0.5523408651351929,0.5523408732246184,1,in_json,345,15
410,T4c,TmY15,2,-2,0.24302998185157776,0.24302998421883215,1,in_json,345,16
410,T4c,TmY15,1,-2,0.2209363430738449,0.2209363492898474,1,in_json,345,17
410,T4c,TmY15,-2,3,0.24302998185157776,0.24302998421883215,1,in_json,345,18
410,T4c,TmY15,0,3,0.33140453696250916,0.3314045239347711,1,in_json,345,19
410,T4c,TmY15,1,2,0.33140453696250916,0.3314045239347711,1,in_json,345,20
410,T4c,TmY15,2,0,0.33140453696250916,0.3314045239347711,1,in_json,345,21
410,T4c,TmY15,-2,0,1.0,,1,hull_filled,345,
410,T4c,TmY15,-2,1,1.0,,1,hull_filled,345,
410,T4c,TmY15,-2,2,1.0,,1,hull_filled,345,
410,T4c,TmY15,-1,-1,1.0,,1,hull_filled,345,
410,T4c,TmY15,0,-2,1.0,,1,hull_filled,345,
410,T4c,TmY15,2,-1,1.0,,1,hull_filled,345,
410,T4c,TmY15,3,-3,1.0,,1,hull_filled,345,
410,T4c,TmY15,3,-2,1.0,,1,hull_filled,345,
410,T4c,TmY15,3,-1,1.0,,1,hull_filled,345,
410,T4c,TmY15,4,-3,1.0,,1,hull_filled,345,
412,T4d,CT1(M10),0,0,5.0,5.0,1,in_json,346,0
413,T4d,T4a,-1,-1,1.0,1,1,in_json,347,0
414,T4d,T4d,-1,0,1.0943396091461182,1.0943396226415094,1,in_json,348,0
414,T4d,T4d,0,1,2.433962345123291,2.4339622641509435,1,in_json,348,1
414,T4d,T4d,1,0,1.4150943756103516,1.4150943396226414,1,in_json,348,2
414,T4d,T4d,0,-1,1.4905660152435303,1.490566037735849,1,in_json,348,3
414,T4d,T4d,1,-1,1.7222222089767456,1.7222222222222223,1,in_json,348,4
414,T4d,T4d,0,0,1.0,,1,hull_filled,348,
415,T4d,T5d,1,0,1.191489338874817,1.1914893617021276,1,in_json,349,0
415,T4d,T5d,0,0,1.2400000095367432,1.24,1,in_json,349,1
417,T4d,TmY4,0,1,1.125,1.125,1,in_json,350,0
417,T4d,TmY4,1,-1,1.0,1,1,in_json,350,1
417,T4d,TmY4,2,-4,1.25,1.25,1,in_json,350,2
417,T4d,TmY4,1,-4,2.0,2,1,in_json,350,3
417,T4d,TmY4,2,-3,1.399999976158142,1.4,1,in_json,350,4
417,T4d,TmY4,2,-2,1.375,1.375,1,in_json,350,5
417,T4d,TmY4,3,-2,1.1666666269302368,1.1666666666666667,1,in_json,350,6
417,T4d,TmY4,3,-3,1.7999999523162842,1.8,1,in_json,350,7
417,T4d,TmY4,1,-3,1.0,,1,hull_filled,350,
417,T4d,TmY4,1,-2,1.0,,1,hull_filled,350,
417,T4d,TmY4,1,0,1.0,,1,hull_filled,350,
417,T4d,TmY4,2,-1,1.0,,1,hull_filled,350,
416,T4d,TmY15,0,1,0.12422360479831696,0.12422360248447203,1,in_json,351,0
416,T4d,TmY15,-1,1,0.12422360479831696,0.12422360248447203,1,in_json,351,1
416,T4d,TmY15,1,-1,0.17391304671764374,0.17391304347826084,1,in_json,351,2
416,T4d,TmY15,-1,4,0.1552795022726059,0.15527950310559005,1,in_json,351,3
416,T4d,TmY15,2,-2,0.14906832575798035,0.14906832298136644,1,in_json,351,4
416,T4d,TmY15,-1,2,0.14906832575798035,0.14906832298136644,1,in_json,351,5
416,T4d,TmY15,-2,2,0.12422360479831696,0.12422360248447203,1,in_json,351,6
416,T4d,TmY15,-1,3,1.0,,1,hull_filled,351,
416,T4d,TmY15,0,0,1.0,,1,hull_filled,351,
416,T4d,TmY15,0,2,1.0,,1,hull_filled,351,
416,T4d,TmY15,1,0,1.0,,1,hull_filled,351,
418,T5a,CT1(Lo1),0,0,1.2982456684112549,1.2982456140350878,1,in_json,352,0
419,T5a,T4a,-1,0,1.1020407676696777,1.1020408163265305,1,in_json,353,0
419,T5a,T4a,0,1,1.3392857313156128,1.3392857142857142,1,in_json,353,1
419,T5a,T4a,1,0,2.2941176891326904,2.2941176470588234,1,in_json,353,2
419,T5a,T4a,0,-1,1.1764706373214722,1.1764705882352942,1,in_json,353,3
419,T5a,T4a,1,-1,1.4117647409439087,1.411764705882353,1,in_json,353,4
419,T5a,T4a,0,0,1.9074074029922485,1.9074074074074074,1,in_json,353,5
420,T5a,T5a,-1,0,2.0370371341705322,2.037037037037037,1,in_json,354,0
420,T5a,T5a,1,1,1.1521738767623901,1.1521739130434783,1,in_json,354,1
420,T5a,T5a,0,1,2.218181848526001,2.2181818181818183,1,in_json,354,2
420,T5a,T5a,-1,1,2.0363636016845703,2.036363636363636,1,in_json,354,3
420,T5a,T5a,-1,-1,1.47826087474823,1.4782608695652173,1,in_json,354,4
420,T5a,T5a,2,-1,1.0227272510528564,1.0227272727272727,1,in_json,354,5
420,T5a,T5a,1,0,2.2407407760620117,2.240740740740741,1,in_json,354,6
420,T5a,T5a,0,-1,2.9454545974731445,2.9454545454545453,1,in_json,354,7
420,T5a,T5a,1,-2,1.296296238899231,1.2962962962962963,1,in_json,354,8
420,T5a,T5a,1,-1,2.200000047683716,2.2,1,in_json,354,9
420,T5a,T5a,0,0,1.0,,1,hull_filled,354,
421,T5a,T5b,1,-1,1.209302306175232,1.2093023255813953,1,in_json,355,0
421,T5a,T5b,0,0,1.040816307067871,1.0408163265306123,1,in_json,355,1
424,T5a,TmY9,-4,2,1.0,1,1,in_json,356,0
422,T5a,TmY14,-1,0,1.814814805984497,1.8148148148148149,1,in_json,357,0
422,T5a,TmY14,0,1,1.7857142686843872,1.7857142857142858,1,in_json,357,1
422,T5a,TmY14,-1,1,1.4137930870056152,1.4137931034482758,1,in_json,357,2
422,T5a,TmY14,-2,1,1.0,1,1,in_json,357,3
422,T5a,TmY14,-1,-1,1.4285714626312256,1.4285714285714286,1,in_json,357,4
422,T5a,TmY14,1,0,1.43478262424469,1.434782608695652,1,in_json,357,5
422,T5a,TmY14,-3,0,1.5,1.5,1,in_json,357,6
422,T5a,TmY14,0,-1,1.7692307233810425,1.7692307692307692,1,in_json,357,7
422,T5a,TmY14,0,-2,1.3333333730697632,1.3333333333333333,1,in_json,357,8
422,T5a,TmY14,1,-2,1.47826087474823,1.4782608695652173,1,in_json,357,9
422,T5a,TmY14,1,-1,2.3043477535247803,2.3043478260869565,1,in_json,357,10
422,T5a,TmY14,0,0,3.192307710647583,3.1923076923076925,1,in_json,357,11
422,T5a,TmY14,-2,0,1.0,,1,hull_filled,357,
423,T5a,TmY15,-1,1,0.7333333492279053,0.7333333333333333,1,in_json,358,0
423,T5a,TmY15,-1,2,0.2666666805744171,0.26666666666666666,1,in_json,358,1
425,T5b,CT1(Lo1),0,0,1.2982456684112549,1.2982456140350878,1,in_json,359,0
426,T5b,T2,-1,0,1.2380952835083008,1.2380952380952381,1,in_json,360,0
427,T5b,T4b,0,1,1.2033898830413818,1.2033898305084745,1,in_json,361,0
427,T5b,T4b,1,0,1.1206896305084229,1.1206896551724137,1,in_json,361,1
427,T5b,T4b,0,-1,1.105263113975525,1.105263157894737,1,in_json,361,2
427,T5b,T4b,1,-1,1.0499999523162842,1.05,1,in_json,361,3
427,T5b,T4b,0,0,1.8196721076965332,1.819672131147541,1,in_json,361,4
428,T5b,T5b,-1,0,2.0701754093170166,2.0701754385964914,1,in_json,362,0
428,T5b,T5b,1,1,1.2999999523162842,1.3,1,in_json,362,1
428,T5b,T5b,0,1,2.573770523071289,2.5737704918032787,1,in_json,362,2
428,T5b,T5b,-1,1,2.542372941970825,2.542372881355932,1,in_json,362,3
428,T5b,T5b,-1,-1,1.3799999952316284,1.38,1,in_json,362,4
428,T5b,T5b,-1,2,1.2857142686843872,1.2857142857142858,1,in_json,362,5
428,T5b,T5b,1,0,1.982456088066101,1.9824561403508771,1,in_json,362,6
428,T5b,T5b,0,-1,2.2295081615448,2.2295081967213113,1,in_json,362,7
428,T5b,T5b,0,-2,1.5192307233810425,1.5192307692307692,1,in_json,362,8
428,T5b,T5b,1,-2,1.0357142686843872,1.0357142857142858,1,in_json,362,9
428,T5b,T5b,1,-1,2.03389835357666,2.0338983050847457,1,in_json,362,10
428,T5b,T5b,1,-3,1.0399999618530273,1.04,1,in_json,362,11
428,T5b,T5b,0,0,1.0,,1,hull_filled,362,
429,T5b,T5d,0,1,1.06521737575531,1.065217391304348,1,in_json,363,0
430,T5b,Tm2,0,0,1.0322580337524414,1.032258064516129,1,in_json,364,0
431,T5b,TmY14,-1,1,1.0,1,1,in_json,365,0
431,T5b,TmY14,0,-1,1.0666667222976685,1.0666666666666667,1,in_json,365,1
431,T5b,TmY14,0,0,1.0322580337524414,1.032258064516129,1,in_json,365,2
432,T5b,TmY15,1,1,0.06309147924184799,0.06309148264984227,1,in_json,366,0
432,T5b,TmY15,0,1,0.08832807838916779,0.08832807570977917,1,in_json,366,1
432,T5b,TmY15,-1,4,0.07886435091495514,0.07886435331230283,1,in_json,366,2
432,T5b,TmY15,-1,1,0.13880126178264618,0.138801261829653,1,in_json,366,3
432,T5b,TmY15,2,-3,0.07570978254079819,0.07570977917981071,1,in_json,366,4
432,T5b,TmY15,2,-2,0.10094637423753738,0.10094637223974763,1,in_json,366,5
432,T5b,TmY15,-1,2,0.08832807838916779,0.08832807570977917,1,in_json,366,6
432,T5b,TmY15,0,-1,0.06309147924184799,0.06309148264984227,1,in_json,366,7
432,T5b,TmY15,1,-1,0.07570978254079819,0.07570977917981071,1,in_json,366,8
432,T5b,TmY15,-1,3,0.06309147924184799,0.06309148264984227,1,in_json,366,9
432,T5b,TmY15,0,3,0.08832807838916779,0.08832807570977917,1,in_json,366,10
432,T5b,TmY15,0,0,0.07570978254079819,0.07570977917981071,1,in_json,366,11
432,T5b,TmY15,0,2,1.0,,1,hull_filled,366,
432,T5b,TmY15,1,-2,1.0,,1,hull_filled,366,
432,T5b,TmY15,1,0,1.0,,1,hull_filled,366,
433,T5c,CT1(Lo1),0,0,1.2982456684112549,1.2982456140350878,1,in_json,367,0
434,T5c,T4c,1,0,1.173076868057251,1.1730769230769231,1,in_json,368,0
434,T5c,T4c,0,-1,1.0535714626312256,1.0535714285714286,1,in_json,368,1
434,T5c,T4c,1,-1,1.0370370149612427,1.037037037037037,1,in_json,368,2
434,T5c,T4c,0,0,1.4237288236618042,1.423728813559322,1,in_json,368,3
435,T5c,T5c,-1,0,1.5384615659713745,1.5384615384615385,1,in_json,369,0
435,T5c,T5c,0,1,1.1428571939468384,1.1428571428571428,1,in_json,369,1
435,T5c,T5c,-1,1,2.1929824352264404,2.192982456140351,1,in_json,369,2
435,T5c,T5c,1,0,1.0192307233810425,1.0192307692307692,1,in_json,369,3
435,T5c,T5c,0,-1,1.5714285373687744,1.5714285714285714,1,in_json,369,4
435,T5c,T5c,1,-1,1.6140351295471191,1.6140350877192982,1,in_json,369,5
435,T5c,T5c,0,0,1.0,,1,hull_filled,369,
436,T5c,Tm2,0,0,1.2903225421905518,1.2903225806451613,1,in_json,370,0
439,T5c,TmY4,-1,4,1.5714285373687744,1.5714285714285714,1,in_json,371,0
439,T5c,TmY4,-1,2,1.0,1,1,in_json,371,1
439,T5c,TmY4,3,-2,1.2000000476837158,1.2,1,in_json,371,2
439,T5c,TmY4,0,-1,1.5,1.5,1,in_json,371,3
439,T5c,TmY4,0,-2,1.3333333730697632,1.3333333333333333,1,in_json,371,4
439,T5c,TmY4,0,2,1.375,1.375,1,in_json,371,5
439,T5c,TmY4,1,-2,1.2857142686843872,1.2857142857142858,1,in_json,371,6
439,T5c,TmY4,-3,6,1.5,1.5,1,in_json,371,7
439,T5c,TmY4,-1,3,2.4285714626312256,2.4285714285714284,1,in_json,371,8
439,T5c,TmY4,1,-3,1.1666666269302368,1.1666666666666667,1,in_json,371,9
439,T5c,TmY4,0,0,1.0,1,1,in_json,371,10
439,T5c,TmY4,-2,4,1.0,,1,hull_filled,371,
439,T5c,TmY4,-2,5,1.0,,1,hull_filled,371,
439,T5c,TmY4,-1,1,1.0,,1,hull_filled,371,
439,T5c,TmY4,0,1,1.0,,1,hull_filled,371,
439,T5c,TmY4,1,-1,1.0,,1,hull_filled,371,
439,T5c,TmY4,1,0,1.0,,1,hull_filled,371,
439,T5c,TmY4,1,1,1.0,,1,hull_filled,371,
439,T5c,TmY4,2,-2,1.0,,1,hull_filled,371,
439,T5c,TmY4,2,-1,1.0,,1,hull_filled,371,
437,T5c,TmY14,0,0,1.3870967626571655,1.3870967741935485,1,in_json,372,0
438,T5c,TmY15,4,-1,0.059612520039081573,0.05961251862891208,1,in_json,373,0
438,T5c,TmY15,-1,1,0.12518629431724548,0.12518628912071536,1,in_json,373,1
438,T5c,TmY15,2,-2,0.04470938816666603,0.04470938897168406,1,in_json,373,2
438,T5c,TmY15,2,-1,0.05365126579999924,0.053651266766020875,1,in_json,373,3
438,T5c,TmY15,-1,2,0.11624441295862198,0.11624441132637857,1,in_json,373,4
438,T5c,TmY15,1,0,0.05365126579999924,0.053651266766020875,1,in_json,373,5
438,T5c,TmY15,3,-1,0.0670640841126442,0.0670640834575261,1,in_json,373,6
438,T5c,TmY15,3,-2,0.08047690242528915,0.08047690014903132,1,in_json,373,7
438,T5c,TmY15,0,-1,0.04470938816666603,0.04470938897168406,1,in_json,373,8
438,T5c,TmY15,1,-2,0.04470938816666603,0.04470938897168406,1,in_json,373,9
438,T5c,TmY15,1,-1,0.10730253159999847,0.10730253353204175,1,in_json,373,10
438,T5c,TmY15,-1,3,0.04470938816666603,0.04470938897168406,1,in_json,373,11
438,T5c,TmY15,0,3,0.059612520039081573,0.05961251862891208,1,in_json,373,12
438,T5c,TmY15,0,0,0.09836065769195557,0.09836065573770494,1,in_json,373,13
438,T5c,TmY15,0,1,1.0,,1,hull_filled,373,
438,T5c,TmY15,0,2,1.0,,1,hull_filled,373,
438,T5c,TmY15,1,1,1.0,,1,hull_filled,373,
438,T5c,TmY15,1,2,1.0,,1,hull_filled,373,
438,T5c,TmY15,2,0,1.0,,1,hull_filled,373,
438,T5c,TmY15,2,1,1.0,,1,hull_filled,373,
438,T5c,TmY15,3,0,1.0,,1,hull_filled,373,
440,T5d,CT1(Lo1),0,0,1.2982456684112549,1.2982456140350878,1,in_json,374,0
441,T5d,T2,-4,1,1.0,1,1,in_json,375,0
442,T5d,T4d,-1,0,1.021276593208313,1.0212765957446808,1,in_json,376,0
442,T5d,T4d,0,-1,1.4901961088180542,1.4901960784313726,1,in_json,376,1
442,T5d,T4d,0,0,1.1799999475479126,1.18,1,in_json,376,2
443,T5d,T5d,-1,0,1.8571428060531616,1.8571428571428572,1,in_json,377,0
443,T5d,T5d,1,1,1.1111111640930176,1.1111111111111112,1,in_json,377,1
443,T5d,T5d,0,1,2.1190476417541504,2.119047619047619,1,in_json,377,2
443,T5d,T5d,-1,1,1.0465116500854492,1.0465116279069768,1,in_json,377,3
443,T5d,T5d,-1,-1,1.1666666269302368,1.1666666666666667,1,in_json,377,4
443,T5d,T5d,1,0,2.1190476417541504,2.119047619047619,1,in_json,377,5
443,T5d,T5d,0,-1,1.452380895614624,1.4523809523809523,1,in_json,377,6
443,T5d,T5d,1,-2,1.0232558250427246,1.0232558139534884,1,in_json,377,7
443,T5d,T5d,1,-1,2.302325487136841,2.302325581395349,1,in_json,377,8
443,T5d,T5d,0,0,1.0,,1,hull_filled,377,
445,T5d,TmY4,2,-3,1.1428571939468384,1.1428571428571428,1,in_json,378,0
445,T5d,TmY4,1,0,1.25,1.25,1,in_json,378,1
445,T5d,TmY4,0,2,1.0,1,1,in_json,378,2
445,T5d,TmY4,1,-1,1.125,1.125,1,in_json,378,3
445,T5d,TmY4,3,-4,1.399999976158142,1.4,1,in_json,378,4
445,T5d,TmY4,1,-3,1.399999976158142,1.4,1,in_json,378,5
445,T5d,TmY4,3,-5,1.6666666269302368,1.6666666666666667,1,in_json,378,6
445,T5d,TmY4,1,-2,1.0,,1,hull_filled,378,
445,T5d,TmY4,2,-4,1.0,,1,hull_filled,378,
445,T5d,TmY4,2,-2,1.0,,1,hull_filled,378,
444,T5d,TmY15,-1,0,0.1492537260055542,0.14925373134328357,1,in_json,379,0
444,T5d,TmY15,-1,1,0.33582088351249695,0.33582089552238803,1,in_json,379,1
444,T5d,TmY15,0,2,0.1492537260055542,0.14925373134328357,1,in_json,379,2
444,T5d,TmY15,1,2,0.18656715750694275,0.18656716417910446,1,in_json,379,3
444,T5d,TmY15,0,0,0.17910447716712952,0.1791044776119403,1,in_json,379,4
444,T5d,TmY15,0,1,1.0,,1,hull_filled,379,
448,Tm1,L2,0,0,5.5714287757873535,5.571428571428571,1,in_json,380,0
449,Tm1,L5,0,0,10.666666984558105,10.666666666666666,1,in_json,381,0
450,Tm1,Lawf2,-1,0,2.3333332538604736,2.3333333333333335,1,in_json,382,0
450,Tm1,Lawf2,0,1,3.3333332538604736,3.3333333333333335,1,in_json,382,1
450,Tm1,Lawf2,-1,1,3.0,3,1,in_json,382,2
450,Tm1,Lawf2,0,0,2.0,2,1,in_json,382,3
446,Tm1,C3,0,-1,1.125,1.125,1,in_json,383,0
446,Tm1,C3,0,0,1.3333333730697632,1.3333333333333333,1,in_json,383,1
447,Tm1,CT1(Lo1),0,0,7.711111068725586,7.711111111111111,1,in_json,384,0
451,Tm1,Mi1,0,0,2.153846263885498,2.1538461538461537,1,in_json,385,0
454,Tm1,Mi2,-1,0,3.75,3.75,1,in_json,386,0
454,Tm1,Mi2,0,1,4.800000190734863,4.8,1,in_json,386,1
454,Tm1,Mi2,-1,1,3.799999952316284,3.8,1,in_json,386,2
454,Tm1,Mi2,0,-1,1.7999999523162842,1.8,1,in_json,386,3
454,Tm1,Mi2,0,0,6.5,6.5,1,in_json,386,4
455,Tm1,Mi4,0,0,6.217391490936279,6.217391304347826,1,in_json,387,0
456,Tm1,Mi9,0,0,7.5,7.5,1,in_json,388,0
452,Tm1,Mi12,0,-1,1.1428571939468384,1.1428571428571428,1,in_json,389,0
453,Tm1,Mi13,0,-1,1.399999976158142,1.4,1,in_json,390,0
453,Tm1,Mi13,0,0,1.2857142686843872,1.2857142857142858,1,in_json,390,1
457,Tm1,T1,0,0,1.399999976158142,1.4,1,in_json,391,0
458,Tm1,T2,0,1,1.100000023841858,1.1,1,in_json,392,0
459,Tm1,T2a,0,1,9.600000381469727,9.6,1,in_json,393,0
459,Tm1,T2a,-1,1,5.222222328186035,5.222222222222222,1,in_json,393,1
459,Tm1,T2a,-1,2,1.3333333730697632,1.3333333333333333,1,in_json,393,2
459,Tm1,T2a,0,-1,1.0,1,1,in_json,393,3
459,Tm1,T2a,0,0,4.363636493682861,4.363636363636363,1,in_json,393,4
460,Tm1,T3,-1,0,6.833333492279053,6.833333333333333,1,in_json,394,0
460,Tm1,T3,0,1,1.25,1.25,1,in_json,394,1
460,Tm1,T3,-1,1,5.5,5.5,1,in_json,394,2
460,Tm1,T3,2,-1,6.25,6.25,1,in_json,394,3
460,Tm1,T3,1,0,4.285714149475098,4.285714285714286,1,in_json,394,4
460,Tm1,T3,0,-1,2.375,2.375,1,in_json,394,5
460,Tm1,T3,1,-1,2.7142856121063232,2.7142857142857144,1,in_json,394,6
460,Tm1,T3,0,0,19.88888931274414,19.88888888888889,1,in_json,394,7
460,Tm1,T3,2,0,3.0,3,1,in_json,394,8
461,Tm1,T5a,-1,0,3.629629611968994,3.6296296296296298,1,in_json,395,0
461,Tm1,T5a,1,1,1.4285714626312256,1.4285714285714286,1,in_json,395,1
461,Tm1,T5a,0,1,3.444444417953491,3.4444444444444446,1,in_json,395,2
461,Tm1,T5a,-1,1,4.615384578704834,4.615384615384615,1,in_json,395,3
461,Tm1,T5a,-1,2,1.2307692766189575,1.2307692307692308,1,in_json,395,4
461,Tm1,T5a,-2,2,1.8181818723678589,1.8181818181818181,1,in_json,395,5
461,Tm1,T5a,1,0,1.7692307233810425,1.7692307692307692,1,in_json,395,6
461,Tm1,T5a,0,-1,1.185185194015503,1.1851851851851851,1,in_json,395,7
461,Tm1,T5a,1,-1,1.6399999856948853,1.64,1,in_json,395,8
461,Tm1,T5a,0,0,5.931034564971924,5.931034482758621,1,in_json,395,9
462,Tm1,T5b,1,-4,1.600000023841858,1.6,1,in_json,396,0
462,Tm1,T5b,0,1,2.0740740299224854,2.074074074074074,1,in_json,396,1
462,Tm1,T5b,-1,1,1.4444444179534912,1.4444444444444444,1,in_json,396,2
462,Tm1,T5b,1,0,1.9583333730697632,1.9583333333333333,1,in_json,396,3
462,Tm1,T5b,0,-1,5.9259257316589355,5.925925925925926,1,in_json,396,4
462,Tm1,T5b,1,-1,3.559999942779541,3.56,1,in_json,396,5
462,Tm1,T5b,0,0,7.9259257316589355,7.925925925925926,1,in_json,396,6
462,Tm1,T5b,1,-3,1.0,,1,hull_filled,396,
462,Tm1,T5b,1,-2,1.0,,1,hull_filled,396,
463,Tm1,T5c,0,1,3.115384578704834,3.1153846153846154,1,in_json,397,0
463,Tm1,T5c,-1,1,1.9629629850387573,1.962962962962963,1,in_json,397,1
463,Tm1,T5c,-2,2,1.076923131942749,1.0769230769230769,1,in_json,397,2
463,Tm1,T5c,1,0,1.5384615659713745,1.5384615384615385,1,in_json,397,3
463,Tm1,T5c,1,-2,1.0,1,1,in_json,397,4
463,Tm1,T5c,1,-1,5.115384578704834,5.115384615384615,1,in_json,397,5
463,Tm1,T5c,1,-3,1.3809523582458496,1.380952380952381,1,in_json,397,6
463,Tm1,T5c,0,0,7.884615421295166,7.884615384615385,1,in_json,397,7
463,Tm1,T5c,0,-1,1.0,,1,hull_filled,397,
464,Tm1,T5d,-1,0,1.185185194015503,1.1851851851851851,1,in_json,398,0
464,Tm1,T5d,0,1,1.149999976158142,1.15,1,in_json,398,1
464,Tm1,T5d,2,1,2.3333332538604736,2.3333333333333335,1,in_json,398,2
464,Tm1,T5d,-1,1,2.200000047683716,2.2,1,in_json,398,3
464,Tm1,T5d,0,-1,2.680000066757202,2.68,1,in_json,398,4
464,Tm1,T5d,3,0,1.3333333730697632,1.3333333333333333,1,in_json,398,5
464,Tm1,T5d,1,-1,2.7272727489471436,2.727272727272727,1,in_json,398,6
464,Tm1,T5d,0,0,10.291666984558105,10.291666666666666,1,in_json,398,7
464,Tm1,T5d,2,0,3.3333332538604736,3.3333333333333335,1,in_json,398,8
464,Tm1,T5d,1,0,1.0,,1,hull_filled,398,
464,Tm1,T5d,1,1,1.0,,1,hull_filled,398,
465,Tm1,Tm2,0,0,6.142857074737549,6.142857142857143,1,in_json,399,0
468,Tm1,Tm4,0,1,5.666666507720947,5.666666666666667,1,in_json,400,0
468,Tm1,Tm4,-1,1,6.599999904632568,6.6,1,in_json,400,1
468,Tm1,Tm4,-2,1,1.0,1,1,in_json,400,2
468,Tm1,Tm4,0,0,3.142857074737549,3.142857142857143,1,in_json,400,3
469,Tm1,Tm5Y,0,-1,1.3333333730697632,1.3333333333333333,1,in_json,401,0
469,Tm1,Tm5Y,0,0,1.0,1,1,in_json,401,1
470,Tm1,Tm9,0,0,5.896551609039307,5.896551724137931,1,in_json,402,0
466,Tm1,Tm20,0,0,8.0,8,1,in_json,403,0
467,Tm1,Tm28,-1,0,4.125,4.125,1,in_json,404,0
467,Tm1,Tm28,-2,0,2.200000047683716,2.2,1,in_json,404,1
467,Tm1,Tm28,-3,1,2.6666667461395264,2.6666666666666665,1,in_json,404,2
467,Tm1,Tm28,-2,1,1.0,1,1,in_json,404,3
467,Tm1,Tm28,1,0,2.0,2,1,in_json,404,4
467,Tm1,Tm28,0,0,5.714285850524902,5.714285714285714,1,in_json,404,5
472,Tm1,TmY4,-1,0,2.6666667461395264,2.6666666666666665,1,in_json,405,0
472,Tm1,TmY4,0,1,2.4285714626312256,2.4285714285714284,1,in_json,405,1
472,Tm1,TmY4,-1,1,1.399999976158142,1.4,1,in_json,405,2
472,Tm1,TmY4,-1,-1,1.600000023841858,1.6,1,in_json,405,3
472,Tm1,TmY4,-1,2,1.600000023841858,1.6,1,in_json,405,4
472,Tm1,TmY4,0,-1,3.25,3.25,1,in_json,405,5
472,Tm1,TmY4,1,-2,2.0,2,1,in_json,405,6
472,Tm1,TmY4,1,-1,2.1666667461395264,2.1666666666666665,1,in_json,405,7
472,Tm1,TmY4,0,0,5.0,5,1,in_json,405,8
472,Tm1,TmY4,2,-2,2.75,2.75,1,in_json,405,9
473,Tm1,TmY9,-1,0,2.0,2,1,in_json,406,0
473,Tm1,TmY9,0,1,1.0,1,1,in_json,406,1
473,Tm1,TmY9,0,2,1.6666666269302368,1.6666666666666667,1,in_json,406,2
473,Tm1,TmY9,1,-1,1.0,1,1,in_json,406,3
473,Tm1,TmY9,0,3,1.0,1,1,in_json,406,4
473,Tm1,TmY9,0,0,1.8333333730697632,1.8333333333333333,1,in_json,406,5
471,Tm1,TmY15,-1,1,1.25,1.25,1,in_json,407,0
471,Tm1,TmY15,0,-1,1.2000000476837158,1.2,1,in_json,407,1
471,Tm1,TmY15,-1,0,1.25,1.25,1,in_json,407,2
471,Tm1,TmY15,2,-1,1.25,1.25,1,in_json,407,3
471,Tm1,TmY15,0,0,1.0,,1,hull_filled,407,
491,Tm2,L2,0,0,7.285714149475098,7.285714285714286,1,in_json,408,0
492,Tm2,L5,0,0,15.15384578704834,15.153846153846153,1,in_json,409,0
493,Tm2,Lawf1,0,0,1.1666666269302368,1.1666666666666667,1,in_json,410,0
489,Tm2,C3,0,-1,3.222222328186035,3.2222222222222223,1,in_json,411,0
489,Tm2,C3,1,-1,1.25,1.25,1,in_json,411,1
489,Tm2,C3,0,0,1.0,1,1,in_json,411,2
490,Tm2,CT1(Lo1),0,0,1.2400000095367432,1.24,1,in_json,412,0
494,Tm2,Mi4,0,0,5.875,5.875,1,in_json,413,0
495,Tm2,Mi9,0,0,10.461538314819336,10.461538461538462,1,in_json,414,0
496,Tm2,T2,-1,0,1.5,1.5,1,in_json,415,0
496,Tm2,T2,0,1,15.363636016845703,15.363636363636363,1,in_json,415,1
496,Tm2,T2,-1,1,14.0,14,1,in_json,415,2
496,Tm2,T2,-1,2,4.800000190734863,4.8,1,in_json,415,3
496,Tm2,T2,1,0,1.3529411554336548,1.3529411764705883,1,in_json,415,4
496,Tm2,T2,1,-1,1.7391303777694702,1.7391304347826086,1,in_json,415,5
496,Tm2,T2,0,0,13.909090995788574,13.909090909090908,1,in_json,415,6
497,Tm2,T2a,-1,0,1.0,1,1,in_json,416,0
498,Tm2,T5a,-1,0,4.21875,4.21875,1,in_json,417,0
498,Tm2,T5a,1,1,1.3333333730697632,1.3333333333333333,1,in_json,417,1
498,Tm2,T5a,0,1,4.4193549156188965,4.419354838709677,1,in_json,417,2
498,Tm2,T5a,-1,1,4.066666603088379,4.066666666666666,1,in_json,417,3
498,Tm2,T5a,-1,2,1.1785714626312256,1.1785714285714286,1,in_json,417,4
498,Tm2,T5a,1,0,2.034482717514038,2.0344827586206895,1,in_json,417,5
498,Tm2,T5a,1,-1,1.4642857313156128,1.4642857142857142,1,in_json,417,6
498,Tm2,T5a,0,0,8.303030014038086,8.303030303030303,1,in_json,417,7
499,Tm2,T5b,-1,0,1.75,1.75,1,in_json,418,0
499,Tm2,T5b,1,-4,2.0,2,1,in_json,418,1
499,Tm2,T5b,0,1,2.7586207389831543,2.7586206896551726,1,in_json,418,2
499,Tm2,T5b,-1,1,1.4848484992980957,1.4848484848484849,1,in_json,418,3
499,Tm2,T5b,1,0,2.038461446762085,2.0384615384615383,1,in_json,418,4
499,Tm2,T5b,0,-1,7.166666507720947,7.166666666666667,1,in_json,418,5
499,Tm2,T5b,1,-1,2.451612949371338,2.4516129032258065,1,in_json,418,6
499,Tm2,T5b,0,0,7.483870983123779,7.483870967741935,1,in_json,418,7
499,Tm2,T5b,0,-2,1.0,,1,hull_filled,418,
499,Tm2,T5b,1,-3,1.0,,1,hull_filled,418,
499,Tm2,T5b,1,-2,1.0,,1,hull_filled,418,
500,Tm2,T5c,0,1,3.8333332538604736,3.8333333333333335,1,in_json,419,0
500,Tm2,T5c,-1,1,1.2333333492279053,1.2333333333333334,1,in_json,419,1
500,Tm2,T5c,1,0,2.6666667461395264,2.6666666666666665,1,in_json,419,2
500,Tm2,T5c,1,-2,1.034482717514038,1.0344827586206897,1,in_json,419,3
500,Tm2,T5c,1,-1,8.310344696044922,8.310344827586206,1,in_json,419,4
500,Tm2,T5c,1,-3,1.1538461446762085,1.1538461538461537,1,in_json,419,5
500,Tm2,T5c,0,0,9.645161628723145,9.64516129032258,1,in_json,419,6
500,Tm2,T5c,0,-1,1.0,,1,hull_filled,419,
501,Tm2,T5d,0,1,1.2173912525177002,1.2173913043478262,1,in_json,420,0
501,Tm2,T5d,2,1,2.0,2,1,in_json,420,1
501,Tm2,T5d,-1,1,2.655172348022461,2.6551724137931036,1,in_json,420,2
501,Tm2,T5d,0,-1,2.5,2.5,1,in_json,420,3
501,Tm2,T5d,3,0,1.600000023841858,1.6,1,in_json,420,4
501,Tm2,T5d,1,-1,2.04347825050354,2.0434782608695654,1,in_json,420,5
501,Tm2,T5d,0,0,13.928571701049805,13.928571428571429,1,in_json,420,6
501,Tm2,T5d,2,0,2.153846263885498,2.1538461538461537,1,in_json,420,7
501,Tm2,T5d,1,0,1.0,,1,hull_filled,420,
501,Tm2,T5d,1,1,1.0,,1,hull_filled,420,
502,Tm2,Tm1,0,0,7.0,7,1,in_json,421,0
504,Tm2,Tm4,0,1,1.8333333730697632,1.8333333333333333,1,in_json,422,0
504,Tm2,Tm4,-1,1,1.7727272510528564,1.7727272727272727,1,in_json,422,1
504,Tm2,Tm4,0,0,1.04347825050354,1.0434782608695652,1,in_json,422,2
505,Tm2,Tm9,0,0,4.709677219390869,4.709677419354839,1,in_json,423,0
503,Tm2,Tm28,-1,0,1.4444444179534912,1.4444444444444444,1,in_json,424,0
503,Tm2,Tm28,0,0,2.75,2.75,1,in_json,424,1
509,Tm2,TmY3,-1,0,3.3333332538604736,3.3333333333333335,1,in_json,425,0
509,Tm2,TmY3,0,1,1.7142857313156128,1.7142857142857142,1,in_json,425,1
509,Tm2,TmY3,-1,1,3.7142856121063232,3.7142857142857144,1,in_json,425,2
509,Tm2,TmY3,1,0,2.5999999046325684,2.6,1,in_json,425,3
509,Tm2,TmY3,0,-1,1.3529411554336548,1.3529411764705883,1,in_json,425,4
509,Tm2,TmY3,1,-1,5.800000190734863,5.8,1,in_json,425,5
509,Tm2,TmY3,0,0,6.714285850524902,6.714285714285714,1,in_json,425,6
510,Tm2,TmY4,2,-2,1.0,1,1,in_json,426,0
506,Tm2,TmY13,-1,0,1.0,1,1,in_json,427,0
506,Tm2,TmY13,0,-1,1.6666666269302368,1.6666666666666667,1,in_json,427,1
507,Tm2,TmY15,0,1,1.75,1.75,1,in_json,428,0
507,Tm2,TmY15,-1,1,2.0,2,1,in_json,428,1
507,Tm2,TmY15,-1,2,1.6666666269302368,1.6666666666666667,1,in_json,428,2
507,Tm2,TmY15,0,0,1.399999976158142,1.4,1,in_json,428,3
508,Tm2,TmY18,-1,0,1.1111111640930176,1.1111111111111112,1,in_json,429,0
508,Tm2,TmY18,0,-1,1.6666666269302368,1.6666666666666667,1,in_json,429,1
508,Tm2,TmY18,1,-1,1.3636363744735718,1.3636363636363635,1,in_json,429,2
508,Tm2,TmY18,0,0,1.4615384340286255,1.4615384615384615,1,in_json,429,3
519,Tm3,L1,-1,0,1.1666666269302368,1.1666666666666667,1,in_json,430,0
519,Tm3,L1,-1,1,1.100000023841858,1.1,1,in_json,430,1
519,Tm3,L1,1,0,1.0,1,1,in_json,430,2
519,Tm3,L1,0,-1,1.7142857313156128,1.7142857142857142,1,in_json,430,3
519,Tm3,L1,1,-1,2.142857074737549,2.142857142857143,1,in_json,430,4
519,Tm3,L1,0,0,2.5,2.5,1,in_json,430,5
520,Tm3,Lawf1,0,1,1.0,1,1,in_json,431,0
521,Tm3,Lawf2,0,0,3.3333332538604736,3.3333333333333335,1,in_json,432,0
522,Tm3,Mi1,0,0,1.2285714149475098,1.2285714285714286,1,in_json,433,0
523,Tm3,Mi11,0,-1,1.0,1,1,in_json,434,0
523,Tm3,Mi11,0,-2,1.0,1,1,in_json,434,1
524,Tm3,Mi14,-1,0,1.5,1.5,1,in_json,435,0
524,Tm3,Mi14,1,1,1.3333333730697632,1.3333333333333333,1,in_json,435,1
524,Tm3,Mi14,0,1,1.25,1.25,1,in_json,435,2
524,Tm3,Mi14,-1,1,1.2000000476837158,1.2,1,in_json,435,3
524,Tm3,Mi14,1,0,1.0,1,1,in_json,435,4
524,Tm3,Mi14,1,-1,1.0,1,1,in_json,435,5
524,Tm3,Mi14,0,0,3.25,3.25,1,in_json,435,6
525,Tm3,T2,0,1,5.5,5.5,1,in_json,436,0
525,Tm3,T2,-1,1,2.8333332538604736,2.8333333333333335,1,in_json,436,1
525,Tm3,T2,-1,2,2.3333332538604736,2.3333333333333335,1,in_json,436,2
525,Tm3,T2,1,0,1.2999999523162842,1.3,1,in_json,436,3
525,Tm3,T2,0,-1,2.4000000953674316,2.4,1,in_json,436,4
525,Tm3,T2,0,0,10.307692527770996,10.307692307692308,1,in_json,436,5
526,Tm3,T2a,0,1,1.0,1,1,in_json,437,0
527,Tm3,T3,0,1,1.6666666269302368,1.6666666666666667,1,in_json,438,0
527,Tm3,T3,0,-1,3.6666667461395264,3.6666666666666665,1,in_json,438,1
527,Tm3,T3,0,0,3.3333332538604736,3.3333333333333335,1,in_json,438,2
528,Tm3,T4a,-1,0,1.7000000476837158,1.7,1,in_json,439,0
528,Tm3,T4a,0,1,2.0,2,1,in_json,439,1
528,Tm3,T4a,-1,1,2.6842105388641357,2.6842105263157894,1,in_json,439,2
528,Tm3,T4a,1,0,1.5555555820465088,1.5555555555555556,1,in_json,439,3
528,Tm3,T4a,0,-1,7.800000190734863,7.8,1,in_json,439,4
528,Tm3,T4a,0,-2,1.7999999523162842,1.8,1,in_json,439,5
528,Tm3,T4a,1,-1,3.6666667461395264,3.6666666666666665,1,in_json,439,6
528,Tm3,T4a,0,0,3.4358973503112793,3.4358974358974357,1,in_json,439,7
528,Tm3,T4a,1,3,1.0909091234207153,1.0909090909090908,1,in_json,439,8
528,Tm3,T4a,0,2,1.0,,1,hull_filled,439,
528,Tm3,T4a,1,1,1.0,,1,hull_filled,439,
528,Tm3,T4a,1,2,1.0,,1,hull_filled,439,
529,Tm3,T4b,0,1,2.3157894611358643,2.3157894736842106,1,in_json,440,0
529,Tm3,T4b,-1,1,1.7777777910232544,1.7777777777777777,1,in_json,440,1
529,Tm3,T4b,1,0,1.100000023841858,1.1,1,in_json,440,2
529,Tm3,T4b,0,-1,4.214285850524902,4.214285714285714,1,in_json,440,3
529,Tm3,T4b,1,-1,3.357142925262451,3.357142857142857,1,in_json,440,4
529,Tm3,T4b,0,0,3.769230842590332,3.769230769230769,1,in_json,440,5
530,Tm3,T4c,-1,0,1.454545497894287,1.4545454545454546,1,in_json,441,0
530,Tm3,T4c,0,1,2.0256409645080566,2.0256410256410255,1,in_json,441,1
530,Tm3,T4c,-1,-1,1.2222222089767456,1.2222222222222223,1,in_json,441,2
530,Tm3,T4c,1,0,1.8888888359069824,1.8888888888888888,1,in_json,441,3
530,Tm3,T4c,0,-1,1.8571428060531616,1.8571428571428572,1,in_json,441,4
530,Tm3,T4c,1,-2,2.8333332538604736,2.8333333333333335,1,in_json,441,5
530,Tm3,T4c,1,-1,2.153846263885498,2.1538461538461537,1,in_json,441,6
530,Tm3,T4c,0,0,5.538461685180664,5.538461538461538,1,in_json,441,7
531,Tm3,T4d,0,1,1.1818181276321411,1.1818181818181819,1,in_json,442,0
531,Tm3,T4d,2,-1,1.1428571939468384,1.1428571428571428,1,in_json,442,1
531,Tm3,T4d,1,0,2.1111111640930176,2.111111111111111,1,in_json,442,2
531,Tm3,T4d,0,-1,3.6666667461395264,3.6666666666666665,1,in_json,442,3
531,Tm3,T4d,1,-1,1.75,1.75,1,in_json,442,4
531,Tm3,T4d,0,0,5.083333492279053,5.083333333333333,1,in_json,442,5
532,Tm3,Tm3,0,1,1.1111111640930176,1.1111111111111112,1,in_json,443,0
532,Tm3,Tm3,-1,1,1.2352941036224365,1.2352941176470589,1,in_json,443,1
532,Tm3,Tm3,0,-1,1.3333333730697632,1.3333333333333333,1,in_json,443,2
532,Tm3,Tm3,0,-2,1.0,1,1,in_json,443,3
532,Tm3,Tm3,1,-2,1.0,1,1,in_json,443,4
532,Tm3,Tm3,1,-1,1.3529411554336548,1.3529411764705883,1,in_json,443,5
532,Tm3,Tm3,0,0,1.0,,1,hull_filled,443,
534,Tm3,Tm4,-1,2,1.137930989265442,1.1379310344827587,1,in_json,444,0
533,Tm3,Tm30,0,-1,1.0,1,1,in_json,445,0
539,Tm3,TmY3,-1,0,2.8888888359069824,2.888888888888889,1,in_json,446,0
539,Tm3,TmY3,1,1,1.0,1,1,in_json,446,1
539,Tm3,TmY3,0,1,2.6666667461395264,2.6666666666666665,1,in_json,446,2
539,Tm3,TmY3,-1,1,3.0,3,1,in_json,446,3
539,Tm3,TmY3,2,-3,1.0,1,1,in_json,446,4
539,Tm3,TmY3,0,-1,4.75,4.75,1,in_json,446,5
539,Tm3,TmY3,1,-2,3.0,3,1,in_json,446,6
539,Tm3,TmY3,1,-1,3.5,3.5,1,in_json,446,7
539,Tm3,TmY3,0,0,3.8888888359069824,3.888888888888889,1,in_json,446,8
539,Tm3,TmY3,1,0,1.0,,1,hull_filled,446,
540,Tm3,TmY5a,-1,2,1.0,1,1,in_json,447,0
540,Tm3,TmY5a,1,0,3.8888888359069824,3.888888888888889,1,in_json,447,1
540,Tm3,TmY5a,0,-1,3.2857143878936768,3.2857142857142856,1,in_json,447,2
540,Tm3,TmY5a,1,-2,5.0,5,1,in_json,447,3
540,Tm3,TmY5a,1,-1,6.375,6.375,1,in_json,447,4
540,Tm3,TmY5a,0,0,2.5,2.5,1,in_json,447,5
540,Tm3,TmY5a,0,1,1.0,,1,hull_filled,447,
535,Tm3,TmY13,0,-1,2.0,2,1,in_json,448,0
536,Tm3,TmY14,-1,0,2.4642856121063232,2.4642857142857144,1,in_json,449,0
536,Tm3,TmY14,0,1,2.17391300201416,2.1739130434782608,1,in_json,449,1
536,Tm3,TmY14,-1,1,3.799999952316284,3.8,1,in_json,449,2
536,Tm3,TmY14,2,-2,3.799999952316284,3.8,1,in_json,449,3
536,Tm3,TmY14,-1,2,2.25,2.25,1,in_json,449,4
536,Tm3,TmY14,-2,2,1.0,1,1,in_json,449,5
536,Tm3,TmY14,1,0,2.5714285373687744,2.5714285714285716,1,in_json,449,6
536,Tm3,TmY14,0,-1,2.6666667461395264,2.6666666666666665,1,in_json,449,7
536,Tm3,TmY14,0,2,1.0,1,1,in_json,449,8
536,Tm3,TmY14,1,-2,1.399999976158142,1.4,1,in_json,449,9
536,Tm3,TmY14,1,-1,3.3333332538604736,3.3333333333333335,1,in_json,449,10
536,Tm3,TmY14,0,0,8.88888931274414,8.88888888888889,1,in_json,449,11
537,Tm3,TmY15,-1,0,9.0,9,1,in_json,450,0
537,Tm3,TmY15,1,1,4.5,4.5,1,in_json,450,1
537,Tm3,TmY15,0,1,6.142857074737549,6.142857142857143,1,in_json,450,2
537,Tm3,TmY15,-1,1,8.125,8.125,1,in_json,450,3
537,Tm3,TmY15,2,-2,3.0,3,1,in_json,450,4
537,Tm3,TmY15,2,-1,5.199999809265137,5.2,1,in_json,450,5
537,Tm3,TmY15,-1,2,4.800000190734863,4.8,1,in_json,450,6
537,Tm3,TmY15,1,0,7.800000190734863,7.8,1,in_json,450,7
537,Tm3,TmY15,0,-1,7.5714287757873535,7.571428571428571,1,in_json,450,8
537,Tm3,TmY15,1,-1,6.125,6.125,1,in_json,450,9
537,Tm3,TmY15,0,0,9.0,9,1,in_json,450,10
537,Tm3,TmY15,2,1,1.25,1.25,1,in_json,450,11
537,Tm3,TmY15,-2,1,1.600000023841858,1.6,1,in_json,450,12
537,Tm3,TmY15,2,-3,1.8333333730697632,1.8333333333333333,1,in_json,450,13
537,Tm3,TmY15,-1,-1,3.3333332538604736,3.3333333333333335,1,in_json,450,14
537,Tm3,TmY15,-2,2,8.399999618530273,8.4,1,in_json,450,15
537,Tm3,TmY15,3,-1,3.6666667461395264,3.6666666666666665,1,in_json,450,16
537,Tm3,TmY15,3,-2,1.25,1.25,1,in_json,450,17
537,Tm3,TmY15,0,2,1.2000000476837158,1.2,1,in_json,450,18
537,Tm3,TmY15,3,-3,1.2000000476837158,1.2,1,in_json,450,19
537,Tm3,TmY15,-3,3,2.3333332538604736,2.3333333333333335,1,in_json,450,20
537,Tm3,TmY15,1,-2,4.285714149475098,4.285714285714286,1,in_json,450,21
537,Tm3,TmY15,-1,3,2.25,2.25,1,in_json,450,22
537,Tm3,TmY15,-2,3,1.0,1,1,in_json,450,23
537,Tm3,TmY15,0,3,4.666666507720947,4.666666666666667,1,in_json,450,24
537,Tm3,TmY15,1,2,5.0,5,1,in_json,450,25
537,Tm3,TmY15,2,0,1.0,,1,hull_filled,450,
538,Tm3,TmY18,1,0,1.384615421295166,1.3846153846153846,1,in_json,451,0
538,Tm3,TmY18,1,-1,1.6666666269302368,1.6666666666666667,1,in_json,451,1
538,Tm3,TmY18,0,0,2.5,2.5,1,in_json,451,2
542,Tm4,Lawf2,1,-1,2.6666667461395264,2.6666666666666665,1,in_json,452,0
542,Tm4,Lawf2,0,0,4.0,4,1,in_json,452,1
541,Tm4,C3,3,-2,1.0,1,1,in_json,453,0
541,Tm4,C3,0,-1,2.222222328186035,2.2222222222222223,1,in_json,453,1
541,Tm4,C3,1,-2,1.75,1.75,1,in_json,453,2
541,Tm4,C3,1,-1,2.1111111640930176,2.111111111111111,1,in_json,453,3
547,Tm4,Mi4,0,-1,2.049999952316284,2.05,1,in_json,454,0
547,Tm4,Mi4,1,-1,2.21052622795105,2.210526315789474,1,in_json,454,1
543,Tm4,Mi10,0,0,1.0,1,1,in_json,455,0
544,Tm4,Mi12,0,-1,1.0,1,1,in_json,456,0
545,Tm4,Mi13,0,-1,1.399999976158142,1.4,1,in_json,457,0
545,Tm4,Mi13,0,0,1.4285714626312256,1.4285714285714286,1,in_json,457,1
546,Tm4,Mi14,0,1,1.6666666269302368,1.6666666666666667,1,in_json,458,0
546,Tm4,Mi14,2,-2,2.0,2,1,in_json,458,1
546,Tm4,Mi14,2,-1,3.3333332538604736,3.3333333333333335,1,in_json,458,2
546,Tm4,Mi14,1,0,3.0,3,1,in_json,458,3
546,Tm4,Mi14,0,-1,2.3333332538604736,2.3333333333333335,1,in_json,458,4
546,Tm4,Mi14,1,-1,2.0,2,1,in_json,458,5
546,Tm4,Mi14,0,0,5.333333492279053,5.333333333333333,1,in_json,458,6
548,Tm4,T2,-3,-1,1.0,1,1,in_json,459,0
549,Tm4,T2a,0,-1,3.5,3.5,1,in_json,460,0
549,Tm4,T2a,0,0,1.2999999523162842,1.3,1,in_json,460,1
550,Tm4,T3,-1,1,1.8333333730697632,1.8333333333333333,1,in_json,461,0
550,Tm4,T3,2,-1,2.799999952316284,2.8,1,in_json,461,1
550,Tm4,T3,3,-2,2.25,2.25,1,in_json,461,2
550,Tm4,T3,0,-1,5.333333492279053,5.333333333333333,1,in_json,461,3
550,Tm4,T3,1,-1,1.1111111640930176,1.1111111111111112,1,in_json,461,4
550,Tm4,T3,0,0,1.5714285373687744,1.5714285714285714,1,in_json,461,5
551,Tm4,T5a,-1,0,1.0952380895614624,1.0952380952380953,1,in_json,462,0
551,Tm4,T5a,0,1,1.2608696222305298,1.2608695652173914,1,in_json,462,1
551,Tm4,T5a,1,0,1.100000023841858,1.1,1,in_json,462,2
551,Tm4,T5a,0,-1,4.5652174949646,4.565217391304348,1,in_json,462,3
551,Tm4,T5a,1,-2,1.04347825050354,1.0434782608695652,1,in_json,462,4
551,Tm4,T5a,1,-1,3.545454502105713,3.5454545454545454,1,in_json,462,5
551,Tm4,T5a,0,0,3.82608699798584,3.8260869565217392,1,in_json,462,6
552,Tm4,T5b,-1,0,1.1304347515106201,1.1304347826086956,1,in_json,463,0
552,Tm4,T5b,0,-1,3.4782607555389404,3.4782608695652173,1,in_json,463,1
552,Tm4,T5b,0,-2,1.0,1,1,in_json,463,2
552,Tm4,T5b,1,-2,2.04347825050354,2.0434782608695654,1,in_json,463,3
552,Tm4,T5b,1,-1,4.782608509063721,4.782608695652174,1,in_json,463,4
552,Tm4,T5b,0,0,2.5217392444610596,2.5217391304347827,1,in_json,463,5
553,Tm4,T5c,1,-4,1.3684210777282715,1.368421052631579,1,in_json,464,0
553,Tm4,T5c,0,1,1.5909091234207153,1.5909090909090908,1,in_json,464,1
553,Tm4,T5c,2,-2,1.7272727489471436,1.7272727272727273,1,in_json,464,2
553,Tm4,T5c,1,0,1.045454502105713,1.0454545454545454,1,in_json,464,3
553,Tm4,T5c,0,-1,1.6956521272659302,1.6956521739130435,1,in_json,464,4
553,Tm4,T5c,1,-2,2.409090995788574,2.409090909090909,1,in_json,464,5
553,Tm4,T5c,1,-1,4.7272725105285645,4.7272727272727275,1,in_json,464,6
553,Tm4,T5c,0,0,3.6521739959716797,3.652173913043478,1,in_json,464,7
553,Tm4,T5c,1,-3,1.0,,1,hull_filled,464,
554,Tm4,T5d,0,1,1.0555555820465088,1.0555555555555556,1,in_json,465,0
554,Tm4,T5d,2,-1,1.3636363744735718,1.3636363636363635,1,in_json,465,1
554,Tm4,T5d,0,-1,3.1363637447357178,3.1363636363636362,1,in_json,465,2
554,Tm4,T5d,1,-2,2.0999999046325684,2.1,1,in_json,465,3
554,Tm4,T5d,1,-1,5.55555534362793,5.555555555555555,1,in_json,465,4
554,Tm4,T5d,0,0,3.2272727489471436,3.227272727272727,1,in_json,465,5
554,Tm4,T5d,1,0,1.0,,1,hull_filled,465,
555,Tm4,Tm3,1,-2,1.1724138259887695,1.1724137931034482,1,in_json,466,0
555,Tm4,Tm3,0,0,1.0357142686843872,1.0357142857142858,1,in_json,466,1
556,Tm4,Tm4,-1,1,1.100000023841858,1.1,1,in_json,467,0
556,Tm4,Tm4,0,-1,1.1111111640930176,1.1111111111111112,1,in_json,467,1
560,Tm4,TmY3,-1,0,1.6666666269302368,1.6666666666666667,1,in_json,468,0
560,Tm4,TmY3,2,-2,1.125,1.125,1,in_json,468,1
560,Tm4,TmY3,0,-1,3.0,3,1,in_json,468,2
560,Tm4,TmY3,1,-2,1.5,1.5,1,in_json,468,3
560,Tm4,TmY3,1,-1,1.4285714626312256,1.4285714285714286,1,in_json,468,4
560,Tm4,TmY3,0,0,1.3333333730697632,1.3333333333333333,1,in_json,468,5
561,Tm4,TmY4,1,-2,1.1666666269302368,1.1666666666666667,1,in_json,469,0
561,Tm4,TmY4,1,-1,1.6666666269302368,1.6666666666666667,1,in_json,469,1
562,Tm4,TmY5a,-1,0,1.600000023841858,1.6,1,in_json,470,0
562,Tm4,TmY5a,2,-2,4.142857074737549,4.142857142857143,1,in_json,470,1
562,Tm4,TmY5a,0,-1,5.333333492279053,5.333333333333333,1,in_json,470,2
562,Tm4,TmY5a,1,-2,9.800000190734863,9.8,1,in_json,470,3
562,Tm4,TmY5a,1,-1,8.375,8.375,1,in_json,470,4
562,Tm4,TmY5a,0,0,2.1666667461395264,2.1666666666666665,1,in_json,470,5
557,Tm4,TmY13,2,-2,1.6666666269302368,1.6666666666666667,1,in_json,471,0
558,Tm4,TmY14,-1,0,2.941176414489746,2.9411764705882355,1,in_json,472,0
558,Tm4,TmY14,0,1,2.0,2,1,in_json,472,1
558,Tm4,TmY14,-1,1,2.3684210777282715,2.3684210526315788,1,in_json,472,2
558,Tm4,TmY14,2,-3,3.2666666507720947,3.2666666666666666,1,in_json,472,3
558,Tm4,TmY14,2,-2,3.0,3,1,in_json,472,4
558,Tm4,TmY14,2,-1,2.0,2,1,in_json,472,5
558,Tm4,TmY14,1,0,2.3636362552642822,2.3636363636363638,1,in_json,472,6
558,Tm4,TmY14,0,-1,9.166666984558105,9.166666666666666,1,in_json,472,7
558,Tm4,TmY14,3,-3,1.6666666269302368,1.6666666666666667,1,in_json,472,8
558,Tm4,TmY14,1,-2,7.25,7.25,1,in_json,472,9
558,Tm4,TmY14,1,-1,9.833333015441895,9.833333333333334,1,in_json,472,10
558,Tm4,TmY14,0,0,9.166666984558105,9.166666666666666,1,in_json,472,11
558,Tm4,TmY14,-1,-1,2.799999952316284,2.8,1,in_json,472,12
558,Tm4,TmY14,0,-2,1.5,1.5,1,in_json,472,13
559,Tm4,TmY15,-1,1,12.666666984558105,12.666666666666666,1,in_json,473,0
559,Tm4,TmY15,2,-2,11.399999618530273,11.4,1,in_json,473,1
559,Tm4,TmY15,2,-1,6.599999904632568,6.6,1,in_json,473,2
559,Tm4,TmY15,1,0,7.333333492279053,7.333333333333333,1,in_json,473,3
559,Tm4,TmY15,0,-1,13.800000190734863,13.8,1,in_json,473,4
559,Tm4,TmY15,1,-2,11.333333015441895,11.333333333333334,1,in_json,473,5
559,Tm4,TmY15,1,-1,14.25,14.25,1,in_json,473,6
559,Tm4,TmY15,0,0,20.600000381469727,20.6,1,in_json,473,7
559,Tm4,TmY15,-1,0,11.666666984558105,11.666666666666666,1,in_json,473,8
559,Tm4,TmY15,1,1,8.333333015441895,8.333333333333334,1,in_json,473,9
559,Tm4,TmY15,2,-3,5.75,5.75,1,in_json,473,10
559,Tm4,TmY15,3,-2,3.0,3,1,in_json,473,11
559,Tm4,TmY15,0,-2,5.400000095367432,5.4,1,in_json,473,12
559,Tm4,TmY15,3,-3,4.400000095367432,4.4,1,in_json,473,13
559,Tm4,TmY15,3,-4,1.25,1.25,1,in_json,473,14
559,Tm4,TmY15,1,-3,5.166666507720947,5.166666666666667,1,in_json,473,15
559,Tm4,TmY15,0,1,1.0,,1,hull_filled,473,
564,Tm5Y,Tm5a,0,0,1.0,1,1,in_json,474,0
565,Tm5Y,Tm5b,0,0,1.0,1,1,in_json,475,0
563,Tm5Y,Tm20,0,0,1.0,1,1,in_json,476,0
567,Tm5Y,TmY5a,0,0,1.2000000476837158,1.2,1,in_json,477,0
566,Tm5Y,TmY10,0,0,1.3333333730697632,1.3333333333333333,1,in_json,478,0
568,Tm5a,Tm5a,-1,1,1.6666666269302368,1.6666666666666667,1,in_json,479,0
568,Tm5a,Tm5a,1,-1,2.0,2,1,in_json,479,1
569,Tm5a,Tm5b,-1,2,1.6666666269302368,1.6666666666666667,1,in_json,480,0
569,Tm5a,Tm5b,0,-1,2.0,2,1,in_json,480,1
569,Tm5a,Tm5b,0,2,1.3333333730697632,1.3333333333333333,1,in_json,480,2
569,Tm5a,Tm5b,1,-2,1.6666666269302368,1.6666666666666667,1,in_json,480,3
569,Tm5a,Tm5b,0,0,1.0,,1,hull_filled,480,
569,Tm5a,Tm5b,0,1,1.0,,1,hull_filled,480,
571,Tm5b,Mi3,-1,-1,1.6666666269302368,1.6666666666666667,1,in_json,481,0
570,Tm5b,Mi10,0,-1,1.600000023841858,1.6,1,in_json,482,0
572,Tm5b,Tm5a,0,1,1.25,1.25,1,in_json,483,0
573,Tm5b,Tm5b,-1,0,1.2000000476837158,1.2,1,in_json,484,0
573,Tm5b,Tm5b,1,1,2.0,2,1,in_json,484,1
573,Tm5b,Tm5b,0,1,2.25,2.25,1,in_json,484,2
573,Tm5b,Tm5b,-1,2,3.3333332538604736,3.3333333333333335,1,in_json,484,3
573,Tm5b,Tm5b,1,0,1.7999999523162842,1.8,1,in_json,484,4
573,Tm5b,Tm5b,0,-1,1.5,1.5,1,in_json,484,5
573,Tm5b,Tm5b,1,-1,3.25,3.25,1,in_json,484,6
573,Tm5b,Tm5b,-1,1,1.0,,1,hull_filled,484,
573,Tm5b,Tm5b,0,0,1.0,,1,hull_filled,484,
574,Tm5b,Tm5c,-1,1,1.0,1,1,in_json,485,0
576,Tm5c,Mi4,0,-1,1.6666666269302368,1.6666666666666667,-1,in_json,486,0
576,Tm5c,Mi4,0,0,3.25,3.25,-1,in_json,486,1
575,Tm5c,Mi15,0,1,1.6666666269302368,1.6666666666666667,-1,in_json,487,0
575,Tm5c,Mi15,0,0,8.5,8.5,-1,in_json,487,1
578,Tm5c,Tm5Y,0,0,2.0,2,-1,in_json,488,0
579,Tm5c,Tm5b,0,0,4.0,4,-1,in_json,489,0
577,Tm5c,Tm16,0,0,1.0,1,-1,in_json,490,0
580,Tm9,CT1(Lo1),0,0,23.360000610351562,23.36,1,in_json,491,0
581,Tm9,Mi9,0,0,1.185185194015503,1.1851851851851851,1,in_json,492,0
582,Tm9,T5a,0,0,4.469425201416016,4.469425333255728,1,in_json,493,0
582,Tm9,T5a,1,-1,20.030574798583984,20.03057466674427,1,in_json,493,1
582,Tm9,T5a,0,-1,20.030574798583984,20.03057466674427,1,in_json,493,2
582,Tm9,T5a,1,-2,4.469425201416016,4.469425333255728,1,in_json,493,3
583,Tm9,T5b,0,0,4.288243293762207,4.2882434378525565,1,in_json,494,0
583,Tm9,T5b,0,1,19.21857452392578,19.218573746372734,1,in_json,494,1
583,Tm9,T5b,-1,1,19.21857452392578,19.218573746372734,1,in_json,494,2
583,Tm9,T5b,-1,2,4.288243293762207,4.2882434378525565,1,in_json,494,3
584,Tm9,T5c,0,0,7.146811008453369,7.146810949982996,1,in_json,495,0
584,Tm9,T5c,-1,1,3.3759143352508545,3.3759144515352046,1,in_json,495,1
584,Tm9,T5c,0,-1,3.3759143352508545,3.3759144515352046,1,in_json,495,2
584,Tm9,T5c,-1,0,32.02978515625,32.0297845223112,1,in_json,495,3
585,Tm9,T5d,1,0,35.76411437988281,35.7641124929201,1,in_json,496,0
585,Tm9,T5d,0,1,3.769509792327881,3.769509723897063,1,in_json,496,1
585,Tm9,T5d,1,-1,3.769509792327881,3.769509723897063,1,in_json,496,2
585,Tm9,T5d,0,0,7.9800519943237305,7.98005214811172,1,in_json,496,3
586,Tm9,Tm1,0,0,3.965517282485962,3.9655172413793105,1,in_json,497,0
587,Tm9,Tm2,0,0,4.709677219390869,4.709677419354839,1,in_json,498,0
589,Tm9,Tm5Y,-1,1,1.0,1,1,in_json,499,0
589,Tm9,Tm5Y,0,0,1.0,1,1,in_json,499,1
588,Tm9,Tm28,0,0,1.2857142686843872,1.2857142857142858,1,in_json,500,0
591,Tm9,TmY4,0,2,1.0,1,1,in_json,501,0
591,Tm9,TmY4,0,0,1.0,1,1,in_json,501,1
592,Tm9,TmY9,-1,1,1.25,1.25,1,in_json,502,0
592,Tm9,TmY9,-1,2,1.0,1,1,in_json,502,1
592,Tm9,TmY9,-1,3,1.25,1.25,1,in_json,502,2
590,Tm9,TmY15,0,0,1.2000000476837158,1.2,1,in_json,503,0
590,Tm9,TmY15,-1,1,2.75,2.75,1,in_json,503,1
590,Tm9,TmY15,-1,2,1.0,1,1,in_json,503,2
590,Tm9,TmY15,0,-1,1.399999976158142,1.4,1,in_json,503,3
590,Tm9,TmY15,-1,3,1.0,1,1,in_json,503,4
474,Tm16,Lawf1,-1,0,1.25,1.25,1,in_json,504,0
474,Tm16,Lawf1,0,1,3.25,3.25,1,in_json,504,1
474,Tm16,Lawf1,-1,1,2.5,2.5,1,in_json,504,2
474,Tm16,Lawf1,0,-1,2.0,2,1,in_json,504,3
474,Tm16,Lawf1,1,-1,1.0,1,1,in_json,504,4
474,Tm16,Lawf1,0,0,2.0,2,1,in_json,504,5
475,Tm16,Lawf2,0,-1,2.0,2,1,in_json,505,0
476,Tm16,Mi9,0,1,1.7142857313156128,1.7142857142857142,1,in_json,506,0
476,Tm16,Mi9,-1,-1,1.6666666269302368,1.6666666666666667,1,in_json,506,1
476,Tm16,Mi9,0,-1,2.3333332538604736,2.3333333333333335,1,in_json,506,2
476,Tm16,Mi9,0,0,3.0,3,1,in_json,506,3
477,Tm16,T2,-1,0,1.25,1.25,1,in_json,507,0
477,Tm16,T2,-1,1,1.25,1.25,1,in_json,507,1
477,Tm16,T2,0,0,1.2857142686843872,1.2857142857142858,1,in_json,507,2
478,Tm16,Tm1,-1,0,2.0,2,1,in_json,508,0
478,Tm16,Tm1,0,1,2.3333332538604736,2.3333333333333335,1,in_json,508,1
478,Tm16,Tm1,0,0,1.375,1.375,1,in_json,508,2
479,Tm16,Tm2,0,1,1.0,1,1,in_json,509,0
480,Tm16,Tm4,-1,1,1.0,1,1,in_json,510,0
480,Tm16,Tm4,0,0,1.1666666269302368,1.1666666666666667,1,in_json,510,1
481,Tm16,Tm5Y,0,1,1.0,1,1,in_json,511,0
481,Tm16,Tm5Y,1,0,1.0,1,1,in_json,511,1
481,Tm16,Tm5Y,0,0,1.0,1,1,in_json,511,2
482,Tm16,Tm5c,0,1,2.6666667461395264,2.6666666666666665,1,in_json,512,0
482,Tm16,Tm5c,0,-1,1.6666666269302368,1.6666666666666667,1,in_json,512,1
482,Tm16,Tm5c,0,0,1.3333333730697632,1.3333333333333333,1,in_json,512,2
483,Tm16,Tm9,-1,0,1.5,1.5,1,in_json,513,0
483,Tm16,Tm9,0,1,2.5,2.5,1,in_json,513,1
483,Tm16,Tm9,-1,-1,1.0,1,1,in_json,513,2
483,Tm16,Tm9,1,0,1.25,1.25,1,in_json,513,3
483,Tm16,Tm9,0,-1,1.2000000476837158,1.2,1,in_json,513,4
483,Tm16,Tm9,0,0,1.8571428060531616,1.8571428571428572,1,in_json,513,5
487,Tm16,TmY3,1,-2,1.3333333730697632,1.3333333333333333,1,in_json,514,0
488,Tm16,TmY5a,0,-1,3.75,3.75,1,in_json,515,0
488,Tm16,TmY5a,0,-2,1.0,1,1,in_json,515,1
488,Tm16,TmY5a,0,0,1.0,1,1,in_json,515,2
484,Tm16,TmY10,1,0,1.0,1,1,in_json,516,0
484,Tm16,TmY10,0,-1,1.3333333730697632,1.3333333333333333,1,in_json,516,1
484,Tm16,TmY10,0,0,1.3333333730697632,1.3333333333333333,1,in_json,516,2
485,Tm16,TmY13,0,-1,4.0,4,1,in_json,517,0
485,Tm16,TmY13,1,-1,2.6666667461395264,2.6666666666666665,1,in_json,517,1
486,Tm16,TmY14,0,1,2.5,2.5,1,in_json,518,0
486,Tm16,TmY14,-1,1,2.3333332538604736,2.3333333333333335,1,in_json,518,1
486,Tm16,TmY14,0,-1,2.0,2,1,in_json,518,2
486,Tm16,TmY14,1,-1,2.3333332538604736,2.3333333333333335,1,in_json,518,3
486,Tm16,TmY14,0,0,1.3333333730697632,1.3333333333333333,1,in_json,518,4
511,Tm20,Mi2,0,1,1.2000000476837158,1.2,1,in_json,519,0
512,Tm20,Mi9,0,0,4.0,4,1,in_json,520,0
514,Tm20,Tm5Y,1,1,2.25,2.25,1,in_json,521,0
514,Tm20,Tm5Y,0,1,2.5,2.5,1,in_json,521,1
514,Tm20,Tm5Y,-1,1,2.25,2.25,1,in_json,521,2
514,Tm20,Tm5Y,1,0,3.5999999046325684,3.6,1,in_json,521,3
514,Tm20,Tm5Y,0,-1,3.5999999046325684,3.6,1,in_json,521,4
514,Tm20,Tm5Y,1,-1,3.200000047683716,3.2,1,in_json,521,5
514,Tm20,Tm5Y,0,0,6.0,6,1,in_json,521,6
515,Tm20,Tm9,0,0,3.222222328186035,3.2222222222222223,1,in_json,522,0
513,Tm20,Tm20,0,1,3.4285714626312256,3.4285714285714284,1,in_json,523,0
513,Tm20,Tm20,-1,1,1.2000000476837158,1.2,1,in_json,523,1
513,Tm20,Tm20,0,-1,4.0,4,1,in_json,523,2
513,Tm20,Tm20,1,-1,1.2000000476837158,1.2,1,in_json,523,3
513,Tm20,Tm20,0,0,1.0,,1,hull_filled,523,
516,Tm28,Tm5Y,-1,0,1.0,1,1,in_json,524,0
517,Tm28,TmY4,-1,0,1.3333333730697632,1.3333333333333333,1,in_json,525,0
517,Tm28,TmY4,0,1,3.75,3.75,1,in_json,525,1
517,Tm28,TmY4,1,0,1.3333333730697632,1.3333333333333333,1,in_json,525,2
517,Tm28,TmY4,1,-1,2.799999952316284,2.8,1,in_json,525,3
517,Tm28,TmY4,0,0,4.0,4,1,in_json,525,4
517,Tm28,TmY4,2,0,1.0,1,1,in_json,525,5
518,Tm28,TmY9,1,2,1.0,1,1,in_json,526,0
641,TmY3,T2,-1,0,1.1818181276321411,1.1818181818181819,1,in_json,527,0
641,TmY3,T2,0,1,3.142857074737549,3.142857142857143,1,in_json,527,1
641,TmY3,T2,-1,1,6.800000190734863,6.8,1,in_json,527,2
641,TmY3,T2,1,0,1.600000023841858,1.6,1,in_json,527,3
641,TmY3,T2,0,0,3.142857074737549,3.142857142857143,1,in_json,527,4
642,TmY3,Tm4,0,0,1.5,1.5,1,in_json,528,0
646,TmY3,TmY3,-1,0,1.0,1,1,in_json,529,0
647,TmY3,TmY4,0,-1,1.5,1.5,1,in_json,530,0
647,TmY3,TmY4,0,-2,1.3333333730697632,1.3333333333333333,1,in_json,530,1
648,TmY3,TmY5a,0,1,1.5,1.5,1,in_json,531,0
648,TmY3,TmY5a,0,-1,1.6666666269302368,1.6666666666666667,1,in_json,531,1
648,TmY3,TmY5a,1,-1,2.200000047683716,2.2,1,in_json,531,2
648,TmY3,TmY5a,0,0,1.7999999523162842,1.8,1,in_json,531,3
643,TmY3,TmY13,0,1,2.0,2,1,in_json,532,0
644,TmY3,TmY14,0,1,5.0,5,1,in_json,533,0
644,TmY3,TmY14,-1,1,2.230769157409668,2.230769230769231,1,in_json,533,1
644,TmY3,TmY14,2,-1,1.3333333730697632,1.3333333333333333,1,in_json,533,2
644,TmY3,TmY14,1,0,2.9166667461395264,2.9166666666666665,1,in_json,533,3
644,TmY3,TmY14,1,-2,1.6428571939468384,1.6428571428571428,1,in_json,533,4
644,TmY3,TmY14,1,-1,3.0,3,1,in_json,533,5
644,TmY3,TmY14,0,0,5.058823585510254,5.0588235294117645,1,in_json,533,6
644,TmY3,TmY14,-1,0,5.599999904632568,5.6,1,in_json,533,7
644,TmY3,TmY14,0,-3,1.0,1,1,in_json,533,8
644,TmY3,TmY14,-2,1,1.3636363744735718,1.3636363636363635,1,in_json,533,9
644,TmY3,TmY14,2,-2,1.2727272510528564,1.2727272727272727,1,in_json,533,10
644,TmY3,TmY14,-1,2,1.3333333730697632,1.3333333333333333,1,in_json,533,11
644,TmY3,TmY14,0,-1,2.0,2,1,in_json,533,12
644,TmY3,TmY14,-1,-1,1.0,,1,hull_filled,533,
644,TmY3,TmY14,0,-2,1.0,,1,hull_filled,533,
645,TmY3,TmY15,0,1,1.0,1,1,in_json,534,0
645,TmY3,TmY15,-1,1,1.0,1,1,in_json,534,1
650,TmY4,Mi3,0,0,1.3333333730697632,1.3333333333333333,1,in_json,535,0
651,TmY4,Mi4,-1,0,1.5,1.5,1,in_json,536,0
651,TmY4,Mi4,-1,-1,1.25,1.25,1,in_json,536,1
649,TmY4,Mi13,0,1,1.3333333730697632,1.3333333333333333,1,in_json,537,0
652,TmY4,T2,0,1,1.5,1.5,1,in_json,538,0
653,TmY4,T5d,2,-1,1.2000000476837158,1.2,1,in_json,539,0
655,TmY4,TmY4,-1,1,2.0,2,1,in_json,540,0
655,TmY4,TmY4,1,-1,1.6666666269302368,1.6666666666666667,1,in_json,540,1
656,TmY4,TmY5a,-1,0,2.6666667461395264,2.6666666666666665,1,in_json,541,0
656,TmY4,TmY5a,1,0,1.25,1.25,1,in_json,541,1
656,TmY4,TmY5a,0,-1,1.0,1,1,in_json,541,2
656,TmY4,TmY5a,0,0,2.6666667461395264,2.6666666666666665,1,in_json,541,3
657,TmY4,TmY9,-1,0,1.0,1,1,in_json,542,0
657,TmY4,TmY9,-1,3,1.0,1,1,in_json,542,1
654,TmY4,TmY14,0,1,1.5,1.5,1,in_json,543,0
654,TmY4,TmY14,-1,2,1.25,1.25,1,in_json,543,1
658,TmY5a,Mi2,-1,1,1.0,1,-1,in_json,544,0
659,TmY5a,Mi3,-1,0,1.3333333730697632,1.3333333333333333,-1,in_json,545,0
660,TmY5a,T2,-1,1,1.0,1,-1,in_json,546,0
661,TmY5a,T2a,-1,1,1.2857142686843872,1.2857142857142858,-1,in_json,547,0
661,TmY5a,T2a,-1,2,1.399999976158142,1.4,-1,in_json,547,1
662,TmY5a,Tm16,0,2,1.0,1,-1,in_json,548,0
666,TmY5a,TmY3,-1,0,1.1666666269302368,1.1666666666666667,-1,in_json,549,0
666,TmY5a,TmY3,0,1,2.0,2,-1,in_json,549,1
666,TmY5a,TmY3,-1,1,1.2000000476837158,1.2,-1,in_json,549,2
667,TmY5a,TmY4,0,0,1.3333333730697632,1.3333333333333333,-1,in_json,550,0
663,TmY5a,TmY14,-1,0,1.399999976158142,1.4,-1,in_json,551,0
663,TmY5a,TmY14,0,1,1.0,1,-1,in_json,551,1
663,TmY5a,TmY14,-1,1,2.0,2,-1,in_json,551,2
664,TmY5a,TmY15,0,1,1.25,1.25,-1,in_json,552,0
664,TmY5a,TmY15,0,0,1.5,1.5,-1,in_json,552,1
664,TmY5a,TmY15,1,1,2.5,2.5,-1,in_json,552,2
665,TmY5a,TmY18,-1,0,1.375,1.375,-1,in_json,553,0
665,TmY5a,TmY18,0,0,1.5,1.5,-1,in_json,553,1
668,TmY9,Mi13,-1,0,1.0,1,1,in_json,554,0
668,TmY9,Mi13,0,1,1.0,1,1,in_json,554,1
668,TmY9,Mi13,-1,1,1.0,1,1,in_json,554,2
669,TmY9,TmY4,1,-2,1.3333333730697632,1.3333333333333333,1,in_json,555,0
669,TmY9,TmY4,1,-1,1.0,1,1,in_json,555,1
670,TmY9,TmY9,-2,0,1.0,1,1,in_json,556,0
670,TmY9,TmY9,3,-2,1.0,1,1,in_json,556,1
670,TmY9,TmY9,0,-2,1.0,1,1,in_json,556,2
670,TmY9,TmY9,2,0,1.2000000476837158,1.2,1,in_json,556,3
670,TmY9,TmY9,-1,-1,1.0,,1,hull_filled,556,
670,TmY9,TmY9,-1,0,1.0,,1,hull_filled,556,
670,TmY9,TmY9,0,-1,1.0,,1,hull_filled,556,
670,TmY9,TmY9,0,0,1.0,,1,hull_filled,556,
670,TmY9,TmY9,1,-1,1.0,,1,hull_filled,556,
670,TmY9,TmY9,1,0,1.0,,1,hull_filled,556,
670,TmY9,TmY9,2,-1,1.0,,1,hull_filled,556,
593,TmY10,Mi4,-1,0,2.0,2,1,in_json,557,0
593,TmY10,Mi4,0,1,1.75,1.75,1,in_json,557,1
593,TmY10,Mi4,-1,1,4.333333492279053,4.333333333333333,1,in_json,557,2
593,TmY10,Mi4,1,0,1.0,1,1,in_json,557,3
593,TmY10,Mi4,0,-1,2.5,2.5,1,in_json,557,4
593,TmY10,Mi4,0,0,6.25,6.25,1,in_json,557,5
594,TmY10,T2a,-1,1,1.0,1,1,in_json,558,0
598,TmY10,Tm5b,0,0,1.0,1,1,in_json,559,0
599,TmY10,Tm5c,-1,1,2.0,2,1,in_json,560,0
600,TmY10,Tm9,0,0,1.5,1.5,1,in_json,561,0
595,TmY10,Tm16,-1,0,1.0,1,1,in_json,562,0
595,TmY10,Tm16,0,1,1.3333333730697632,1.3333333333333333,1,in_json,562,1
595,TmY10,Tm16,0,0,1.3333333730697632,1.3333333333333333,1,in_json,562,2
596,TmY10,Tm20,0,1,1.0,1,1,in_json,563,0
597,TmY10,Tm28,-1,0,1.0,1,1,in_json,564,0
597,TmY10,Tm28,0,0,1.0,1,1,in_json,564,1
601,TmY10,TmY4,0,0,1.6666666269302368,1.6666666666666667,1,in_json,565,0
602,TmY10,TmY9,0,0,2.0,2,1,in_json,566,0
603,TmY13,Mi4,-1,0,2.3333332538604736,2.3333333333333335,1,in_json,567,0
603,TmY13,Mi4,0,0,1.25,1.25,1,in_json,567,1
604,TmY13,T2,-1,0,1.3333333730697632,1.3333333333333333,1,in_json,568,0
604,TmY13,T2,0,1,2.6666667461395264,2.6666666666666665,1,in_json,568,1
604,TmY13,T2,-1,1,1.5,1.5,1,in_json,568,2
606,TmY13,Tm5b,-1,1,1.0,1,1,in_json,569,0
605,TmY13,Tm16,0,1,1.0,1,1,in_json,570,0
607,TmY13,TmY5a,0,0,1.5,1.5,1,in_json,571,0
608,TmY14,C3,-1,0,1.5,1.5,-1,in_json,572,0
608,TmY14,C3,-1,1,1.0,1,-1,in_json,572,1
608,TmY14,C3,1,-1,2.0,2,-1,in_json,572,2
608,TmY14,C3,0,0,1.7999999523162842,1.8,-1,in_json,572,3
609,TmY14,Mi12,-1,0,1.1666666269302368,1.1666666666666667,-1,in_json,573,0
609,TmY14,Mi12,-1,1,1.1666666269302368,1.1666666666666667,-1,in_json,573,1
609,TmY14,Mi12,2,-2,1.1666666269302368,1.1666666666666667,-1,in_json,573,2
609,TmY14,Mi12,2,-1,1.0,1,-1,in_json,573,3
609,TmY14,Mi12,0,0,1.0,,-1,hull_filled,573,
609,TmY14,Mi12,1,-1,1.0,,-1,hull_filled,573,
610,TmY14,Mi13,-1,1,1.75,1.75,-1,in_json,574,0
610,TmY14,Mi13,0,-1,3.6666667461395264,3.6666666666666665,-1,in_json,574,1
610,TmY14,Mi13,0,0,1.0,1,-1,in_json,574,2
612,TmY14,Tm9,1,-1,1.0,1,-1,in_json,575,0
611,TmY14,Tm16,0,1,2.0,2,-1,in_json,576,0
611,TmY14,Tm16,-1,1,2.3333332538604736,2.3333333333333335,-1,in_json,576,1
611,TmY14,Tm16,0,-1,2.25,2.25,-1,in_json,576,2
611,TmY14,Tm16,1,-1,3.3333332538604736,3.3333333333333335,-1,in_json,576,3
611,TmY14,Tm16,0,0,1.0,,-1,hull_filled,576,
613,TmY14,TmY4,0,-1,1.0,1,-1,in_json,577,0
614,TmY15,Mi4,-1,0,1.75,1.75,-1,in_json,578,0
614,TmY15,Mi4,0,1,2.0,2,-1,in_json,578,1
614,TmY15,Mi4,-1,1,2.0,2,-1,in_json,578,2
614,TmY15,Mi4,-1,-1,1.3333333730697632,1.3333333333333333,-1,in_json,578,3
614,TmY15,Mi4,1,0,1.25,1.25,-1,in_json,578,4
614,TmY15,Mi4,0,-1,3.25,3.25,-1,in_json,578,5
614,TmY15,Mi4,1,-1,2.25,2.25,-1,in_json,578,6
614,TmY15,Mi4,0,0,5.0,5,-1,in_json,578,7
614,TmY15,Mi4,-2,0,2.5,2.5,-1,in_json,578,8
614,TmY15,Mi4,-2,1,1.25,1.25,-1,in_json,578,9
614,TmY15,Mi4,-2,2,1.5,1.5,-1,in_json,578,10
614,TmY15,Mi4,0,2,1.6666666269302368,1.6666666666666667,-1,in_json,578,11
614,TmY15,Mi4,-1,3,1.3333333730697632,1.3333333333333333,-1,in_json,578,12
614,TmY15,Mi4,-2,3,1.0,1,-1,in_json,578,13
614,TmY15,Mi4,-1,2,1.0,,-1,hull_filled,578,
615,TmY15,Mi9,0,-1,1.0,1,-1,in_json,579,0
616,TmY15,T2,-2,0,1.0,1,-1,in_json,580,0
616,TmY15,T2,0,-2,1.0,1,-1,in_json,580,1
617,TmY15,T2a,0,0,1.6666666269302368,1.6666666666666667,-1,in_json,581,0
618,TmY15,T4a,-1,0,1.1653510332107544,1.1653510594100542,-1,in_json,582,0
618,TmY15,T4a,0,1,1.0054008960723877,1.005400914000831,-1,in_json,582,1
618,TmY15,T4a,-1,1,0.9322808384895325,0.9322808475280434,-1,in_json,582,2
618,TmY15,T4a,0,-1,0.767760694026947,0.767760697964271,-1,in_json,582,3
618,TmY15,T4a,0,0,0.8226007223129272,0.8226007478188618,-1,in_json,582,4
618,TmY15,T4a,0,-3,0.49356046319007874,0.4935604486913171,-1,in_json,582,5
618,TmY15,T4a,-2,1,0.49356046319007874,0.4935604486913171,-1,in_json,582,6
618,TmY15,T4a,-1,-1,0.2742002606391907,0.27420024927295394,-1,in_json,582,7
618,TmY15,T4a,-2,-1,0.4113003611564636,0.4113003739094309,-1,in_json,582,8
618,TmY15,T4a,2,-2,0.3290402889251709,0.32904029912754473,-1,in_json,582,9
618,TmY15,T4a,-1,2,0.6580805778503418,0.6580805982550895,-1,in_json,582,10
618,TmY15,T4a,1,0,0.3838803470134735,0.3838803489821355,-1,in_json,582,11
618,TmY15,T4a,0,-2,0.4387204051017761,0.4387203988367263,-1,in_json,582,12
618,TmY15,T4a,1,-2,0.8226007223129272,0.8226007478188618,-1,in_json,582,13
618,TmY15,T4a,1,-1,0.5484005212783813,0.5484004985459079,-1,in_json,582,14
618,TmY15,T4a,-1,3,0.4113003611564636,0.4113003739094309,-1,in_json,582,15
618,TmY15,T4a,-2,3,0.2742002606391907,0.27420024927295394,-1,in_json,582,16
618,TmY15,T4a,1,-3,0.49356046319007874,0.4935604486913171,-1,in_json,582,17
618,TmY15,T4a,2,0,0.2742002606391907,0.27420024927295394,-1,in_json,582,18
618,TmY15,T4a,-2,0,1.0,,-1,hull_filled,582,
618,TmY15,T4a,-2,2,1.0,,-1,hull_filled,582,
618,TmY15,T4a,-1,-2,1.0,,-1,hull_filled,582,
618,TmY15,T4a,0,2,1.0,,-1,hull_filled,582,
618,TmY15,T4a,1,1,1.0,,-1,hull_filled,582,
618,TmY15,T4a,2,-1,1.0,,-1,hull_filled,582,
619,TmY15,T4b,-1,0,0.8940397500991821,0.894039735099338,-1,in_json,583,0
619,TmY15,T4b,-1,1,0.8940397500991821,0.894039735099338,-1,in_json,583,1
619,TmY15,T4b,-1,-1,0.6556291580200195,0.6556291390728479,-1,in_json,583,2
619,TmY15,T4b,0,-1,1.3708609342575073,1.3708609271523182,-1,in_json,583,3
619,TmY15,T4b,0,-2,0.41721853613853455,0.4172185430463577,-1,in_json,583,4
619,TmY15,T4b,1,-2,0.7152317762374878,0.7152317880794704,-1,in_json,583,5
619,TmY15,T4b,1,-1,0.5960264801979065,0.5960264900662253,-1,in_json,583,6
619,TmY15,T4b,0,0,1.9668874740600586,1.9668874172185435,-1,in_json,583,7
619,TmY15,T4b,0,1,0.6556291580200195,0.6556291390728479,-1,in_json,583,8
619,TmY15,T4b,2,-2,0.29801324009895325,0.29801324503311266,-1,in_json,583,9
619,TmY15,T4b,-1,2,1.0132449865341187,1.013245033112583,-1,in_json,583,10
619,TmY15,T4b,-2,2,0.6556291580200195,0.6556291390728479,-1,in_json,583,11
619,TmY15,T4b,1,0,0.29801324009895325,0.29801324503311266,-1,in_json,583,12
619,TmY15,T4b,0,2,0.41721853613853455,0.4172185430463577,-1,in_json,583,13
619,TmY15,T4b,-6,4,0.49668875336647034,0.49668874172185445,-1,in_json,583,14
619,TmY15,T4b,-1,3,0.3576158881187439,0.3576158940397352,-1,in_json,583,15
619,TmY15,T4b,2,0,0.29801324009895325,0.29801324503311266,-1,in_json,583,16
619,TmY15,T4b,-5,3,1.0,,-1,hull_filled,583,
619,TmY15,T4b,-4,2,1.0,,-1,hull_filled,583,
619,TmY15,T4b,-4,3,1.0,,-1,hull_filled,583,
619,TmY15,T4b,-3,1,1.0,,-1,hull_filled,583,
619,TmY15,T4b,-3,2,1.0,,-1,hull_filled,583,
619,TmY15,T4b,-3,3,1.0,,-1,hull_filled,583,
619,TmY15,T4b,-2,0,1.0,,-1,hull_filled,583,
619,TmY15,T4b,-2,1,1.0,,-1,hull_filled,583,
619,TmY15,T4b,-2,3,1.0,,-1,hull_filled,583,
619,TmY15,T4b,1,1,1.0,,-1,hull_filled,583,
619,TmY15,T4b,2,-1,1.0,,-1,hull_filled,583,
620,TmY15,T4c,-1,0,0.7282535433769226,0.7282535401213757,-1,in_json,584,0
620,TmY15,T4c,0,1,0.6068779230117798,0.6068779501011464,-1,in_json,584,1
620,TmY15,T4c,-1,1,0.8091706037521362,0.8091706001348619,-1,in_json,584,2
620,TmY15,T4c,-1,-1,0.9440323710441589,0.9440323668240056,-1,in_json,584,3
620,TmY15,T4c,0,-1,0.6068779230117798,0.6068779501011464,-1,in_json,584,4
620,TmY15,T4c,0,-2,0.647336483001709,0.6473364801078896,-1,in_json,584,5
620,TmY15,T4c,1,-2,0.354012131690979,0.35401213755900207,-1,in_json,584,6
620,TmY15,T4c,1,-1,0.4450438320636749,0.4450438300741741,-1,in_json,584,7
620,TmY15,T4c,0,0,0.708024263381958,0.7080242751180041,-1,in_json,584,8
620,TmY15,T4c,1,-4,0.25286582112312317,0.25286581254214435,-1,in_json,584,9
620,TmY15,T4c,2,1,0.7417396903038025,0.74173971679029,-1,in_json,584,10
620,TmY15,T4c,2,-3,0.48550236225128174,0.4855023600809171,-1,in_json,584,11
620,TmY15,T4c,-1,-2,0.5394470691680908,0.5394470667565745,-1,in_json,584,12
620,TmY15,T4c,-2,-1,0.20229265093803406,0.20229265003371547,-1,in_json,584,13
620,TmY15,T4c,-1,2,0.647336483001709,0.6473364801078896,-1,in_json,584,14
620,TmY15,T4c,-2,2,0.2832097113132477,0.28320971004720163,-1,in_json,584,15
620,TmY15,T4c,1,0,0.2832097113132477,0.28320971004720163,-1,in_json,584,16
620,TmY15,T4c,0,2,0.24275118112564087,0.24275118004045854,-1,in_json,584,17
620,TmY15,T4c,-5,4,0.47201618552207947,0.4720161834120028,-1,in_json,584,18
620,TmY15,T4c,-4,3,1.0,,-1,hull_filled,584,
620,TmY15,T4c,-3,1,1.0,,-1,hull_filled,584,
620,TmY15,T4c,-3,2,1.0,,-1,hull_filled,584,
620,TmY15,T4c,-3,3,1.0,,-1,hull_filled,584,
620,TmY15,T4c,-2,0,1.0,,-1,hull_filled,584,
620,TmY15,T4c,-2,1,1.0,,-1,hull_filled,584,
620,TmY15,T4c,0,-3,1.0,,-1,hull_filled,584,
620,TmY15,T4c,1,-3,1.0,,-1,hull_filled,584,
620,TmY15,T4c,1,1,1.0,,-1,hull_filled,584,
620,TmY15,T4c,2,-2,1.0,,-1,hull_filled,584,
620,TmY15,T4c,2,-1,1.0,,-1,hull_filled,584,
620,TmY15,T4c,2,0,1.0,,-1,hull_filled,584,
621,TmY15,T4d,-1,0,1.1370261907577515,1.1370262390670556,-1,in_json,585,0
621,TmY15,T4d,-1,1,1.5393586158752441,1.5393586005830906,-1,in_json,585,1
621,TmY15,T4d,-1,-1,0.8163265585899353,0.816326530612245,-1,in_json,585,2
621,TmY15,T4d,0,-1,1.6093294620513916,1.60932944606414,-1,in_json,585,3
621,TmY15,T4d,0,0,1.3294460773468018,1.3294460641399417,-1,in_json,585,4
621,TmY15,T4d,0,1,0.6997084617614746,0.6997084548104957,-1,in_json,585,5
621,TmY15,T4d,-1,4,0.3498542308807373,0.34985422740524785,-1,in_json,585,6
621,TmY15,T4d,2,-2,0.3498542308807373,0.34985422740524785,-1,in_json,585,7
621,TmY15,T4d,-1,2,1.4693877696990967,1.4693877551020411,-1,in_json,585,8
621,TmY15,T4d,0,2,0.3498542308807373,0.34985422740524785,-1,in_json,585,9
621,TmY15,T4d,1,-2,0.3498542308807373,0.34985422740524785,-1,in_json,585,10
621,TmY15,T4d,-1,3,1.0,,-1,hull_filled,585,
621,TmY15,T4d,1,-1,1.0,,-1,hull_filled,585,
621,TmY15,T4d,1,0,1.0,,-1,hull_filled,585,
622,TmY15,T5a,2,-4,0.3873744606971741,0.387374461979914,-1,in_json,586,0
622,TmY15,T5a,-1,0,0.9899569749832153,0.9899569583931134,-1,in_json,586,1
622,TmY15,T5a,-2,0,0.215208038687706,0.21520803443328554,-1,in_json,586,2
622,TmY15,T5a,1,1,0.34433284401893616,0.3443328550932569,-1,in_json,586,3
622,TmY15,T5a,0,1,0.4734576642513275,0.4734576757532282,-1,in_json,586,4
622,TmY15,T5a,-1,1,0.9038737416267395,0.9038737446197993,-1,in_json,586,5
622,TmY15,T5a,-1,-2,0.215208038687706,0.21520803443328554,-1,in_json,586,6
622,TmY15,T5a,-1,-1,0.6025825142860413,0.6025824964131995,-1,in_json,586,7
622,TmY15,T5a,2,-1,0.3586800694465637,0.35868005738880926,-1,in_json,586,8
622,TmY15,T5a,-1,2,0.2582496404647827,0.25824964131994266,-1,in_json,586,9
622,TmY15,T5a,1,0,0.6994261145591736,0.699426111908178,-1,in_json,586,10
622,TmY15,T5a,0,-1,1.4203730821609497,1.4203730272596844,-1,in_json,586,11
622,TmY15,T5a,0,-2,0.34433284401893616,0.3443328550932569,-1,in_json,586,12
622,TmY15,T5a,-3,3,0.430416077375412,0.4304160688665711,-1,in_json,586,13
622,TmY15,T5a,1,-2,0.5164992809295654,0.5164992826398853,-1,in_json,586,14
622,TmY15,T5a,1,-1,1.0222381353378296,1.0222381635581064,-1,in_json,586,15
622,TmY15,T5a,-2,3,0.215208038687706,0.21520803443328554,-1,in_json,586,16
622,TmY15,T5a,0,0,0.6025825142860413,0.6025824964131995,-1,in_json,586,17
622,TmY15,T5a,-2,1,1.0,,-1,hull_filled,586,
622,TmY15,T5a,-2,2,1.0,,-1,hull_filled,586,
622,TmY15,T5a,1,-3,1.0,,-1,hull_filled,586,
622,TmY15,T5a,2,-3,1.0,,-1,hull_filled,586,
622,TmY15,T5a,2,-2,1.0,,-1,hull_filled,586,
623,TmY15,T5b,-1,0,0.51106196641922,0.5110619469026548,-1,in_json,587,0
623,TmY15,T5b,1,-4,0.6388274431228638,0.6388274336283186,-1,in_json,587,1
623,TmY15,T5b,0,-3,1.02212393283844,1.0221238938053097,-1,in_json,587,2
623,TmY15,T5b,0,1,0.43805310130119324,0.43805309734513276,-1,in_json,587,3
623,TmY15,T5b,-1,1,0.43805310130119324,0.43805309734513276,-1,in_json,587,4
623,TmY15,T5b,2,-3,0.821349561214447,0.8213495575221239,-1,in_json,587,5
623,TmY15,T5b,-1,-1,0.730088472366333,0.7300884955752213,-1,in_json,587,6
623,TmY15,T5b,2,-1,0.3650442361831665,0.36504424778761063,-1,in_json,587,7
623,TmY15,T5b,0,-1,0.8761062026023865,0.8761061946902655,-1,in_json,587,8
623,TmY15,T5b,0,-2,0.3650442361831665,0.36504424778761063,-1,in_json,587,9
623,TmY15,T5b,1,-2,0.8030973672866821,0.8030973451327434,-1,in_json,587,10
623,TmY15,T5b,1,-1,1.02212393283844,1.0221238938053097,-1,in_json,587,11
623,TmY15,T5b,1,-3,1.3871681690216064,1.3871681415929202,-1,in_json,587,12
623,TmY15,T5b,0,-4,0.48672565817832947,0.48672566371681414,-1,in_json,587,13
623,TmY15,T5b,0,0,1.0951327085494995,1.095132743362832,-1,in_json,587,14
623,TmY15,T5b,1,0,1.0,,-1,hull_filled,587,
623,TmY15,T5b,2,-2,1.0,,-1,hull_filled,587,
624,TmY15,T5c,-1,0,0.3883495032787323,0.38834951456310685,-1,in_json,588,0
624,TmY15,T5c,1,1,0.3883495032787323,0.38834951456310685,-1,in_json,588,1
624,TmY15,T5c,-3,1,1.040221929550171,1.040221914008322,-1,in_json,588,2
624,TmY15,T5c,0,1,0.4438280165195465,0.4438280166435507,-1,in_json,588,3
624,TmY15,T5c,-1,1,0.4993065297603607,0.49930651872399456,-1,in_json,588,4
624,TmY15,T5c,-1,-2,0.27739250659942627,0.2773925104022192,-1,in_json,588,5
624,TmY15,T5c,2,-2,0.27739250659942627,0.2773925104022192,-1,in_json,588,6
624,TmY15,T5c,2,-1,0.3883495032787323,0.38834951456310685,-1,in_json,588,7
624,TmY15,T5c,-1,2,0.665742039680481,0.665742024965326,-1,in_json,588,8
624,TmY15,T5c,-2,2,0.4993065297603607,0.49930651872399456,-1,in_json,588,9
624,TmY15,T5c,0,-1,0.9986130595207214,0.9986130374479891,-1,in_json,588,10
624,TmY15,T5c,3,0,0.27739250659942627,0.2773925104022192,-1,in_json,588,11
624,TmY15,T5c,1,-2,1.276005506515503,1.2760055478502081,-1,in_json,588,12
624,TmY15,T5c,1,-1,1.331484079360962,1.331484049930652,-1,in_json,588,13
624,TmY15,T5c,1,-3,0.4160887598991394,0.41608876560332875,-1,in_json,588,14
624,TmY15,T5c,0,0,0.8321775197982788,0.8321775312066575,-1,in_json,588,15
624,TmY15,T5c,-2,0,1.0,,-1,hull_filled,588,
624,TmY15,T5c,-2,1,1.0,,-1,hull_filled,588,
624,TmY15,T5c,-1,-1,1.0,,-1,hull_filled,588,
624,TmY15,T5c,0,-2,1.0,,-1,hull_filled,588,
624,TmY15,T5c,1,0,1.0,,-1,hull_filled,588,
624,TmY15,T5c,2,0,1.0,,-1,hull_filled,588,
625,TmY15,T5d,-1,0,0.47387316823005676,0.47387315516553646,-1,in_json,589,0
625,TmY15,T5d,-3,1,0.21539689600467682,0.21539688871160748,-1,in_json,589,1
625,TmY15,T5d,0,-3,0.43079379200935364,0.43079377742321495,-1,in_json,589,2
625,TmY15,T5d,0,1,0.48464301228523254,0.48464299960111684,-1,in_json,589,3
625,TmY15,T5d,-1,1,0.43079379200935364,0.43079377742321495,-1,in_json,589,4
625,TmY15,T5d,-2,1,0.3015556335449219,0.30155564419625047,-1,in_json,589,5
625,TmY15,T5d,-1,-2,0.21539689600467682,0.21539688871160748,-1,in_json,589,6
625,TmY15,T5d,-1,-1,0.21539689600467682,0.21539688871160748,-1,in_json,589,7
625,TmY15,T5d,2,-2,0.7538890838623047,0.7538891104906261,-1,in_json,589,8
625,TmY15,T5d,1,0,0.933386504650116,0.933386517750299,-1,in_json,589,9
625,TmY15,T5d,0,-1,0.6461906433105469,0.6461906661348225,-1,in_json,589,10
625,TmY15,T5d,0,-2,0.592341423034668,0.5923414439569206,-1,in_json,589,11
625,TmY15,T5d,1,-2,0.7000398635864258,0.7000398883127243,-1,in_json,589,12
625,TmY15,T5d,1,-1,0.9692860245704651,0.9692859992022337,-1,in_json,589,13
625,TmY15,T5d,-1,3,0.26924610137939453,0.26924611088950934,-1,in_json,589,14
625,TmY15,T5d,3,-4,0.37694454193115234,0.37694455524531306,-1,in_json,589,15
625,TmY15,T5d,1,-3,0.21539689600467682,0.21539688871160748,-1,in_json,589,16
625,TmY15,T5d,0,0,0.7754287719726562,0.7754287993617869,-1,in_json,589,17
625,TmY15,T5d,-2,0,1.0,,-1,hull_filled,589,
625,TmY15,T5d,-2,2,1.0,,-1,hull_filled,589,
625,TmY15,T5d,-1,2,1.0,,-1,hull_filled,589,
625,TmY15,T5d,2,-3,1.0,,-1,hull_filled,589,
626,TmY15,Tm1,0,-1,1.0,1,-1,in_json,590,0
626,TmY15,Tm1,1,1,1.0,1,-1,in_json,590,1
627,TmY15,Tm2,1,-2,1.0,1,-1,in_json,591,0
627,TmY15,Tm2,0,0,1.0,1,-1,in_json,591,1
628,TmY15,Tm3,0,-1,1.1428571939468384,1.1428571428571428,-1,in_json,592,0
628,TmY15,Tm3,0,0,1.0,1,-1,in_json,592,1
629,TmY15,Tm4,0,1,1.600000023841858,1.6,-1,in_json,593,0
629,TmY15,Tm4,-1,1,1.0,1,-1,in_json,593,1
629,TmY15,Tm4,-1,2,1.5,1.5,-1,in_json,593,2
629,TmY15,Tm4,1,-1,1.6666666269302368,1.6666666666666667,-1,in_json,593,3
629,TmY15,Tm4,0,0,2.200000047683716,2.2,-1,in_json,593,4
629,TmY15,Tm4,-1,-1,1.3333333730697632,1.3333333333333333,-1,in_json,593,5
629,TmY15,Tm4,1,0,1.6666666269302368,1.6666666666666667,-1,in_json,593,6
629,TmY15,Tm4,-2,3,1.25,1.25,-1,in_json,593,7
629,TmY15,Tm4,-1,0,1.0,,-1,hull_filled,593,
630,TmY15,Tm9,0,-2,2.5,2.5,-1,in_json,594,0
630,TmY15,Tm9,0,1,1.600000023841858,1.6,-1,in_json,594,1
630,TmY15,Tm9,2,-2,1.0,1,-1,in_json,594,2
630,TmY15,Tm9,1,-2,1.399999976158142,1.4,-1,in_json,594,3
630,TmY15,Tm9,1,-1,1.75,1.75,-1,in_json,594,4
630,TmY15,Tm9,1,-3,1.3333333730697632,1.3333333333333333,-1,in_json,594,5
630,TmY15,Tm9,0,-1,1.0,,-1,hull_filled,594,
630,TmY15,Tm9,0,0,1.0,,-1,hull_filled,594,
633,TmY15,TmY3,0,-1,3.5,3.5,-1,in_json,595,0
633,TmY15,TmY3,0,0,1.3333333730697632,1.3333333333333333,-1,in_json,595,1
633,TmY15,TmY3,1,-1,2.3333332538604736,2.3333333333333335,-1,in_json,595,2
631,TmY15,TmY14,1,-1,12.0,12,-1,in_json,596,0
631,TmY15,TmY14,0,0,1.3333333730697632,1.3333333333333333,-1,in_json,596,1
631,TmY15,TmY14,-2,0,4.25,4.25,-1,in_json,596,2
631,TmY15,TmY14,0,-3,2.6666667461395264,2.6666666666666665,-1,in_json,596,3
631,TmY15,TmY14,0,1,1.6666666269302368,1.6666666666666667,-1,in_json,596,4
631,TmY15,TmY14,-1,1,16.75,16.75,-1,in_json,596,5
631,TmY15,TmY14,-2,1,8.25,8.25,-1,in_json,596,6
631,TmY15,TmY14,-1,-2,6.333333492279053,6.333333333333333,-1,in_json,596,7
631,TmY15,TmY14,-1,-1,4.0,4,-1,in_json,596,8
631,TmY15,TmY14,2,-2,3.3333332538604736,3.3333333333333335,-1,in_json,596,9
631,TmY15,TmY14,-1,2,5.666666507720947,5.666666666666667,-1,in_json,596,10
631,TmY15,TmY14,-2,2,14.333333015441895,14.333333333333334,-1,in_json,596,11
631,TmY15,TmY14,0,-1,15.25,15.25,-1,in_json,596,12
631,TmY15,TmY14,0,-2,1.0,1,-1,in_json,596,13
631,TmY15,TmY14,-3,3,4.0,4,-1,in_json,596,14
631,TmY15,TmY14,1,-2,12.5,12.5,-1,in_json,596,15
631,TmY15,TmY14,-1,3,1.0,1,-1,in_json,596,16
631,TmY15,TmY14,-2,3,1.0,1,-1,in_json,596,17
631,TmY15,TmY14,1,-3,1.6666666269302368,1.6666666666666667,-1,in_json,596,18
631,TmY15,TmY14,-1,0,1.0,,-1,hull_filled,596,
632,TmY15,TmY18,-1,0,1.25,1.25,-1,in_json,597,0
632,TmY15,TmY18,0,1,3.0,3,-1,in_json,597,1
632,TmY15,TmY18,-1,1,3.200000047683716,3.2,-1,in_json,597,2
632,TmY15,TmY18,-1,-1,2.0,2,-1,in_json,597,3
632,TmY15,TmY18,0,-1,4.0,4,-1,in_json,597,4
632,TmY15,TmY18,0,-2,1.3333333730697632,1.3333333333333333,-1,in_json,597,5
632,TmY15,TmY18,1,-2,2.0,2,-1,in_json,597,6
632,TmY15,TmY18,1,-1,2.5,2.5,-1,in_json,597,7
632,TmY15,TmY18,0,0,3.0,3,-1,in_json,597,8
635,TmY18,Mi4,-1,0,1.2222222089767456,1.2222222222222223,1,in_json,598,0
635,TmY18,Mi4,0,1,1.6470588445663452,1.6470588235294117,1,in_json,598,1
635,TmY18,Mi4,0,0,1.615384578704834,1.6153846153846154,1,in_json,598,2
634,TmY18,Mi10,-1,0,1.399999976158142,1.4,1,in_json,599,0
634,TmY18,Mi10,-1,-1,1.0,1,1,in_json,599,1
634,TmY18,Mi10,1,0,1.25,1.25,1,in_json,599,2
634,TmY18,Mi10,0,-1,2.5,2.5,1,in_json,599,3
634,TmY18,Mi10,0,0,1.600000023841858,1.6,1,in_json,599,4
636,TmY18,T2,-1,1,1.7000000476837158,1.7,1,in_json,600,0
636,TmY18,T2,0,0,3.0,3,1,in_json,600,1
639,TmY18,TmY5a,1,-1,1.1666666269302368,1.1666666666666667,1,in_json,601,0
639,TmY18,TmY5a,0,0,2.125,2.125,1,in_json,601,1
640,TmY18,TmY9,-3,2,1.0,1,1,in_json,602,0
637,TmY18,TmY15,1,1,1.25,1.25,1,in_json,603,0
637,TmY18,TmY15,0,1,4.0,4,1,in_json,603,1
637,TmY18,TmY15,-1,2,2.3333332538604736,2.3333333333333335,1,in_json,603,2
637,TmY18,TmY15,1,0,1.25,1.25,1,in_json,603,3
637,TmY18,TmY15,0,-1,1.3333333730697632,1.3333333333333333,1,in_json,603,4
637,TmY18,TmY15,0,2,2.3333332538604736,2.3333333333333335,1,in_json,603,5
637,TmY18,TmY15,1,-1,2.0,2,1,in_json,603,6
637,TmY18,TmY15,0,0,3.25,3.25,1,in_json,603,7
637,TmY18,TmY15,2,0,2.25,2.25,1,in_json,603,8
638,TmY18,TmY18,-1,0,2.0,2,1,in_json,604,0
638,TmY18,TmY18,0,1,1.1428571939468384,1.1428571428571428,1,in_json,604,1
638,TmY18,TmY18,0,-1,1.0,1,1,in_json,604,2
638,TmY18,TmY18,1,-1,1.3333333730697632,1.3333333333333333,1,in_json,604,3
638,TmY18,TmY18,0,0,1.0,,1,hull_filled,604,
