# PREVIEW DIAGNOSTIC -- NOT A TEST (n=4, critical rho 0.90-1.00)
# script_sha256=195a89b555bedf3a0ff00a4c4e0542eafa6370243fbf9ed954f5fe8fbf7f4082 chkpt_iteration=25212 primary=mean_window(aggregate over the 16 items)
run,label,chkpt_iteration,type,mean_window,last_step,std_window,std_last_step,mean_window_item_02_ambush_2_split_00,mean_window_item_02_ambush_2_split_01,mean_window_item_02_ambush_2_split_02,mean_window_item_07_bamboo_1_split_00,mean_window_item_07_bamboo_1_split_01,mean_window_item_07_bamboo_1_split_02,mean_window_item_09_bandage_1_split_00,mean_window_item_09_bandage_1_split_01,mean_window_item_09_bandage_1_split_02,mean_window_item_12_cave_4_split_00,mean_window_item_13_market_2_split_00,mean_window_item_13_market_2_split_01,mean_window_item_13_market_2_split_02,mean_window_item_16_mountain_1_split_00,mean_window_item_16_mountain_1_split_01,mean_window_item_16_mountain_1_split_02
000,seed0,25212,R1,0.6089619715679011,0.6399414654635152,0.18119301494963025,0.15972759469568404,0.6758592871719153,0.6246381358939759,0.6185812218995681,0.4918533212930254,0.49197106404893953,0.49510007932337813,0.6220645087041304,0.6425648946182003,0.6535842178868653,0.3068563376619235,0.5095196430030151,0.49580420554898436,0.5027960403084796,0.9171105176613418,0.9046763456231514,0.7904117244395236
000,seed0,25212,R2,0.63236197741005,0.6627204597155187,0.1820807384809165,0.1610650540719209,0.6995545844073392,0.6482990342911834,0.6421481828963522,0.5153600725165766,0.5154713013993469,0.5185982949546074,0.6453418106874049,0.6658147869396558,0.6768226550939787,0.33064691563099413,0.5330006027660086,0.5193261410958352,0.5262961658521268,0.9400140557045458,0.9275948898574848,0.8135021444673594
000,seed0,25212,R3,0.4770886233735059,0.5076543223799042,0.16688750398210905,0.1476102328656551,0.5379085331476111,0.49044897724414477,0.4854799007993688,0.3714839030599709,0.37210404213554077,0.37465112248949717,0.4869913429911822,0.5072016869937412,0.5147432062914644,0.2092913996536109,0.38913264587497653,0.3763892507777987,0.3827701078893179,0.753591883793246,0.7423217937484612,0.6389081770861612
000,seed0,25212,R4,0.6506864729252142,0.6673691382175686,0.19228981346873544,0.1762966385785597,0.7241765201794457,0.6720850914163868,0.6639590961633872,0.5357985625009927,0.5357528377897861,0.5388526399778757,0.6610649527460026,0.6809146232324964,0.6918660340100223,0.3572067923761191,0.5530621485649022,0.5400971966719411,0.546559379792846,0.9481758776313306,0.9360216814864442,0.8253901322634478
000,seed0,25212,R5,0.6543328515266111,0.6733455119051308,0.19157121184782383,0.17501695911563514,0.726805783183819,0.6747178356784514,0.6671544785951051,0.5386254798347098,0.538587869931627,0.5417192869782241,0.6652899772329217,0.685275748924542,0.6962460840596909,0.35826520628260955,0.5560245099402552,0.5428616222668434,0.549433172719964,0.9548265403433703,0.9425881321558756,0.8309038962977686
000,seed0,25212,R6,0.7532948253593627,0.8157624459738912,0.17056017559878306,0.14388399415941366,0.8056221467157343,0.7563210145145365,0.7548793028001566,0.6312147979277102,0.6316872170858923,0.6348910939304905,0.7724412800235243,0.7943897288638826,0.8055639435768377,0.43201522042305723,0.6497880851862832,0.6343909183297508,0.6425494520223587,1.0851479518678087,1.0720908262424595,0.9497242262393195
000,seed0,25212,R7,0.7397402097612501,0.7892316077317882,0.1411410559991768,0.1156513803401468,0.7845060460641464,0.7445183670884528,0.7418374776602538,0.6406550873747812,0.6410627046390727,0.6436441398278687,0.7543032419282671,0.7722834643508707,0.7816207430357741,0.4795082340562063,0.6557155187919881,0.6434038472417406,0.6499396715432033,1.0076485518670941,0.9970528544504168,0.8981434062598648
000,seed0,25212,R8,0.9487470329144321,1.0098614150893341,0.16944764467131054,0.14258497390193503,1.0015657165923497,0.9524615548644085,0.9504705668756432,0.8276550304811142,0.8281431738075373,0.8313070845711412,0.967419739790912,0.9892770292048814,1.0004068652692353,0.6302783290779376,0.846050759082487,0.8308578717838792,0.8389376913449225,1.2774077821104433,1.26447396278588,1.1432393689881417
000,seed0,25212,L1,1.5713693942792082,2.0941815734369458,1.0953136347307562,0.9983588450513003,0.8299281874351234,0.9709498632103777,1.2330398279008417,1.6647452638138358,1.6649654746726004,1.6695001832753333,1.774564775059209,1.7535837474046598,1.7327948891312324,1.6251783749366364,1.6878985864209752,1.6505045236273053,1.6428370594229136,1.752520203619844,1.7577749231163717,1.7311244254200697
000,seed0,25212,L2,11.104873477010347,13.429964992441185,1.8385227780537436,2.24225128002507,10.267815544849958,10.087400128094071,10.668747667085778,10.008202360440226,10.011241012687654,10.041143323032603,11.712559407180622,11.84781913143917,11.902494148093686,7.761068867281307,10.195543937775692,9.97259757897394,10.089078432197544,14.903792180218085,14.762043072347335,13.446428840467899
000,seed0,25212,L3,3.2749264671571874,4.233197628780062,1.2053929788539284,1.573850109391569,2.921485869140053,2.925057540089925,3.1013807266578595,3.004453207428429,3.0135704541090624,3.0211455454794116,3.462580474946601,3.519214199270521,3.5208526307063353,2.4338470386751982,3.059636624824984,2.9893548502236724,3.0285251819868355,4.268856389033151,4.239181198663338,3.889681543279621
000,seed0,25212,L4,1.0248939185630628,1.0772435587473037,0.12080578362085789,0.1445959058024316,1.0098845972143498,0.9999656235605437,1.0190860216561368,0.9852902695701953,0.984856597839463,0.9863487058720875,1.041724689083688,1.0455722801128968,1.048458306772451,0.9117495160968392,0.9923938290731421,0.9843198537309851,0.9878205018074103,1.150670379255582,1.1469613275667665,1.1032001977964678
000,seed0,25212,L5,7.875632270775373,8.594502297161604,3.8882390550437615,4.191876563869583,8.183888968227537,7.460391112746757,7.269134667978962,6.378380623929224,6.391864243101577,6.441871000528489,8.199507886289533,8.465016486860899,8.609171761626353,3.530243708484842,6.567529649537474,6.411965722217639,6.535460288407497,12.50394833826624,12.340244557592769,10.721497316610188
000,seed0,25212,Lawf1,1.562716256043442,1.820633667210738,0.1728126840956876,0.1877939212760577,1.4879182528431822,1.4752400527155496,1.5231173831515197,1.4536246903906993,1.4517555492922543,1.4637968362346894,1.612056348999826,1.630964282530595,1.623465269694968,1.2442256746859084,1.4748120077378377,1.4549721934809916,1.4707913532853127,1.9247023320052676,1.9197952692465083,1.7922226003999633
000,seed0,25212,Lawf2,17.977276062156733,21.69361776210428,3.6317161239935487,3.965011154458059,16.83711595903567,16.356456254265172,16.923195591205506,15.920553973050621,15.954389378404226,16.02406641244888,18.977869108149676,19.29475939312601,19.386217717814255,11.696618577910634,16.202878353072382,15.845630517868491,16.10496456138486,25.010260629169345,24.804331774343318,22.297108793258666
000,seed0,25212,Am,2.4037569045152396,2.9953768867476174,1.1961401446687865,1.4391686630772806,2.1102146254715497,2.1479274947851144,2.2332443666737403,2.303445126345295,2.310840383134834,2.3124405348802632,2.524712458106297,2.5540608012960933,2.5594884691243256,2.0152803186030126,2.3215725082211747,2.2887070278142394,2.3124027538202423,2.8857422897123293,2.872462796245995,2.7075685180093307
000,seed0,25212,C2,9.161569407274081,9.728566599082352,2.3344301948366,2.436133385384894,8.93476735146383,8.295538686490755,8.617861779110605,7.636109483390841,7.638465129742178,7.7039853735704185,9.659746209977406,9.965731525809689,10.047393157115092,5.069679232749793,7.96985047025588,7.70349465721854,7.765053896682437,13.859873323599277,13.706258791957913,12.011301447250643
000,seed0,25212,C3,4.542504978490846,5.418717623723157,1.2351993655905376,1.3605171465273873,4.3386605648403975,4.219111644637082,4.318642601229369,4.056647989254616,4.0580210611374,4.062693516409539,4.7742289654357695,4.834852891385391,4.901171087307258,2.9583886461092184,4.1019600571049235,4.030953551829379,4.0967563793347335,6.2198262521643155,6.142008145089453,5.56615630258469
000,seed0,25212,CT1(Lo1),0.6321976409057328,0.6519493240392902,0.03658245484432089,0.05165999204482365,0.6501990084116567,0.6642203162802737,0.6920637452279975,0.6167207449591936,0.6191161314281277,0.6194458788831753,0.6223814476131566,0.6299290827177104,0.6252367840167883,0.6556588579170747,0.622086693708179,0.6157296182399155,0.6154900628386192,0.6225726982136871,0.6229595116640592,0.6213516723721104
000,seed0,25212,CT1(M10),7.566871909730024,8.035182447401334,3.374410417798388,3.926741708414905,8.60132697128514,7.805876281312908,7.768847889201031,5.982407719202744,5.987666480305208,6.020611759061291,7.797589336466897,8.15211969630563,8.410667987563617,3.7518826099967755,6.417169241518319,6.122923341575343,6.044329641370849,11.26348430019249,11.165104511334725,9.777942788987403
000,seed0,25212,Mi1,15.136165843254314,16.71082924736306,7.7557215100097565,8.228189831326837,16.121870974250832,14.504470847151797,13.89335037422381,12.017849292655454,12.044817321562569,12.15330649328789,15.684326322785171,16.31197974777725,16.67683277560705,6.259369079564696,12.469376971588918,12.10935984059068,12.314273779422827,24.484650945839128,24.212324001240162,20.920494724520786
000,seed0,25212,Mi2,2.584303818993792,2.7324996155153203,0.664243290010794,0.7259233195920284,2.518866880994481,2.3679524976692976,2.4514725460837523,2.203409395992095,2.20508489459753,2.221382888998634,2.7149268947614047,2.78687295593249,2.809283395602411,1.535961875404217,2.2744547497341605,2.2128551741330864,2.2299923305248592,3.764811987313086,3.73454593793281,3.3169866982263594
000,seed0,25212,Mi3,0.4553783383923124,0.4525627224924412,0.010165398257998105,0.016430182767722616,0.4509873634444526,0.4495616172578563,0.44284669444088953,0.4584171636828354,0.4586888520700674,0.45897447331995805,0.45587124164822035,0.4554356072185852,0.45324180681521964,0.4514079699899881,0.452349532591941,0.4567648550653094,0.4603151199256744,0.4605390386229663,0.4606212349151275,0.4600308432679071
000,seed0,25212,Mi4,8.898023209029972,9.277452650431533,4.858202074994432,5.533648332475334,8.778004822887265,8.038947771420418,8.101999253465054,7.41076042094228,7.440756061400482,7.4723460166409925,9.295019182391872,9.527191091114693,9.663658815634362,4.331390468916038,7.5287080020725154,7.3866792164655095,7.548621114926739,13.925567663660022,13.791930986685875,12.12679045585544
000,seed0,25212,Mi9,-0.4528272271278906,-0.843954696607978,0.3657948325384271,0.435609386070835,-0.4587028867302717,-0.44033796896904687,-0.48077791768419587,-0.38947918128624914,-0.38797188591423437,-0.39255447665208404,-0.5032969538933367,-0.5360682288422597,-0.5624292778373883,-0.3251574892006614,-0.3817984679934657,-0.3716327867226871,-0.38443751964403966,-0.5703430874769844,-0.5586618119519592,-0.5015856932473854
000,seed0,25212,Mi10,2.166406219124009,2.6857098081612882,0.8255518059779635,1.2630221032112001,2.876457704576805,2.689406367801595,2.65393727233481,1.7783320072681827,1.7728340419668105,1.7616213811171373,2.217313732037349,2.381191219763518,2.600793551995669,1.590369083807802,1.8762585614532763,1.7970858346758702,1.7388598541632274,2.3619480151016576,2.3540370296299384,2.2120538482904935
000,seed0,25212,Mi11,0.7984135102281726,0.7930463793146296,0.0935110853063961,0.09907990885597726,0.8131580472095828,0.7917150365537478,0.7980633489942582,0.7533743319725525,0.752810029834302,0.7549789266678896,0.8083863474645658,0.8166328407586365,0.8188409809720666,0.6902169765571283,0.7634946507095629,0.7566775860675661,0.7557210997904391,0.918948720397632,0.9141497558388398,0.8674474838619919
000,seed0,25212,Mi12,0.15415223947868556,-0.3437349584694475,0.27388714185609275,0.37920363868591744,0.019727339033145875,-0.052543893371642225,-0.13500245307699457,0.13934308009257834,0.14803020879466017,0.1578723930532471,0.21562607084075114,0.2450353265269069,0.22862723387422418,-0.10311151755146172,0.04219923788253267,0.10626764184628894,0.1759154009914236,0.4677356631019144,0.45154403356895634,0.35917006605243806
000,seed0,25212,Mi13,0.3540244960753943,0.12432296613270699,0.364431925955388,0.4352014138624974,0.2525344352055104,0.1503016957676041,0.048220103533987646,0.31600240754362735,0.32497761018339144,0.3392028664025618,0.3988534374699261,0.4319084534056009,0.401693641749274,0.0446162323558499,0.21653164083967394,0.29155265965483484,0.3605523048697915,0.7531043258265704,0.7315320506666744,0.6028080717314307
000,seed0,25212,Mi14,1.6480857472957193,1.6581283365783182,0.4193520144740691,0.43465550214129955,1.6768045450897884,1.5631011639921906,1.599165675017192,1.3935705938075518,1.3961309732928684,1.406173577900568,1.6990606625537272,1.7484123203422919,1.7681264348669121,1.009363693755311,1.458831415314036,1.4130751763939364,1.4154370966652894,2.370817322117611,2.3562443721641615,2.095056933458073
000,seed0,25212,Mi15,0.9137534793831298,0.5973482114449692,0.34130710685442683,0.4818285354542176,0.9056436257056057,0.8449531968748805,0.8648396150788018,0.7871412749044704,0.7893079328571082,0.7910164984421927,0.9518551243119309,0.9707512590030516,0.9851184528431464,0.5706799423843529,0.8165284673073334,0.7959495825686471,0.7947367868626951,1.3033877023166427,1.291937294309047,1.15620891436017
000,seed0,25212,T1,14.048170520967691,17.17482041634733,2.1030508110086465,2.5518504675154094,12.76715179154347,12.681537923799638,13.441503141591019,12.89286806485855,12.902377330082961,12.933602221250206,14.813634001299345,14.958383886807505,15.001612259561245,10.401278817306444,13.096045607138276,12.833226096398624,12.97555134349326,18.275147065243342,18.124772134386056,16.672036650723133
000,seed0,25212,T2,32.13580657870156,39.55386537267994,7.957985197321804,9.171961119793792,31.788735381177997,30.31673158516336,31.224704247680023,27.7228724155198,27.755534288440096,27.90508834473303,33.40696150410854,34.55328092747026,35.16729518652127,20.716377961660392,29.099589162387065,27.921261185854053,27.899267039674335,44.38889841549771,44.35974762589359,39.94655998744349
000,seed0,25212,T2a,1.3726059100335493,1.8775323047202557,0.37300744096410887,0.51692794872777,1.1537447494286759,1.2523073522215156,1.3379720668641049,1.4000117142925015,1.4053144638161803,1.4020210685599828,1.4111731038093,1.397201791680812,1.3898316583391437,1.3503767234907482,1.3875171378898161,1.3779325545436074,1.4009327655324868,1.423365187528446,1.4353545846106888,1.4366376379287795
000,seed0,25212,T3,2.5056840265501705,3.4204608050540566,0.44011968594387807,0.6446566248475485,2.260062792804221,2.329914953874814,2.469284916103878,2.3992481956865523,2.402565431175301,2.403929552729351,2.5970459375359978,2.6075073422799497,2.61716405208663,2.1426259073135596,2.431248772849074,2.3818083937555015,2.4067654641032545,2.9287301319068746,2.925530300377228,2.787512280220546
000,seed0,25212,T4a,0.259656265687831,-0.3631834293778304,2.634341341315796,2.9912354318587626,0.5275166425500039,0.3956090472198134,0.20967928179528128,0.004897650490332828,0.03610639229136541,0.021186983878188154,0.049904660838133066,0.1352087618369125,0.24440580600893305,-0.48609899583242927,0.029783430334242578,0.01699168375071957,0.04748724749009548,0.9778120466753395,1.0521301138851582,0.8918794977932072
000,seed0,25212,T4b,18.859649394668086,20.042410482487796,9.082464436974572,9.66490862164351,20.609862653531607,18.46231289124129,18.039656419245766,14.522689864940517,14.543057746131192,14.711217021717896,19.298368822583782,20.21035877651898,20.683538221478997,7.637152563579813,15.405852671790788,14.827723988216373,14.939845372148465,30.93652431724771,30.63695708450431,26.289271899811855
000,seed0,25212,T4c,-0.48968945781249595,0.2784417905300939,3.651693037803232,4.295032332628677,0.7214208531108183,0.8098549983018541,0.41299947620073685,-0.7139963262298513,-0.6977908534340138,-0.6778273833406656,-0.6394730828674035,-0.5334342127614209,-0.4866234093537651,-0.45810907792297406,-0.561451454066585,-0.6504891144942324,-0.7575526326548582,-1.3774066129034122,-1.230222369226706,-0.9949301233574561
000,seed0,25212,T4d,-3.0918706298342133,-2.438044256335654,4.441673467821133,5.164403170973198,-2.09464409644412,-2.081180003286442,-2.5192672757360826,-2.748663625111816,-2.7683591015387616,-2.7840734587049685,-3.54737892652863,-3.618691296424154,-3.8293426867440123,-1.8494073629468406,-2.578736053354749,-2.638721649097369,-2.8205982774781546,-4.679849680388753,-4.675735208888158,-4.235281374674399
000,seed0,25212,T5a,-4.939546630244951,-4.662293689464956,3.339500487615421,3.6820191797543655,-5.900870840533814,-4.827640571133408,-4.45094705636532,-3.4705044900554114,-3.417740274551511,-3.5029544942383226,-5.352195475535951,-5.6257962030146755,-5.809676472243856,-1.1560824974511081,-3.864475985931881,-3.653972410436475,-3.5538462347155964,-8.815979703462293,-8.591497868181293,-7.038565506068307
000,seed0,25212,T5b,-2.9777938131737147,-3.4683658344862947,2.229559850217157,2.4535695916156812,-3.1445163011086867,-2.9031025236477976,-3.0951669756032145,-2.408742161277208,-2.3897415517994056,-2.4347211762403114,-3.2494143284679273,-3.3454641613648626,-3.3564613504168497,-1.7641859843633003,-2.5891185028455017,-2.4617986171882187,-2.424386720995323,-4.3178979991358775,-4.19289876289718,-3.5670838934277675
000,seed0,25212,T5c,12.393996042789226,19.12905383535794,1.9642582394795742,3.3341200438021206,11.43104991408972,11.673537954105253,12.502964222286513,11.54970527766647,11.562308342773441,11.58416994291767,13.00177221531759,13.104348054491037,13.138002037964814,9.932512408412284,11.803620671572862,11.489203183259946,11.571699220285172,15.01018672206448,14.940243221077443,14.008613296342949
000,seed0,25212,T5d,5.3512752015319425,9.504336477814038,1.0940536772305964,1.6932031611838434,4.596956748594937,4.894442804869337,5.293963361586249,5.286645115078033,5.2961744680090534,5.281016759335657,5.557273079656421,5.523740643128816,5.5060616203925274,4.797791896302326,5.320279234142193,5.215875272785754,5.280536819475602,5.97403085747475,5.9760033904724486,5.819611153206962
000,seed0,25212,Tm1,-2.6686076873723046,-2.767017996961693,0.8594122417012227,0.9672549730191473,-2.473500248797021,-2.326739014191204,-2.49140624439708,-2.2317091620869505,-2.240795665838847,-2.256979292672484,-2.862964682427756,-2.936710555576842,-2.959397328873365,-1.385192816004922,-2.271146233857256,-2.217713312087541,-2.281585882213508,-4.133388471004041,-4.069066041555056,-3.559428046372992
000,seed0,25212,Tm2,15.523350377243412,20.97288208803092,2.0866649944766364,3.1844318376927108,13.95585994245937,14.108137105523133,15.173778487293465,14.322007288962563,14.321961816421993,14.353707036165194,16.379522509267364,16.468826962029883,16.478524658881675,11.734626823721582,14.574221075986523,14.245619080351066,14.393524957761354,19.891584407340808,19.736500254599957,18.23520362912864
000,seed0,25212,Tm3,9.318926096610051,9.501863577571374,5.327230477728361,5.569817353860199,10.354059596103198,9.07399427603282,8.369970667108523,6.983821366737428,7.004968970304101,7.103651911025189,9.612453203625336,10.084813757422129,10.391226423861673,2.731378908035696,7.267233108549836,7.043165777100121,7.201430687141939,16.227918807991706,16.04523017323794,13.607499911483178
000,seed0,25212,Tm4,7.89705008603878,10.716912301916025,1.5886994940495294,2.181166438900252,6.982162709433931,7.154246730122833,7.693613535012849,7.39877606702661,7.412489058169305,7.425429323188517,8.29373857509784,8.33581582771281,8.358437503507458,6.250491537741707,7.516268017990373,7.336391045948835,7.4279272625375246,9.814659806510406,9.794010373653428,9.15834400296604
000,seed0,25212,Tm5Y,0.8049939086403975,1.4741577568976467,0.9830222449379546,1.2517260490158286,0.718242747747842,0.8637962788181965,0.9178333244313602,0.9404124848944381,0.9368766564247425,0.9371412511247801,0.7950925419132268,0.7767867761594985,0.7291169340547237,1.241070818230923,0.9363204578513823,0.9413839878635828,0.9406370035544473,0.34800069873517026,0.35999153597983075,0.49719904046221525
000,seed0,25212,Tm5a,-0.2165770234234751,-0.22250887717918144,0.28525032633577707,0.3352824026332747,-0.166129331935511,-0.11816721405021716,-0.1519162463155448,-0.10457744920813801,-0.10691700187754058,-0.10949454539098566,-0.26541470925506283,-0.2836117931503587,-0.2946090554833285,0.12596724980560262,-0.12013258267984477,-0.10290757701619194,-0.11171653866007594,-0.6051386445652708,-0.590418685918584,-0.4600482490745493
000,seed0,25212,Tm5b,0.3921021298018553,0.36592827115050325,0.10257168081071497,0.10215278687878565,0.3626156412344684,0.39837131688982275,0.4034254390357551,0.467918655285599,0.46684683631387414,0.46232454466236944,0.37553338598080205,0.35859987706839835,0.3531071297894136,0.5995087006851392,0.45720687618016703,0.4609488332176509,0.451619393911714,0.18925128334799934,0.1963549168338681,0.27000124639264417
000,seed0,25212,Tm5c,1.4665506180387378,2.211400586282757,0.9097396951946086,1.218964005460884,1.2946023043744328,1.4058946273371078,1.4805663423937578,1.510030766765746,1.5131240455810704,1.5152400727293371,1.5071807520554645,1.515589719156873,1.4825971267814846,1.5750352309409648,1.5071749156988186,1.499368838408585,1.5175465613183863,1.3721127578584371,1.374370071404254,1.3943757558150847
000,seed0,25212,Tm9,-2.8993480694268845,-2.6120908921756145,1.604927685110161,1.8205859865587881,-3.181878446812041,-2.711711452205504,-2.7938610838964157,-2.083557971533472,-2.0723059614744326,-2.108321796025428,-3.114075165025821,-3.257983717102163,-3.3430518563728944,-0.8776205355561784,-2.2752740762050827,-2.1408755504032113,-2.119903156203814,-5.122033413134297,-5.016491422240122,-4.1706235066392745
000,seed0,25212,Tm16,0.15433945160184775,-0.02648645187151681,0.15299139422659197,0.1895944466457405,0.09999314143144442,0.08552797472175226,0.0286967883961635,0.2017406354222222,0.2049616208904454,0.21047105563001592,0.16276026109857192,0.16775022071874063,0.1439119315133684,0.1884356881943434,0.14198291437436875,0.1860954699138918,0.21887567431252447,0.14143656585255332,0.1376950611598025,0.14909622199935538
000,seed0,25212,Tm20,2.932786420757629,4.297308523458334,0.9946788463708819,1.3708611639191741,2.7062701922691526,2.7976326110015854,2.9553869171477554,2.820184993199118,2.8207689115909695,2.827924948699565,3.0375525088722455,3.060977452577011,3.0292043804316355,2.641909650536435,2.866314194015332,2.8184742594457477,2.8381161286092333,3.293620394957871,3.27955978457763,3.1306854041907792
000,seed0,25212,Tm28,0.21716683318178384,0.3399045833567481,0.30707807715889757,0.37850762475217303,0.22557102299032822,0.2766374030198185,0.27053310972477457,0.29254320629557184,0.29118746920233785,0.2898960095600176,0.19173932027373813,0.1806315574502274,0.1672901018438759,0.4522009360464967,0.2852293667629885,0.29408871288104216,0.288923911537568,-0.044395903593302866,-0.03625532693046598,0.048848433843524816
000,seed0,25212,Tm30,0.7341669579163121,0.733461296782621,0.11123149484656143,0.11863107568453515,0.7601072088193959,0.7354262602850072,0.7358593382654344,0.6822917164198734,0.6820391324662634,0.6841953018708632,0.7412317800517718,0.7511152498062377,0.7556331176987632,0.6107598730413331,0.6945361258170142,0.6866541278180402,0.6855928545355303,0.8670964573503532,0.8624264066845135,0.8117063757305999
000,seed0,25212,TmY3,-5.468992695661237,-3.5775029289099582,5.916011858982223,7.06010396475003,-4.657417440188121,-3.9118849052171805,-4.213271966184928,-4.46523993224288,-4.507518018136994,-4.503312211308302,-6.059085571393888,-6.196661071418352,-6.556120049504074,-1.6748270213758976,-4.407199441735607,-4.263471985848856,-4.400546285482421,-9.73165413131537,-9.621549150579183,-8.33412394864774
000,seed0,25212,TmY4,-0.3661103527838241,0.10402668454608753,1.465673968193631,1.9235136858763213,0.6096586882710928,0.528735006510134,0.4516782648550753,-0.15246372717941614,-0.1891824065039811,-0.21935385582159994,-0.5502092634037075,-0.6258554783538011,-0.5598078943110208,0.36826064548521054,0.24329506208527257,-0.12445970637460295,-0.4986838153978078,-1.8402875957987301,-1.8551051529347198,-1.4439844156685835
000,seed0,25212,TmY5a,-4.7018293983924755,-4.141642655929758,3.07782276077513,3.633737072292079,-4.4227025309874675,-3.8440805921036527,-3.947931611245393,-3.727471438102552,-3.7501778715611116,-3.77033244578372,-5.086015613888806,-5.2308139208584095,-5.363886157961673,-1.5659663767875904,-3.7502632588950275,-3.670683972694009,-3.782699213185233,-8.247896012802311,-8.119745630974755,-6.948603726447892
000,seed0,25212,TmY9,0.7033890853983437,0.7347927248717677,0.03259788616794487,0.037600299310786275,0.7095533565492802,0.7182832481605665,0.7358572879545235,0.6923687679923027,0.6930857738596224,0.6931949270602402,0.6991300878573553,0.7023248587211854,0.7016763326591824,0.7048221440053184,0.6961683901520279,0.6925381425039613,0.6927469441633616,0.7088165446743886,0.7091043656539487,0.704554194406233
000,seed0,25212,TmY10,0.9168432431911405,1.3386824980565084,0.6330919524546993,0.8069658756899165,0.7923137196382454,0.8893865468058489,0.9425159959712446,0.9769070860103272,0.9768103167401099,0.9781160609566113,0.9379401602170926,0.933943336099453,0.908300637935836,1.0857700031204698,0.9752105312457118,0.9705519042589325,0.9798929819030864,0.7515153281026081,0.7608848788962922,0.8094324031563787
000,seed0,25212,TmY13,-1.9857322344400314,-1.672817218705951,2.3966301748810066,2.7645988263638626,-1.5049868236931396,-1.264293523263651,-1.3543382757135385,-1.695131714818689,-1.7282984131890324,-1.717088666193487,-2.1832338768638797,-2.22940110187931,-2.2914570728945973,-0.6386684880721745,-1.5995063774646794,-1.6064769212407772,-1.7292007224876482,-3.6083600476003115,-3.5491701399769253,-3.0721035856886636
000,seed0,25212,TmY14,4.58319993826311,6.957613193696099,2.9681104231975555,3.4542547335214904,4.643401806095251,5.297863562704914,6.164640963867296,4.444693592176275,4.394971593537971,4.308098112385534,4.5890999638534895,4.4776767290861255,4.653835533432089,5.282154152080567,5.254637970416916,4.637141253438685,4.167891929628671,3.4469530531998354,3.571469288144968,3.996669508161181
000,seed0,25212,TmY15,21.954922584914982,24.80330087688859,7.205613887863514,7.858694508385602,24.190820392999342,22.2141443650906,22.24348019646292,17.479771878393613,17.412838050909084,17.62174442809762,22.84912928324632,23.771750704970994,24.20273382235499,11.4554860488097,18.72131358074249,17.873794822281177,17.73236160212185,32.91468660099001,32.44269988493847,28.15200569623055
000,seed0,25212,TmY18,-3.254557993238754,-2.357800440126823,4.419908313189287,5.37733643899514,-1.9236875036657737,-1.7171922049437351,-2.2772939379196546,-2.9955285369226092,-2.985599171959351,-3.0071424073455058,-3.798063647393241,-3.7103071657558386,-3.627059125951809,-1.735506655775713,-2.949145343198844,-2.9077371834642953,-2.9762846158906546,-5.55858863726692,-5.31501529228831,-4.588776462077809
900,seed0prime,25212,R1,0.5347225868153447,0.5708096568027367,0.1764663726148504,0.15398672221978363,0.6006651908704358,0.550243299022632,0.5433493152483274,0.42077339371400224,0.420889095786375,0.4238666825321983,0.5476579293524704,0.5674373176072621,0.5788236755932107,0.2390642519566216,0.4375099863980389,0.42436280074450544,0.431266230855256,0.8350359164204206,0.8228712529471032,0.7117450499966553
900,seed0prime,25212,R2,0.5521594211330159,0.5867160381768648,0.17805220104465744,0.15641472209377602,0.6189237767827909,0.5684135112020183,0.5612294287339754,0.4386376364412362,0.4387282461842494,0.44169491676047923,0.5647440382365999,0.5843938307325539,0.595790871698155,0.2578683385808904,0.45526863019390307,0.44225019956932476,0.4490838692496412,0.8507593503374293,0.8386383805439473,0.7281257128810582
900,seed0prime,25212,R3,0.3603704680996025,0.3874416633035163,0.16551529207754823,0.1472176671030808,0.423154378683925,0.37502852003157094,0.3682748113714298,0.2585068895015543,0.25937110032274646,0.26148636771276224,0.3697023548246536,0.38917466914923876,0.3979127954033441,0.10097058929023255,0.2753900589145046,0.2633174765172405,0.2692188560960416,0.6250097086795201,0.6141072492317996,0.5153016638630762
900,seed0prime,25212,R4,0.6073470462099289,0.6346193326433058,0.18245565520942839,0.16337100188976192,0.6778197708856135,0.6270223842401589,0.6183255158357022,0.4960941139360614,0.4960891029886622,0.4989965486455186,0.6182304495707901,0.6372786600180178,0.6487427449440288,0.3201834866795146,0.512212208957552,0.4998150715860182,0.5063087199963164,0.8971899614358081,0.8853211123150115,0.7779228873240882
900,seed0prime,25212,R5,0.6107464057299763,0.6396957768809346,0.18135937911575797,0.16154654536413496,0.6804118811929192,0.6296154331260888,0.6213517078646715,0.49878150659940135,0.4987863671664929,0.5017175273770846,0.6220653331744253,0.6412671022255352,0.6527305299333516,0.3214601370440112,0.5150523319992206,0.5024755242271619,0.5090439075456826,0.9031224957823587,0.8911809827486534,0.7828797236725628
900,seed0prime,25212,R6,0.6641680577103353,0.7251216341249243,0.1698556862056483,0.14306676812736757,0.7171632192884256,0.6679386047158136,0.6660243262664702,0.5428561665138408,0.5433284166792147,0.546500013541332,0.6828580999682333,0.7047132761676211,0.7158690430947299,0.34517543314647414,0.561298541536609,0.5460664785969562,0.5541280257206889,0.9933721167907306,0.9804126328221636,0.8589845285160616
900,seed0prime,25212,R7,0.7236431266093335,0.7719530350271607,0.13832362584480307,0.11291358035895907,0.767590348550665,0.7285293192797742,0.7257783488028176,0.6267949333034674,0.6271943647791625,0.6297165938693093,0.7377884566442894,0.7553745830935344,0.7645296435446662,0.4693307111243846,0.6415163417888002,0.6294975314749179,0.635876416572048,0.9853762282391862,0.975018193722598,0.8783780109597148
900,seed0prime,25212,R8,0.9416639757387847,1.0027750405262066,0.16943941796978504,0.1425773251146154,0.9944802828432785,0.9453786646298825,0.9433875620551151,0.8205781488618639,0.8210662693012605,0.8242300169891192,0.9603355835653048,0.9821917784104484,0.9933210938021892,0.6232115870499249,0.8389729408694537,0.8237808529189407,0.8318602447422547,1.2703077527917872,1.257374592108882,1.1361462408808498
900,seed0prime,25212,L1,2.0799559022019967,2.566188901421277,1.1263636607663476,1.058333497701881,1.443081156738185,1.553115850359837,1.8164414829942668,2.082333613498247,2.0796786075085922,2.0817673041354783,2.2608573214712857,2.267550868557536,2.2518248874385396,1.998959737533675,2.1451421612274313,2.080674119361375,2.0523253957832677,2.421179127629624,2.4204467969560346,2.323916004038572
900,seed0prime,25212,L2,9.998160614426173,11.906649065559186,1.7403750189828866,2.0946777249028488,9.342970945534196,9.136975760664921,9.69231534637459,8.88039066636116,8.878720667689587,8.905351051973403,10.518608190844692,10.685258934476337,10.708890760159855,6.781046984959575,9.10938013208392,8.870646816004331,8.950851767982426,13.696493641066983,13.556165073351124,12.256503091291647
900,seed0prime,25212,L3,4.311480671671398,5.439317520175662,1.5896847494055542,2.0294330538257044,3.854941813242668,3.848784130867493,4.10257611168489,3.8876188396642846,3.9000802466364233,3.91143195581585,4.564918994920098,4.658270473104492,4.6545423818858085,3.0701258551871895,3.9837806653422563,3.874931534779633,3.925630609711811,5.787739170434653,5.743324680353583,5.214993283111246
900,seed0prime,25212,L4,0.7573737796993432,0.7527162119689372,0.0837136308640389,0.10005730731842488,0.7656954816843532,0.7601953092647327,0.7626858844836442,0.7485471066836678,0.74788797979712,0.7481969609381257,0.75763977164617,0.7573917263465189,0.7587999656682785,0.7358897762432507,0.7502582768544077,0.7487147949336308,0.7483620744823747,0.7787241930687144,0.7781327363501476,0.7708584367443552
900,seed0prime,25212,L5,8.052398191434346,9.189444585817952,4.734614174374003,5.035958855838826,8.429086622640222,7.63725306189486,7.444144876182582,6.350105275822566,6.361400770076682,6.403304282285923,8.438351607962476,8.723801323023578,8.898527908890575,3.0760245055283177,6.58988357892211,6.381210070824051,6.505100468551061,13.258437135343891,13.068598674798332,11.27314090020231
900,seed0prime,25212,Lawf1,1.7264162858024361,1.9683961216511767,0.23050682754957486,0.24874676234657553,1.6861026417554874,1.654110270629569,1.6865167262592937,1.5823278163991321,1.5839437006450283,1.595932361386656,1.7700658169461463,1.801132220369044,1.7993922153987534,1.352668267427906,1.617409639993334,1.5895691869947,1.6040372355560943,2.1515618780521844,2.151022731034252,1.9968678639913964
900,seed0prime,25212,Lawf2,21.024899490135233,25.17324743958993,4.394241492820978,4.829704332681005,19.736163889974115,19.133340304072313,19.911879393046465,18.338658587428615,18.38027593498307,18.465675662688124,22.206069642159996,22.66091280913934,22.7154315812801,13.161793398905578,18.781139085738637,18.285305662222996,18.578896984433744,29.922024670655162,29.66629351716701,26.454530718268416
900,seed0prime,25212,Am,2.952098420056971,3.552762477169131,1.3343284251748684,1.5910059758329875,2.631015026143619,2.655878324584904,2.7730173933544506,2.7581282047095,2.766978949884239,2.7722362337770887,3.0971618411424418,3.1510126741386015,3.148379174182798,2.3404519503825085,2.8025005741969746,2.7499515731964936,2.77910153264911,3.706486747522894,3.685253678634504,3.4160208424114087
900,seed0prime,25212,C2,12.719439209270938,13.924626626559998,3.3574929632500687,3.58503894428837,12.635534952413524,11.657883829465359,12.072299959309056,10.433927202423138,10.43390539891181,10.5050346221904,13.406847758646975,13.875967614825985,14.066947894618846,6.667536037895782,10.960943865098173,10.529336876264065,10.56871343120292,19.54172853553014,19.312830679889526,16.841588689649317
900,seed0prime,25212,C3,4.456324483624846,5.335530983880886,1.3003793400068555,1.388959621313745,4.243015401879127,4.129886039063313,4.265255582838702,3.9274415534842193,3.927247686866263,3.9375082663241026,4.675352820096313,4.752298710213898,4.774681908196554,2.787086166468826,3.979818771101132,3.9021747407099125,3.9798775165673765,6.273379359301308,6.188572954139498,5.557594260746994
900,seed0prime,25212,CT1(Lo1),0.6236361682297462,0.637409695670856,0.026845166000187656,0.03113635004471944,0.6407276926606107,0.650025178171725,0.6830294381976956,0.6081390763618744,0.6087507099409211,0.6091430731644742,0.612807819267913,0.6194539063040494,0.6166259727721075,0.6384357309953183,0.6124549069678238,0.6093447345511758,0.6089399541300642,0.6214129219955444,0.6212669872253844,0.6176205889692584
900,seed0prime,25212,CT1(M10),5.967705757840926,6.498128628818093,2.8773389036900774,3.350038446179635,6.895988146366548,6.27514725884167,6.220437813937747,4.673589844194638,4.686339002407458,4.707579248826358,6.146956990118786,6.45440610208847,6.674313983571264,2.89540033280932,5.034031991003373,4.781140817327737,4.724631981177568,8.838305453789756,8.782631890692757,7.692391268301355
900,seed0prime,25212,Mi1,16.461618455328697,18.9859199356249,9.096673835696446,9.662133012809878,17.65881984174903,15.87611148363953,15.343178913156127,12.815948198872638,12.849676937974689,12.939147258282802,17.162960123122975,17.878664786413303,18.359260210032147,6.123673258476532,13.44498418534702,12.913472250006816,13.082724760074928,27.099134795631738,26.779085298173964,23.059052984304877
900,seed0prime,25212,Mi2,2.9851709289383273,3.2887388024887327,0.7924499990843132,0.8905901966663666,2.922326162515334,2.7562914848430973,2.8677770285351762,2.5266198544123637,2.527547273763175,2.5415550943283196,3.1411491497235056,3.22583204507621,3.2650191487080504,1.7370961683674424,2.6237807392516013,2.5377699520940094,2.5460288439312855,4.367305038046821,4.332154428934092,3.8444824504827495
900,seed0prime,25212,Mi3,0.4551039418235328,0.4549331857193773,0.011301938278755015,0.014197009343606227,0.4504780228762538,0.4498602358027569,0.44553881941386464,0.456933358940974,0.4572147222439889,0.45768980084403055,0.45583526361914506,0.4555117748109378,0.4534769426602431,0.4503051473130052,0.45254588902161935,0.45618370092588884,0.45912549981586476,0.4606877063322249,0.4606068376746239,0.45966934688110284
900,seed0prime,25212,Mi4,8.933427008955551,9.986008351667103,5.780055672639531,6.501744924519322,8.807494438174164,8.084352361713666,8.246119010836614,7.37344104374871,7.393959000450335,7.4025402649101135,9.34852262809343,9.569111940998393,9.707691127865612,4.088807212072812,7.482466828916384,7.315186861928311,7.455850958786632,14.25492012752866,14.070581541330801,12.333786795934179
900,seed0prime,25212,Mi9,-1.0272997660711132,-1.3628387013970782,0.36774902644073654,0.4816650008587745,-1.1220816479190145,-1.0404365276968313,-1.0944284883605502,-0.850558639595959,-0.8517801808828889,-0.848410085692095,-1.112510857165109,-1.1818939637536139,-1.2727034554252303,-0.623089028721243,-0.8756259360874699,-0.8249457160476634,-0.8222304606417776,-1.3572941593087122,-1.345181936281927,-1.2136251735577284
900,seed0prime,25212,Mi10,2.497232260719076,3.004241307574775,1.085366117941739,1.5549678516898275,3.4069708851376617,3.1756431681025212,3.092756749468438,2.0371438549539587,2.0414218565110698,2.0161737600948544,2.5507350366051087,2.774066771105986,3.0677943724989074,1.7722103881831803,2.149099941128004,2.0350691724584102,1.9816794673960019,2.6476637195945605,2.6658913769189585,2.5413956513475937
900,seed0prime,25212,Mi11,0.8128679441793172,0.8151673624361768,0.10658288344944868,0.11598773812615806,0.8343438239744897,0.8105316804884707,0.8172564812076903,0.7607090148883618,0.759974971570684,0.7619042017361493,0.8234248159745201,0.8332185287044052,0.837448163190017,0.6913402603295904,0.7724747346504882,0.7641774848785545,0.7623201070107963,0.9470176703866245,0.9412822878166474,0.8884628800615854
900,seed0prime,25212,Mi12,0.3171543260495392,0.061989835735550766,0.31509636689104503,0.37902225744278767,0.025879984595050726,0.007326308883080407,-0.04115098191288112,0.3026646253119899,0.3079767799828862,0.3206698727476957,0.4145644977760316,0.44553517264103465,0.41848762183032867,0.022473840782050745,0.17441085865080402,0.23349756867112062,0.3255664002891396,0.759223402327898,0.7435558610094558,0.6137874032069415
900,seed0prime,25212,Mi13,0.6986081908354169,0.6387791975607047,0.6023936031075995,0.7090295839716574,0.35336917102829024,0.28115139546941054,0.21848344932318026,0.6350731330359903,0.6420920809478358,0.6605603776022214,0.8253366936229419,0.871783630406334,0.8305517792876749,0.19876506551809542,0.4673590671608222,0.5580969400701324,0.6695599387353995,1.4210387482973084,1.3867814218152013,1.1577281610458319
900,seed0prime,25212,Mi14,2.161566694879494,2.262507480929571,0.5939642339391191,0.6341764313206052,2.2241185001749932,2.066288968401958,2.119883010839209,1.7854463685650104,1.7880769767166835,1.7988007681483034,2.2295788123294313,2.30183995984257,2.3450423408439196,1.2435953466782292,1.885566129191325,1.8128298793830258,1.8108395579597822,3.1970042716592917,3.17668257648753,2.7994736508506355
900,seed0prime,25212,Mi15,0.9137667787217192,0.5613870488474496,0.4559895131688728,0.6277994583146972,0.9411012084564501,0.8597851294597894,0.8784719949618595,0.7708269699689387,0.7710706304408934,0.7715121421224764,0.9493443223700048,0.9701520738388221,0.9943888297435939,0.5196757077902505,0.7974185824719303,0.7762286763165006,0.7677577684940619,1.345200244740108,1.3278721000159681,1.1794620783558607
900,seed0prime,25212,T1,13.06471749655644,15.653014035355532,2.1128923220194142,2.5534891854461375,11.974295208540106,11.860580714069688,12.600867378959709,11.84734146426356,11.853227370406984,11.88231389175341,13.739278214582956,13.932676431673078,13.935207579800556,9.476606855197357,12.109439355606177,11.821319376711376,11.926096063000815,17.286205524809645,17.13437862404507,15.655645891482555
900,seed0prime,25212,T2,30.86991338200309,37.91636492617832,8.068514349148105,9.410858635986381,31.465314915846516,29.728830336457975,30.290814071827562,26.142939864969115,26.19543660216126,26.303986880418826,31.927615220743473,33.22454916359483,34.03605350986764,18.89613786095885,27.74290936120505,26.40398356985616,26.23536923558305,43.23054694021625,43.28938347618722,38.804743102155676
900,seed0prime,25212,T2a,3.510899708593539,4.552105848211149,0.8056811189704141,1.0179845383145114,3.225336546183727,3.282521958897167,3.4405614612686053,3.340778712495444,3.3435260103684796,3.336387046225158,3.612691487619929,3.6222352494319052,3.650745157853941,2.9194804130724,3.4353553692262557,3.3323842667909944,3.3257521093157782,4.155672456131764,4.17288091110373,3.9780861815113466
900,seed0prime,25212,T3,3.376826824817093,4.278952600829685,0.6067284134990717,0.8083850162223951,3.125264419904612,3.1521398405550918,3.3218725803572995,3.131690725529161,3.1336400505904516,3.1382608948691386,3.4946584604360202,3.5367552279082646,3.555224580810651,2.67516636277204,3.2076933000169583,3.123851021297596,3.1469444075276383,4.197781134153951,4.186924707862689,3.9013614824819327
900,seed0prime,25212,T4a,-2.2743062807497028,-2.673621304301079,2.855510509119806,3.2600593473569703,-2.4342631260674557,-2.173363639851877,-2.223154959948694,-1.8925968395560293,-1.8684524834360121,-1.9101420723195683,-2.6115486395295995,-2.7018605237541236,-2.7051916402856317,-1.4660891981004263,-2.084518539131879,-1.955634449775771,-1.8769958911225295,-3.029100130087323,-2.933057303845252,-2.5229310551830717
900,seed0prime,25212,T4b,18.367123430135045,20.628484722045048,9.319720356225503,10.119157507923031,20.22801913240054,18.189810017400887,17.819729727888213,13.96535551569679,13.971098754656257,14.097314473343875,18.823982295471446,19.72571426480957,20.329190193296732,7.1103740144225185,14.916830999096245,14.259116669173704,14.319988391147447,30.339212236098497,30.039678393521353,25.738559803736603
900,seed0prime,25212,T4c,0.7990358776915016,0.751462778934709,3.663521628846361,4.213909595137494,1.982945967326522,1.840423425060959,1.4520813326183426,0.18456300216611987,0.21019667669324688,0.23537927457685584,0.7054518175671773,0.8822130225884282,1.027483398718669,-0.23405283771341612,0.42371481746672834,0.2926314982385394,0.23092900625980323,1.1451442180936402,1.2939386180620094,1.1115308053404012
900,seed0prime,25212,T4d,-2.7513967479657624,-2.4632590751221146,4.6650420093872444,5.469736795003909,-1.7249552806165078,-1.7612330537118883,-2.139903940997719,-2.4950390079961613,-2.498565086382654,-2.5109378281858046,-3.195233040383077,-3.247596458823068,-3.4663542195768366,-1.6271591642477528,-2.2690443828221465,-2.3532834124099073,-2.494445449574858,-4.230836041359393,-4.198514328118874,-3.8092472722455497
900,seed0prime,25212,T5a,-5.6749491513163175,-5.5454715228705425,3.5116303455148987,3.8221297117574293,-7.080415366146579,-5.905309574793502,-5.513666593396829,-3.843214061062773,-3.810029971613144,-3.897756839084766,-6.089705460712096,-6.475743266688232,-6.749587692713414,-1.3492944774207567,-4.3764260431525575,-4.0448505710705795,-3.9017281968844095,-9.98473967193534,-9.76758819217761,-8.009130442208491
900,seed0prime,25212,T5b,-8.600637427565015,-9.243565541464818,3.5293653530887203,3.8512981638007813,-9.207913850891808,-8.340964405780952,-8.7001722755147,-6.748709874081745,-6.714048300993895,-6.803787233775106,-9.195827135921816,-9.551872884344325,-9.723161289837742,-4.339081764734266,-7.281303742872592,-6.906165924836881,-6.817352276790439,-13.236956929652104,-12.976562208941676,-11.066318742070221
900,seed0prime,25212,T5c,-9.894152337270361,-10.013104165922307,3.7006529771545624,3.9311858274111833,-10.606836661344056,-9.567511068391141,-9.961861729280285,-7.664114068446478,-7.641024601771579,-7.738662431294024,-10.498937557013537,-11.008127967380346,-11.2514456853815,-4.864663606561939,-8.3491331059031,-7.886115013413265,-7.758536065013331,-15.399351312821517,-15.157830420595264,-12.952286101714417
900,seed0prime,25212,T5d,13.669117016192839,21.16907165773037,2.04119512774042,3.460253816939697,12.535775369955498,12.716747857673656,13.663083567661484,12.659180903199143,12.655749408919338,12.658295407668067,14.231806604665456,14.369664817391259,14.371858165602248,10.731327159597374,13.07114687384663,12.665347129586003,12.684091664340226,17.01724905807747,16.92478502255951,15.74976324834208
900,seed0prime,25212,Tm1,3.6728474385843444,4.620974069171883,1.3067493671740664,1.4912000511657437,3.6694347230162108,3.5536942169597268,3.6600312020934487,3.2769918331615466,3.2715514286443197,3.261139701945441,3.800626115365815,3.8344489357116442,3.9019667964799396,2.5389528860083566,3.467344258062995,3.312839482378488,3.2504000615302715,4.794066468411061,4.769532203470226,4.4025387041100235
900,seed0prime,25212,Tm2,12.73931276958782,16.911888666812658,1.7451673177932632,2.6816816543891884,11.64846745481438,11.751796342554435,12.662313214882731,11.644332963501032,11.63641336315548,11.65530925703115,13.371036362383467,13.483666459424493,13.462435252185339,9.580835537862514,11.98386181312692,11.641892227666887,11.691769054081506,16.383451612622327,16.254414623744275,14.977008774368178
900,seed0prime,25212,Tm3,9.791859429252842,10.628100089683945,6.281488528541001,6.635762203793798,11.015715679397676,9.621457389666443,8.8698678898576,7.067737326927575,7.085078808542045,7.175919759964205,10.17902562864417,10.715767848576535,11.152003810885288,2.1135224397407897,7.440291160423612,7.10665757011896,7.247625936794608,17.685393243844146,17.48032051764646,14.713365857015347
900,seed0prime,25212,Tm4,8.873303591379644,11.226703175951968,1.8126059240473027,2.34215619399779,8.004583284504784,8.080327494975679,8.649169265678287,8.144042062852403,8.152701581774817,8.171892707580998,9.289984840239383,9.394485205153568,9.418349680269392,6.711859756538672,8.334238137379185,8.104357407433234,8.18491672304938,11.42360336445737,11.392982398546021,10.51536355164114
900,seed0prime,25212,Tm5Y,1.6938142313914462,3.0149953316816585,1.2942639329073249,1.7697901944012973,1.6236718885029227,1.7710336792716934,1.847706670341942,1.747852526902618,1.747381788480287,1.754393923740615,1.6899559120481622,1.6894142046914695,1.6322889299512664,2.008739923638319,1.8138446985983248,1.7875380631660414,1.782394228532575,1.3622000144119668,1.3838448702840647,1.45876637970087
900,seed0prime,25212,Tm5a,0.14842728615312623,0.13224206731203958,0.22198953126361537,0.26560198239905075,0.17299903749484902,0.20562845651881306,0.18588738119839682,0.21394037165370522,0.21324609054358606,0.21347189571846054,0.11989432571667062,0.10956760709589626,0.10110233404803151,0.36013473436717464,0.20887952370318602,0.21931728397578554,0.21746666852860153,-0.09005964062871726,-0.07774051362398338,0.0011010221395633978
900,seed0prime,25212,Tm5b,0.5124807273638418,0.514395704244111,0.12070231342247051,0.12869474618533677,0.4911116850998991,0.5269400246874734,0.532555669327441,0.5824562290939148,0.5814636999118592,0.5792238886608908,0.49723987396284636,0.4824207043966303,0.47493466720289845,0.7072675315066449,0.5762128656887644,0.5815910315991027,0.5740177887622344,0.30668101182850743,0.3154173275324078,0.3901576385599523
900,seed0prime,25212,Tm5c,2.4468242425339177,3.351902921998799,1.1451271400109926,1.526729055328677,2.1610831842479232,2.2780399177501,2.4136190898175713,2.374702330498798,2.382197622612575,2.39185455000893,2.54565726039217,2.5806530174039417,2.539210953358098,2.272230423103769,2.412699963212723,2.3724649021545057,2.406826678144459,2.7094526183167478,2.7105741133010737,2.5979212562193035
900,seed0prime,25212,Tm9,-4.440646354629273,-4.320917422582911,2.0258854687999355,2.300311331965688,-4.778771000356451,-4.17375983552366,-4.349967373707672,-3.310355219575926,-3.295123455389959,-3.333425950385041,-4.770261832448847,-4.975850799113404,-5.121077269874804,-1.6156410338262273,-3.5773001846201504,-3.367361297544406,-3.3274755537885796,-7.505602232384365,-7.358629762095586,-6.18973887343329
900,seed0prime,25212,Tm16,0.40217581272396574,0.355736363546286,0.10614540387060648,0.13509643354384346,0.3376066843200159,0.3501539753621683,0.3306979920297023,0.4336867850596452,0.4342470518993434,0.43804959789953146,0.41583690704932746,0.4173939971259412,0.40305247809809774,0.4346859713414381,0.39529214404819174,0.4172096420988832,0.43983873999910106,0.39333565829294054,0.3925990232286648,0.4011263557304601
900,seed0prime,25212,Tm20,5.685565206055347,8.30988319098288,1.3793815641891265,2.0397321815398275,5.317206541505666,5.417514272362778,5.739327885381019,5.312775975755118,5.317231332661582,5.331462309735822,5.892356699105769,5.955881384139087,5.911794722117433,4.777649255063846,5.489726042485023,5.350516198478361,5.368742726123201,6.747241247161169,6.726008174482644,6.313608530327036
900,seed0prime,25212,Tm28,0.32577564084203314,0.4345326988258321,0.39887899876770294,0.48417870648016303,0.3291063736623828,0.38504421057265714,0.38087542362784993,0.3931147317127658,0.3921381247298658,0.39301494134686665,0.3032603712124105,0.2937234626827055,0.2788797638748547,0.5601140568783263,0.40275140253429526,0.40502617646750005,0.3960311590291684,0.06359665843417325,0.07645413685984324,0.1592792598468648
900,seed0prime,25212,Tm30,0.732776448741328,0.7406930004126404,0.11944694651353734,0.1304496811658734,0.7641033330609333,0.7390738756001906,0.7392588862247671,0.6769700409821269,0.6766147036678914,0.6783315588362339,0.7395419691558849,0.7503432014365468,0.7570373565475257,0.603716634951749,0.6902202325827866,0.6812677046751678,0.6794333668175088,0.870649277132609,0.8655553654208263,0.8123056727684983
900,seed0prime,25212,TmY3,-5.581111585156275,-5.397526866361763,6.6362815366495,7.905355912255871,-4.348691597528854,-3.8198171846793327,-4.312718847841955,-4.986225835720642,-4.996168655221418,-4.928353935717469,-6.2389367165682055,-6.249222296543919,-6.660327928321342,-2.1523652795801675,-4.5983122040800515,-4.492267479297374,-4.606310041707678,-9.447676656293929,-9.272089355925921,-8.188301347472141
900,seed0prime,25212,TmY4,-0.7173566434802734,-0.5948486901367931,1.6857152360759111,2.08677789530983,0.267787826138041,0.19356229525406923,0.10933111357572385,-0.39167596477370636,-0.40798879652058034,-0.43847742004839285,-0.9425957305325857,-1.0067803504845145,-0.9495073371351763,0.08892752285820697,-0.12666821917938775,-0.4577162360490251,-0.7500809442171189,-2.4071292563089672,-2.3789914236765033,-1.879703374584458
900,seed0prime,25212,TmY5a,-4.143503109094604,-4.313637211298083,3.37774869900471,3.9212435712276252,-3.8922769822962393,-3.3948035520499174,-3.533085921312483,-3.3325028028410033,-3.3420529857033747,-3.3277537155288583,-4.516072855345988,-4.620124645650339,-4.78395332661207,-1.2572171424561478,-3.2521574562771343,-3.178874211484371,-3.248206580986286,-7.321628378613257,-7.159709735980888,-6.13562945237531
900,seed0prime,25212,TmY9,0.7501121386299208,0.7902688299681624,0.04217236151709972,0.05123287848123792,0.7592616225661254,0.7625703383252624,0.781401794543296,0.7336059396190054,0.7333886097274442,0.7334215939974983,0.7471101013408784,0.7509098761124685,0.7524254080181974,0.733165986191135,0.7418546864067962,0.7351472937035661,0.7331140284027373,0.7719359948838469,0.7717082603381176,0.7607726839023556
900,seed0prime,25212,TmY10,0.9708372691275957,1.3808853630990585,1.0101117518038223,1.2471027723594204,0.8010551105602806,0.9400424410782152,1.0078144720993676,1.0403932814970636,1.0422544361661572,1.0503825796997348,0.9937284112151327,0.9949874583287999,0.9498263405287999,1.2313665719988147,1.0602345082155076,1.0511837995740048,1.0696856977731057,0.7294269039717517,0.7533479138660382,0.8176663794687574
900,seed0prime,25212,TmY13,-1.9180899573981074,-2.0783013951810965,2.822361595966513,3.2338275762641913,-1.308718844298364,-1.1125045764252888,-1.27099149865531,-1.737127810413077,-1.7613642624514143,-1.7245316047635406,-2.127167432534608,-2.141790291809073,-2.2087169463591247,-0.6375473236510124,-1.545056112384134,-1.5566306273343788,-1.664549937606666,-3.504854385653477,-3.4144494827857423,-2.9734381812445085
900,seed0prime,25212,TmY14,3.6802870795229863,4.88658534066594,3.2856175610867018,3.689725468190436,4.32276143727846,4.610862527762497,5.121942183706294,3.4295551124526176,3.4060920223767446,3.3373089123636115,3.526145362691248,3.4519028249987236,3.579770821659475,4.038079440608252,4.287188004697162,3.7567422794992553,3.3067794442467453,2.715889941469667,2.82196517981054,3.171607776746495
900,seed0prime,25212,TmY15,23.519945494391816,26.055771317927167,8.266953158311495,9.101324120176407,26.968702461480593,24.455443075231067,24.156548573756687,17.991716772818037,17.93417893068635,18.142806841674858,24.44595829536531,25.638675996851326,26.405480702979883,10.857360039231846,19.62350233063701,18.513103215311666,18.242443663811887,36.31616600942016,35.84141909434628,30.78562190666608
900,seed0prime,25212,TmY18,-3.0182236010751726,-2.6017087978530795,5.08574428005018,6.187450939264355,-1.5133081638322685,-1.3354394490691097,-1.9845510462780793,-2.9084712911993984,-2.877785917850413,-2.873723595913101,-3.588699856787744,-3.4425317808389573,-3.325513463869598,-1.5335725067189836,-2.7058651543541425,-2.705211591576297,-2.724405577861357,-5.4100957215978065,-5.056536435115508,-4.30586606434
001,seed1,25212,R1,0.3263257127537793,0.39755263565683074,0.16911509547633566,0.1423445868823319,0.38303351452433343,0.3352013195423092,0.33283423148969116,0.20188955301896833,0.20138564613711046,0.20427431684948405,0.34152261523146243,0.36395636498642264,0.3758232770730508,0.031168620619388753,0.21970436279487573,0.20422464111686173,0.2117546522889116,0.6555733650705767,0.6421321449938248,0.516732778323197
001,seed1,25212,R2,0.6711805223722085,0.7322963741033153,0.16944633002652804,0.14258324528601665,0.7240031045886084,0.6748996433526815,0.6729071463650705,0.5500886821775759,0.550576254227373,0.5537399354138914,0.689850344204043,0.71170748098548,0.7228379046330008,0.35272893447547776,0.5684835413829961,0.5532909950672878,0.5613704754672583,0.9998353788533587,0.9869015067423101,0.8656670300189235
001,seed1,25212,R3,0.2855897069887068,0.3244390666452177,0.1616866114653567,0.1351220501655442,0.3542393525452037,0.31121358072511784,0.29974619099176353,0.17721368332313378,0.17573385838585187,0.17761937670109998,0.29059863727418356,0.30952351654254234,0.32095489847423264,0.05504085585614956,0.18806389778189328,0.17760044858024307,0.18503946112431702,0.559792682495525,0.5474515047027688,0.4396033663152822
001,seed1,25212,R4,0.2531289267689437,0.31682723999490386,0.16744427355813707,0.14011269970190354,0.31272119230732204,0.2650755088547717,0.26053135729467186,0.13231158619339672,0.1318408623004485,0.13461081619602444,0.2667637123721464,0.28847018661501916,0.3004156084537141,-0.03500211451237507,0.14906128907189337,0.13453312691058267,0.1419983061888525,0.5712512279756693,0.5582551048414965,0.43722505723946464
001,seed1,25212,R5,0.41320851268032355,0.475071561717063,0.16884014058840366,0.14178722707909458,0.4679563940958233,0.41921553610229545,0.41648518680485064,0.29220538332821977,0.2924060912030373,0.29545861555808495,0.4304482719893265,0.45223924952233263,0.46365013148524364,0.10327756915802729,0.31015701006152024,0.2951416853622207,0.3030528910330208,0.7389111439109717,0.7259526144036306,0.6047784288665706
001,seed1,25212,R6,0.23299934500044833,0.30005779024280155,0.16628057829344922,0.1392573464504069,0.3013999497883174,0.25565086968742695,0.24778659335604317,0.11253918377368033,0.11082155217378478,0.1130792052083327,0.24008283350909268,0.261593184930346,0.2745991916807295,-0.01568069230399711,0.1271483981451627,0.11348464530346922,0.12015054845044468,0.5374174630863271,0.524340321314773,0.40357627190323997
001,seed1,25212,R7,0.7966578777715431,0.852440460552765,0.15634072031775298,0.13022975365625183,0.8457824900963352,0.8008603230924779,0.7985528566180917,0.6856610653314861,0.6861122689138834,0.6890089813635354,0.8134453563631905,0.8335241239936442,0.8438316618034232,0.5049040554290258,0.7025267966649653,0.6886556064381927,0.6960271501621739,1.0974497426213403,1.0855884866517729,0.9745950788011498
001,seed1,25212,R8,1.0671230896479407,1.1282374738727214,0.1694476518408488,0.1425849810441961,1.1199417761311286,1.0708376114787572,1.0688466237380005,0.9460310795167446,0.9465192231056431,0.9496831332388929,1.0857957973104904,1.107653090651257,1.1187829262774627,0.7486543754867475,0.9644268090884495,0.9492339208412102,0.9573137393833526,1.3957838561473703,1.382850035357492,1.2616154366140555
001,seed1,25212,L1,1.6612836505572834,2.2268986632187184,1.3723191897665106,1.3612327688773829,0.7068008579393842,0.934020867273883,1.2127888977969383,1.8501596622016596,1.844496576161991,1.8485442299723895,1.8545235680026135,1.8212954806791681,1.7540420245802888,2.264552575186536,1.869114129217639,1.8426621094565636,1.804224634295053,1.6503415324473327,1.657603287283233,1.6653679764218599
001,seed1,25212,L2,7.884224594319329,10.344805347584654,1.723883224015576,2.504504479955725,7.111659290311901,7.019882882823561,7.663207662456905,6.657444443695257,6.629803559275011,6.6636795614901585,8.306596007744746,8.554811093322778,8.553189671796007,6.005671713458847,6.988288880448566,6.683827510095834,6.689959560820364,11.46640873954382,11.314189900154044,9.838973031671465
001,seed1,25212,L3,1.006900714409281,1.55680628385849,0.7028812504838888,1.0180765885097074,1.2230127101874182,1.30018776595854,1.182111644038857,1.2786173962549263,1.2765610936103127,1.2631038917812032,0.8422079135875282,0.7990442274873837,0.8190420520230168,1.8424551611037372,1.223013855331772,1.274032893532147,1.2587473492201218,0.03350687053151611,0.08313180370665292,0.4116348021933612
001,seed1,25212,L4,-0.1451666427040421,-0.2579844319855191,0.686906735861587,0.8627882678346322,0.25741652870312104,0.35203178722764034,0.13525974671850058,0.277666194104032,0.26255941001167,0.2428807135595247,-0.39125895520280596,-0.48822197038056264,-0.48510914032649277,1.1916471074050456,0.15291590112152975,0.2649306350588433,0.23239589153478005,-1.6306438214362202,-1.5980851332728725,-1.099051178090407
001,seed1,25212,L5,14.31154544353669,19.292373549627158,7.415931809150413,7.951528474374759,14.013503115680763,12.392533550137623,12.608732611881297,9.78100357982543,9.755825996444266,9.866166243358837,15.422509448454246,16.29182063752099,16.585618511181003,4.647734643770293,10.604767824432471,9.87303548399333,10.047544040197142,27.782751987718466,27.20076591176356,22.110413510227335
001,seed1,25212,Lawf1,0.16193777589071578,0.16492758246471848,0.3979773899116921,0.4709285594823953,0.28423751477242976,0.3571704234572021,0.29263825579508534,0.3775036617409347,0.38357649940876215,0.36763402746036283,0.08298902789024801,0.04784083501776544,0.05150529906925995,0.7147932203425988,0.3212290031381133,0.3577038648833589,0.35220961974842885,-0.5515845471637219,-0.5446231973630081,-0.3038190939463676
001,seed1,25212,Lawf2,9.284769009373235,13.257009845560159,2.188657726795319,3.4523124990959375,9.463890443415178,9.63886982655622,9.820113282160062,8.869005249331636,8.835964713978575,8.819389827076979,9.077841474564096,9.21107988098288,9.31107128417589,9.95289490692984,9.03630066104536,8.880578476723617,8.86311380526399,9.691261848976941,9.736498900763388,9.348429568027093
001,seed1,25212,Am,-3.854897568915824,-5.05341061092164,1.254946505207212,1.612884294877503,-3.3509193548341067,-3.118438010329533,-3.534410872170896,-2.8061033666547224,-2.7957169492991225,-2.8270711629187764,-4.24525644327262,-4.4460005752055105,-4.459884480367856,-1.6870795545024841,-3.0507291790836817,-2.825487256634996,-2.8560552868180897,-7.054136502374888,-6.921865155991171,-5.699206952194731
001,seed1,25212,C2,47.708202489746284,61.811938232154525,16.14273818327707,19.811031991700247,42.27615002660745,38.63343499575672,42.823102900927346,34.44263961250673,34.29606245096446,34.708796587053186,52.330312793984,54.97529106490655,55.292136515608775,20.410766828386695,37.44636761044332,34.75651599099336,35.06588032005895,88.28342262658596,86.55745709826975,71.03290241288741
001,seed1,25212,C3,3.1857888290002405,4.110439661213412,0.6104863816850017,0.8645900065997429,3.215862275265292,3.1161634144728465,3.2311957935519757,2.765672836811301,2.758062802166284,2.7648257000477736,3.236758186483185,3.330166696906917,3.374396294859676,2.605986216341903,2.8933796076065286,2.7909654067103316,2.7662013462528927,4.219554915805133,4.1765804170115475,3.7268493537102607
001,seed1,25212,CT1(Lo1),0.62482657569768,0.6769183768571746,0.06932612411384431,0.08365891713168441,0.6633864123854738,0.6732657542444466,0.6640090568913418,0.5946786070663622,0.5963667045240177,0.602084734299105,0.5984713991021483,0.6095340593863956,0.6073280472799247,0.7530622570053384,0.6082226888657694,0.5967950962308212,0.5990030175583869,0.613657897691166,0.6136466493005974,0.6037128293315845
001,seed1,25212,CT1(M10),11.874728297844792,14.996245567738525,5.685771657516822,6.906943495482235,12.266489764586114,10.740154074219246,11.122576746461853,8.01124124386956,7.980759308032496,8.068891265963549,12.615344459925172,13.41130251299264,13.857932779836716,4.393475553544237,8.925099903756387,8.215055596795393,8.120591814864564,22.351370906235644,21.983620582126214,17.931746252306873
001,seed1,25212,Mi1,31.979248503837876,42.72169268625852,18.517760814775055,20.855170553351467,32.34544861468122,28.04624915428345,28.076152646354558,21.26524413457443,21.20683701060733,21.4629676109269,34.3480928356373,36.43476350911817,37.25576710462928,8.805111989376735,23.124779068635732,21.499118621542994,21.875293222091436,63.457530800446406,62.15258607260891,50.31203366589115
001,seed1,25212,Mi2,16.49413258222509,21.338551920046836,7.512197914943121,8.729934850678,16.654094324888202,14.702127945941879,15.104615667416883,11.371775139483848,11.316877876062994,11.464166988432403,17.58834106089049,18.650942281198574,19.050809045131846,6.235417157657519,12.395429170212285,11.546938955643308,11.520479620567391,31.022753957571165,30.445862393215528,24.835489731287165
001,seed1,25212,Mi3,0.4396028854387869,0.4390608472504166,0.013228102448610526,0.019241374898518487,0.43536296610497,0.4363880472058811,0.4380391834771336,0.4422300548394742,0.44226379513988545,0.4417571561894123,0.43965828472466806,0.43791393546927493,0.4360950587836615,0.4381484599223415,0.4391739074745308,0.4405282076050356,0.44154946368172165,0.44244720454995584,0.4417387065987895,0.44035173525385324
001,seed1,25212,Mi4,16.892694505556257,22.315909032685354,9.307867558271798,10.772391861788623,15.982351952575437,14.254509826441232,14.965478169128247,11.857422854857848,11.862143506260072,11.957580741293837,18.355416524683577,19.265703682371658,19.519778196514558,5.906510459073517,12.738311492800376,11.887068357954162,12.050213113082533,32.147372652370684,31.561210749018294,25.972039810474058
001,seed1,25212,Mi9,3.307641934200258,4.091702910995107,1.7848894924493384,2.107046216618357,2.2470736886487037,2.07490263122732,2.497324129046572,2.326858905410063,2.345810792273384,2.389168783822504,3.6005532196841123,3.740603132891868,3.528639658422167,0.9488504305764799,2.548033668151598,2.409108210804171,2.4677395583525685,7.065701916864484,6.99925426074437,5.732647960283762
001,seed1,25212,Mi10,0.16266435779734956,0.1904080690229608,1.616003838181854,2.2941337235631694,2.0186562009606557,1.6952305696521024,1.074023473640612,0.23333339875308226,0.21488155517223367,0.1536957552429191,0.041352914195590416,0.20045012776764434,0.7647802364986633,0.8283605481535401,0.128005686958531,0.08800441435888283,-0.0023330708160923517,-1.7881673809115088,-1.7867262349204367,-1.2609184699488258
001,seed1,25212,Mi11,1.1642912269852819,1.2997688089811272,0.2786090935083143,0.33247595221907267,1.149426813185959,1.0810574915265243,1.1153335215459255,0.9753013453705964,0.9713786000310961,0.9782555674340954,1.2160934075589156,1.2547497339247005,1.2604646959185768,0.8052448408840931,1.0167099847769605,0.9842011187303081,0.9819100936122969,1.6991937485878743,1.676523432232718,1.4628152364438682
001,seed1,25212,Mi12,-0.7173845244164725,-0.9716647268856368,0.8600760106004479,1.1225771120208328,-1.342620717356225,-1.1073368134867692,-1.0882016649059454,-0.2503784090933896,-0.2349658280408482,-0.2513367931871244,-0.7412827311376244,-0.7837758899233324,-0.9519339791509414,-0.07375044253610855,-0.5922218834212231,-0.4007262717040643,-0.2368238464938044,-1.2262066061682484,-1.212233219936622,-0.9843572941212899
001,seed1,25212,Mi13,-0.5323551449824842,-0.786653906308617,1.2468223068294968,1.718936978321893,-1.3095365892497026,-1.1083695057815717,-1.0225542203976608,-0.06089384257560919,-0.0499843496603868,-0.0690258805433368,-0.5164617316257443,-0.5690884431387491,-0.7645912730867421,0.06673588898742051,-0.45378693060202846,-0.23351987403482927,-0.04765703679080507,-0.8236273278200017,-0.852222297948704,-0.703098905451296
001,seed1,25212,Mi14,9.944851336586218,12.697336428849113,4.618093068923395,5.270547717147863,10.129401504067541,8.78745364799744,8.938076918067905,6.4764924661430765,6.457863918227893,6.553602566093661,10.522672255912823,11.309522084595221,11.624528151960337,3.2713143044532416,7.290996901156708,6.683593100243236,6.666433866131902,19.564910469734297,19.276408092134037,15.56435113846016
001,seed1,25212,Mi15,0.5691225736331322,0.4973425125282118,0.33006161626164054,0.47248584880490724,0.436157294932936,0.3893271221269385,0.49148640481236183,0.35542264408767793,0.3584896424618701,0.3669762376347191,0.7090875675745957,0.7488163801568642,0.7346234449181154,-0.06219231110500637,0.4319390675150626,0.36482305471072013,0.3675689222006855,1.230752770216999,1.1973098242411269,0.9853731116444493
001,seed1,25212,T1,-4.808005856674026,-6.451014152460638,1.17785970296586,1.6450427817856736,-4.474369500872994,-4.291743664139682,-4.659024800610277,-3.918685389065213,-3.907493257725123,-3.927518035461106,-5.079008546306256,-5.254880635644956,-5.2984895429234244,-3.2110392019545317,-4.153791301111574,-3.9456424726733887,-3.938407906997386,-7.364521095756021,-7.260375524943643,-6.24310283059882
001,seed1,25212,T2,21.470091680052867,30.037547902280306,8.412034902208923,10.60631388791042,22.486847171697622,20.82956509748952,20.565511195179745,16.582979833326934,16.505597717213952,16.604196767348814,21.849098634159766,23.19526461626193,23.899774919158876,13.37609193257409,17.61767675059533,16.628041072998936,16.717193923800686,34.08142387587138,33.87869487449464,28.70350849867363
001,seed1,25212,T2a,2.6571478160510815,3.376574680937684,0.9348513883911702,1.2639936720823168,2.5936566770601184,2.8743282236665197,3.0075653275198473,2.7284095391427035,2.7381540295988285,2.7292703104007794,2.5359187354340156,2.5317921717037626,2.506106913279375,3.430149270425681,2.821544034439998,2.7561121964926634,2.699093267479175,2.109002890319779,2.166899491709769,2.2863619781442854
001,seed1,25212,T3,-3.2892666680522695,-4.2570104531616995,3.1120828271223657,3.6755557383700843,-3.3502427145466727,-2.364886153540244,-2.4594175291649387,-1.3696978216947548,-1.346210759289397,-1.399943244960883,-3.8168364714058676,-4.215644884822972,-4.377409163790519,1.0260779575579095,-1.678959665574255,-1.4129815993405588,-1.4394141519924655,-9.031320186764848,-8.766144745793559,-6.625235553712284
001,seed1,25212,T4a,6.693637178125803,8.770905151658713,5.411557565284012,6.29091815046818,7.798504278914107,6.64125532684667,6.2231243318668845,4.048704543268637,4.059437530417635,4.1004823059593445,6.821921879381209,7.4859711178830945,7.872743315901673,1.565020995350017,4.605682598542804,4.171530977099095,4.129420170120912,13.497055937276428,13.319123395027052,10.758216146157277
001,seed1,25212,T4b,28.981510060317987,37.75853067824305,15.45913162004554,17.94027268165056,30.672448926177474,26.509132014115274,26.589366707984414,18.847546021319953,18.739787135732552,18.997372837148184,30.635686234663773,32.77993118383647,33.820162198409676,9.035926833149462,20.91768716741973,19.28973200682205,19.279644178796488,56.918788541535164,55.75111243322429,44.919836544752876
001,seed1,25212,T4c,19.185699764537606,24.178269522121866,9.689170967372673,11.462439235101172,19.248412206810222,16.697550199942572,17.30729209394685,12.515831291318799,12.50659248205845,12.674376894545906,20.61180961159706,22.016817066670832,22.7773242535477,6.102536500295935,14.009342618007924,12.798994131611297,12.719510678681141,37.60301458012189,37.17308022797356,30.20871139547159
001,seed1,25212,T4d,-1.2693488652337146,-1.6299404916521447,6.491883969284523,8.206357304243063,1.0945443789567668,0.5726250369179264,-0.3505123405089542,-1.094093626403817,-1.1439634374701957,-1.1670935264970699,-1.884454387274472,-1.9383057723648522,-2.0248708743147352,-0.7578222497633751,-1.0208645921239263,-1.1019380609234908,-1.2979938904046966,-2.772782815658021,-2.874050090368837,-2.548005595537685
001,seed1,25212,T5a,-4.298538122322545,-5.476307278733513,2.851613075973293,3.4587953355175074,-3.624476867553491,-2.93144274574253,-3.4691777143503395,-2.5851213114728084,-2.517448212953182,-2.5787486601050302,-5.114600978185999,-5.414582732887618,-5.496166991816603,-0.18430581693440667,-2.9009426540875163,-2.632491925491043,-2.6608690260572687,-9.849374324253931,-9.50989499386121,-7.306965001407738
001,seed1,25212,T5b,-6.187299019901438,-8.03031102798227,3.753902301067561,4.7064787545420295,-5.86819426433975,-5.186583280358457,-5.741889480551967,-4.351686829722324,-4.272095376449,-4.376089034170762,-6.918763696390428,-7.210591048597462,-7.293997092277422,-2.8971974029448497,-4.749151019605262,-4.405684499450102,-4.4074096587744895,-11.481933942954258,-11.086635907340343,-8.748881784496128
001,seed1,25212,T5c,8.045852286780923,12.168689603531078,1.590409398303776,2.809219293606907,7.8174613084566555,7.892733246679116,8.227779741190508,7.410710741986681,7.409262735259186,7.41761481605274,8.104746335980469,8.272779121796567,8.305700782817707,7.625101588953714,7.676750386096073,7.471508725039176,7.420461255456639,9.456753166166655,9.457110958398628,8.767161678164246
001,seed1,25212,T5d,-5.199199518849399,-6.682933043452677,3.2816321537755355,3.827950713968136,-4.977950972636733,-3.8994346096135812,-4.252136250257674,-2.949940919134664,-2.8807596119778287,-2.949944176751508,-6.0145025027818155,-6.452322673647639,-6.641020200817282,0.030268041430339832,-3.4036424351376247,-3.0498512468360177,-3.0337226106537556,-12.06916372125914,-11.684264644584784,-8.958803766930682
001,seed1,25212,Tm1,3.8906022065434085,5.102313756121222,0.8487169265633077,1.3035185703126757,3.620806350557964,3.795342779147145,4.052241935484866,3.6260074591504385,3.623957401445851,3.634650429895202,3.9261109706887587,3.976978829387323,3.9440250305316824,3.910816469067261,3.776392305211451,3.6621622509314014,3.613091248389587,4.467400147469299,4.467512316084188,4.152139381252117
001,seed1,25212,Tm2,4.851501633143284,7.092840772307747,1.6117741759241582,2.4469603392436734,4.833619069100787,5.072444253503221,5.261534738355677,4.742172818058157,4.7183681622703,4.719285858082832,4.750448189870951,4.812316466179701,4.802393831204151,5.734821422938543,4.846257263107934,4.759345689155135,4.7168522368012775,4.661037560327731,4.664961542367875,4.52816702896828
001,seed1,25212,Tm3,26.322844210716546,35.21677255977188,15.431274567709725,16.860428783828215,26.612030066516194,22.456500090030637,22.024007112705426,15.948405674159858,15.925485384391928,16.24403557004601,28.539172365591867,30.703597828638884,31.663188395576856,3.7833698761821237,17.823064251171992,16.134587774027118,16.49300159434691,56.76327285764328,55.745019140174065,44.30676939026162
001,seed1,25212,Tm4,-5.748806478365628,-7.531874862654379,2.2492956615892834,2.8434194772088146,-5.408099494137268,-4.846589272563319,-5.294441171412307,-4.145967360180977,-4.095361422431937,-4.152624052377538,-6.258055028980974,-6.612198942888725,-6.6987538254898595,-2.6970687784334793,-4.494255381429648,-4.190373851919622,-4.211009838497176,-10.41151824516455,-10.16991191259411,-8.294675075348554
001,seed1,25212,Tm5Y,-1.358227278493,-1.946123457818129,1.1219097416497168,1.3618108607565036,-1.1638346464917952,-0.9468656022928013,-1.0881186949095385,-0.7639647124902631,-0.7604312277188856,-0.7719511770454222,-1.572835993895863,-1.67843806268389,-1.7208587751043098,0.004817327415491029,-0.8618520117606533,-0.7569461902947345,-0.7729934578845803,-3.239744045984275,-3.159406714856136,-2.4782124698903436
001,seed1,25212,Tm5a,0.1784847482639221,0.08969567735566948,0.13501297634624207,0.17113427734738285,0.2295072864645137,0.2512313256234093,0.21705480261309268,0.2654495590499146,0.2657155725260157,0.26380736497580404,0.1398927761421316,0.12365436161219068,0.12221528810381824,0.37705927988418714,0.24711022382763687,0.26570859768970595,0.2640377392738072,-0.10118824997902287,-0.08824716641882664,0.012747210834375609
001,seed1,25212,Tm5b,0.1808939602664572,0.03801545434415936,0.2140378649275552,0.26421385402697295,0.2595642060781416,0.2921094666314751,0.2461060527568323,0.3026147074585188,0.30313599032476474,0.3021657620721265,0.13545351351297102,0.11607452020990512,0.11006540982499535,0.4588338014839575,0.2881027284530904,0.3021806369415497,0.28521185480207545,-0.23173956973715953,-0.21184146245344504,-0.06373425409648373
001,seed1,25212,Tm5c,0.6368515399807138,1.0737089462446785,1.0725675190200228,1.4903741147856444,1.1720366226086179,1.2529371672206275,0.9418260801781887,1.174452505099541,1.1694853986086113,1.148444271406634,0.26063082180646,0.1883234272498493,0.2166042513388029,2.251801857859067,1.0482500588589174,1.1825926721789286,1.155075203076127,-1.2618304952945505,-1.1597017061668717,-0.5513034963375314
001,seed1,25212,Tm9,-4.048257293659438,-5.226848797201377,2.3073501726251906,2.806281923957664,-3.8724103158876324,-3.2096839729058075,-3.5746769965121397,-2.3924529978853597,-2.3442935064228005,-2.414185666481956,-4.607486929479938,-4.919624946193849,-5.0035607804722195,-0.7208192197871899,-2.746454608752831,-2.4533683994671773,-2.4595679605027225,-8.862476988441093,-8.57040235507102,-6.62065105428727
001,seed1,25212,Tm16,-0.7885998489445416,-1.200772442272935,0.5186757860893785,0.6449856090838779,-0.6288359632639533,-0.528593126876016,-0.6518528825929581,-0.4189773144222433,-0.417494889042049,-0.4251026521620373,-0.9179825239935351,-0.9851246468095212,-1.0141098790686294,-0.005163441923518469,-0.5142218574849867,-0.4333862985764119,-0.4337373547617025,-1.9125158109435756,-1.8719043216528246,-1.4585946195387032
001,seed1,25212,Tm20,-5.267188760031048,-6.991993912824251,2.2348155607562665,2.916179544026652,-4.40295881836077,-4.118361917918293,-4.71650952391595,-3.9000796342861483,-3.8953790326445485,-3.9237606206623665,-5.879743597120171,-6.097246742376962,-6.139402306638983,-2.1489128752652102,-4.175870679844598,-3.8764272699388322,-3.9157830582615167,-9.678196520119617,-9.499203407553626,-7.907184155589166
001,seed1,25212,Tm28,-0.7157354755370933,-1.061146141645515,0.794352031388331,0.9681639096986764,-0.5818196093865241,-0.4251268874925943,-0.5181788478863659,-0.31105339253912573,-0.3090307324616534,-0.3168413730613471,-0.8693606433324692,-0.9402135002601586,-0.9699902413931225,0.24610536133535602,-0.3757542341931651,-0.30496735630249294,-0.31706147286145836,-2.0107710606002627,-1.9549315966119187,-1.4927720215461884
001,seed1,25212,Tm30,0.5201494865988132,0.5290473959099982,0.01819417980612379,0.02118340924200627,0.5210258806514426,0.5163487085604965,0.5172535185416678,0.5079424793766125,0.5077557835299082,0.5081405856118288,0.5225730576520156,0.5251475828251546,0.5259980983257129,0.49706894942196345,0.5106861764583195,0.5086295793316071,0.5084591030599175,0.5537375146685874,0.5524350739002807,0.5391896936654963
001,seed1,25212,TmY3,-7.688545699025141,-9.521555579667872,8.204857467943432,10.813320343315242,-4.821793868538151,-4.538269487870329,-6.212309534772947,-6.178266469012412,-6.159465553391668,-6.201019294042755,-9.105843441735502,-9.256497169260244,-9.336245492278453,-2.9952289598424313,-6.389976297025459,-5.898745204810177,-5.889059872550944,-14.182547016134393,-13.960451966352077,-11.89101155678433
001,seed1,25212,TmY4,-2.0501228281974413,-2.845567087854043,3.420379090216566,4.364909106016787,0.04384300408493478,0.07210970512951681,-0.517673451818097,-0.5897639197856706,-0.6404425881243726,-0.6931923404833282,-2.5487431611057794,-2.908081083762202,-2.6787740947531424,0.7558223531089965,-0.5186040296121117,-0.9360989459491902,-1.3986303622208553,-7.415989062848828,-7.321122325586873,-5.506624947432054
001,seed1,25212,TmY5a,-2.243603656383561,-3.1484534502014565,3.1479699400346233,3.9309952249892364,-0.9499014369992287,-0.9393546647549801,-1.492973175222098,-1.883533684976642,-1.9040950309221691,-1.897494638713604,-2.925566317482067,-2.8933251830295825,-2.855363983312369,-0.2657099896603381,-1.6797458615852847,-1.6691945450907464,-1.8049990186547853,-4.553199252583495,-4.402093658925792,-3.7811080602237928
001,seed1,25212,TmY9,0.8655673310774199,0.9506456427296801,0.07042016015900171,0.09628295243374677,0.8659322051147977,0.8720539133856269,0.8838159434487023,0.8380415633258806,0.8380344860121381,0.8387132804391287,0.8613050349397732,0.8680810378200468,0.8678066996281422,0.8777384699651668,0.8502603156164021,0.8398996329071948,0.8361566854891433,0.9125507218393804,0.9125876426676112,0.8860996646395833
001,seed1,25212,TmY10,0.41024907570805813,0.37012625549485245,0.06598114299284073,0.07969644070856183,0.4246416802173184,0.4383212524413257,0.42784890615602206,0.45045969768604266,0.4507128083616,0.4498783590951508,0.39542128545711336,0.38809479409725445,0.3860836675341436,0.501001945540991,0.4425618513814083,0.4499372945491344,0.44907979937825726,0.28407152713910655,0.2900029536532999,0.3358673886407616
001,seed1,25212,TmY13,-1.8205884961388468,-2.4717637826498065,3.943469322785057,4.589905652084479,-0.32012370756650327,-0.3527152504490355,-0.9231757822450403,-1.5918252438240932,-1.6337562866139532,-1.604180167859741,-2.2522316173143975,-2.2608318535662706,-2.1689450311747054,-0.2911471981092791,-1.537855593979891,-1.4554756202211867,-1.578913952736507,-3.9281024227279198,-3.8705805769590618,-3.359555632873966
001,seed1,25212,TmY14,4.964846832896494,6.319491676825723,5.7498080176182045,6.859032578065659,6.994882372642988,6.111348347829582,5.4613171260473266,2.820061941459083,2.8568696218201746,2.8853283696364866,4.851095721244311,5.200734792354462,5.591156912837488,1.515805372517122,3.972683375183979,3.3686462405181636,3.0171030480181473,8.742904015624541,8.758296943703556,7.289315124906487
001,seed1,25212,TmY15,32.2406775606501,41.96338225647435,13.008702408490153,15.604957256989334,34.03932399860533,29.810855679420676,30.299454521842495,21.881475913553565,21.59248418754248,21.947108217739036,34.215947964578746,36.424266571688996,37.44464245968901,13.138003770048096,24.220966404798382,22.38575382096882,22.23661841712943,60.16160819933913,58.72848098932786,47.32384985412952
001,seed1,25212,TmY18,-2.0651001409706935,-2.611154615085626,6.762299908428499,8.932619036665436,1.4560241439276418,1.0380839204814816,-0.6059822145627293,-2.0289646792379252,-1.9821241417700803,-2.027268661466917,-3.1107275997487447,-2.828919953695561,-2.209820170747568,-0.5101505166925256,-2.024353951596282,-1.955240534888852,-2.0495550429259244,-5.305624921359483,-4.884440990461711,-4.0125369407859175
002,seed2,25212,R1,0.05411588979217975,0.1350780732157264,0.16043264206997035,0.1379513613835219,0.09681403163766253,0.04972454771882597,0.029775661802185438,-0.02699617341215026,-0.024587202284823535,-0.023089512078615933,0.06582443368202659,0.07767328613847184,0.08561957852925262,-0.21002762471054442,-0.019500806259673386,-0.02160928152345289,-0.012390980041804152,0.2999319740895946,0.29290045489894223,0.20579184848897875
002,seed2,25212,R2,0.03453310975778606,0.11583749242737275,0.15580529800064216,0.13388893048513975,0.07271133112887776,0.027340611389963448,0.00460653953711488,-0.03651450174006837,-0.03376478445955169,-0.03268912026016675,0.045387169539646846,0.05471951680848226,0.061945282209705944,-0.21554735919942464,-0.031479634331273175,-0.03088453704492549,-0.021387306463435785,0.25935411990430324,0.25370534879811646,0.17502708030721215
002,seed2,25212,R3,0.10287457649112774,0.1860291024068714,0.16314534079808765,0.14195658059596958,0.14812686313156828,0.10108288086139586,0.08269221823340885,0.01918192612744827,0.021312151286665783,0.02297960497767002,0.11400266774915854,0.12706569239129697,0.13586117729658315,-0.1647774274946008,0.027542793071485196,0.0243436479387513,0.03344150478635164,0.3512167447208506,0.3447121757709766,0.2572086030090338
002,seed2,25212,R4,0.04021937770127343,0.1179989751831379,0.16667496549508587,0.14380908315112928,0.08780160700939801,0.03833327205178693,0.022072245482866872,-0.054502968886613976,-0.052526241101663,-0.050533867144735,0.05366970878178397,0.06851502459996148,0.0772795995986722,-0.24293269303610515,-0.0436544170773016,-0.049478134245775796,-0.04061469631831467,0.31617410385602734,0.30668509879082323,0.20722240085956406
002,seed2,25212,R5,0.06249485821543496,0.15080160116415148,0.16722394947289823,0.14962792911601797,0.10676991771325346,0.05773544433196017,0.033300809085274816,-0.014654252850502255,-0.011920895707734126,-0.010711477063990211,0.07234964619413918,0.08269088097774369,0.09056849474669922,-0.19692351303842237,-0.008483165327844504,-0.008775583961423108,0.0005654938923951941,0.30168818612137344,0.29479449892244797,0.21092324741158883
002,seed2,25212,R6,0.007370147467396296,0.096502753983616,0.16379443422075696,0.1459472923148311,0.05057062728203904,0.0040809798704127005,-0.018753229220747826,-0.06618745033448402,-0.06361179765269949,-0.062350648251425445,0.01645006718502822,0.027130807010746254,0.03528949842438225,-0.24650725410326318,-0.0605470319055718,-0.0604934079579017,-0.051118095234894155,0.23395590060545532,0.2291922435522901,0.15082115020897452
002,seed2,25212,R7,0.7854533867971861,0.8397504843373611,0.1527237859073434,0.12678754396587613,0.8335487033629301,0.789791585626946,0.7873960526874508,0.677269020005957,0.6777099319670387,0.6805322059862905,0.8017157309801005,0.8212990053762759,0.831377434199379,0.5011420688293511,0.6937085051456373,0.6802055175928979,0.6873797490872475,1.078481293083188,1.066918848448752,0.9587785363755346
002,seed2,25212,R8,0.7200948283051098,0.7811978160508297,0.16941941627434443,0.142558634805524,0.7729054921264044,0.7238101694614065,0.7218186420919414,0.5990242207523604,0.5995122843255365,0.6026756298556488,0.7387636264272025,0.7606171364499443,0.7717452004179878,0.4016827169697262,0.6174167059785616,0.6022266038557857,0.6103049308753954,1.0486966358774161,1.0357650917948287,0.91455216562161
002,seed2,25212,L1,1.177395618320236,0.8238468072164014,1.1505879838597313,1.0627756464987201,0.32873195056879756,0.6809398054249906,0.7634851498996913,2.010615333433724,2.018317519651723,2.005563947148673,1.3635928147083636,1.1722439792487722,0.9623322637061923,2.3563582581719813,1.8912715687701962,2.0089285579632743,1.9926022226959674,-0.519142497241001,-0.48952422022519826,0.2920132391976293
002,seed2,25212,L2,1.586793244242941,1.6931340929897662,0.40736454050614634,0.5671871372449231,1.4220700175760876,1.4822882257821908,1.3426818563871699,2.0223029257914367,2.0393197623137054,2.0217060242917766,1.5296766996202824,1.4258507362577872,1.3909416626173763,2.192393540819376,1.9095819795904645,2.0386205203392014,2.051812678193299,0.6696754482330061,0.738093793085788,1.11167603698811
002,seed2,25212,L3,0.7862090050646158,1.2200835295326378,0.3232734284146793,0.6208835380096098,0.6085471511917607,0.6010472091101134,0.7428949157380449,0.5909347489837399,0.5766688872657679,0.5904236254066582,0.8348057228748769,0.9647271910068437,0.9143381678352753,0.5127441907226625,0.6974535274363107,0.6042313833942511,0.5656337746086397,1.3450604917970457,1.308934578692984,1.1208985149688788
002,seed2,25212,L4,0.7552883303147041,0.8732133023085366,0.248333864771553,0.3442389591481226,0.6941266673746236,0.7150312627404449,0.6184676173108291,1.0011872918483893,1.0120080138297025,1.0023983213531262,0.7151753977124249,0.6559855956294226,0.6363327228284296,1.0920220586666305,0.9350405561809731,1.0122258320365531,1.0195102440229462,0.22889724536785178,0.26474951719186646,0.4814549409410529
002,seed2,25212,L5,-0.32293671770514776,0.9703839482766936,2.4171973434895513,2.7042105445337667,-0.2857155851725274,-0.8733668707811688,-1.2980618130043664,-0.8185240812115913,-0.7603869306634017,-0.7648700940196665,-0.33593700135894633,-0.24405608182371274,-0.31537771974380246,-1.5258530190901867,-0.8085881163856987,-0.765223953582026,-0.6990481282920535,1.844488019378593,1.5994710607426899,0.8840628317255017
002,seed2,25212,Lawf1,0.6681855097181177,0.5464725421563669,0.22794198275578453,0.3388609625613862,0.597920225302469,0.6567895084839103,0.6198627512758159,0.8885014192360204,0.8884704724499363,0.8814335135970174,0.6263549924964401,0.5862108344893628,0.5927148884540893,0.9307245363549488,0.8254799128669065,0.8835527819392037,0.8985014159444387,0.1536929462884924,0.21586890015145385,0.44488905615938024
002,seed2,25212,Lawf2,2.5664808404035018,5.934473728301095,2.098574347319806,3.796744877474004,2.5839541650320426,1.9128016978774383,2.4395843028628486,0.6230367399517416,0.5265850929058786,0.6497079108092116,2.778424287992113,3.768561790643895,3.58218788153651,-0.4942534864238441,1.460526118449473,0.7559141261094228,0.44782551650480357,7.458624382750926,7.1558205703636855,5.414392349089881
002,seed2,25212,Am,-0.33090474266540215,-0.5422851080414132,0.45574854592498076,0.5270372100919599,-0.7014154667794595,-0.5306423758726806,-0.4634414050196948,-0.038802524840569994,-0.041170842961921895,-0.04699161207046394,-0.2764423673333655,-0.319602926886652,-0.39067742250184495,0.08363974025318544,-0.07085633462864259,-0.046998771681186644,-0.0471915869249072,-0.9106244705376845,-0.8871965534776131,-0.6060609613829333
002,seed2,25212,C2,1.163745416977524,1.519292470021238,0.32565875095239816,0.4991929171296452,1.3067707338131416,1.1973611771647041,1.2099315652383515,0.8944645202626964,0.8906980870232172,0.9093466415236628,1.221908486472254,1.29628097191143,1.2796285807053032,0.7026777552913528,0.9760745404166752,0.9046555558909324,0.8662388319839387,1.7813359902776393,1.710756259418807,1.4717969742462802
002,seed2,25212,C3,1.1049428048132222,1.1859661810275752,0.18744351877422671,0.26713294462101106,1.0572734723309372,1.0660274490848407,1.006608863871405,1.2456525538328536,1.2529887904799262,1.2461974160701819,1.0744216883387128,1.0414903257739694,1.0242519440726168,1.3109378421831563,1.2058796918528585,1.258334090350901,1.262912337427207,0.8257990886151129,0.848626697867406,0.9516826248594692
002,seed2,25212,CT1(Lo1),0.5848142328714738,0.561125586369952,0.047004545449818066,0.06433318755313544,0.5697355017221006,0.5773854574356514,0.5603029443232674,0.6342351805661572,0.6387598084923961,0.6324793204365509,0.5653651654069286,0.5541792768597521,0.5491422235893393,0.682061072609461,0.609074439089771,0.6399508300460826,0.6457367967674704,0.4848782723772129,0.49255379826119794,0.5211876379602411
002,seed2,25212,CT1(M10),1.5980779334768425,2.2718546402003827,0.693379633873654,1.1278060913641488,1.7048192208811082,1.5274698128006656,1.672991377142117,0.9455598064748653,0.9326624718229912,0.969585105720985,1.741133273724627,1.913425202421772,1.858412613853006,0.6689271858326273,1.1248778695434374,0.9727351532109736,0.8986868918272727,3.2057328008807646,3.041939560072845,2.3902885894194226
002,seed2,25212,Mi1,2.2064590126735215,4.99082337169835,3.6075653745450564,4.767481073144488,3.4660994246540056,2.394558559535343,2.250100334173639,-0.07880687427322083,-0.10182284875075331,0.02399696072036527,2.4859823067480735,3.208972322041538,3.123872910735769,-1.9949317527340729,0.6153256886160767,0.05864363293029121,-0.15087467576254365,7.6868864859588655,7.160049323684788,5.155292404498182
002,seed2,25212,Mi2,1.3110791893438896,1.7099575993195488,0.45823644129966334,0.69753901425998,1.50326442230343,1.3537353428915124,1.2851205443418308,1.0564472869079917,1.0534098604598423,1.069843163830067,1.3211952158506963,1.4076386517898054,1.382721389551103,0.9031654145904456,1.1164211933907957,1.0776631545735298,1.0422859418987402,1.9306184464411995,1.8631137134277374,1.6106232872535056
002,seed2,25212,Mi3,0.5210935620578129,0.5189145232645095,0.006528804752583063,0.009527813473479089,0.5209035285147898,0.5211074741978339,0.5192545850951116,0.5249516410456039,0.5253438829383639,0.5254046090546578,0.5209115820943317,0.5190409660670032,0.5182790355671626,0.526039389552918,0.5228991811632614,0.524084948348437,0.5242794512142007,0.515191498151806,0.5146156432042507,0.5151895767152722
002,seed2,25212,Mi4,2.3524200220590497,4.47976709445312,2.899713320896569,4.213419989705302,3.923367719506217,3.0703673834010217,2.9214853590450556,0.4709459592898416,0.4562226485974209,0.6064040168869889,2.7944163990279187,3.252304388564397,3.19659870669818,-1.1609773441046043,1.1293853547711723,0.5667419448184902,0.2720554179431555,6.17237427875885,5.698022747268945,4.2690053724717405
002,seed2,25212,Mi9,0.4779748273389808,-0.41476381325576134,1.7535819674995836,2.666485570372685,-0.34896302699949716,0.08682045977843282,-0.008126944915653744,1.6356655593139309,1.6678049587077577,1.5812547897141755,0.1720509090872892,-0.08176915771411877,-0.12844924182592654,2.4037328897091856,1.2887643047347512,1.668720279245905,1.800510949244718,-1.8481524562201592,-1.5553396011419836,-0.6869274332951149
002,seed2,25212,Mi10,-0.35239766766054276,-0.07542610458381235,0.5527587216250553,0.7345741621715685,-0.047755838190570304,-0.21334731645140045,-0.21190715028281776,-0.8735408386680824,-0.8797726063833776,-0.836434757565421,-0.22153337574588144,-0.11363870557203441,-0.121482760979679,-1.2211615666519748,-0.62718710940653,-0.8314673734803723,-0.9173469644523127,0.7099533506171636,0.5849974386484442,0.1832628919961623
002,seed2,25212,Mi11,0.555507577896175,0.6116003106075666,0.06683414785816763,0.10646311965127928,0.5923772637601866,0.5700105347069968,0.5687196463873497,0.5047554875430801,0.5038275904085452,0.5076158314943313,0.56470809521647,0.5767446038937106,0.5732354049833077,0.4826588646610797,0.5205390222060613,0.5104291548500363,0.5034977427013373,0.6598007872721359,0.6465049584875407,0.6026962577666308
002,seed2,25212,Mi12,0.7224534094121162,0.9482838178025081,0.17515510490892786,0.2455319869180452,0.7631529259791241,0.7059590148911312,0.7431359429919933,0.5796681927617809,0.5611921268299573,0.5751173376866541,0.7684012028028292,0.8209016029530526,0.8063174063564587,0.3678610907963138,0.6307199238191118,0.5588956248196004,0.5378647067334797,1.1358809311526743,1.0871676613570251,0.9170188586626736
002,seed2,25212,Mi13,0.6033167386067135,0.6940152584142394,0.0711250953748862,0.07432583644673225,0.6370350656310169,0.6027936930495642,0.591928999009187,0.5845837369612865,0.5741083835131501,0.5779378106623848,0.5971777419338776,0.6237824175077984,0.6359933444855532,0.46634694434258056,0.5982156028994328,0.5692872137864651,0.5623916461020089,0.6871602624427429,0.6823143339675856,0.6620106214127824
002,seed2,25212,Mi14,1.5122908909621695,2.22055350336015,0.7325950722813594,1.1707546566371598,1.9030426588286637,1.6386535243129927,1.631026640373196,0.8942500469258026,0.884300209011433,0.9223683799706122,1.5981341366546336,1.7584307679955575,1.7211263363077798,0.62221493229332,1.088845477010357,0.9603543154347619,0.8782238823716915,2.850190965233993,2.696381318252973,2.1491106644169466
002,seed2,25212,Mi15,0.5004028795726215,0.7104747442898518,0.3177539806489803,0.44925567685102963,0.6190443933523677,0.5256334108210934,0.5510403791185261,0.22172380665150224,0.21668302194032818,0.23701060887984965,0.5657431327983596,0.6315623771116365,0.6207410579755555,0.023810220182811634,0.3196179997244372,0.22923110580396672,0.1971788745506372,1.1423436874917006,1.0741714793928296,0.8309105173663426
002,seed2,25212,T1,1.2784784329045,1.2674723664910923,0.3056164271387094,0.3758550446555313,1.1381836817185191,1.2288960860719214,1.2066299654429726,1.570509119750351,1.5741778001664581,1.565094649680114,1.2528502476074828,1.1972149735443223,1.1851271758122108,1.6929997972699706,1.507187810517465,1.5681859660227155,1.5763056351907871,0.5908494985085009,0.6536155325126798,0.9478269866555307
002,seed2,25212,T2,25.960169796119274,44.77316558704648,14.130378024611414,24.044751288560686,31.050790372910434,25.689896249552042,26.95004494886292,13.029404078659585,12.478383929923117,13.377246374001368,27.034059826936705,32.901647113504396,32.020705038349405,5.216979222144317,18.31877540393981,14.173000236524166,11.901056350214763,55.43970623127342,53.30090626306863,42.48011509804327
002,seed2,25212,T2a,2.6371215033948796,2.7784721429554047,0.6587865998466746,0.9027905678432253,2.5437053320425638,2.5805509262799635,2.3080664954986547,3.2781314906936743,3.3070152775713866,3.2743114514051626,2.4881731175671584,2.3292138792336727,2.304562727362951,3.5451630532369536,3.079977811368676,3.3048166882520578,3.339751805792899,1.258043133034455,1.3599801507772011,1.8924807142006461
002,seed2,25212,T3,2.558423496011629,2.8471308791346015,0.5060937876413997,0.7933277918196063,2.552155149379815,2.5213216467699793,2.279672679656422,2.9831770520662473,3.0049771684424713,2.9852474990234965,2.44165152338606,2.3446639453447142,2.320012549415292,3.154895743363938,2.8499306910639,3.0185851884781076,3.032146458398039,1.6503400018038263,1.7250856812366497,2.070912958357106
002,seed2,25212,T4a,10.830916998854672,16.21647741638212,6.222884386509022,9.390398726585984,12.18136530923134,10.90768702162569,11.903691889818543,5.1530775011430565,5.181018674467017,5.617588770779654,12.878403401368749,13.767910558216522,11.965654183020003,3.4687327589762207,6.586264577259963,5.753842293446813,5.01519443664426,24.527156232061422,22.52813445200005,15.858949921615473
002,seed2,25212,T4b,5.152614503965396,8.655907879077105,3.6592592220944393,5.75765222492744,6.547125381004226,5.292960102191545,5.460399816004034,1.9462264467509662,1.8893265453349386,2.0747017342444822,5.646613826436382,6.544146376430644,6.340070076403128,0.46005203654516824,2.831018049646965,2.1476610452004534,1.7599065969614813,12.696609075121511,11.918492647743786,8.886522307426635
002,seed2,25212,T4c,0.6175091075001524,0.5799320863226863,0.27485712358986236,0.4262717268550392,0.713728162576069,0.6964053312437474,0.6125115525856535,0.6623420034017253,0.6789190761682973,0.6796866081376016,0.6401380445253062,0.5851280191891772,0.5389525605865122,0.6866582289255443,0.6359943800346564,0.6854183959520207,0.6765372046784869,0.4626122686425602,0.4572868944545644,0.46782698890051544
002,seed2,25212,T4d,0.4337223515057489,-0.026053213903192186,0.8082582681089372,1.2222947590193316,0.43034138551056794,0.49991337288178805,0.33061403886010765,0.7165289243324124,0.7393394078373465,0.6875465716182378,0.2257238164492438,0.16474603040275612,0.12646103575929035,1.0470066572065446,0.58689051835272,0.7768776018707269,0.8303643999554102,-0.18749980444396003,-0.10794693261537378,0.07265060011416298
002,seed2,25212,T5a,4.96358018714966,3.462115185054816,2.4391945449348293,2.8913259418727075,4.303263267471058,4.979222119328064,4.380711185384732,7.185692129810127,7.354186364334599,7.13201470565614,4.450446743585347,3.783848456447963,3.383752365175689,9.06565107049294,6.194078434394847,7.336411489739794,7.596725935132426,0.05622113953595128,0.39945500547030144,1.8156025824345647
002,seed2,25212,T5b,0.53560557309653,-0.9723241719440767,1.417537180569782,2.101222867818275,0.287868136824635,0.6405885225072784,0.14056589688244184,2.0111736770802615,2.110099484745138,1.9472738900783777,0.012299966925739526,-0.3214791959884508,-0.2934946106511057,3.0929786509639183,1.421069753931291,2.068413526591284,2.2497179253814794,-2.934061477589921,-2.578569969346401,-1.2847550087914859
002,seed2,25212,T5c,2.645805818935223,2.5585638316070156,0.9730314402419249,1.386012389318442,2.5293396170292413,2.6053599200209367,2.1088306571075033,3.8011317088089136,3.8542655173931983,3.7799061039036426,2.308672993186226,2.037101490941898,2.046724685258716,4.349385565143188,3.424088570527246,3.8455466777292933,3.930467635508881,0.08205191434939729,0.32734624187806916,1.3026738041772161
002,seed2,25212,T5d,0.3013792849767998,-0.569199754893825,0.9611558761710912,1.4165320098427006,0.21001106883333306,0.4233200656111866,0.06187123559426967,1.3508922732645716,1.393399516415014,1.311747763100876,-0.0011877469356132903,-0.26979582547310266,-0.22263926775646806,1.9451887289565906,0.9846726337426451,1.3581850812763159,1.4730584676128842,-2.2279206571922914,-1.9710620406291564,-0.9976727367922582
002,seed2,25212,Tm1,2.7820680290831854,2.827447035473557,0.8536811728909228,1.235935638926661,2.525608371365066,2.6428498177752986,2.3301141948057156,3.670827440268666,3.703278134270841,3.6577689520622014,2.6000349467105512,2.389509951351865,2.359040402539492,4.0661152047439675,3.4191732204764635,3.703948362831197,3.7525094384128677,0.8678132583048003,1.0326635420416674,1.7918332273703084
002,seed2,25212,Tm2,2.581796013252545,2.6711768519086343,0.864241866092236,1.2554874597175636,2.3446521592247658,2.4518402838932243,2.1176748467995505,3.4906173480438243,3.529044321284406,3.48349930473323,2.3955866494322438,2.1760875595110436,2.146257808783182,3.9016464803486683,3.2330290598542937,3.528022088532319,3.57536764731193,0.6009438947765106,0.7729529946010065,1.5615137649105257
002,seed2,25212,Tm3,3.4785010298428025,6.952059516354158,4.3876190821675785,6.140751979849204,6.01527803983777,4.614730979134839,3.9927246293848726,0.5832850536439393,0.5585473821911154,0.7507183359004881,3.853622893232403,4.629347358197335,4.524789061645064,-1.6906493370494857,1.418674419915895,0.7879475052375474,0.43593791743505345,9.685983145547882,8.947176576637238,6.547902516592887
002,seed2,25212,Tm4,0.4016229576084912,0.22119448433087083,0.26695655556224845,0.4007799868179566,0.39745647010797325,0.4406361893564236,0.3105221534106686,0.7233364199197767,0.7355970610098475,0.7183670743814206,0.3324650506804478,0.24555573642498932,0.25764452694215806,0.8490023937649849,0.631442146560748,0.7257264843883559,0.7509022730984484,-0.38052253589956364,-0.31508742070892637,0.0029232982981074102
002,seed2,25212,Tm5Y,0.994404453837034,0.7369737195692024,0.5454756630063974,0.7914450217277138,0.7951207504034863,0.9112900213575947,0.8165579014624391,1.4741276313706098,1.4862463480694446,1.4467349543955033,0.8454223787995174,0.7378975226631518,0.747343218600734,1.7774799109021935,1.2915369243736294,1.4843887764829737,1.5467329804621825,-0.018141903164100557,0.09927458869192099,0.46845925652126363
002,seed2,25212,Tm5a,0.1305000202577086,-0.008154483930686508,0.1680544467599353,0.24810124073171724,0.05464582341226154,0.1109187481277987,0.10947920595879095,0.2498405816683455,0.251508979028296,0.2439506087007502,0.10301731506481396,0.07397615731261162,0.07324817586989621,0.35227212700966987,0.22239937081657887,0.24930466740912377,0.2604377135281039,-0.14324098171874716,-0.11416942776119368,-0.009588740303762751
002,seed2,25212,Tm5b,0.34960426404351197,0.26837316287656277,0.10983120271053431,0.1340583936886512,0.3139725730295878,0.3495614448282609,0.34115056892929285,0.4394349956843645,0.44090392589943683,0.4366866023237101,0.3288462415221308,0.30754313151728,0.30532528614029864,0.5366987493679692,0.42180525052545914,0.44256424585708665,0.44510523021032566,0.12150744351050742,0.13863435090550486,0.22392818444497603
002,seed2,25212,Tm5c,0.39522390018275266,0.3054983367596057,0.2413017346824396,0.36585546107483263,0.3008081658619076,0.35284576640011783,0.3429127845956445,0.5432123177240172,0.543396174583094,0.531619689828416,0.34303009232817616,0.3265877301233663,0.323363990360202,0.669876783217165,0.5071444071098333,0.5504120443018552,0.5627675082163467,0.0764404793168291,0.11489011421545356,0.23427435474161817
002,seed2,25212,Tm9,-0.19370769113600927,-0.9475193993942396,0.8939498530038203,1.367950351910759,-0.48294027212247687,-0.21737545875605746,-0.3705525922297079,0.6333001406909509,0.649778213986033,0.5878823475074701,-0.40609822491443504,-0.5844199268802932,-0.5322082809520928,1.04868731138764,0.39588622399382983,0.6155675801852991,0.7096874901141981,-2.1301150092528944,-1.9016047099635407,-1.1147978909700709
002,seed2,25212,Tm16,0.007805357350703326,-0.3566988454165593,0.4250760700890773,0.6936237493019585,-0.1533931436051224,-0.03838970052275674,-0.08295035476907094,0.3638984229402253,0.3612729535149968,0.3362598658268944,-0.09965315118011275,-0.17098286382617606,-0.1477115434304222,0.5012222651715149,0.2620068778880663,0.35345231946910555,0.40142597779208583,-0.751483282679143,-0.6543711339138019,-0.3557177910650299
002,seed2,25212,Tm20,0.9877527704739653,0.5427061737266055,1.0419716750245163,1.5683497515602682,0.5662629610349923,0.803141807238881,0.6599554766942817,1.814100273277439,1.8368943932962867,1.7778512651748546,0.7656210228138612,0.5873458877357949,0.5775727075588568,2.302636885835212,1.5608250402630695,1.8343849650722697,1.922031749924806,-0.7580249237495342,-0.5567959194874387,0.11024073489981054
002,seed2,25212,Tm28,1.380604325679286,1.378531744334948,0.3609095527947323,0.47407766703575144,1.3044756513262032,1.3347235188295516,1.2077712900394733,1.7296854063434508,1.7421285790477807,1.7214101659245113,1.2865145752463492,1.2039323491615195,1.1998326426521937,1.8909411588567466,1.6255922493704393,1.7418516224924467,1.7685674622272571,0.6315004353810635,0.7041122925688672,0.9966298114007207
002,seed2,25212,Tm30,0.5589208604526369,0.5735905589522915,0.01707091883408405,0.027124367706175236,0.5678000567483504,0.5622533170467608,0.5623636712851041,0.5455467255948816,0.5453154780414995,0.5462428724158157,0.56130376185979,0.5644887945915722,0.5636608656108296,0.5398203735006004,0.5497925752616292,0.5470065104585249,0.5451980359903981,0.5867726472706305,0.5833429850482909,0.571825096517512
002,seed2,25212,TmY3,-1.4655244952072977,-2.5563800414784605,1.3035065939384163,2.1260316690597976,-1.778114810147295,-1.4509607247007337,-1.6717345507334158,-0.5739615405650323,-0.5392297336624936,-0.604544472951754,-1.7394231009807868,-1.9741428951047961,-1.9714323253988912,-0.1194044920710873,-0.8009876820285315,-0.5323935217197622,-0.4220903453431169,-3.5108842602114123,-3.2706594187491986,-2.488428048948454
002,seed2,25212,TmY4,1.0813501938407282,0.8025716434764267,0.6018881819980038,0.8483331419362495,0.9358674042815393,1.0409467136001358,0.8454823006173122,1.6817538726367975,1.7043953811417523,1.6689973882218176,0.9248256822220979,0.771696486856466,0.7711480179378144,1.9776280252203526,1.502880056790204,1.703398723733688,1.7575734857954508,-0.26319577139661804,-0.1170209137358265,0.39522624752866453
002,seed2,25212,TmY5a,0.003475082793598386,-0.5817618809914734,1.327265153100857,2.1269944601472375,-0.48021829520486525,-0.22484907419004202,-0.2786983487608321,0.680454810614313,0.689916603363974,0.6308558448495687,-0.3064631769139916,-0.3633455169577688,-0.392732212097893,1.1866824363681894,0.5460771067948926,0.7639860244849069,0.8412662647251361,-1.4156991281344666,-1.1755334294872015,-0.6460985847563455
002,seed2,25212,TmY9,0.9177748347083612,0.9640981448651518,0.09936186483485417,0.138994517855274,0.912027564564211,0.9113092287589539,0.8697399321814349,0.999718101370186,1.003584041081669,0.9996205818037222,0.8977039102025733,0.8769054503364802,0.8727187026886272,1.0329449969670645,0.9727989440197421,1.004455696994984,1.0081420555752127,0.7436432216331961,0.7556252234645096,0.8234597036912108
002,seed2,25212,TmY10,-0.07620819735583559,-0.6433131424306293,0.8686233540967614,1.3602949129554558,-0.4162523013756701,-0.20823108730040074,-0.3031570105449827,0.5792245516772143,0.5932743704846308,0.5455290795379445,-0.273962643014796,-0.40055504912107176,-0.4003112582776243,0.9834223174473244,0.3981953085355923,0.5987618710422995,0.678187744454455,-1.506898423692876,-1.316274532399059,-0.7702840951463498
002,seed2,25212,TmY13,-0.0222050744213807,-0.376800797888415,0.7760999126389794,1.1061464805188168,-0.11847961836736058,-0.009051908363798664,-0.11106341139667877,0.24798858166038076,0.2567272405036765,0.23932541955841113,-0.1434221010262485,-0.21328920755605116,-0.22280437320227975,0.4326470835421146,0.19385468826491012,0.30495853660894295,0.3402387982845338,-0.6439289659195825,-0.562699072080149,-0.3462828812529119
002,seed2,25212,TmY14,-4.102528107927236,-8.397317817015185,3.473686976616725,5.507471183928736,-4.784202307051023,-3.5915950962635543,-4.39464593429723,-0.5243041505256925,-0.35915558945850024,-0.6507358203259723,-4.83144847339293,-5.948336837773086,-5.85931265164301,1.4369765700130426,-1.7992891039927947,-0.6266765894334707,-0.15051866376490947,-12.822469760029573,-11.978036307483324,-8.75669901141375
002,seed2,25212,TmY15,5.98130611299864,9.298919080990403,2.6544233199005824,4.355327688615736,6.736892802341636,5.770074504830882,6.097472014731822,3.4049041134495184,3.3327265265042505,3.505383093686111,6.423933811520901,7.175268416846592,6.916271632374491,2.2558595640215398,4.187399066550639,3.5928228892871643,3.251437667766573,12.348252721920343,11.64888750179755,9.05331148034822
002,seed2,25212,TmY18,0.9810591562926676,1.1436792040633195,1.3790082269135002,2.0920190806167547,1.1069958486463798,1.0039621928116453,0.7357264868429396,0.77357089405488,0.7916705427729445,0.7725812909394846,0.7763592388488008,0.9076908971730688,0.7833112206418538,0.8336821113202861,0.790696307733376,0.9042837698783741,0.8983908781314195,1.65667657049821,1.662198180755492,1.2991500696335274
