# PREVIEW DIAGNOSTIC -- NOT A TEST (n=4, critical rho 0.90-1.00)
# script_sha256=195a89b555bedf3a0ff00a4c4e0542eafa6370243fbf9ed954f5fe8fbf7f4082 chkpt_iteration=250008 primary=mean_window(aggregate over the 16 items)
run,label,chkpt_iteration,type,mean_window,last_step,std_window,std_last_step,mean_window_item_02_ambush_2_split_00,mean_window_item_02_ambush_2_split_01,mean_window_item_02_ambush_2_split_02,mean_window_item_07_bamboo_1_split_00,mean_window_item_07_bamboo_1_split_01,mean_window_item_07_bamboo_1_split_02,mean_window_item_09_bandage_1_split_00,mean_window_item_09_bandage_1_split_01,mean_window_item_09_bandage_1_split_02,mean_window_item_12_cave_4_split_00,mean_window_item_13_market_2_split_00,mean_window_item_13_market_2_split_01,mean_window_item_13_market_2_split_02,mean_window_item_16_mountain_1_split_00,mean_window_item_16_mountain_1_split_01,mean_window_item_16_mountain_1_split_02
000,seed0,250008,R1,2.317123524451967,2.4691554325918217,0.24853589943309212,0.2520101208519402,2.376450847694844,2.321763400896743,2.3266989001205998,2.178693683034173,2.180017036220237,2.183519178996801,2.3474232931821577,2.3676792688161425,2.3760804526104846,1.9333391147124455,2.2003313632514034,2.182544420669875,2.1932101836978317,2.6923025149288846,2.6737988788732707,2.5401238535255724
000,seed0,250008,R2,3.6351573439932396,3.927028682005389,0.3112575038167826,0.35200899900065674,3.693596739254778,3.6257985942324056,3.6477502232451045,3.4545796183458477,3.456933565824273,3.46128904942666,3.686777726018313,3.709721922965387,3.715826352839662,3.117676320006546,3.4837449368011937,3.4587587434524636,3.474287778552461,4.134002003334101,4.1076370646239315,3.934136864968709
000,seed0,250008,R3,1.4203876226558512,1.506063501726469,0.22234593504652767,0.21322638349281314,1.4835386829055461,1.4329902815535642,1.4260375906479505,1.3069678433859482,1.3079452049405664,1.311095131095628,1.4393515945204254,1.4590706389350885,1.4689808083948745,1.1069136474834405,1.3250126103959698,1.3113070169326835,1.3191968990771432,1.7202300877205712,1.707271827168339,1.6002920973358805
000,seed0,250008,R4,2.1536900364885545,2.2427220043626805,0.2411104229805074,0.2341882788775318,2.2179892918004573,2.1682690654337486,2.1611173154039625,2.04117873568558,2.042103705781508,2.0452690785494987,2.172869656167811,2.1914896680251403,2.2007964029515503,1.8414455938789778,2.058997097582493,2.045623312421381,2.0535233949779963,2.4504052579154916,2.436786411035078,2.3311765962062037
000,seed0,250008,R5,1.3732549039183906,1.4391640525946752,0.20152690046243424,0.18347267511824897,1.427003039843332,1.381103199015626,1.3811724371681098,1.2515494239809777,1.2521131801435756,1.2550789626229983,1.3923982753750352,1.411897345846222,1.4219846745201183,1.0560808214851132,1.2691578735125957,1.254201009633968,1.2626458536983363,1.7028527571138994,1.6876638324122655,1.5651757763220766
000,seed0,250008,R6,1.3044953410738456,1.380822107058933,0.19165513902914488,0.17492509476350568,1.3636515939243954,1.3139445279883777,1.3089057252038372,1.1882439274129026,1.1889695396308428,1.1921507750610703,1.3234124139219974,1.3436513852870582,1.3538463506863123,0.9893922729048251,1.206377965203601,1.1921817156420336,1.2001336664064748,1.6152489237001633,1.6021120375531226,1.4897026366545156
000,seed0,250008,R7,0.09889748938750695,0.13231896211205235,0.10412205407500373,0.07841306698524735,0.13252957497297782,0.10514629103789745,0.10151154003151266,0.030238953364584147,0.03053523333447413,0.03231134066812245,0.10777846569177305,0.12039828526612432,0.12725719149965897,-0.08081642861598162,0.040688049370822085,0.03235990899138995,0.03676099003549025,0.28280976187333134,0.27544673991760305,0.20740393276033137
000,seed0,250008,R8,1.6674741875388026,1.7285883126369628,0.16944699380550354,0.1425843484793598,1.720292449840726,1.671188541308521,1.6691975762749844,1.54638281182674,1.5468709595739099,1.5500348552048786,1.6861468918404534,1.7080040492933761,1.7191338150535969,1.3490064386314553,1.564778380986722,1.5495856264138521,1.557665458846522,1.9961335611657525,1.9831998061207892,1.8619657782385644
000,seed0,250008,L1,0.16088134246069716,0.14771108132407287,0.06958716467186175,0.06167716806062685,0.13183414021083226,0.14664344539783183,0.15378904079607636,0.1890354022855164,0.18861585109315077,0.18784022371849135,0.1567715251672336,0.15320458630818087,0.15043170747221882,0.2449983461868488,0.18502591816132347,0.18743148442052932,0.18527884632155256,0.0939489138760861,0.09820513874318207,0.1210469092120999
000,seed0,250008,L2,2.1856011189517774,2.416476713521884,0.1705996344165901,0.23247022059198544,2.1932576836312863,2.16849730355399,2.1946823323401263,2.1112909774633115,2.113228784342414,2.114619630211434,2.2216395603552272,2.2255690567949773,2.221782616024705,1.950696465240768,2.124113858853894,2.1123328702170374,2.1206254482186617,2.3988837100637777,2.3836365597340667,2.3147610461827623
000,seed0,250008,L3,0.02963408495932726,0.03121203534831992,0.11530584979299417,0.17977356760037763,-0.0060863823794285775,-0.007015403107998808,0.007865530069996393,0.012351760268501998,0.015106560011544302,0.016353617453143454,0.0523040551546264,0.059286753412421136,0.053662167315171316,-0.05422468197708559,0.02399927545114636,0.01712787305773109,0.019823718033054046,0.09299632817124887,0.09183329065382521,0.07876089776133859
000,seed0,250008,L4,1.0149455630977415,1.0490284362257603,0.06308182351399405,0.0669781542363744,1.0302934237930217,1.028914234827527,1.0217722102421,1.0265491758797436,1.0272410345929006,1.0272689825308803,1.0159493617351774,1.0119795985633555,1.0096326667231592,1.0222359842446411,1.0260255442330313,1.0283379854197805,1.0281084904165605,0.9716874158580826,0.9709248378356188,0.9922080626682834
000,seed0,250008,L5,1.4483275142703134,1.6820982496056192,0.7861564711015103,0.7942824401086865,1.6484813665092475,1.4559647801317646,1.4091407961816622,1.129217517186323,1.1365092793316323,1.1444564206349361,1.5315725256211608,1.5794401587684441,1.600669668472986,0.4183518988805618,1.174553979058855,1.1440854201135298,1.1737234692702174,2.334569271326733,2.2894303991890745,2.0030732776478826
000,seed0,250008,Lawf1,4.012761519353731,4.196535407467102,0.45653761034518214,0.5440720529945212,3.6829478672546587,3.6558048339151745,3.791285538540138,3.91753705119699,3.9016261058125075,3.9272453463659076,4.132226055569765,4.138597695129675,4.071879130468622,3.4055708589592593,3.9060684722128913,3.9111077885075316,3.962373189276795,4.668121723915502,4.647929678990588,4.483862973543686
000,seed0,250008,Lawf2,2.054354086274809,2.7188737750284346,0.7450573300028582,0.8114732403493947,2.239582368020513,1.9668961625197916,1.9212793075365984,1.6125715610934648,1.6283082177847383,1.6495022361477218,2.247595367950153,2.32003418631791,2.3188305553601585,0.4657415634876768,1.6979646904477317,1.642542395186497,1.6863219488805872,3.313779942352112,3.2676869590834863,2.8910279182278047
000,seed0,250008,Am,0.11192398523562588,0.1611580368555726,0.13366037921477725,0.15822324070160887,0.13801603487133463,0.1263507899744294,0.09754092762474069,0.15419427081632547,0.15705938246488654,0.1576859665855032,0.11731342064622333,0.11461893598757034,0.10856008492022673,0.1454571817668307,0.15689419544755318,0.16291043521479887,0.15944080644761227,-0.02905280075117367,-0.023858355814603972,0.047652487567756405
000,seed0,250008,C2,-0.06157618517448583,-0.14579371266469948,0.08677281740434593,0.12019914940426249,-0.09642140166311258,-0.09799881636409055,-0.0695538507801154,-0.10342030083870232,-0.1025974287230271,-0.10112250821031021,-0.03190791747513127,-0.031899120285211954,-0.03681338047830746,-0.2103662607110432,-0.09649116785340121,-0.10483164761178754,-0.09773186453121892,0.08620461533318659,0.07803577237072902,0.03169631502977092
000,seed0,250008,C3,0.11555946265243078,0.12533500761694008,0.10337545347079319,0.10181951837717951,0.08130556142549243,0.09376904804423587,0.09978292373483084,0.12805279268858627,0.12810836009204588,0.1284192855670097,0.12195432865533631,0.11600675814024246,0.11301207023384707,0.12701791440435115,0.12402140843913209,0.12652816209979562,0.1284426731421727,0.10963535554727714,0.10840964901529711,0.11448511120923965
000,seed0,250008,CT1(Lo1),1.5649760593288808,1.5487934933890086,0.5002933185505918,0.5082435337891884,1.7104209903901473,1.6799420709004846,1.6685005246166877,1.5096629562887176,1.5176776886213672,1.513506881404932,1.540211143759021,1.5527459675970587,1.5694836104182779,1.516448296118791,1.514902743463625,1.5124005798720621,1.51158325009761,1.5857449536505008,1.581256180613117,1.5551291114496952
000,seed0,250008,CT1(M10),2.1425087185048897,2.248776779211696,0.547726855197164,0.5307488099387727,2.4508294405568076,2.3010234481821685,2.219940924954481,1.9035133557618908,1.907845555371947,1.9132890416001807,2.1650228647249077,2.210879468146954,2.242454736658092,1.5206932410298122,1.9490354967793135,1.9186320571334783,1.9215276009301128,2.6318533010357124,2.603989408581664,2.4196095546307084
000,seed0,250008,Mi1,5.970783894817949,6.444255057115226,1.6298941117049064,1.4431066873164453,6.474112587708892,6.0981788614679555,5.936545035928157,5.291790076296637,5.302730580782016,5.320122399336132,6.084682325411192,6.190494435505061,6.2498271304674855,3.890490087331627,5.389304961608761,5.328691543356596,5.3847328046509855,7.796662985695711,7.702930071648216,7.0912464298917595
000,seed0,250008,Mi2,2.401703291367507,2.5463968750693926,0.3501225866043309,0.37392282155875695,2.4295146900969304,2.3389767219760715,2.3611408878959983,2.2124583432396645,2.2154476094345115,2.222876666376726,2.4757155997081868,2.499105777234955,2.504706487518409,1.7918955922705457,2.2413525258887157,2.215301523116854,2.2368798382611277,2.9694829474871107,2.9493191661269256,2.763078285247376
000,seed0,250008,Mi3,0.9368701611919363,0.9355508568858142,0.13445398780483053,0.14823928932166966,1.0645506669161389,1.0350485956226572,1.0177277916430105,0.959839125295866,0.9532640245829642,0.9426195217939755,0.8762541664064178,0.8734400894580701,0.885710141542219,1.080973570166613,0.9791171297306989,0.957633786027458,0.9286368858549696,0.8046840306128609,0.8031088567247174,0.8273141966923431
000,seed0,250008,Mi4,3.30526145200211,3.7209450845166154,1.1228008180255256,1.1564083913201935,3.70500336007684,3.4064195972769133,3.3319912734987853,2.815998585044759,2.828787571981281,2.8381955516104806,3.397533629211531,3.496995048992976,3.5391533435711153,1.8844401980818724,2.9152992911657503,2.845060419856511,2.8703649517339906,4.506307052411707,4.452093627412343,4.050539730106907
000,seed0,250008,Mi9,1.0574368249462212,1.1687880274678235,0.15139811087393762,0.17019096423426383,0.9701902321014095,0.980253566902818,1.0428512620219081,1.006154078400168,1.0080829614450464,1.0114955800457568,1.09352604700937,1.0919755875010262,1.0642556488906627,0.860496664268382,1.0187286274546392,1.0096571240320944,1.0218611655573409,1.2714414058317753,1.2637066934541923,1.204312554222949
000,seed0,250008,Mi10,0.4187665271654308,0.27270901138150233,0.8232552657457393,0.8965642799169005,1.3334746721089559,1.1313309974455623,0.7947876421177964,0.22152436050920957,0.22160389406733136,0.20860334843443643,0.3420686389612816,0.43712630176609296,0.6608671826207118,0.29152935034105876,0.26111352700189855,0.2196361857447025,0.15474126821115156,0.128025714566882,0.14427093763444349,0.14956041311537754
000,seed0,250008,Mi11,0.7409747795350384,0.7511952095581077,0.030661860520138903,0.03368141983758724,0.7470362033204132,0.7391061581970915,0.7395356466531257,0.7267177909261311,0.7266787858057285,0.7275219633906624,0.74600610776847,0.7482164596696996,0.7475042339130182,0.6989648040823234,0.7292527077102132,0.7276049261429606,0.7283430240459319,0.7802115078710651,0.7782779706189935,0.7646181824447875
000,seed0,250008,Mi12,-1.909290766082456,-3.2553646856109673,0.550716833090538,0.8043235662458152,-2.1377515688503963,-2.219962727857601,-2.104037823143937,-2.11839984941259,-2.128438002795529,-2.118123748067008,-1.711518246634586,-1.6380541436662324,-1.5355343670849306,-2.694225802382264,-2.1291859990177078,-2.153174946702774,-2.112665910557878,-1.149965398854204,-1.1784643284250298,-1.4191493938666278
000,seed0,250008,Mi13,0.15481298063932475,0.1283771417343643,0.05079301367951305,0.05832384468413648,0.14942593288055045,0.13740407716755434,0.1387042801042479,0.13584248092278692,0.13491806625007505,0.1362670327918462,0.16751087332730816,0.174788527343107,0.180858662219824,0.09204807630249257,0.13643093256527833,0.13560232263182428,0.13703981296220039,0.21454780318938327,0.21239326130107936,0.1932255482696379
000,seed0,250008,Mi14,4.334154852740622,4.888390720898128,1.2182793220954715,1.2253151328584482,4.612413179632612,4.258611505729728,4.198017859919806,3.6813854048429007,3.6963308271749162,3.7251840023388483,4.483464488283771,4.599506424532766,4.597456060796357,2.3329869529617313,3.8191000910989956,3.736787999345922,3.789789713024267,6.1801523763991275,6.1168198402645535,5.518470917503646
000,seed0,250008,Mi15,-0.35623922756572435,-0.07621636770109262,0.19363425904690723,0.16164503175399503,-0.36962804293625534,-0.37439566863385576,-0.3719319069418015,-0.40206807246150167,-0.3992449413246418,-0.39661451853023716,-0.33586128896208306,-0.34894289998389694,-0.37802448734716476,-0.46930795132238057,-0.3717045827687707,-0.3755367829897978,-0.3721039450005984,-0.22225917994951985,-0.23112015941708433,-0.28108321248199936
000,seed0,250008,T1,0.8452236146371439,1.0756557534688413,0.4864359561902399,0.47172302449362713,0.736043299142731,0.8098176098351164,0.8521502030550939,1.002868926824405,1.0049805612459615,0.9991168206455587,0.8586486518721455,0.8161675202713223,0.7908521762851434,1.1867461426271417,0.975044898371291,0.9946137547075761,0.9914736420113786,0.44330320644700033,0.44883031040887333,0.6129201104435631
000,seed0,250008,T2,12.94147719209452,13.853899240307769,4.3980322774372596,4.3116846193226035,15.513757154579057,13.894013939219196,13.158730367465708,10.502174110894561,10.522784299352796,10.641877352939236,13.196074525096382,13.740058148725685,13.953267846720475,6.182068389674829,11.377852964539713,10.85107640350204,10.778083703461284,18.304214916034148,18.169107079927535,16.27849387137966
000,seed0,250008,T2a,2.385578318850503,2.59587238676815,0.34467197995691246,0.39574583515440764,2.3709753089076773,2.3998995955521947,2.4013280124794933,2.418109738508475,2.4210661408949994,2.4192941366138148,2.3848995617747146,2.377281772656348,2.376839872531273,2.45476270559426,2.411637381944759,2.412356790042536,2.413480174613809,2.2840832233284285,2.291278559145171,2.3319601270200976
000,seed0,250008,T3,5.35739046535177,5.811652625876062,0.7544001019863668,0.7695206066384499,5.580633101437692,5.449604049988412,5.363915741536637,5.149709662972806,5.160358174945047,5.1622356959545,5.384903918762643,5.421479217143893,5.46090069284221,4.675505069952235,5.180436318761432,5.157025597069861,5.175851431505525,5.864151370293884,5.8461212218469125,5.685416180614625
000,seed0,250008,T4a,0.35589974767760735,0.28550188766596074,0.9066669694264367,0.9546966664424901,1.5559817666211135,1.063913788195911,0.7138685137250471,-0.13503429075540266,-0.14287444256838983,-0.13862412987889183,0.27679465668955383,0.39486116239221064,0.5310708648126684,-0.5788691327922646,0.00920693273817531,-0.0777167855971202,-0.14169565106234439,0.9377346020064671,0.8713270715260863,0.5544510367888976
000,seed0,250008,T4b,1.581218100489618,1.776387927307613,1.0845825014394845,1.0714357868589093,1.7410721077865965,1.5668217523395502,1.459583776000366,1.263816131224298,1.272510946278516,1.2813317528730792,1.6302595057148852,1.6810929008047175,1.7174485803694797,0.507799831362914,1.300419545999951,1.2772097534870785,1.3228950810445612,2.5436803858794383,2.517858369570436,2.2156891870980218
000,seed0,250008,T4c,0.10488318035229052,0.00838066557300858,1.0965756580468633,1.1196442206458803,0.4264951164743782,0.42238119614430686,0.22526898761325093,0.059772873620390285,0.06332583051709645,0.07316051731945301,0.07297159833949826,0.08341049999683249,0.12147263978244979,0.048703500471012,0.030386079066845078,0.0392391603139078,0.032903234712164664,-0.027878886696090656,-0.005046461091535731,0.011564999052688929
000,seed0,250008,T4d,0.45916328591637057,0.3358042734392871,1.4350557852427859,1.499126921821276,0.9363696039961745,0.8245001280906348,0.6329444372358675,0.469735211718843,0.4568084593295234,0.43544139867382387,0.3638034454105104,0.3400239391957673,0.33814308942061816,0.34817038758266483,0.4605347789109694,0.41691849155444516,0.37553690548226676,0.3404645032177055,0.30619476796418493,0.30102302687792887
000,seed0,250008,T5a,0.10716419828987529,0.16199914327675372,1.3267657098328223,1.3285338382941536,0.6043941451501407,0.6870502146682994,0.7287074603576952,0.14584063671183117,0.17395880308658423,0.14871907280835528,-0.11039300080021941,-0.09803512720675328,-0.1167952462955896,1.1122726359846387,0.23685022696746763,0.1875826738551311,0.12195377926317648,-0.8044950557095045,-0.7580860534225605,-0.5448979927806878
000,seed0,250008,T5b,0.09885297501892112,0.0943297029950477,0.379237538256842,0.3929518623037903,0.06507754364983097,0.08082379544729508,0.06573044736814734,0.13290922582152553,0.14135977819634726,0.1377722975359613,0.09082325498267649,0.09206898978941776,0.08913709985086188,0.15055349292422399,0.12409836048253449,0.12847317831633298,0.13357390823727155,0.020808371108575058,0.04120307529734122,0.08723478129439517
000,seed0,250008,T5c,41.61827439924136,46.02182323558982,4.907908630617159,5.684459662083717,42.79665560781873,42.1927461863556,42.16538032453698,40.41541409346994,40.48996203008538,40.50580189919174,42.01309306624858,42.20976420130049,42.39822268803475,38.161008416267116,40.608545968205185,40.40039207852665,40.4733183092284,44.08998227403829,43.94104164192316,43.03106160263083
000,seed0,250008,T5d,40.64552051386953,44.6895057176254,4.480958937033659,5.015782724699409,41.9781249568135,41.297086258437204,41.33356139702869,39.62013246229387,39.69720476860809,39.661195304688064,40.82999063397908,41.04175359710082,41.225205292946434,37.60598220395314,39.81454164178295,39.56203342310764,39.59168035907983,42.74545000813043,42.580696917704515,41.74368899625812
000,seed0,250008,Tm1,1.8139362971837119,1.8500967723945214,0.5909335389500381,0.5959333521075583,1.9939617176390356,1.8702733406276493,1.8053193586624012,1.6533009896558633,1.6571274868244932,1.6595252623515475,1.839402808135326,1.8731587515350803,1.9055831072954064,1.2933211829461642,1.6647865894843463,1.6582170607411046,1.6726704641153591,2.2144836035731466,2.1956678710040873,2.066181160348381
000,seed0,250008,Tm2,15.321908150745578,16.777660527440943,1.1483153236446837,1.5098486865938001,15.42935901174268,15.275030510700025,15.396540454852603,14.917612403672546,14.930952105376662,14.938722501151606,15.52807448148397,15.552043082876116,15.544991769407066,13.996494757285884,14.985032055414337,14.921511362924985,14.967233374611515,16.42641102202888,16.34441315684669,15.996108361553715
000,seed0,250008,Tm3,3.685411327934453,4.334695198291256,1.5609237598916614,1.4895611952277592,4.107143668318103,3.678965253341457,3.5287902188548075,2.896984885389892,2.912867781741031,2.945217805128446,3.8935794563827075,4.015955382395774,4.056210281969088,1.1704885309550463,3.030727693961155,2.9401780179544157,3.0083836147174154,5.893650022909644,5.804026786712273,5.083411846219997
000,seed0,250008,Tm4,2.3742540353865156,2.6964247859400876,0.4414127874815161,0.5068291493394967,2.324145307458987,2.389305208130105,2.4008512475306296,2.4617618060404705,2.46896313174877,2.4632097374969493,2.362276441836407,2.3418005601553333,2.339589259299436,2.5861387551242894,2.4504790440453648,2.4503017715626654,2.4528687864517464,2.118420422142184,2.1412150326771364,2.2367380544837774
000,seed0,250008,Tm5Y,1.084360526103422,0.9279537045568985,0.3434366543033028,0.3629771065006352,0.9905842737770081,1.0795376816883313,1.084652636318833,1.2338183047182745,1.2264395761361726,1.225182185964801,1.056515469472344,1.02951328806158,1.0302268256185947,1.5030014759293877,1.190918817143531,1.2214987402655253,1.2162332813951726,0.7023128571115363,0.7140912758749647,0.8452417281786971
000,seed0,250008,Tm5a,-0.3237838791842157,-0.5072845476468087,0.48185884893142467,0.45662672409639293,-0.5872421767170918,-0.40095034070739566,-0.3907144798570082,0.0837779298611383,0.08351396056595364,0.07355293295390687,-0.3516196394952605,-0.4374447883740271,-0.47679378793405486,0.40574845501574347,-0.022048228330495943,0.06186202916238944,0.06832222032801366,-1.2459973896403542,-1.2032423609477052,-0.8412664028312038
000,seed0,250008,Tm5b,0.9095828441771483,0.9347231870987963,0.3270045437508934,0.3678678045239194,0.5256098923190715,0.6836782782514232,0.7844513780567871,1.1530670726328225,1.1510889134425333,1.150744856715502,0.9028509005937781,0.8236934758339146,0.7394940756829701,1.290189673186082,1.0403947112868681,1.1105353084790692,1.1589571917587154,0.6334729930044937,0.63474697976253,0.7703498058278118
000,seed0,250008,Tm5c,0.00035018995517693136,-0.27691107439465257,0.3800236514747225,0.40929702518481736,-0.10480167237437803,-0.043695755582068674,-0.029285052115875575,0.11357587335752184,0.10649191237854179,0.1098034031844051,-0.006541901334428566,-0.018877918512340268,-0.01989294596788364,0.2857433333339475,0.08890072680477468,0.10826471337204466,0.1045595138980218,-0.2705744091328292,-0.2576374688597484,-0.16042931316687412
000,seed0,250008,Tm9,0.254517775468206,0.2249023456080596,0.580674578719271,0.5868878852704046,0.06335030785592559,0.15376980173867838,0.19519261870140545,0.3904170333186936,0.39941816293478183,0.39353753671698505,0.2628386414516846,0.25127550931867004,0.2399247228379792,0.5569491356885093,0.35690378497694414,0.3738079297218095,0.3810234481662552,-0.05003104901662029,-0.01607986993844855,0.11998669301804243
000,seed0,250008,Tm16,0.3917821677312453,0.26966179699388987,0.1289991680945563,0.1494463417990463,0.3743074933440268,0.3523609285729829,0.35065270504512497,0.36642874584219387,0.3626869055164795,0.3652706801875826,0.4178001536742296,0.4325716900302098,0.4517788070932176,0.2880179343172885,0.3575724756653872,0.36257638636700046,0.36620911912134896,0.4859547671183799,0.4821178440381767,0.45220804776629525
000,seed0,250008,Tm20,0.7596631110960048,0.700626841572112,0.22944385114474125,0.2631195535274591,0.7116141595479699,0.7768838629151132,0.7691600437498806,0.8694659962144135,0.8654183347949733,0.8641221588976091,0.7293685796043328,0.7074307939659275,0.7025666469315164,1.0776995737896136,0.8430862927749292,0.8637655232670676,0.858828121328167,0.46584034244543504,0.4745538952217153,0.5748054520874122
000,seed0,250008,Tm28,1.8970054903636,2.0133259299672344,0.18313194837951724,0.2103426825397776,1.883597572232583,1.8922467899905322,1.9044742119316418,1.8939011824837835,1.8942133293547845,1.894668978066203,1.9088077293044983,1.9049323144158277,1.9034512427660029,1.8727894522115363,1.891841001916114,1.8914053997719829,1.893925461243327,1.9099532525288907,1.9070232212791491,1.9048567063207442
000,seed0,250008,Tm30,0.6100577603746593,0.6100763070568878,5.4967379388210955e-05,5.743972141624012e-05,0.6100728467086152,0.6100585203664313,0.6100561523735111,0.6100322366566828,0.6100323841637116,0.6100336488258822,0.6100644320642239,0.6100687160984652,0.6100687075628486,0.6099832906657713,0.6100371184878972,0.6100341674255596,0.6100354277393192,0.6101253040455251,0.6101221750889506,0.6100990377211538
000,seed0,250008,TmY3,0.06773862877150064,-0.33360846289407703,1.236164163660285,1.239257279991901,0.2710025396750886,0.28704747846763423,0.11022142669503761,0.08449644240803868,0.06479213470825598,0.07387637749176088,-0.02617919936132892,-0.07896730772222185,-0.07501220515749611,0.11676063182209613,0.08811429209856059,0.12229729801747076,0.11050807405521527,0.0022312844819265933,-0.02998332552942502,-0.03738788180660335
000,seed0,250008,TmY4,-0.6516070293368682,-0.9319948413014998,0.8800279136592171,0.9547332052602115,-0.37723225414805917,-0.2809829504681872,-0.3881577443064096,-0.31828357075707897,-0.3261348580214326,-0.35429996158843724,-0.7880556551441189,-0.8612643544387133,-0.847581174478113,0.22682132890445397,-0.3568723975880336,-0.3924236370628408,-0.4611625746209639,-1.7591485882307119,-1.735196789813418,-1.4057372876278278
000,seed0,250008,TmY5a,-0.31299414556437444,-0.5730249453333376,0.9272238710682551,1.0045670731612,-0.5901941310914024,-0.27563106840479296,-0.25058585760476215,0.1846396512291745,0.17369868651940842,0.1578555701692374,-0.43651289226595535,-0.5249899067212154,-0.5320295495591443,1.1286213431541903,0.08356648966571625,0.14651586988961582,0.11429335724343985,-1.6537888556656182,-1.5927724256173281,-1.140592609970555
000,seed0,250008,TmY9,0.7799958878208401,0.7890102872405402,0.02288246917416622,0.024351439036694116,0.7851781843894066,0.7808829075193108,0.7790861577973618,0.7746769679464844,0.7749852112402699,0.7750801585066999,0.7811958601111841,0.7826681321582418,0.7838607126337973,0.7618424576008369,0.7752336604977944,0.7746638319714723,0.7753465059312803,0.7932106799126994,0.7930735460638835,0.7889492308527188
000,seed0,250008,TmY10,0.36891565674189075,0.2695549288222078,0.17267224933248382,0.19881177728465255,0.28173600304451996,0.3182848136151279,0.3438087640104146,0.41327912204436457,0.4099204374468225,0.41199284248110857,0.37907770561757037,0.3757635494279475,0.37614783943177366,0.48768722437032797,0.4020499034452766,0.4083773066617817,0.4096492846422775,0.27778183853630894,0.28555271759830764,0.3215411554963229
000,seed0,250008,TmY13,-0.1793659876293749,-0.2752453825641914,0.5101732954592662,0.5195928108848484,-0.1654174974344505,-0.1442735337470135,-0.18265724736595226,-0.15565476418891339,-0.1640500876819392,-0.15669413303805263,-0.18701372968624558,-0.2039855890946099,-0.20323051632305766,-0.1163551731031238,-0.1793392736353652,-0.1585643021794147,-0.15925909282139733,-0.23326268099376288,-0.23528252749280143,-0.22481565328389821
000,seed0,250008,TmY14,2.30806261152551,2.7494305740795184,0.8909207226881775,1.0387972104001555,2.0129764260655727,2.267600355695044,2.4045907126341133,2.6282643150843055,2.6457825579746377,2.632605598573204,2.2089805216573684,2.1098708787098546,1.9740728725278793,3.2125650756611344,2.6398375553785516,2.6363069713014937,2.6202874553838074,1.51138129461474,1.556833061397117,1.8670461317493316
000,seed0,250008,TmY15,4.573677515861126,4.828981664326253,0.8328765021616127,0.796000013414946,4.974268029756254,4.7427258308052025,4.667965165357234,4.180035516346871,4.166251038736179,4.178655369693461,4.61977415694939,4.678364472589283,4.741736944654281,3.5039758012690756,4.256940726462581,4.2099078169849475,4.214768332761715,5.511086552235687,5.439513889521401,5.092870609654467
000,seed0,250008,TmY18,-0.04286413249404614,-0.1193799819599,0.9514028923355484,1.0690359350199372,0.20393058018178922,0.1953545101641208,0.014287669894294525,-0.058459404043868776,-0.053039282459336826,-0.05334715307683744,-0.11511104844682352,-0.110706066534352,-0.056086059461119143,-0.027761268991158043,-0.07693063309965152,-0.06242317808572405,-0.053458358696758766,-0.1834224025673658,-0.14263322118982333,-0.10602080349212357
900,seed0prime,250008,R1,0.402753119671343,0.4574589346368066,0.20068262228118888,0.20913235414042994,0.46947988201051893,0.426924446551872,0.40644669327164784,0.3113197637828139,0.31135096745604285,0.31189976381651424,0.3961499620461515,0.4112767896372289,0.424960764096039,0.19889296882367824,0.31643631085407903,0.313394470450316,0.3144658114747228,0.6555022929283569,0.6418223247373794,0.5337267028041255
900,seed0prime,250008,R2,1.680590787050592,2.0142186262364525,0.20323950634577295,0.2631588991242133,1.7204661462802169,1.663688636530868,1.6259229020234944,1.6160279273924818,1.618261348781655,1.6181974228828024,1.6915713255783225,1.7023554791297233,1.7202370679287573,1.4962150925964157,1.6040951255342086,1.6097181890061674,1.616334194883229,1.8999744914255092,1.8815554904272254,1.8048317524083946
900,seed0prime,250008,R3,-0.30893348919342517,-0.231602450501724,0.17017882761111536,0.1430199562692639,-0.25879738621359455,-0.30775673259307995,-0.309237801831412,-0.4300626658465088,-0.4293804246332914,-0.42621119848004285,-0.2898293637941835,-0.2677336548905866,-0.2570971755415522,-0.6291727860410401,-0.41240869739923447,-0.42696170825304564,-0.41805074927571456,0.022567005894287652,0.009636905944251279,-0.11243939414005548
900,seed0prime,250008,R4,0.2233507380787509,0.2912116242465615,0.1632565039843509,0.13679683966062403,0.2798902024101949,0.23311338273129573,0.22712608693650668,0.11207766377366435,0.11240351495307828,0.1149345219234746,0.23453342880528605,0.254663258740238,0.26649212663225963,-0.059475485515107764,0.1263373709172682,0.11515224170867847,0.12187195144520732,0.5243444349132373,0.5125395315765158,0.3976075773082167
900,seed0prime,250008,R5,0.2948097588014076,0.40306528120985624,0.16603679832490711,0.1534560572117718,0.3740967266419086,0.34019834936009374,0.3096234715025712,0.24227361933007874,0.241254184120199,0.24002827489180248,0.26110307260380283,0.27020049293957593,0.2873311507535631,0.22491674388951952,0.232250722687809,0.2447728138494428,0.24325090400027255,0.43145140366039103,0.42577129423595056,0.3484329163555401
900,seed0prime,250008,R6,0.21262371453666373,0.3007977901283697,0.1561064369059063,0.13566015492385533,0.28021039603067815,0.24035026290795952,0.22247594969880596,0.13058270519620627,0.13042705353306178,0.13107614547802826,0.20153834085908925,0.21652903236958507,0.23043934753148992,0.03584324576254661,0.1325270333523047,0.13327189237634998,0.13595491124771736,0.4312594518277293,0.42281979558855065,0.32667386882651683
900,seed0prime,250008,R7,0.33480918114819536,0.32350798427991456,0.06580595466727993,0.02573347207126206,0.33611310760150875,0.3455307433552183,0.3396908359594343,0.3520414192725527,0.352034568098915,0.3515589714980324,0.32861417886670596,0.3248160955034992,0.3244360618634296,0.37556871462422164,0.34805080855676024,0.35201157272719735,0.35078666624038296,0.2846938076864375,0.2863693777073934,0.30462996880943666
900,seed0prime,250008,R8,0.375530341465521,0.43664478404338775,0.16944773298233798,0.14258510182924655,0.4283488788548017,0.37924463494823557,0.3772537343234699,0.25443817647961947,0.2549263198688192,0.2580902359263659,0.3942031468223424,0.4160604750284157,0.4271903119298298,0.05706121204693797,0.2728339419976308,0.2576410111304355,0.2657208480239276,0.7041916682122691,0.6912578306317163,0.5700230372235198
900,seed0prime,250008,L1,0.5925036044083645,0.5757319744722853,0.1840374714454947,0.18206592464020152,0.5255171482413799,0.5538805828028037,0.5770230227254652,0.6439691593493341,0.6436574107041162,0.6431612556828664,0.5984259254483817,0.5910454213774238,0.581263385010152,0.7224621183449472,0.6393425619555184,0.6437292084578377,0.6425743297871394,0.4703574544994288,0.4769571014425501,0.5266915847044877
900,seed0prime,250008,L2,0.8789286906508362,1.1034634235197478,0.11529629213571232,0.19846447763085057,0.8657536402225865,0.8567923613006296,0.8265787373825224,0.9231740346217168,0.9248205859286402,0.9222388071724923,0.8770613202285252,0.8686224019911851,0.8743758076892316,0.9767210440671436,0.89820825027072,0.9143465133159113,0.91370984310292,0.798902314366584,0.792815499464967,0.8287378892876032
900,seed0prime,250008,L3,0.9087810324831443,1.7302737595426594,0.45828720507940934,0.8320747631411385,0.9354767757811198,0.7934396832080524,0.777801527128937,0.750697072100504,0.7577737739837858,0.7648494594017896,0.9100312139273287,0.958232526894297,0.9962574491693752,0.5807763465458855,0.7525574520882283,0.7809370471029439,0.791942566437466,1.4152555337388617,1.3890205339209287,1.1854475583008064
900,seed0prime,250008,L4,0.49424068381202435,0.6004475512403455,0.34079602926552954,0.38565832145631923,0.5745643926561252,0.6300421297317049,0.5304429168549423,0.7468772087405705,0.7441710278242967,0.7331084567819685,0.3783957388985711,0.330903033777618,0.3292710244270034,1.2411510873414144,0.6661375645281368,0.7434391500966316,0.7169780674194155,-0.2379685023388452,-0.22936183005660485,0.009699474309439333
900,seed0prime,250008,L5,2.019804056831596,3.379101779298332,1.5405055249154849,1.7251099676625776,2.3744074654844867,2.0152325963274023,1.8134348857563765,1.5501153059607473,1.5633496958869617,1.5648274839286085,2.0223230580672054,2.126236868108075,2.2304492800930213,0.8517758649309526,1.513079777674752,1.5395701212081254,1.5846586326912209,3.423271609466179,3.338707947454851,2.8054243162665746
900,seed0prime,250008,Lawf1,1.6630638490513825,1.3796993259310237,0.5169570904927424,0.6574259543457003,1.7075692178658777,1.604179017107964,1.5620984315766187,1.3910637231891962,1.4097945844353275,1.4393934782511153,1.7424481816332391,1.7671625926583343,1.7502164912803806,1.1724681738930625,1.4610954962829814,1.5248388788693135,1.6444522820640266,2.199847735275279,2.2032710520414316,2.0291222483979734
900,seed0prime,250008,Lawf2,5.098233998023783,11.45458891946156,3.1253895937514926,3.660020878254617,6.383177024874138,5.0534613162582005,4.293759049977956,3.521987507946607,3.5475453102310013,3.5924217423833,5.009793505090768,5.400324942062539,5.764680812459408,1.507443574694841,3.4677262521401895,3.6024540472593976,3.7339366359560464,9.654773857280977,9.448083427124391,7.590174962640778
900,seed0prime,250008,Am,0.523490133404597,1.1656293793870123,0.6142054198380199,0.6901843042308873,0.3748710148677168,0.41122878299943383,0.35414403220096113,0.7989885281272818,0.8031622279798366,0.7965438357830801,0.48218338444878067,0.4334921146101019,0.4319495564618571,1.1061130473899154,0.6965603509520009,0.7919887403116641,0.7996053573486864,-0.05660305597887851,-0.03626808247176331,0.18788229944287754
900,seed0prime,250008,C2,0.20004620605142562,0.2799226353898918,0.1001975500948176,0.1332940175325434,0.17845151438471446,0.15925143288975066,0.17674058541029986,0.1464094860546667,0.14678289230455216,0.14802420869287977,0.22450621722185304,0.22921764077146833,0.2318821280760995,0.035905495816641306,0.1514220291911237,0.14305616105850477,0.14892917078389986,0.38798708585405783,0.37980248301209896,0.31237076530019897
900,seed0prime,250008,C3,0.05062804279544816,-0.04784060361612351,0.06135762409329316,0.07239297920417885,0.014029132697121565,0.027949084143732993,0.03807573902053207,0.06164469597312193,0.06143614860272859,0.06109765885264098,0.05678750292450352,0.05498983020246434,0.052460977974239265,0.0632601846457716,0.05460151510675476,0.054846047377246146,0.059097181201296346,0.04729569333614512,0.04884355716086309,0.05363373550800824
900,seed0prime,250008,CT1(Lo1),1.0149988617958572,1.354556880322971,0.3115410275141687,0.5103516615716019,0.9907670031866154,1.0310756043695046,1.0754798327545516,1.0146228868457465,1.0223871280091728,1.0200105865520845,0.9777216940942566,0.9825742675324751,0.989686394133573,1.0487597880701585,1.023573041972853,1.0269357513713853,1.0314345363667041,0.993443002102279,1.0046824626831259,1.0068278086892277
900,seed0prime,250008,CT1(M10),3.6363767454480103,4.829100200415546,1.5670318693753946,1.6652870380152152,4.2798162335992345,3.84380280736746,3.662684782414636,2.907375652545575,2.915264796855215,2.9278265137726573,3.6735761136105913,3.847911520204125,3.9502599774520135,1.9259610151926292,2.9702938444116747,2.9054951717376962,2.929751977358587,5.441609761699643,5.3511184325413295,4.649279326405092
900,seed0prime,250008,Mi1,5.93317741232875,8.256099666499153,2.9875577650978915,2.7055950370713155,6.526087748823784,5.807162277708695,5.53896584471587,4.67160230876307,4.699094333286794,4.7204314862826156,6.098654531361988,6.337534055103587,6.540700558620412,2.4514006784637865,4.702325108513783,4.661337378601727,4.801634716756652,9.701091379178855,9.518647530765872,8.15416866031252
900,seed0prime,250008,Mi2,3.2896754467421085,4.58167523569098,1.2365021832078937,1.299443721202992,3.629033314087267,3.2284937585599396,3.118928136178144,2.6195860452097475,2.6279591563569786,2.6442850867650587,3.3676192759549126,3.5133873925110306,3.602372857812603,1.6364301903963856,2.6466131985435544,2.6260599844806136,2.684607402136325,5.1866115371847785,5.105379501165985,4.397440310530416
900,seed0prime,250008,Mi3,0.778677558743856,0.6830860201176385,0.12378896129771667,0.1439058308312579,0.8473703651948628,0.8372778821845079,0.8406007947190955,0.7971610633111281,0.792818654405054,0.7840277016162871,0.7413392759301544,0.7461583830798547,0.7617801848824827,0.8378749090335982,0.80609038524774,0.7808707845690512,0.7546916021284714,0.7139952979134537,0.7075413417355279,0.7092423139504271
900,seed0prime,250008,Mi4,3.0557542396769746,4.52904227300839,1.8418155476808464,2.318901087876834,3.783392393177807,3.2636118269824337,3.0148924007007145,2.2455480522333557,2.2704300791831193,2.2702551380296505,3.0533641699825873,3.213087051018673,3.367046898690049,1.3503241358918427,2.323690113303237,2.306613814196583,2.378829767381231,4.993396187937416,4.895058887252189,4.162526918870711
900,seed0prime,250008,Mi9,0.001845858701984955,-0.22912702749293729,1.0788596280734193,1.6114791639118762,-0.624326270763312,-0.28657473619257445,-0.11729604923216393,0.5425006386483425,0.5214531032090338,0.5349384194383999,-0.06482122128709232,-0.1522624323324708,-0.31099756921259825,0.9854987331367425,0.3700432084759777,0.4561781353675166,0.41706107019342004,-0.8743505757765769,-0.841327833226009,-0.526182881214876
900,seed0prime,250008,Mi10,2.894280268276164,3.349571672690601,1.4462914423012074,1.6873591346566106,4.0233580193942835,3.746652613649527,3.3813772230560204,2.2472043444412853,2.280923219058139,2.277059292702725,2.9338898024439093,3.0635271204603214,3.3051187713958585,1.960257837896258,2.5594880751761675,2.4537298562297734,2.4361076309757075,3.263455389955064,3.2760022856410083,3.100332809942574
900,seed0prime,250008,Mi11,0.7223726797976819,0.764602162662103,0.02659797124070201,0.040460987001118234,0.7336169705600912,0.724179333020596,0.7197533460269357,0.7129704862977695,0.7129212496990798,0.7131275405706876,0.7205168961093925,0.7230194013136934,0.7260323621611653,0.7050126027899708,0.7117770655083259,0.713805848732074,0.7134390582551406,0.7478963815698842,0.7458197676730387,0.7340745664750654
900,seed0prime,250008,Mi12,-0.7384202397892646,-1.6442120869670385,0.4724921374805504,0.737492931051321,-1.296013373967235,-1.170906911560915,-1.0638886229261522,-0.6285096525727178,-0.6114663354499943,-0.6209690970017501,-0.6106193400360288,-0.5755968311627818,-0.5225709372487719,-0.6411657535309356,-0.826837910052404,-0.7434142165894337,-0.6170207463635968,-0.6499916445613452,-0.6256647317866222,-0.610087731817549
900,seed0prime,250008,Mi13,0.1532208642038651,0.047288278802381956,0.89542179670828,1.0699731561144277,-0.642440439804151,-0.4892481061992921,-0.30581483236906715,0.36464993157172143,0.3861260628182411,0.3639622771889669,0.3219295207659705,0.3555183131391139,0.4091170854276194,0.3712701479797788,0.06365474015881209,0.19987573414523002,0.36135060894755106,0.20068265376541508,0.22019692085768602,0.2707032088682459
900,seed0prime,250008,Mi14,3.274741062688048,4.869255704590831,0.7674982991464142,1.0174452802169809,3.4910536675797923,3.2226870120956392,3.1132582738086185,2.97580308196614,2.983001255121046,2.987794628520283,3.245476504356372,3.3214635199217453,3.397885822356988,2.616163924580308,2.933468126667852,2.9788989899827283,3.003067971385716,4.199168761750364,4.147611286198712,3.7790541767164676
900,seed0prime,250008,Mi15,-0.4286106651586672,-0.1617501646389337,0.40297252938895245,0.6104059841090959,-0.40691351063178793,-0.502767785220622,-0.5351135169665554,-0.6169551587737863,-0.6064949964417433,-0.6040347784588885,-0.33662948957869154,-0.35890890364425354,-0.38436892669417516,-0.9499501906812199,-0.538667595567175,-0.5875999305188541,-0.5544303662243392,0.106848403257602,0.0803503277491213,-0.062134224143306785
900,seed0prime,250008,T1,0.9011665849409977,1.0914249358741999,0.6366336093599181,0.6392307955537307,0.5467282048815373,0.7066624962428945,0.719048004412711,1.325069953866262,1.3334635454419892,1.3241506438458213,0.9583692406262848,0.8753537387023945,0.8242949251790792,1.6675852760467187,1.233655081751876,1.2888616244873123,1.305864836888752,-0.06267865474262221,-0.0361494859869123,0.4083859274118632
900,seed0prime,250008,T2,16.796844484367277,25.544033067112327,6.729450101825938,7.956195736098133,20.61790222354781,17.95491417362684,16.464673624279033,13.26968239374296,13.302854407449539,13.372811327643706,16.383690433397284,17.302167664895713,18.08954822089841,9.479159962953082,13.662683032887719,13.581794494341015,13.58950883706905,25.26384600945974,24.945811801462664,21.468463142221893
900,seed0prime,250008,T2a,18.6358537080823,23.608804087450366,2.637483549114919,3.118681219784766,18.330912673316284,18.102568140010067,17.713073730477017,18.956899884008344,19.01882639065199,18.987902448395584,18.63228758696709,18.598126402542764,18.71898242045871,19.129704235074588,18.489346915318134,18.838021763311843,19.012787588533843,18.545727281043003,18.47628667813399,18.622205191073572
900,seed0prime,250008,T3,6.3016445210056995,7.8173220985505765,1.2340912074686934,1.388073651243701,6.0319573962761295,6.213642443277731,6.108877770223974,6.862147717122066,6.8816427420147885,6.861275080850817,6.231603509453274,6.109779531121947,6.106666990426393,7.634355431534712,6.6936464703322756,6.830953952463425,6.844910323148625,4.939255064135047,4.961458264781103,5.514139648928885
900,seed0prime,250008,T4a,1.8893477251993065,3.6069595925723057,1.5540595307367804,2.028892559268902,3.1488520859681253,2.440898702194948,1.9482653755642958,0.886597971935936,0.9400677650260134,0.9649390845027354,1.7593567815198514,1.9001462556122082,2.028079369739628,0.1897843604968103,1.2563226535855618,1.2745491669318236,1.3189570070222412,3.681340355803253,3.6002701272195963,2.891136540065877
900,seed0prime,250008,T4b,4.937906967942572,7.2875411428188865,2.543145475585855,2.6429280870644414,5.62236276833165,4.90525339137551,4.613795993336311,3.8015212470789583,3.811017470899001,3.8304964447515433,4.926781046052493,5.183366398224363,5.390190115491065,2.0820920213439527,3.8260863828877105,3.8201385272121713,3.929150696398223,8.255931663651916,8.116953334179238,6.891373985867053
900,seed0prime,250008,T4c,0.1805820416127417,0.22143368431542654,1.7185374236919215,2.0392143518659127,0.5188773027392576,0.5075703612055976,0.3164807839589077,0.03864864449736232,0.0421254402248708,0.07079364323727631,0.18864974127204032,0.23629904860597048,0.26340823494151094,-0.13856364094991955,0.025865281248354105,0.023681075614715587,0.013272630402381724,0.24349782591460892,0.29206812273202043,0.24663817015891162
900,seed0prime,250008,T4d,0.8604497364620955,0.9971795192239588,2.372611716605782,2.872461820717107,1.4645049207177316,1.3104570222451468,1.14233973448923,0.7796190777098586,0.76468114314947,0.7458151979298278,0.7494826237882919,0.7718235171865027,0.6875756664165447,0.24414251137282,0.8226094755563682,0.704655747409605,0.6525314862938048,1.043766093324746,0.9931941260462281,0.8899974397573512
900,seed0prime,250008,T5a,-0.441060100202799,-0.23172623280147747,1.6587902534238386,2.0755587280510652,-0.7872344533048684,-0.45299162252104724,-0.20719293928776183,-0.03225250024084988,0.0016641270401583932,-0.01448708237607379,-0.6287767662730032,-0.7200048318365264,-0.7888240614847827,0.6281848841766605,-0.0020341199475253967,0.0168819550679281,0.05196805084137122,-1.632638251596878,-1.4905554315230283,-0.998668559978557
900,seed0prime,250008,T5b,0.20121538404682698,0.32197804440159195,0.6696442430097965,0.9024633831558302,0.1446262081842091,0.13812840832964082,0.13475133338589113,0.2133351415631938,0.22228427909842274,0.21241070247505656,0.16100624521662082,0.16567594586570758,0.1621393174066237,0.09327147222544573,0.1878739085707451,0.19697710102266278,0.23583375096627726,0.2788248805478335,0.32214803434611705,0.35015941554478414
900,seed0prime,250008,T5c,-0.036486694903879624,-0.9829276230345023,0.7174631794439272,1.2196007318302455,-0.0700483647971633,0.01811604019132218,-0.12328779094799032,0.3252666509736409,0.3422158011444876,0.3237592365359887,-0.18992507791866112,-0.23885678642224512,-0.2653978490195432,0.830774484891401,0.2638343860774369,0.33337636426702805,0.32668381001862945,-1.0106653273573625,-0.9219107164661937,-0.5277219796328496
900,seed0prime,250008,T5d,19.968416826602656,26.496634909167533,2.859205487603613,3.5276271227715736,19.921535781021753,19.43745879240737,19.108351384200432,19.880556701617664,19.941492893370118,19.91773405665746,20.030146075373885,20.06624003523101,20.235603143136313,19.585141140697893,19.501377130307038,19.752338247838203,19.891929305542188,20.932895258341848,20.797034372180576,20.494834907718744
900,seed0prime,250008,Tm1,15.97585451035307,19.665755311427596,2.163513351507288,2.980174836913348,16.16346190577572,15.709551025362853,15.31352372652284,15.792467232633395,15.841524530399525,15.815620388402687,15.94242591241196,16.027105781109427,16.211824009636736,15.553184420920278,15.46241898741702,15.703642109478727,15.820922036276778,16.947572832183603,16.82199507073787,16.4864321963797
900,seed0prime,250008,Tm2,0.2158304556492964,0.11021493379854638,0.1403114081045078,0.21299610157494986,0.22407743626072504,0.2513854714785332,0.22528573901656673,0.3017943841161281,0.2995833668670878,0.2973333147756649,0.1833062828323059,0.16901838246503026,0.15922694291901945,0.4441555883683104,0.28115750414585916,0.30066607029051656,0.29099153613183404,-0.023181697677657195,-0.015518966842918758,0.06400593524173706
900,seed0prime,250008,Tm3,2.805993119953305,5.229961830021454,1.6248223094339247,1.8118334320694376,3.4449517550127737,2.941128924612122,2.551978902773604,2.2286884819866564,2.2394900886763027,2.247028192057792,2.7171103599025317,2.853637416214371,3.0471034870269844,1.5038055510159412,2.1652465729101023,2.2405984276036337,2.2737451847363648,4.4346307912614105,4.33200489603417,3.674740887428124
900,seed0prime,250008,Tm4,23.838097662357008,31.668276316291248,4.006594202882493,5.095803702564701,23.789452757092192,23.260846445691893,22.808510991253073,23.7228355232745,23.796926580598882,23.78532436163515,23.929692106310597,23.929773299827982,24.101149341964188,23.39437180834405,23.384937120103967,23.674388739834548,23.85707697957217,24.83610740326314,24.689521790224536,24.44864734872122
900,seed0prime,250008,Tm5Y,2.821625460614947,3.450252018613811,0.5494937636859593,0.7721688934987445,2.536779009639292,2.6598297248771425,2.7191356548001595,3.0412296359152142,3.04582869657903,3.0448650558886023,2.8287297152385795,2.7904594733573536,2.7634971744741277,3.23760659803382,2.956482290512729,3.0123629957127496,3.019961656510169,2.437652161059548,2.450131830358658,2.601455696881975
900,seed0prime,250008,Tm5a,0.024026876665073884,-0.23996146700396184,0.21298273459317008,0.29858195171083246,-0.06102154300152227,0.016949209888637223,0.036558671281910385,0.1395594606816444,0.13504671242266536,0.13609375129716622,0.01581220930065921,-0.00815534833222066,-0.02923189773101057,0.25714317458877906,0.1274047790044909,0.1316911474696842,0.12360241441917943,-0.2603052050537563,-0.24301911730317807,-0.13369839229194647
900,seed0prime,250008,Tm5b,0.9140219726840495,0.9126503105823018,0.34315785898232426,0.42476232712736817,0.5912627788655842,0.6641417153648534,0.7468153409662447,1.0915944528333257,1.080045972891209,1.0821233056236355,0.9040647421538539,0.8570487332693075,0.8021662076450781,1.1449309394884746,0.972615245622473,1.018345179917464,1.0397125045072686,0.873796341811848,0.8661626774413401,0.889525424542833
900,seed0prime,250008,Tm5c,0.8285529915861551,0.8428440039183676,0.7448590019087947,0.9805634868766389,0.5480524730816969,0.6503286638821575,0.7268016118436135,1.0378105444725132,1.0436350835501453,1.0455468259833172,0.8252571385681898,0.8082523722372092,0.7903536478062669,1.3286190771939552,0.9606548229924791,1.0331625591743936,1.0432909005909292,0.4061250607817642,0.4321378815467064,0.5768192016731445
900,seed0prime,250008,Tm9,0.6762012805931232,1.2803727471561595,0.6574894213187004,0.8796318788658017,0.4054272527927882,0.4466657384284535,0.5197607668934341,0.8034829195861379,0.8165506912096973,0.813883247249598,0.6653479222515687,0.6535578396607928,0.632393604810072,0.8682600593975851,0.7617895406375068,0.8026871252479484,0.8330876270270338,0.5468522142395429,0.5814416701113612,0.6680322699464505
900,seed0prime,250008,Tm16,0.4968761487505522,0.20501432284980742,0.24785680850893332,0.30521325340770383,0.28843267556526453,0.345445580447455,0.4067544012405147,0.5461369226177076,0.5520886799172698,0.5491436500576421,0.5417004780648078,0.5483608136071495,0.5539662682032714,0.5577521743302282,0.48145921530911917,0.5170566509706264,0.560837900493513,0.48675159379939525,0.49798006868101635,0.5161513067038545
900,seed0prime,250008,Tm20,9.370204506512735,13.011150974010462,0.8253101957951544,1.2693077605511998,8.895381926969415,8.896787355536395,8.99422466587921,9.421761667364677,9.452537866529905,9.451298381344785,9.416333221843603,9.435561925966434,9.469948344579516,9.348177810002957,9.244239396245403,9.378683111571736,9.445446767200213,9.764232894211965,9.725021897613917,9.583634871343634
900,seed0prime,250008,Tm28,1.5357341322839266,1.6970861189728716,0.49281284684708426,0.6592630823242702,1.4016131949846105,1.4694864310280273,1.4726701549352528,1.691194142008797,1.69060322711717,1.6895574805975198,1.5349882351527775,1.5045819272305274,1.4891842954263772,1.836394290144499,1.64037460626869,1.6739638814532125,1.6759809452983525,1.215561665439702,1.227157363605049,1.3584342758522607
900,seed0prime,250008,Tm30,0.7052263880775009,0.7571455046131526,0.03832379839494164,0.0536922728357218,0.7234784628457069,0.7109313678373574,0.7027685686697905,0.6921169554538272,0.6920886001271943,0.6922921731799387,0.7014783139677715,0.7050014837026264,0.7095708744184486,0.6814963190755633,0.6906234613321359,0.693240724388257,0.6928810009637255,0.7386898818628634,0.7361035501225313,0.7208604712922762
900,seed0prime,250008,TmY3,0.0522895467500908,-0.8831890207735031,1.9948963775327502,2.4545430286846632,0.12942491843973528,0.2924795010195588,0.2855210548124035,0.08689729775839461,0.06490176657573857,0.1088532852396451,0.02247801829160458,-0.05996577030612242,-0.2181914223035754,-0.10157903952888328,0.26566970921773836,0.21928191078521947,0.13127793685362604,-0.12282326918937554,-0.1472959364542862,-0.1202972132099688
900,seed0prime,250008,TmY4,-0.4312907362189707,-1.3106107850473157,1.3934930533229406,1.7661806939827414,-0.4941923509594751,-0.2237332281845153,-0.19329493488204483,0.13986739803405274,0.12268127297424551,0.10293757977305118,-0.46944553723788707,-0.5526729237411593,-0.6498028059151598,0.49830184919403137,0.041812716273593495,-0.04847624243060111,-0.08932488236134555,-1.9261682832809925,-1.8545894327276382,-1.3045519740316864
900,seed0prime,250008,TmY5a,-0.8438010739820412,-2.613820652961027,2.1799808109750693,2.9024610093311196,-1.446897258065239,-0.7536388505221152,-0.5101733105111836,0.21662037222054092,0.17978125420161167,0.18483716093166674,-0.9156469621085247,-1.1611873412560336,-1.3829696728129728,1.3876469585861289,0.22304249047870067,0.17590196551721976,0.024469892297532124,-3.6695216163717745,-3.550512882110362,-2.502569384187855
900,seed0prime,250008,TmY9,0.7623542272059529,0.7240670252896215,0.07659636846071348,0.06983753624676109,0.8147622090230868,0.8060372888545885,0.8091462694676839,0.7630136230844233,0.7619028804268323,0.7554332904507317,0.745425255571837,0.7500632029093915,0.759246811799798,0.7778921020572458,0.7762387446780145,0.7554552607351963,0.7402140390360408,0.7303410643037413,0.7263233918236793,0.7261722010729548
900,seed0prime,250008,TmY10,1.1028377080552252,0.999227318906286,0.2791319504344981,0.33819738075155104,0.9801490114481239,1.012370268932974,1.055438335033214,1.1361650444301112,1.1415143386480218,1.14270299679384,1.1200955965970842,1.126871392397461,1.1305369265572571,1.1704424701674985,1.095649336826511,1.1296864839195793,1.1534388068241896,1.0736795553348535,1.0848238068911786,1.0918389580817052
900,seed0prime,250008,TmY13,-0.3473203617088279,-0.5804309664669043,0.7123930074858652,0.9112999829648536,-0.4373143235686521,-0.3327172838241875,-0.3319382161949599,-0.2113658130086245,-0.21851762953671616,-0.2009710823162491,-0.34964236810896415,-0.40941364767770033,-0.4531541695327454,-0.08463500010439981,-0.19443174802495394,-0.16058270477802178,-0.17525468668441876,-0.7205278072325352,-0.7066741826750942,-0.5699851240730235
900,seed0prime,250008,TmY14,8.601957639891024,11.188098787951404,2.82998582442763,2.7032291740776686,10.804362113068034,10.224624885816059,9.634485258389361,7.968019189262937,7.937303426229343,7.973794393957529,8.146781727284111,8.080884986157928,8.011302537436958,7.861930308316351,8.711856990164966,8.382171601376363,7.977290723697076,8.801335454147296,8.679692125001127,8.435486517950956
900,seed0prime,250008,TmY15,5.034178443076528,6.627990437694793,1.413822133234627,1.5122562459891635,5.747285225396348,5.276788207020575,5.045702722068262,4.263762204235371,4.252826004156043,4.279385514938674,5.023786515638172,5.203524658957111,5.381249607210765,3.537331265684388,4.328847704329702,4.317772805920172,4.296476043768009,6.889268056899515,6.745991883316333,5.95685666968501
900,seed0prime,250008,TmY18,-0.047233053039092227,-0.533641102240032,1.6971107097224758,2.1603275482882185,0.07146384090420264,0.20488601190990013,0.11383482272395715,0.11554668295086098,0.08893608132450895,0.10395559761498832,-0.1793719889363596,-0.16920410389379031,-0.15318920158137833,0.1841167536406583,0.088704568614483,0.08012300422634724,0.04985405640959497,-0.5835373717159983,-0.47817883786820287,-0.29366876494924793
001,seed1,250008,R1,1.6126687592688569,1.717971543503742,0.24985175558282052,0.26816978072429054,1.7085206440516878,1.6393054183205682,1.5783558806024713,1.5374120802575937,1.53807570703648,1.5373431752648998,1.582807278690986,1.5957878323124617,1.6039410909671397,1.5012838337089909,1.5271012914970248,1.5493103846184257,1.5429816502266553,1.8360817167303431,1.8180419097516307,1.7063502542643536
001,seed1,250008,R2,0.06792571498216718,0.17024072157441872,0.18681338527900826,0.16329907325029647,0.1125079883360685,0.05900442916641578,0.06288473209277075,-0.06749904284398389,-0.06604887591855763,-0.062429105204332425,0.0946503486329284,0.11800005459465635,0.126724048491681,-0.2941396722332387,-0.0463596441733926,-0.06263070473539152,-0.052723927450677596,0.4437437332327635,0.428518346613583,0.2926087311133819
001,seed1,250008,R3,-0.12088335442995596,-0.07485749718220323,0.1631700015503053,0.140370973107046,-0.06490900105578452,-0.11367142584960233,-0.12739892307973769,-0.2233868402644641,-0.22327551593482187,-0.2210705229561729,-0.11318259914412106,-0.09457147361558246,-0.08387859057616985,-0.3771920446789565,-0.21210711800606968,-0.21980327280333856,-0.21516117605195997,0.1638735113266323,0.1510040293867479,0.04059729242410599
001,seed1,250008,R4,0.11526522702519434,0.1486733427552436,0.16566602471477299,0.146798944578309,0.1894088777858472,0.13818759717587797,0.11142788847321297,0.023379733670540366,0.022884241278230338,0.024297971876619726,0.11083987024800024,0.1278026842904224,0.1403428794933036,-0.09540997020746539,0.02958768097023078,0.02759648028954259,0.029468149331077963,0.3641407766212139,0.3519116320211994,0.2483771390852553
001,seed1,250008,R5,0.295751613181752,0.2819591807681052,0.20009639737536405,0.20298158651101333,0.407870418007047,0.35135489973616124,0.28185700790455437,0.253820621675357,0.25117483989460887,0.249558334337643,0.25102918463621554,0.25929166962511785,0.27615050359996585,0.2714766026712533,0.23991611686232597,0.2600047264987314,0.25122481179694894,0.4079964876262763,0.39618714890829,0.3231124371275352
001,seed1,250008,R6,0.13482259849358058,0.15357228429362274,0.17117555551294117,0.15834553278788763,0.2205166163784872,0.16826433467889598,0.12859701593861828,0.058164250994767686,0.05717660668754922,0.05769828264446523,0.11804072286881347,0.13273050092375774,0.1461151293828475,-0.018296718501187803,0.05818347781680231,0.06294208270169527,0.061449179249646435,0.3411441832034876,0.3292785637022542,0.2351573472263888
001,seed1,250008,R7,0.5500625062508486,0.5865238120342797,0.11087890105219697,0.08545716427610983,0.5858006078848066,0.5560330235899198,0.5525787305055848,0.47564837395235493,0.4759657166774246,0.47789416327018513,0.5600183694857211,0.5736521716597756,0.5809798850648199,0.3551172649852115,0.48696974162296514,0.4778880799016122,0.4826929978943649,0.7498639010337291,0.7418893742598544,0.6680076982252474
001,seed1,250008,R8,0.8254204349328172,0.88653322079848,0.16944367698557128,0.1425813225034919,0.8782379171564326,0.8291349398879004,0.8271439549661708,0.7043313302182374,0.7048194624204576,0.7079832974671492,0.8440926663680891,0.8659494376267294,0.877079016731822,0.5069593655531928,0.7227266197964735,0.7075341003095723,0.7156137224395298,1.1540732745592703,1.1411397657637457,1.019908087660304
001,seed1,250008,L1,0.4709207808080577,0.47914999032240674,0.1913578401132057,0.16273835571023595,0.40298591345450446,0.43092883422779604,0.45776885859590755,0.521735402991047,0.5230139104050071,0.524134891138938,0.4890002448680125,0.47874134774868793,0.46219672753053204,0.5786559019320425,0.5339456917725802,0.5285793426468575,0.5224781298826496,0.33400865820586545,0.34060988198325093,0.40594875554524457
001,seed1,250008,L2,1.065263399397554,1.3860816945355443,0.2483194730050141,0.29711697196843995,1.0017555918653032,0.9658287680078809,1.0233374634465713,0.9310215388645577,0.9394113658008975,0.9446609662915485,1.139347169286831,1.1596617159959384,1.1419080977259661,0.6575657978504069,0.962956164249228,0.9439749585586019,0.9611054887956371,1.477120432563529,1.4592550629323626,1.3353038081256012
001,seed1,250008,L3,0.5402172608170984,0.7735910600186268,0.4422202180049879,0.4949232412504886,0.14443488941061594,0.2355079800417535,0.3364217287637345,0.6418728161962308,0.6539664523046974,0.6517133489674818,0.651278780645532,0.6307374941722468,0.5829458728047727,0.5621909704439125,0.623829540204329,0.6349820013146397,0.6658220337502319,0.5096291751587885,0.525005221971919,0.593137866922689
001,seed1,250008,L4,0.5572932427072083,0.3718696742582473,0.3096838773962135,0.3780838822754381,0.6883600517090029,0.6871979955628212,0.5558973524222975,0.7451511978437556,0.7398761925936629,0.7321632504946296,0.45153955659110084,0.4212641629380651,0.42259988723781794,1.127550507920708,0.686647513098017,0.7486528957636585,0.7189684580496464,8.629345323435122e-05,0.00775210832634126,0.1829844593105722
001,seed1,250008,L5,2.0479637640317025,2.603740573708283,0.6776602552072143,0.6886514970706678,2.0614549490968064,1.973679104169647,1.9766826200642558,1.8183180380297432,1.8323138730635349,1.8388020828795129,2.117160830992932,2.1583304157089205,2.145534884707354,1.3967086539806566,1.84475526758179,1.8374985086670903,1.8690637408002655,2.7254590740094113,2.6941192261781675,2.4775389545771516
001,seed1,250008,Lawf1,0.38323675575746574,0.36754384926497574,0.16832380133401706,0.19263692958394668,0.3424528304434463,0.32411054771136105,0.3262828473456022,0.3372181845208009,0.33225659590169065,0.3446053675943758,0.3859164248099476,0.38065235664598596,0.3631440799380464,0.2989664572919529,0.35643207555394474,0.36102391309597026,0.363307363548263,0.565491553355099,0.5543282236267879,0.49559927073617766
001,seed1,250008,Lawf2,1.5687702239826065,2.581128863106686,0.7318546085130402,0.8267419387421369,1.3008866799603467,1.1462476435136353,1.327100854499807,1.015382346190603,1.0465343803402067,1.0616872471772376,1.790629323799072,1.883986790694781,1.8659653310504989,0.08855398231965858,1.0817311144742463,1.0223372193341091,1.0961540200748021,3.385280223814695,3.329126872491787,2.658719553986216
001,seed1,250008,Am,-0.036926832105770364,-0.03963630885132746,0.025682521525083213,0.027363976399914877,-0.046585484211122866,-0.03850930882663848,-0.037109710731204205,-0.024707321317253856,-0.02445391050539749,-0.024646073880231774,-0.03640242071902857,-0.03826710986361475,-0.03955372529146008,-0.010834263489817706,-0.02548235335868289,-0.025560927686199796,-0.025564903473861304,-0.07056330631737504,-0.06863232888551796,-0.05395616513491904
001,seed1,250008,C2,1.2507552479259685,1.436181527302725,0.3424069567165864,0.3593211278393581,1.2890392810035234,1.1787595688477777,1.197352385114434,1.026614850312058,1.0290503146403291,1.0346562802150907,1.2954296543330717,1.3337018907779306,1.3432015757615088,0.7041601007174566,1.058559186182317,1.0411262765384681,1.0533787899639007,1.9136468785242713,1.884433808005138,1.6289731258782205
001,seed1,250008,C3,-8.811473566987623,-8.919116411848968,3.1310953295832054,2.819492152730497,-8.774280573418633,-9.173622855082431,-9.415170329763205,-9.474390197462622,-9.49257157614943,-9.506301126310836,-8.849635134334836,-8.709145330201872,-8.510570968199783,-10.556685586383203,-9.699789493433338,-9.600137305362525,-9.485533446773122,-6.098386009204381,-6.242446383020624,-7.394910756701115
001,seed1,250008,CT1(Lo1),0.39716126197385865,0.39198342834220845,0.0843980138609663,0.08167266105166757,0.41952949442103726,0.42751230408389757,0.42807008740744046,0.39354476980379316,0.39545438056101245,0.3947939974321736,0.3826359511940804,0.3907155562052697,0.38871580590384186,0.44328595559511863,0.40185515752963824,0.39732996594165976,0.3935928895718182,0.3591571914277526,0.3655385699345317,0.37284811456867295
001,seed1,250008,CT1(M10),1.3186532631020036,1.2220365479858153,0.6357651448659417,0.6075432619556375,1.8627814683853299,1.6653301505571494,1.5478211858518411,1.0388207500958078,1.0255957740001849,1.0261176680099093,1.2272331308871225,1.2682179717156497,1.3288401141548314,0.7884252310519967,1.17637190480391,1.098215587605592,1.0097747958643717,1.781278022937735,1.748241313481794,1.5053871402288326
001,seed1,250008,Mi1,3.832561888359273,3.9922057538301052,1.7586759390229842,1.606563787675797,4.966545292125671,4.453473643041842,4.096045724870107,2.965073226921869,2.9556677436520027,2.9794609162221497,3.7171057503711795,3.854903843669265,3.9667549732686305,2.1064987108159174,3.1980228331469616,3.11766009666749,3.062398649045833,5.607772283188885,5.520858148959738,4.7527483777808275
001,seed1,250008,Mi2,4.72018261794918,5.057624508919977,1.3301054335052815,1.2550765275936504,5.611530575902303,5.15262326806081,4.956696473014503,3.9000712125542756,3.8969372630326,3.9251631881406177,4.689376750790958,4.825370118881728,4.8984481337331705,3.046581414100119,4.129327456985862,4.044809503729317,3.999080291714897,6.435123687866822,6.363783966056517,5.647998582622378
001,seed1,250008,Mi3,0.6077933665717616,0.590707563845526,0.10121680909258013,0.09578489970348344,0.6838196229256803,0.6675616206433339,0.6597601254112841,0.6106759936940158,0.6089294449714284,0.6011406804751424,0.5891994211610908,0.5953209710145956,0.6089082870999254,0.6370505864531751,0.6254157092696089,0.5975959464452965,0.5763106985185578,0.553356845536361,0.5520200293330315,0.5576278821956601
001,seed1,250008,Mi4,3.8367219367938863,4.129543051734275,1.8466910492895403,1.9119535601907987,4.673497167356498,4.210289442901894,4.03179212354573,3.0315531828006064,3.038870231238234,3.0565969408815263,3.832052293215491,3.946430534389821,4.017503593099077,2.147273066002054,3.2523911512212704,3.1499997726865057,3.1081290057366884,5.5957279736563645,5.498094962966201,4.797349547004216
001,seed1,250008,Mi9,0.5858152993627028,0.7863315503231163,0.718721349685112,0.8820077311678871,0.21282348941001478,0.3432348375727943,0.4346482656354887,0.810562977748542,0.8145163335333656,0.8074451570156264,0.6273092282239745,0.5976316748832801,0.5422200997423345,0.8470058169844984,0.7518189649982443,0.7604027684338794,0.7636322678022872,0.2864009300388923,0.3170968397440397,0.45629513803598226
001,seed1,250008,Mi10,0.8029884334173907,0.6081459168096082,0.7172813693471884,0.8450678930953249,1.512600238344938,1.314230278666401,1.0791648542671235,0.4928496830074966,0.4914693134537176,0.4977050037017346,0.7475593247381137,0.8212850345334815,0.9684488419693957,0.48799259495648883,0.5871088432540778,0.5490448758211477,0.5058217956650946,0.9859290380189755,0.9772391153793993,0.8293660989006655
001,seed1,250008,Mi11,0.769786024669472,0.7841526196646955,0.031000159329041807,0.0339642710214301,0.7837101647080067,0.7740728049436986,0.7734910143355886,0.7520023646657246,0.7517974196355814,0.7526142657195811,0.7710457391489228,0.7743817430614763,0.7745905019497905,0.7343723958309083,0.7567193069896984,0.7543847427392139,0.7530549423601196,0.8108529344159752,0.8087719320713564,0.79071412213591
001,seed1,250008,Mi12,0.6190634410643603,0.922749384931034,0.2215656323036555,0.26066191954176643,0.15686655119343632,0.2876149568076033,0.42377547276735583,0.6750150944189276,0.6823800224124617,0.6815864719002576,0.7323429698691023,0.7348733970106176,0.7196797495800549,0.4511685180477475,0.5879813608993587,0.5982360637151517,0.664557092226835,0.8425135971687349,0.8413624070164,0.825061331995719
001,seed1,250008,Mi13,0.03976424536986656,0.1205722631265935,0.3963318465899765,0.3694778150057277,-0.5089941078274487,-0.40198636645846453,-0.2647395512708508,0.12511769899505548,0.13590261332681675,0.13501273407252057,0.15453313317313924,0.15808569152817528,0.14694949749937275,-0.035223584677752794,-0.0023660824824661914,0.055035141570527156,0.14191682154310145,0.2645394399875824,0.27002194451921246,0.2624229024193442
001,seed1,250008,Mi14,3.2819852889619443,4.136618029057525,1.1493678159717176,1.172727741783064,3.8282613190451587,3.449164341872199,3.3544982941994315,2.5807141555486126,2.583177786432051,2.610134297873871,3.255049797304584,3.3853885995459216,3.4004936101449843,1.7418669869020147,2.779363391824304,2.6619535194469632,2.6299651335661354,5.020083829555945,4.974414709222796,4.257234850906136
001,seed1,250008,Mi15,0.6985669403068231,0.6546101200715806,0.16584562132755531,0.19618029619965743,0.7569531096995458,0.706467331083551,0.7195497741692813,0.586541460419846,0.5862021973810319,0.5891582290797936,0.7121292286347107,0.7250288793302496,0.7316303880491595,0.4638981749581356,0.6206711611313934,0.6047943189502505,0.600293576471177,0.9689341034941391,0.9566000486725373,0.8482190633843683
001,seed1,250008,T1,0.27125237286739934,0.28970062833579047,0.02935743635534887,0.031999673194750916,0.27104195553845567,0.27344650486987937,0.27878211625540394,0.2655564592203097,0.26673308256109357,0.2675601952966307,0.2715966772629096,0.2778363178216757,0.2779215969429474,0.27313656857942487,0.271152112626273,0.26655430465822993,0.26577444024663044,0.2711026541785376,0.2704122891290508,0.27143069069093706
001,seed1,250008,T2,2.658408941514855,3.167671561732,1.137546204163178,1.164921338268011,3.0899700242399555,2.942705335432144,2.6754689427152085,2.499398049119028,2.506319049517424,2.509820182833836,2.527985024211305,2.553133226909007,2.5665364022413213,2.6245519678233684,2.5312104160869024,2.5808456352660007,2.563150513027091,2.8425671673709236,2.8197405570030383,2.7011405704411233
001,seed1,250008,T2a,6.88726612578318,7.977215469730876,1.3896557304416257,1.4540382503146652,7.094125743910939,6.806256177715552,6.82088757673183,6.23551367134393,6.263580412648091,6.293823996074653,7.035675134969651,7.143970845720308,7.125771721391504,5.110419517433097,6.400793099601787,6.296541296406526,6.350605096855044,8.632040434451607,8.58854726738556,7.99770601989079
001,seed1,250008,T3,-1.1053488799114017,-0.8263878297779564,0.9679801669683169,0.975721168540763,-1.9007823995421755,-1.5394480093003833,-1.3310483801076591,-0.5829926337373811,-0.5662490276025604,-0.5823700536426089,-0.998539343116167,-1.0931628906643396,-1.1808038367015332,-0.26944788341783754,-0.7411984084369085,-0.706549928722265,-0.6330406426773736,-2.0318939659484867,-1.9935225842822852,-1.5345320906824647
001,seed1,250008,T4a,0.23736331247894615,0.05898734368884423,1.3376145107675625,1.1574116126236995,0.7608639017485689,0.664077736657299,0.534965789781098,0.09387571318720918,0.06717288746355143,0.06709246461928128,0.13392703712855863,0.11700810693952304,0.12119092529616353,0.02379568520179031,0.16435261694178369,0.1440267122213712,0.0665202652865662,0.37154031375864854,0.3025931765321493,0.1648096668995766
001,seed1,250008,T4b,1.707514577776139,1.8926393802456323,1.4724996399477224,1.5100694483758508,2.373664187119135,2.028149842452542,1.8093424372477052,1.0119787943730938,1.0111694045870565,1.045107267736154,1.6429506775725442,1.7617836593460403,1.8630399162691837,0.5574826809101003,1.2008575084958295,1.1707515900951375,1.1838060245957696,3.097953333281467,3.073147896280313,2.489048024056151
001,seed1,250008,T4c,3.6024096105745853,3.6667387537727967,1.3998197401615013,1.3070537354742777,4.879852436125878,4.343891102070927,4.094010862923161,2.7705701744920175,2.7359546741989966,2.754057177434186,3.426478913854601,3.544453491074331,3.6668552293997614,1.9601788000967069,3.146403165589941,2.9303780446436143,2.6927499613235097,5.223305045996229,5.134072932423235,4.33534175754627
001,seed1,250008,T4d,0.2862494894614603,0.2210302415766318,1.3968045162655085,1.4364472440832756,0.7313616422495848,0.6067173910602389,0.4275091042947515,0.2007779394785374,0.19403678960142337,0.1901249484351517,0.194560290680586,0.21255181340123533,0.20026370530415857,0.21982789540627196,0.1916998436563388,0.19155822888187213,0.20012977336160068,0.2703713976043107,0.2996158510884438,0.24888521687885884
001,seed1,250008,T5a,0.1591679243909211,0.18798156077786243,0.7337954569397376,0.7765530088630737,-0.11052674085092977,0.13544449654605425,0.20204466880168695,0.5180510427268034,0.5427788879851527,0.5230812979229157,0.09064745342839464,0.04388077729956433,-0.05423411982128819,0.9317892090410986,0.4030191550392983,0.41761009095626767,0.45702123455444915,-0.6771755505005742,-0.6092584365569365,-0.2674866763172198
001,seed1,250008,T5b,-0.12572781294002197,-0.1385557324517048,0.7374733926768169,0.7772649539628157,-0.3097263877214179,-0.2060243046892892,-0.18799800722964427,0.027211041907920668,0.03365975435133429,0.026503277871235888,-0.11490511917657686,-0.1334442635965838,-0.1406487176099201,0.07935495326675257,-0.0318711124842369,-0.004506797583492137,0.024748938017487326,-0.4441710557982367,-0.40782954622403655,-0.22199766034164803
001,seed1,250008,T5c,12.309131665345948,14.474923712783976,1.8076893714106768,2.1337510576279533,12.353208024491883,12.134734155136407,12.463024332189365,11.421847306012115,11.44231838885689,11.475077677897376,12.583773301858013,12.684917429432625,12.632791079992064,10.012460485956375,11.732626737767879,11.527619148722634,11.494980236594454,14.687625493454362,14.58579757793932,13.713305269233397
001,seed1,250008,T5d,-0.80892795531276,-0.7406778743512535,0.9184341472013466,1.0042491059825776,-1.1859294456858624,-0.9292846877914537,-0.8168592486797929,-0.4064886934406817,-0.3977128439642303,-0.4053192160204671,-0.8179884142507173,-0.8887457170982259,-0.9970052010071015,-0.1870621643166074,-0.5252870918449205,-0.5188585679310319,-0.4839736828991262,-1.6267525635419435,-1.571253714368817,-1.1843260321631803
001,seed1,250008,Tm1,4.582271235377815,5.410811990644168,0.806570643423594,0.8921249049619862,4.580968358835795,4.414529633522035,4.506091369430169,4.131896685198177,4.155171237160527,4.171135584598772,4.753005236784066,4.821814976093177,4.783790157038857,3.340997353506154,4.229293271704949,4.184193897983072,4.230560388288948,5.841987836906549,5.786181204585196,5.384722574408608
001,seed1,250008,Tm2,0.37144388270882217,0.4128632682040815,0.06215013205211661,0.07763332086525288,0.35684615997597574,0.3722104169660856,0.3626264919189739,0.4087112050653331,0.4095636497842,0.4085976937178642,0.36102813695623304,0.3580115624340496,0.3544701686834247,0.4676944292942255,0.3977754197870064,0.40664484011120416,0.40671283008166476,0.27537955113133766,0.2806627542907165,0.31616681314285994
001,seed1,250008,Tm3,3.4692422937446876,4.378591948793362,1.7226248211828836,1.5543295150938687,4.209012445094175,3.7166489620190553,3.5140340123837097,2.506653672308969,2.5109123319302173,2.5453515591146365,3.4960902944031504,3.6731458539072164,3.748145272190734,1.3252042633574326,2.743416889326908,2.6104154199944367,2.585292488775486,5.811001150096649,5.7314691786172505,4.78108290639498
001,seed1,250008,Tm4,-0.007802028505970544,0.16577333076267287,0.32504466012099564,0.36351194931407266,-0.12108547948782403,-0.04244991721616154,-0.054850151166327146,0.14774161028307514,0.1510043512711599,0.1543993611201919,0.0038224350076106585,-0.03667010879754812,-0.0757816573057398,0.13752606693540528,0.12589089145457089,0.11368280463001246,0.11731034788491301,-0.31956425469751404,-0.2954779699202203,-0.130330786091133
001,seed1,250008,Tm5Y,0.016180011317775772,0.04623660832658565,0.42305208348071066,0.49328981798462135,-0.21255806327446125,-0.09974251130074921,-0.05092372584799152,0.18552530469949616,0.18767565774648426,0.183841407928625,0.03889398060830428,0.021473941992775837,-0.0002850265763848656,0.29358331428919227,0.12515049942650597,0.14324077563849164,0.16126585322073445,-0.2990020028634154,-0.27798928143478785,-0.14126994316840744
001,seed1,250008,Tm5a,-0.0913330576719956,-0.10103484028343229,0.24903469702266653,0.2547505365587496,-0.21226252195969136,-0.1329425563578508,-0.10791527579361562,0.047091452870905486,0.04677320136294677,0.042612899681643654,-0.09167468808416986,-0.11250604058715327,-0.1251731238014035,0.21274183846353947,0.013522392484112722,0.027950881162642834,0.033438339678702377,-0.42590673665054934,-0.4047018737486988,-0.2723771114732901
001,seed1,250008,Tm5b,0.22476616354146517,0.27471843113403305,0.19909641869222006,0.21766796982947534,-0.0011089969564444936,0.07399455216778966,0.13700620798509858,0.32172574856983444,0.32252010044996166,0.32271493871253243,0.2307011087152421,0.20005300402196952,0.15230902166332022,0.31706529342908163,0.28503771140478285,0.3100632158852564,0.3313148570706116,0.1869074881475285,0.18465497919294374,0.2212993862039339
001,seed1,250008,Tm5c,1.599142952870912,2.1019553241047317,0.488088587915386,0.631806919348628,1.3431277171364404,1.4791513099971623,1.5079951522055173,1.7698365982508233,1.781845829508755,1.7777147061644893,1.64767680709488,1.6247707556195596,1.5775064724182482,1.8637569166213566,1.70599852469317,1.746431972755309,1.804469293355216,1.2302319417954337,1.2714216541148686,1.4543515942033622
001,seed1,250008,Tm9,-0.7726284646476512,-0.8288512151874343,0.6111974023966094,0.6374796376276363,-1.2646160878700912,-1.029005329265684,-0.9433846899283725,-0.3871522263105798,-0.3798488890592025,-0.39122578167303573,-0.7394149364724021,-0.8045165530079135,-0.8673419865888083,-0.1914096610658077,-0.5162050079472942,-0.466857774096868,-0.41653929833625014,-1.4728684118137685,-1.420682343734808,-1.070986457191532
001,seed1,250008,Tm16,-0.02457361809192095,0.015283528476267072,0.10509492425879499,0.10084033136594489,-0.2650626708204794,-0.1927993096633927,-0.14117879386632698,0.0358537793398759,0.04021072381794874,0.04071728224588898,0.024995671613504796,0.02334188868247989,0.0158219248420351,0.00025288547167671147,-0.017267242017288548,-0.00179517943179033,0.03588622728466097,-0.012333983271897827,-0.005253319381812108,0.02543222568418164
001,seed1,250008,Tm20,-1.8812309456356278,-1.7039535115187587,1.0115822490462865,1.3097227823237474,-2.295896697465179,-2.013109246127604,-2.044600342082208,-1.3635779525390608,-1.3627155246102316,-1.373322661831328,-1.901910982796693,-1.9724972672269314,-2.0219390105905393,-0.8348079243569257,-1.4969657768499256,-1.4185855314574414,-1.3851541952347421,-3.0856002471136543,-3.009538888370544,-2.519472881517035
001,seed1,250008,Tm28,1.6288710228593133,1.875658971633234,0.3732171948667165,0.44997023385001705,1.5162661818357317,1.5309376605638483,1.5788451805776667,1.5811022090593847,1.5875695572290232,1.5933280719331777,1.689027482827082,1.6976560537105274,1.6780612713603074,1.4235530026427543,1.5877443586650528,1.5813040759892363,1.5997406266754992,1.8229821399989672,1.8206487092748804,1.7731697834058742
001,seed1,250008,Tm30,0.5751803104592624,0.5753120107010483,0.00029348760072558456,0.0003061535564055678,0.5753239076837754,0.575238487281515,0.575216608016071,0.575021036485941,0.5750198644279771,0.5750262254443477,0.5751808618292231,0.5752115871576431,0.5752189441750678,0.5748649152468543,0.5750636081920419,0.5750430677576965,0.5750323128146373,0.5755365146285286,0.5755207454509279,0.5753662807559505
001,seed1,250008,TmY3,-0.6821243626107816,-0.46637655506714604,1.235184867948567,1.1733875779292764,-0.8951034168507415,-0.7278676522166524,-0.8156736933164449,-0.4760809180428159,-0.48244918757725375,-0.47662575949182334,-0.7413371072040327,-0.7941153807196788,-0.8472443626107241,-0.1650328751920171,-0.5297694754555573,-0.41894907610989496,-0.367266432284707,-1.148482408715301,-1.1083798512387582,-0.9196122047461015
001,seed1,250008,TmY4,-0.32359688680787085,-0.4506043669287808,0.8817073339341656,0.8652361310250886,-0.1492188881146212,-0.0780406243958344,-0.1463975916240085,-0.06010887329247052,-0.06619471203078531,-0.08790141861251556,-0.3889096481895434,-0.4246076808478321,-0.41620785886132455,0.2273527440760962,-0.12704520993381635,-0.1840519630135749,-0.21464915255364936,-1.16593098513441,-1.0888076862318365,-0.8068306401658072
001,seed1,250008,TmY5a,-0.9111411035581725,-0.46360253962015163,0.8012100483219563,0.9405395394268592,-1.2366594837430152,-1.0593988416289548,-1.012649593138796,-0.6416157057610871,-0.6490019423984659,-0.6486412322737052,-0.9536788742121919,-0.9932554908626393,-1.0598904788229957,-0.3833732914076872,-0.7066856966286785,-0.6896365897589842,-0.6680164875011197,-1.3776532481999324,-1.3319869920104377,-1.1661137085820674
001,seed1,250008,TmY9,0.750010667995378,0.7544676690477357,0.04758048843463017,0.04607004503189362,0.7920189106162643,0.7806089479181706,0.7723456779874647,0.7287433993407161,0.7294406031871967,0.7291853844354783,0.740611700864506,0.7455766842905923,0.7477058137360129,0.7269651450227106,0.734826657281421,0.7309485133039803,0.730007249958059,0.7759862119525713,0.7759750864190798,0.7592247016118236
001,seed1,250008,TmY10,0.3620594209936498,0.3517135557506735,0.08157935521159068,0.08435023290187095,0.31528277885318634,0.34153074327424876,0.34944811438916884,0.40526253869821643,0.4049075287677626,0.4041077820101077,0.36291891900776013,0.3561300746831738,0.3521615957598436,0.446738213117799,0.39178907431199655,0.3978067053706693,0.402327987163143,0.2704163079498782,0.2769291519961125,0.3151932205453297
001,seed1,250008,TmY13,-0.23099453253132646,-0.14998827673815807,0.507386054148598,0.5499978021657579,-0.2947804364010863,-0.23676440759992104,-0.24351275280336293,-0.17134408416528765,-0.18013130215993836,-0.17360856845166317,-0.2461593409650798,-0.25728217182001534,-0.2695387785465698,-0.04733488549460267,-0.18671240255691307,-0.1664904064215311,-0.16175078796539272,-0.37949482887497643,-0.35972304157899815,-0.32128432469588447
001,seed1,250008,TmY14,0.9146092799191858,0.8912128853799269,0.9348179803401815,1.0293728581110586,2.1088088932313442,1.9002396896840612,1.6014683395754623,0.7032428938951655,0.6804341463748,0.6826242862094256,0.6706247310060491,0.6695221403689252,0.6916647319758799,1.00762803050723,0.988442851490071,0.854792500434872,0.6749284200907664,0.47023092714201625,0.4584312301552139,0.47066466656569067
001,seed1,250008,TmY15,3.76187382660026,4.230628668445572,1.0898182881411218,1.171438311067012,4.633411273223848,4.224334920240093,4.072881416724311,2.9543597575426923,2.9478396312663024,2.967466211095762,3.728152597979766,3.87797875351036,4.01050181307219,2.4632220415804076,3.2118968650698654,3.1124231361379735,3.0432741662469303,5.267794909469793,5.1909028069900245,4.483540925453836
001,seed1,250008,TmY18,-0.14977001881688443,-0.20681495890447588,1.0925993090101527,1.1115507252834775,0.18031800090459313,0.1759671589654151,-0.023732577803080985,-0.16773516891147017,-0.18091929956919275,-0.17671325257617657,-0.28003254371221165,-0.2739310072660032,-0.20506106189054268,-0.036559150041818575,-0.1480603053850017,-0.13057836921983784,-0.1358003486419322,-0.3955627632887334,-0.3200076763367671,-0.2779119362973902
002,seed2,250008,R1,0.09257761119384851,0.2172214306190858,0.1730251821184045,0.14895649416009973,0.14133971495845776,0.09417448826169726,0.09482422303992884,-0.026162475586872708,-0.025778960536690064,-0.02273782848085996,0.11060120394936508,0.13302660202287814,0.14304984086496697,-0.21404064139971263,-0.006259834766936917,-0.021815275275516598,-0.015679380657660284,0.41441137628538105,0.4009167449417732,0.281371981481377
002,seed2,250008,R2,1.9668946072247058,2.393506547252695,0.205519481223634,0.20444306633699633,1.9930128373288334,1.953669901863877,1.969150513449836,1.8571564964510905,1.857016873948183,1.8594876138340997,1.9776400988402252,2.0072791949048865,2.01372636345405,1.7290335632173472,1.8868876568012034,1.869230162596199,1.864495570516929,2.260158189787076,2.2444349958159635,2.1279336827854918
002,seed2,250008,R3,4.958897385991096,5.9341443331667385,0.9563313200026686,1.1136950645254888,4.959308999766119,4.947807859592451,4.973724698671107,4.904806918727851,4.901779372478098,4.901834224388726,4.946880511101077,4.979185966513379,4.975917257728434,4.923730358044162,4.942994474412179,4.931274189977763,4.902589689824994,5.083101438534615,5.065203174630673,5.00221904146591
002,seed2,250008,R4,-0.2770873426481366,-0.20700642335888686,0.17159693971856663,0.14252627997752038,-0.22490547166545669,-0.2739925452558408,-0.27532008654966267,-0.3991948335862948,-0.3986095943690978,-0.395399534026737,-0.25687762286214366,-0.2356306353855191,-0.22496916953624124,-0.6009822144660062,-0.3808069081537829,-0.3964712634633569,-0.38799049940190156,0.05542580429748754,0.04218961475559106,-0.0798625227012226
002,seed2,250008,R5,0.3818945524377255,0.571275377120928,0.20544182779727227,0.19567119760250098,0.42747724204514387,0.38308055976133837,0.3852023833026029,0.26831546970210385,0.26834397346708777,0.2711621944902688,0.397686012741146,0.4205682371044047,0.4296789881122593,0.09532882696684955,0.289464403006998,0.27420647697261336,0.2778451023904617,0.6881408848906977,0.6743308822129661,0.5594812018366662
002,seed2,250008,R6,3.440518066168683,4.167719076501254,0.6997626353428263,0.8110169936626798,3.4566646736234055,3.433296340255999,3.4517202172064096,3.3646125546265155,3.3625364029428697,3.3635873751373806,3.43751544770171,3.4674730592261325,3.468693986475654,3.319134001415248,3.3978893818568836,3.3846881526893697,3.3661784616065176,3.6300022541102273,3.6134341505438803,3.5308625992807334
002,seed2,250008,R7,0.08990595258167934,0.06723440951091623,0.0912248622770381,0.05086784326061161,0.08789593329415471,0.10378264594724948,0.09609204656050518,0.12608325438730253,0.1259615936476722,0.12493025349755353,0.07815969066343033,0.07246966163980441,0.07116399293018817,0.1898856437851606,0.1207487516248555,0.12622560467803529,0.12302138996342826,-0.018138060421035752,-0.014195087198917234,0.024407926307482217
002,seed2,250008,R8,0.4783420199498264,0.5398478401135705,0.17064108464810612,0.1437994582921301,0.529544059151781,0.4801345425979563,0.47864932658747544,0.3563795140847543,0.35689682871123946,0.3601088828108844,0.49793512357447967,0.5198392235476333,0.5307720564113316,0.15584332264518047,0.37481410140520405,0.3594659877551562,0.3677890993488097,0.8113145572126903,0.798159499578023,0.6758261937746227
002,seed2,250008,L1,0.7872274543811023,0.6636200225595567,0.35363262150103997,0.30079605831121914,0.6007600036022175,0.6838453257851682,0.7193580347008683,0.9580664585061609,0.9575063505167354,0.955746592303296,0.8057153233511686,0.7751054489223,0.7285306740469519,1.1782960564321765,0.9420959187364113,0.9577983918916255,0.9492979104916115,0.40074736702122865,0.40713641093152575,0.5756330028581904
002,seed2,250008,L2,2.511979718146337,2.8853753052042195,0.1725848275710497,0.26776390831808516,2.4798424452543255,2.4832935852457187,2.5066481096527946,2.5162615313857337,2.516000824976563,2.5155352512526945,2.5053253652980034,2.5172426759576663,2.5121660774255923,2.5907191683449127,2.5319733699135245,2.526874789955216,2.512074458458553,2.4969055303009466,2.493203188022198,2.4876091188969456
002,seed2,250008,L3,0.5836834085175842,0.47305688501210386,0.032461664970704365,0.04275992167245497,0.5780564675456359,0.5780778038859284,0.5733374553904373,0.5900197290845124,0.5900785435450969,0.5898143597608547,0.5819751326361574,0.579415128252956,0.5801565569653673,0.6106434149525533,0.5865725117742022,0.58939452893753,0.5890690693856526,0.5727625031980081,0.5747394480865229,0.5748218828799323
002,seed2,250008,L4,5.780819913572225,6.763070402669509,0.6712602468837202,0.7143019668393488,5.716751587895184,5.747724871227876,5.783422315556778,5.855138617415037,5.84979525428374,5.846492035589831,5.748390358934455,5.763219109140389,5.747619044888202,6.106522645868476,5.880143194096925,5.88194147343857,5.839234716907124,5.559920409408586,5.553746228938955,5.613056753565468
002,seed2,250008,L5,4.3519221035178965,5.069141112084549,0.6947401921866635,0.6682232286818105,4.473040745323382,4.3864143710464605,4.300392982139459,4.267410917759934,4.268915742536523,4.266845584242255,4.277360206445611,4.329205846166479,4.364070059741421,4.246346983247425,4.281854966024503,4.292249085775857,4.269386603173784,4.586422200376962,4.57740648027184,4.443430882014448
002,seed2,250008,Lawf1,0.7231400715554421,1.2057137293230014,0.6241512662644353,0.6333878645256352,1.0178951360050559,0.790545210972186,0.7207198393803728,0.38416575914006523,0.37698158628602574,0.3884098403473815,0.6680245093100258,0.7602367537149146,0.7931229672826279,0.00743795148649716,0.44162619849288365,0.4199185483960238,0.4240939101931162,1.5704966008224017,1.5913934919498556,1.2151728411076392
002,seed2,250008,Lawf2,-0.09040718525178873,1.1062296897670296,0.4501747120103842,0.4735236103738788,-0.22901717465398352,-0.31319025032973763,-0.16845114042583048,-0.42656858680709214,-0.4239929124368428,-0.41625147214352465,-0.015056548121302873,0.04928702383559598,0.07840607229306003,-0.8802422815013855,-0.3767737794639089,-0.42615765421197,-0.41104831945840115,1.0048228091212004,0.9922581910367722,0.5154610592387315
002,seed2,250008,Am,-0.07792302036772811,-0.10251461180351965,0.0374431476696441,0.03987717814908894,-0.08339166929854931,-0.0832936893486587,-0.09092339912281551,-0.06604153070470963,-0.06612604661833693,-0.0665680607635174,-0.08058027147161081,-0.08264429750254872,-0.08271532054672771,-0.03818913581994222,-0.06925159330982275,-0.06556130143450174,-0.06745127209041775,-0.10469729658568228,-0.10301982605172355,-0.09631361521408478
002,seed2,250008,C2,0.5646169371483912,0.8052515034689801,0.31108987761116697,0.3732749351093428,0.5018192447542572,0.45718498597421175,0.5767750846513486,0.34067106546248643,0.3407045120124683,0.34558410339092804,0.6302927039756766,0.6612014165181319,0.6684839713860339,-0.03393662139097462,0.3768341112390727,0.33863323616106644,0.35900924726280437,1.2571381431487272,1.2378451922081608,0.9756305976198589
002,seed2,250008,C3,2.8962517848912395,3.6462140469003734,0.7121125577248529,0.7604032111529087,3.063343087620659,2.880936566463057,2.920358238194329,2.548116908000715,2.5454417099554263,2.5485288815156286,2.926441194298877,2.991011270598703,3.0230554406549883,2.0916577315889944,2.6204221827478245,2.5730449918006646,2.564052533543519,3.827356288357328,3.795503905310001,3.4207576276091194
002,seed2,250008,CT1(Lo1),3.9023342964705723,3.3616922999449312,0.4494560478875482,0.44770916392197685,3.831521770998774,3.937995166156891,3.915037427658679,4.079917713764141,4.077357914370075,4.075077956633825,3.8552931376121906,3.8396821840626196,3.831691201153146,4.474907987689838,4.065747229558585,4.081202983004705,4.054269512747924,3.3748599664513512,3.385586019594031,3.557200572072383
002,seed2,250008,CT1(M10),1.2550937878420778,1.4664781043553357,0.5682885799991468,0.5628249042124349,1.5884702164703017,1.379985770515209,1.3189976888899944,0.9318953993700537,0.9286813118674596,0.9345190457188514,1.2316409097202947,1.302853003833262,1.3432601421792447,0.5333180234841125,0.9844619334079894,0.9608827531833756,0.9568793260874731,2.0080359170164255,1.9946442902511847,1.6829748734780139
002,seed2,250008,Mi1,3.813850660885354,3.911976833444075,1.5080486356522718,1.4244904622470307,4.438387585771833,4.091887574374608,3.8248366591606824,3.2841015274281227,3.2843536157197164,3.289192375062801,3.756087734466599,3.8618204460559085,3.9450099247670516,2.4806795687200274,3.3705070836486315,3.343966507104235,3.3506877529668655,5.093100483509891,5.039097660416209,4.567894074992482
002,seed2,250008,Mi2,5.773891523480803,5.825945010881524,1.5677792534265742,1.3995402134182657,6.621653767027238,6.181882159686782,5.933506471970625,5.1279945321412095,5.12451280295518,5.135639726280671,5.685502376265812,5.82116612759774,5.915219185525105,4.267400064460943,5.23551880521351,5.202677656658479,5.191826870688206,7.198194077135618,7.1435726804062,6.595997071679522
002,seed2,250008,Mi3,0.5229690072187396,0.5071769659633486,0.014078353329926473,0.017573472392200598,0.5238015593720624,0.523761618375034,0.5206445115056513,0.5262557126488664,0.526385622791915,0.5257790829795163,0.5230208858186264,0.5228147026838608,0.5228224032495206,0.5255536265919261,0.5238810400226659,0.5246811289686436,0.5259916132432247,0.5162359186715539,0.5160560198965253,0.5198186686802422
002,seed2,250008,Mi4,4.960106758376781,5.983809533751158,2.236109250399636,2.2216629242492223,5.646897656061195,5.107396124836816,4.935504018295501,4.135164105769211,4.136102649989576,4.145439054643097,4.9254481127304794,5.10604951680301,5.238096259271497,2.8934547669770927,4.2787697633402875,4.232003015087047,4.225674935064476,7.114826697955648,7.038782547333701,6.202098909869852
002,seed2,250008,Mi9,8.123287478770838,8.593594958543282,0.7931564274467351,0.8735329975526924,8.084831141375636,8.224863309073216,8.178718441699978,8.403600746434538,8.396919545494068,8.391562629159381,7.9825994094433295,7.989863726269358,7.981593562900275,9.150326794493377,8.379572405762218,8.403885096650512,8.346442605007372,7.249614826204374,7.276275166344211,7.531930254021563
002,seed2,250008,Mi10,0.3179289500785061,0.09405760455120293,0.6198724474496461,0.6896174784574297,0.9130753625287633,0.7739159186220186,0.6162329326560736,0.04341819031369434,0.040492828524685706,0.04160079683839816,0.29406351727393476,0.3787952533368946,0.5159253207800056,-0.08978139280403571,0.10907315370948392,0.06119963701474694,0.04311649460305465,0.47135087467339953,0.4883160966379381,0.38606821654704193
002,seed2,250008,Mi11,0.6323572521706353,0.676048065407845,0.04174498193789204,0.051234425954245495,0.6496041084604853,0.6354395654905023,0.6346278160872474,0.6108981128745865,0.6103634073544971,0.6109261013164435,0.6298642475462822,0.6350808338901537,0.637127775158449,0.5922711224851926,0.6139963962644049,0.6133126709274379,0.6119494516335314,0.6874647442287614,0.6855917337450006,0.6591979472671896
002,seed2,250008,Mi12,-0.44930109121373657,-0.9848136780392389,0.6475371877759475,0.8715586355102248,-0.15650442920171653,-0.159994774800919,-0.15984153628086767,-0.6295620516659634,-0.6393042475992656,-0.6354779461927191,-0.33247585626613796,-0.33040701441045234,-0.3692765489917173,-0.7753025106419991,-0.5059181180144996,-0.6549454041973212,-0.7404105947768715,-0.2613530552582803,-0.350850170848687,-0.4871932002723677
002,seed2,250008,Mi13,0.1406324165669866,0.3471965466137722,0.44083997815567105,0.46707067557998455,0.0898648001218729,0.1267381211679465,0.16592761058342254,0.07890425428048027,0.07949817591616767,0.08507461646331496,0.23465858356505326,0.23425977167075343,0.2084072548577022,-0.002705436217599882,0.10111508561445506,0.05023142969385617,0.04885049202762305,0.28262563788870687,0.26194625609604727,0.20472201134198334
002,seed2,250008,Mi14,5.739249925410644,6.980145296730339,1.9114339736996238,1.893867116596561,6.798088113261949,6.120526197200304,5.863536823701098,4.71515456058922,4.704038857876345,4.721794931750729,5.5339325113906614,5.784119167493013,5.930279609239589,3.6411923597676585,4.885328955854316,4.836040119491982,4.808226589841999,8.210292836242509,8.173216386550674,7.102230786318257
002,seed2,250008,Mi15,1.0098967108292276,1.1199664111522345,0.3227607842800898,0.3234123648751537,1.0643734400347906,0.9614579898329781,0.9940026940395551,0.7998241887411075,0.800532041875524,0.8049057472714235,1.0595339654197582,1.0893599619188454,1.0988368942262798,0.43163043831296816,0.832378835038827,0.8089498975966511,0.8238604295489879,1.61648100130415,1.5946259016571527,1.3775939464486424
002,seed2,250008,T1,0.9694986798145551,0.6801807663194195,0.4532657526315244,0.4564938075282897,0.8342722016670215,0.9183990319579166,0.9221891306365881,1.1765725426127862,1.1772087974977599,1.1723457366016263,0.9596994660270299,0.9300170729725379,0.9006723327769534,1.4315849848680624,1.152393988086797,1.183323721440532,1.1702742592518145,0.44684995972039865,0.4628928505586288,0.6732828003564274
002,seed2,250008,T2,-0.20760615998852833,-0.4420424203666756,1.292667147705793,1.3238728297317346,0.34923316297042545,0.6318063748456623,0.863553282030666,-0.06367544005999547,-0.10358010057770695,-0.1239796016703072,-0.48038478495563475,-0.5357819264798571,-0.5794261926764442,1.7454052927731385,0.29815927710327295,0.10724177307057894,-0.1384140784148871,-1.901193566950769,-1.9067743205376249,-1.4838877102869703
002,seed2,250008,T2a,7.860274145448898,7.6327247947206445,1.7165050569849185,1.587772055081194,8.737225868202612,8.351071565256206,7.983758564336786,7.43813564132553,7.434279564312362,7.442786997746826,7.677437686610155,7.807216677230869,7.891661642882431,7.065515082466949,7.5304863953102625,7.52398574397319,7.490743014646304,8.573045950722923,8.558735803009402,8.258300129149559
002,seed2,250008,T3,0.3945831411136588,0.35676729678776664,0.13048720147914158,0.14010125390910386,0.39171975685285,0.4149710967016714,0.396345064959421,0.440445905545631,0.4407586509046687,0.43943212912359836,0.383370244003162,0.37551898272214307,0.3740255354772611,0.5148941310233697,0.4350768263501486,0.44027466215864963,0.4379139747388594,0.2567244509143919,0.259867682110876,0.3119911642318388
002,seed2,250008,T4a,0.6245193655826906,0.25748131002348573,1.405527910065607,1.2390738550879066,0.9895652055405805,0.9315519913179792,0.8708989527905763,0.48432558906521644,0.46970974014898914,0.4573464540192462,0.5543528154900559,0.5331800961460087,0.5305660548989356,0.24564052111250909,0.5321621190752686,0.4939142155808483,0.42628199339659567,0.9638578099507356,0.8406760900724425,0.6682802007170637
002,seed2,250008,T4b,5.966035501975292,7.928422717513174,2.1138765262824855,2.2554030762285,6.902028720770173,6.094797785835399,5.9210770831978135,4.754798766616448,4.73719831922178,4.76345838445824,5.754513107200931,6.030069452367113,6.181213768325157,3.3922812765997667,4.935669992412679,4.900768793129263,4.886264995184058,9.230092609421598,9.181912812340522,7.790422164523733
002,seed2,250008,T4c,0.2646011795950169,-0.15451444539915765,1.077062608096901,1.0614522077993307,0.4790539648492361,0.5259897012630382,0.3913749686231768,0.2388129898859769,0.237719175074606,0.244620933558084,0.2402500034592808,0.23646638936294712,0.24998170832474287,0.14013175051181415,0.21268742168800148,0.20662838789710616,0.2167324369197167,0.17930596003466473,0.19724866997362753,0.23661441209425074
002,seed2,250008,T4d,0.616366867339978,0.1614110832239518,1.275275917127002,1.316366816278155,0.9625692241671446,0.9130247511278358,0.7976476369908754,0.5455040470069215,0.5414452087260708,0.5267885639519534,0.5232874022830334,0.5337454677045335,0.5180440606300082,0.4234459979212928,0.5620988448816977,0.5107190354618705,0.5096252493993034,0.6873401574344838,0.6751142620553371,0.6314699676972859
002,seed2,250008,T5a,0.8964326075836968,1.1220810702148096,1.5245813417565859,1.3618161037005376,0.706246655361001,0.8492899680479162,0.8754161957297446,1.1703285271676462,1.1771819634546479,1.161724482871458,0.782697922418129,0.7151777749461342,0.7252441805038192,1.311870544817009,1.2077470157557686,1.1424360669605518,1.084815688396645,0.4057902707168045,0.41040221524932496,0.6165522489425482
002,seed2,250008,T5b,-0.1423715526608841,0.5646017141748649,0.6448493302360603,0.598228726498105,-0.6325949524991308,-0.5629923503417243,-0.4532813466554956,-0.03192871076750135,-0.030810684481914558,-0.03180289234058283,-0.1618755563417582,-0.19769304829451664,-0.24388409439706557,-0.16909601184628387,-0.07903978461746419,-0.038457578232994095,0.006821770105257782,0.12176444071510381,0.128948447798429,0.09797750962349562
002,seed2,250008,T5c,11.141969380164507,12.562969189245724,1.2616520079447815,1.3317743064252483,11.314392303841785,11.333254551829643,11.153148936142372,11.406437832216284,11.403130739133665,11.392913116016597,10.976833250403569,10.990513434737469,10.992220299534925,12.106738535127759,11.40213430211382,11.450956109691097,11.378985623868594,10.214644430679025,10.227865693043405,10.527340924252089
002,seed2,250008,T5d,-0.13093573244930942,-0.05283323262530263,0.8948559475589162,0.7979651395474067,-0.12307558178349527,-0.11226603180470907,-0.10763138093344989,-0.1297287274636209,-0.13263915131121967,-0.12996085254267306,-0.12068110111545485,-0.1244986368129416,-0.1312118862545552,-0.14078363816936793,-0.1387450532450807,-0.14024376975929165,-0.14248566174055882,-0.1440799562507764,-0.14080205740168827,-0.13613823260006758
002,seed2,250008,Tm1,0.9413227465171006,0.8756693091667187,0.07623430377626385,0.11622998676069199,0.9765891452850811,0.9716971293443122,0.940857496343026,0.9673979742744429,0.9668400247326836,0.9667351023520079,0.9298078704909546,0.9297529746461842,0.9295707195459888,1.026590936729134,0.9661148009576351,0.9720260835057655,0.9651363633728058,0.838690271126248,0.83824155120471,0.8751155003626285
002,seed2,250008,Tm2,10.742463036541842,11.674437228998428,0.544928258951469,0.6007003657224999,10.711678841342213,10.823166962916579,10.764559137060637,10.983529227831491,10.979443279549418,10.974576234718299,10.626662576297782,10.64690050994474,10.630826148494107,11.653218318503379,10.995173817732464,11.018004517234482,10.947906488320701,9.956121993808905,9.96359186035254,10.204048670561736
002,seed2,250008,Tm3,4.929355660337859,7.194999554331432,2.457677313690014,2.2289220844030093,5.63119171798144,4.952900106724141,4.723934536321338,3.786491590639546,3.783548027367412,3.8092771142708273,4.81800111867539,5.087547721410229,5.285796623854496,2.271608687057347,3.934227505290169,3.860109592908567,3.865027093069096,8.180136413825611,8.13601872392164,6.743873992088496
002,seed2,250008,Tm4,0.4375424174581052,0.14757608283635895,0.18872955283722131,0.24231177778428536,0.5895802217033546,0.5615791786831175,0.47749354663779203,0.4902087074858712,0.48823559738537947,0.48661326171358654,0.37714807836402003,0.3791413911257099,0.3741114638815236,0.6612970095634171,0.4919691901715845,0.5080233892764727,0.4857787484542184,0.18223507353011006,0.18620160520387166,0.2610622161496547
002,seed2,250008,Tm5Y,-0.1088514425140617,-0.3765455624233962,0.45089861848333473,0.48212076389279684,-0.2731727751952321,-0.14462481254166648,-0.12452797693356703,0.07197237590420869,0.0730612860875005,0.07217008918601295,-0.09518045836597185,-0.13283113863205484,-0.15780398413918695,0.30280782998941225,0.04305039287987842,0.05112195711404645,0.054206852490100446,-0.5655341341747965,-0.5495008656738298,-0.3668377182198412
002,seed2,250008,Tm5a,0.12544117437847127,0.02589831426594779,0.09028599820485994,0.09733428533045663,0.06594014935993159,0.10187604639859789,0.11109231679084978,0.16804302572786983,0.1686437636225748,0.1684510127617263,0.13722061793112786,0.12486421496313058,0.11769871417093472,0.19723196800632029,0.15811928917124304,0.15895092936887262,0.16428961405699044,0.03817612861952658,0.04218218047245549,0.08427881863338822
002,seed2,250008,Tm5b,0.40996683015020324,0.4322048394318189,0.24409047519388116,0.25485974445716114,0.12712472800382427,0.20340023394686985,0.26814798632360254,0.5148729213258967,0.5180730071369606,0.521510565851979,0.46533652387518076,0.4193716937222683,0.3582048038627834,0.4605320954413751,0.47913307594277504,0.4864225363289102,0.5064036621533893,0.40660462186357904,0.3893356279491985,0.4349951986746602
002,seed2,250008,Tm5c,-0.011551213314080239,-0.46791597587138123,0.5447740712778898,0.5600471440212,-0.2091774723552627,-0.035334794291478566,-0.026069247267588767,0.2973359102761163,0.2975423773020849,0.2919218860511194,-0.031184827399261865,-0.09635128054368063,-0.1326063952380717,0.7560783305322707,0.2399523066329247,0.2747729849839544,0.2664841428006609,-0.8097145465123511,-0.7835392716370391,-0.48492951635968035
002,seed2,250008,Tm9,2.9136891750890075,2.48998159468794,0.3837809333471365,0.36988901639991256,2.8464266891122363,2.935829426029932,2.9228203839820077,3.065881305945399,3.063555286376221,3.062193138965621,2.8834245483893466,2.8702748998028222,2.8613421722316543,3.411311188989141,3.0534885959924507,3.06495368247968,3.042380679848291,2.4549326263461126,2.465431524889645,2.6147806520435593
002,seed2,250008,Tm16,0.07652564174040713,0.05956736242861374,0.05164612000355344,0.045920979806015706,0.08639884630192958,0.08745203414184641,0.08739676938302447,0.06783799097085973,0.06691972793419954,0.06880527796795663,0.08065434725649641,0.08520860104345626,0.08380945233609421,0.06859206154134548,0.07719705538269087,0.07239136467776591,0.06681515547411707,0.07717141954681349,0.07508682722852911,0.07267333665938891
002,seed2,250008,Tm20,0.3429637952554963,-0.1469899769165216,0.8430670500947263,0.8521954996606331,0.12091731240122909,0.35363873832286885,0.39600062710730344,0.680046632107807,0.6797709474666889,0.6727327099209457,0.3279931341574349,0.2682971844236508,0.24737234073942949,1.2520574565723679,0.6206825938843055,0.6276717409331366,0.6177973276692674,-0.5905479047301481,-0.5619149234565686,-0.22509519343177856
002,seed2,250008,Tm28,0.03884508081853297,-0.3503069499109014,0.19844178481652408,0.26462282598656783,0.024484305256646972,0.0643675637984698,0.01444012348667142,0.1609614304553993,0.16231693251182944,0.16078308467432445,0.021263095929182216,0.00019182614956213538,-0.0050270274881047475,0.32691727379961744,0.13743020698388025,0.15238961085670527,0.14913951973002934,-0.29974510561421003,-0.2894586540286167,-0.15893289340485914
002,seed2,250008,Tm30,0.5927349055689681,0.5927995525806853,7.463944375501485e-05,8.342311707007068e-05,0.5927699129682309,0.5927458411963571,0.5927399145147341,0.5926983194815798,0.5926975426123311,0.5926983457125838,0.5927279328588969,0.5927370074738578,0.5927419308237164,0.5926668896754471,0.592703878028052,0.5927026091373413,0.5927004909548449,0.5928250588383654,0.5928227234915953,0.5927800913355552
002,seed2,250008,TmY3,0.030290215373923735,-0.3201099519553916,1.0435979383271536,0.8793869286431065,-0.08800428508045914,0.03372506352681434,-0.02084375596908795,0.15075839950177358,0.15656671448121165,0.1518675246987693,-0.0021521298812854917,-0.04103600010973367,-0.0705197258141982,0.18951377694000296,0.0975544718157464,0.12411619184213203,0.16156153378235727,-0.1541479535380199,-0.15057462708011837,-0.053741753133125014
002,seed2,250008,TmY4,0.23148778028812506,-0.3972619011289028,0.9093895905206029,0.9735557159001595,0.3994564916952754,0.5509286006084603,0.4896553288477416,0.4933314493640317,0.48754626520019384,0.4679340631050031,0.19007034677089857,0.14214788448122356,0.1185639033320098,0.8867452094912652,0.49209056455453404,0.4173497962510929,0.39115286682578704,-0.7411077301105777,-0.7225570685833422,-0.35950348722359665
002,seed2,250008,TmY5a,-0.7514491153117716,-0.3153965198538226,1.0293280873755672,1.2372744063914145,-0.8145359609229557,-0.7123485811522307,-0.6211637927451781,-0.7455576414438726,-0.7608501957445284,-0.7560886426522668,-0.88613491024171,-0.8797002112849432,-0.905275781134766,-0.215059063197908,-0.7033438243573834,-0.7253847656093395,-0.768291091065384,-0.8240033102813393,-0.8012646280238137,-0.9041834451307267
002,seed2,250008,TmY9,1.4109581797834534,1.2110146896838727,0.2535220241426782,0.20105803512487733,1.5052263086943292,1.4989001684831194,1.4822088767540602,1.4400451861208259,1.4363495042581171,1.4283839152523945,1.3621371017807733,1.3598368551029243,1.3806877336786458,1.5517658382323511,1.4512599755342064,1.4330784533167678,1.4090440323775253,1.2745642252090739,1.2671503542427713,1.294692347497368
002,seed2,250008,TmY10,-0.6183697014532976,-0.987270745124438,0.4522286523978156,0.484963644953268,-0.8135719995630273,-0.6425608900802735,-0.6240317455753758,-0.3921193224201107,-0.3908583243845348,-0.39227265105447146,-0.6099123851088716,-0.6565300716358643,-0.6823743167806717,-0.1054530062677207,-0.4332682450938032,-0.42263089741612314,-0.4143999682142122,-1.1988882421908886,-1.173992961273502,-0.9410501961933122
002,seed2,250008,TmY13,-0.23432928839333203,-0.2545455398347071,0.5777541664402197,0.6539997650805937,-0.2839970406175859,-0.2246068493063961,-0.23249323373142472,-0.18050347705799236,-0.18277043596700598,-0.180576773072062,-0.25538055048390046,-0.2663089022032617,-0.26793287027441226,-0.06236030950770298,-0.20871865085659397,-0.19868926072380816,-0.19329411921384593,-0.35339748285621686,-0.3379409205167194,-0.3202977379043838
002,seed2,250008,TmY14,1.3997409044084446,0.8616898141317935,1.2545392352958782,1.3884362445351415,1.4328495830253551,1.2937502323251975,0.9997982410429852,1.607466039655862,1.6091646393403234,1.5954844252039755,1.1283876157536241,1.0962277543309937,1.109275616628238,1.7021803692443072,1.5083966597984446,1.649445356733596,1.6741514346168356,1.2742816091752152,1.309594472467992,1.4054004211921696
002,seed2,250008,TmY15,3.8252396302403637,3.846784976635247,0.928778729893295,0.8692907659489273,4.910655486932988,4.605319218546276,4.368588083314912,3.274921157650246,3.262120114525215,3.2704678411374646,3.7545378466130304,3.9128212152485538,4.037059689700687,3.0861615483435942,3.423766898728606,3.331602549224307,3.242236510421384,4.3710284662436845,4.355541356360534,3.997006100854331
002,seed2,250008,TmY18,0.02896856475775175,-0.13281877514219684,0.9016616114076081,0.934734518368642,0.19760973367797421,0.23652924208006665,0.1224313176665249,-0.005395242771981125,-0.004021310088600606,-0.004992481647705179,-0.047683603516825115,-0.033376177568918634,0.014337968097253146,0.027332186902422395,-0.026117747036375944,-0.03309066694897655,-0.007116174981664533,-0.03137872275029628,0.02689767470944988,0.031531040301680746
