# PREVIEW DIAGNOSTIC -- NOT A TEST (n=4, critical rho 0.90-1.00)
# script_sha256=195a89b555bedf3a0ff00a4c4e0542eafa6370243fbf9ed954f5fe8fbf7f4082 chkpt_iteration=0 primary=mean_window(aggregate over the 16 items)
run,label,chkpt_iteration,type,mean_window,last_step,std_window,std_last_step,mean_window_item_02_ambush_2_split_00,mean_window_item_02_ambush_2_split_01,mean_window_item_02_ambush_2_split_02,mean_window_item_07_bamboo_1_split_00,mean_window_item_07_bamboo_1_split_01,mean_window_item_07_bamboo_1_split_02,mean_window_item_09_bandage_1_split_00,mean_window_item_09_bandage_1_split_01,mean_window_item_09_bandage_1_split_02,mean_window_item_12_cave_4_split_00,mean_window_item_13_market_2_split_00,mean_window_item_13_market_2_split_01,mean_window_item_13_market_2_split_02,mean_window_item_16_mountain_1_split_00,mean_window_item_16_mountain_1_split_01,mean_window_item_16_mountain_1_split_02
000,seed0,0,R1,0.9204951230295767,0.9777208194033282,0.15220835137188152,0.13732897182318998,0.9581400058863896,0.9113383803842134,0.9178498905074577,0.8061006143234474,0.8065219215707705,0.8095580150139483,0.9433838382735331,0.9632529332892824,0.972116490234408,0.6170488196255925,0.8235145187535,0.8081861558552423,0.8164406422665147,1.238473222779831,1.2263263867896737,1.1096701329194225
000,seed0,0,R2,0.9393256176480103,0.996550886955076,0.15220428786755846,0.1372844990953221,0.976970127617602,0.9301682477189169,0.9366802166367204,0.8249300401332308,0.8253513509684067,0.828387484919595,0.9622147709110573,0.9820840174402015,0.9909476404319856,0.6358763887217572,0.8423441407977295,0.8270155447345336,0.8352701539698156,1.257306998701516,1.2451600961996845,1.1285026624654102
000,seed0,0,R3,0.829869762530819,0.8870948583957184,0.15207401384267222,0.13717826565532576,0.8675146150409182,0.8207129832775681,0.8272245220044283,0.7154752121109322,0.7158965214632254,0.7189326144806556,0.8527584937673666,0.8726275993958014,0.8814911541243532,0.5264233466542627,0.7328891290199326,0.7175607536861289,0.7258152471284347,1.14784799466186,1.135701156861243,1.0190448568159929
000,seed0,0,R4,0.9693258093982605,1.0265722195830986,0.15226950567147055,0.13739194462792514,1.0069648160290454,0.9601444560264586,0.9666751721468282,0.8548749366617567,0.8552964522070592,0.8583340996780772,0.992234613464295,1.0121118853951128,1.0209771897669637,0.6657256851042525,0.8722978360940612,0.8569597965491298,0.8652197364485215,1.287472994451963,1.2753202406092752,1.1586030397393667
000,seed0,0,R5,0.9562994552805927,1.0135458971008182,0.15230644486241784,0.13741792474806813,0.9939384877185719,0.9471181119323273,0.9536487983805791,0.8418486111145078,0.8422701218277837,0.8453077662710344,0.9792082379619886,0.999085491618733,1.0079508161185187,0.6526994086006314,0.8592715114768434,0.84393347499068,0.8521934100229105,1.2744465770135311,1.262293814870835,1.1455766445700073
000,seed0,0,R6,0.9383513164748508,0.9955766773401615,0.15220976441419126,0.13733115485099565,0.975996160782078,0.9291945121696689,0.9357060728245898,0.8239567034762872,0.8243780123955993,0.8274141089037454,0.9612400762891802,0.9811091888794123,0.9899727457305012,0.6349047290799356,0.8413706270153745,0.8260422428690115,0.8342967397937662,1.2563297345779638,1.2441828880474568,1.1275265207630418
000,seed0,0,R7,0.914636404555415,0.9713877443761543,0.15085870692446307,0.135906004492773,0.9521497311625995,0.9057522017565581,0.9120664766029908,0.8012670187716179,0.8016848304462665,0.804693128255386,0.9372393686629203,0.9569439107880262,0.9657527126950545,0.6139489399080634,0.818522735845282,0.8033487405488462,0.8115181847848773,1.2296501415612462,1.2176114541813012,1.1020328969156032
000,seed0,0,R8,0.9295083316585537,0.9862596860333719,0.15085871313951052,0.1359060102642941,0.9670216604426569,0.9206241291166176,0.926938404686408,0.8161389381850807,0.8165567499444654,0.8195650478672551,0.9521112967298032,0.9718158414569297,0.9806246434951952,0.6288208581104191,0.8333946560906063,0.8182206596274977,0.826390104673689,1.244522086796499,1.2324833960973771,1.1169048332163596
000,seed0,0,L1,0.44875829780659016,0.44540584690600177,0.010454941386609917,0.010179145667657898,0.44784465887158814,0.4507209518880438,0.44929750801248797,0.4560687034774505,0.4560437068911515,0.45584564069066397,0.4467122240170279,0.44554115511197967,0.44515303017238306,0.4684377060291175,0.4549403811026048,0.4560433093225906,0.4554351908995688,0.42760615244032446,0.4283772066090871,0.43606523936937325
000,seed0,0,L2,0.4661254146069175,0.4632628288419708,0.008711963596319337,0.008506635424932695,0.46534880671789675,0.46779889121506973,0.46658580367880953,0.47235814195420794,0.4723368202164335,0.4721676124407085,0.46438066184252047,0.4633814242589655,0.46305004221267076,0.48290260768238447,0.4713956415208882,0.47233661709769253,0.47181812704704845,0.44809222753972183,0.44874896544565274,0.4553042428400083
000,seed0,0,L3,0.35835191426758656,0.35503407871291226,0.011515339477081384,0.011205493382053016,0.3574362504891482,0.36026800967308586,0.3588808283891823,0.36554194177280025,0.3655174432469638,0.36532228124042493,0.35634568026612257,0.35519203207198513,0.35480791941471146,0.3777031280803036,0.364432196937057,0.36551584216266153,0.36491876995183226,0.3375577090672332,0.3383155156965477,0.34587507982132504
000,seed0,0,L4,0.6412091035477239,0.641167523155968,0.0038829261650844844,0.0038767934783272727,0.6412232520841525,0.6412623878945591,0.6412280364047308,0.6413276133462062,0.6413269178773925,0.6413225997564862,0.6411682932948933,0.641149066239802,0.6411412545881557,0.6415317734364995,0.6413075007115918,0.6413303464981788,0.6413181451752514,0.6408563904763922,0.6408622536472407,0.6409898253320492
000,seed0,0,L5,0.5249086047733273,0.5248917860602869,0.0011680662908616327,0.001167116348762702,0.5249137753649162,0.524926930407628,0.5249124308585623,0.5249497193486615,0.5249495891422734,0.5249484060954781,0.5248935829005856,0.5248877684364868,0.524886526930018,0.5250210043936763,0.5249432147561925,0.5249503559940567,0.5249463153778267,0.5247850112854691,0.5247892492294477,0.5248337958519569
000,seed0,0,Lawf1,0.4787518308081521,0.47872852998959825,0.0034082792403841715,0.0034100628095943266,0.47875745414597237,0.4787765388324008,0.47876646432086717,0.47880393000758775,0.4788003210493218,0.4788029425149042,0.4787399494005897,0.478724357655378,0.47871735323735376,0.4788905779096654,0.47879376889971204,0.4788042603772345,0.47879502663646284,0.47860197456387005,0.478599552222626,0.47865482115648633
000,seed0,0,Lawf2,0.43575910551821806,0.43579382762858054,0.02717880389519916,0.02717344188573991,0.4357512429296001,0.43570243370363393,0.4357395862479036,0.4356248925917033,0.4356262553876977,0.43563076091733394,0.4358065714923347,0.4358291881537535,0.43583100140700515,0.43539662174577654,0.4356459810966398,0.4356236808426012,0.4356355935880324,0.4361578183142636,0.43614680509620574,0.4359972547770032
000,seed0,0,Am,0.5270319382550296,0.5241664089391656,0.010478947520211578,0.010205209903165976,0.526253661326289,0.5287000631916127,0.5274908877351165,0.5332532007417714,0.5332319918002069,0.5330630876960933,0.5252913770001075,0.5242941318754102,0.5239630642436166,0.5437781335659396,0.5322926622261287,0.5332315980075716,0.5327141152754239,0.5090330060907277,0.5096886211197601,0.516231410184697
000,seed0,0,C2,0.5916947086597437,0.591795830559838,0.013693343496724793,0.013697232774377038,0.5916696759144906,0.5915856676504286,0.5916631205981381,0.5914518088164342,0.5914520233084194,0.5914597006780762,0.5917803058139823,0.5918185795973806,0.5918265563067715,0.5910370415502878,0.5914926230266754,0.591450304204234,0.5914739322397812,0.5924244198963646,0.5923982049427645,0.5921313740116713
000,seed0,0,C3,0.5758840104718738,0.5758839707806107,0.003795658625168203,0.003796142727971071,0.5758849316140979,0.5758819777306668,0.5758842071489886,0.5758763623634423,0.5758763520752342,0.5758764680335492,0.5758866619943911,0.5758875202186065,0.5758872975237492,0.5758632699469424,0.5758773099222891,0.5758764622900919,0.575876937808673,0.5759066187103643,0.5759050153433531,0.5758967748255406
000,seed0,0,CT1(Lo1),0.6034257091318314,0.6034243117020712,0.001731904669092582,0.001730458678469003,0.603428362892752,0.6034289178566364,0.6034260731939635,0.6034306442811983,0.6034306296197782,0.6034304461143549,0.6034233625198038,0.6034226634672709,0.6034226489897907,0.6034392188991651,0.6034297264771389,0.6034308315563468,0.6034302184820671,0.6034103324587733,0.603410817536005,0.6034164517642554
000,seed0,0,CT1(M10),0.5577130571976511,0.5577193644212949,0.001968459437450695,0.0019663614598860995,0.5577103733086388,0.5577063739692454,0.5577117521393317,0.5576992666733742,0.5576993327717013,0.5576997253005282,0.5577183099998351,0.5577202870635815,0.5577206656006107,0.5576753015698407,0.5577015312241286,0.5576990153625008,0.5577004175431683,0.5577547950838043,0.557753404782731,0.557738362769396
000,seed0,0,Mi1,0.4578419142686885,0.4583018940980656,0.0026400493949714173,0.0025951679387184647,0.45797300388450096,0.4575861013702398,0.4577701593755684,0.4568626871324776,0.45686603217655675,0.4568926616438797,0.45811255286950187,0.4582706349722308,0.4583237992101007,0.4552081932937635,0.4570140272761266,0.4568667864729229,0.45694772894914043,0.46067044934911483,0.4605673934628827,0.45953841686000774
000,seed0,0,Mi2,0.49040978179848016,0.4903534804774389,0.004156600044625162,0.0041543189895675,0.49042977015184286,0.4904800503102651,0.4904252702316033,0.49056277120183645,0.4905621691008877,0.4905577782732687,0.4903530295643745,0.49032883852844283,0.49032751417689113,0.49082427874786194,0.4905378512273466,0.4905637608879812,0.49054966572356956,0.48994863185509746,0.489967862641679,0.49013726615273334
000,seed0,0,Mi3,0.47094374118494214,0.4709274927735453,0.0011787485056688643,0.0011775441265662514,0.47095214300343285,0.47096072682353896,0.4709455943750359,0.4709806415579189,0.4709807853923591,0.4709790765009457,0.4709260759567752,0.4709205526646727,0.4709214143052015,0.47104384102619645,0.47097606303663764,0.4709817748005281,0.4709790061937126,0.47083295792361896,0.4708383683554424,0.4708808370430576
000,seed0,0,Mi4,0.3748989924497841,0.37538655431638895,0.019439759460847555,0.019456633254341146,0.37505319668251336,0.374671464147829,0.3748353538169279,0.37395777483670967,0.37396093388081597,0.3739857789826542,0.3751512581831291,0.37530229878760396,0.375354914460202,0.3723682160909067,0.3741011398623539,0.3739632344010303,0.3740395695456768,0.3776082116578306,0.3775075695912733,0.37652296426908816
000,seed0,0,Mi9,0.5060327581729323,0.5059837157658499,0.004612447877677544,0.004614690718735825,0.5060484643886061,0.506093715722369,0.5060464481416258,0.5061700616419398,0.5061695300610982,0.5061657195675721,0.5059836075577921,0.5059635211624485,0.5059592324491182,0.5064073737426538,0.5061479274116343,0.5061717502163121,0.506158359545114,0.5056204081511695,0.5056346592455897,0.5057833517618716
000,seed0,0,Mi10,0.5018686138267207,0.5018776095835247,0.002478617827024917,0.002478849560367154,0.5018669126671578,0.5018638297584782,0.5018652641316476,0.5018611714099218,0.5018615814171287,0.5018613679316437,0.5018688759809146,0.5018712892105361,0.5018736799365108,0.501849427580544,0.501864239579679,0.5018618894774522,0.5018626561483959,0.5018904813150675,0.5018908194680899,0.5018843352143626
000,seed0,0,Mi11,0.606445896334755,0.6064512320534532,0.0027751125271166174,0.0027767438573763504,0.606440592357752,0.606438259358793,0.6064448796471015,0.6064330750898084,0.6064330350488796,0.6064336517151452,0.6064522493584147,0.6064541730363225,0.6064536521363688,0.6064108667422434,0.6064349669089926,0.6064325581476526,0.6064339809419377,0.606485565856161,0.6064839884659455,0.6064688465445613
000,seed0,0,Mi12,0.5229038269908766,0.5229007759223203,0.004189967396908542,0.004190295821242495,0.5228993096728597,0.5228964636420079,0.522902476812368,0.522890087067254,0.5228902383791424,0.522890763294763,0.5229097405538976,0.5229122328196089,0.52291220413539,0.5228668026450437,0.5228925170084971,0.5228897628915625,0.5228911865580098,0.5229451380370393,0.5229439194589316,0.5229283888776491
000,seed0,0,Mi13,0.5329255090503283,0.5328773789097466,0.004616505247893516,0.0046119785834695375,0.5329403608624051,0.532985148966395,0.5329444084807342,0.5330551161907418,0.533053878563535,0.5330501792066306,0.532882646232554,0.532860036845346,0.5328538902672253,0.5332772256307893,0.5330321114515465,0.5330564627245626,0.5330428919601208,0.5325385449229432,0.5325476007512805,0.532687641748443
000,seed0,0,Mi14,0.5258557648688617,0.5258795185151527,0.006376299655821423,0.006379533323271243,0.5258461378308094,0.5258355219418316,0.5258506646289408,0.5258170930815967,0.5258174183588584,0.5258186778717582,0.5258707164974052,0.5258774109308744,0.5258781940147964,0.5257507831891599,0.5258239464263396,0.5258164468289828,0.5258204657176248,0.5259726126857835,0.5259694180710969,0.5259267298259286
000,seed0,0,Mi15,0.6282059230627273,0.6291264138247782,0.007554071010425771,0.007659439006002404,0.6284295758927415,0.6276386483821723,0.6280389264432633,0.6261913914620959,0.626189448999631,0.6262481871036485,0.6288175133205486,0.6291250167851143,0.6292014737028355,0.6227964091234829,0.6264946208871518,0.6261993833847251,0.6263531637795259,0.6340910681243083,0.6338274187502683,0.6316525228621229
000,seed0,0,T1,0.43427295586728487,0.43136342495535185,0.008439347544215454,0.008374827386546482,0.4335078029708625,0.435995344001278,0.4347440550865893,0.44061790609760687,0.440596190472127,0.4404239087273856,0.4324882391173698,0.43147272268379944,0.4311379768419365,0.45135634612193876,0.43963751021602115,0.44059767396332655,0.4400683480466042,0.4159030578596498,0.4165717649631378,0.4232484467069254
000,seed0,0,T2,0.6784310174266318,0.6785398358621231,0.027114799550640577,0.02713596130791962,0.6784139430225309,0.6783925835265368,0.6784185899775503,0.6783598363006826,0.6783602416825363,0.678362640715753,0.6784561842927985,0.6784693931491628,0.6784725010271044,0.6782374499161596,0.6783733771925329,0.6783585353838422,0.6783667638649891,0.6786465721863649,0.678642960157292,0.6785647064302731
000,seed0,0,T2a,0.5170059863508947,0.5170215352925365,0.004558051465126487,0.004562467619456287,0.5170038044018653,0.5169915533677547,0.5169998507672889,0.5169732749255456,0.5169736890920571,0.5169747110833407,0.5170159660176413,0.5170223694702869,0.5170242229473987,0.5169179100465758,0.5169793384653436,0.5169730670512467,0.5169764527046069,0.5171026062669851,0.5171011042351036,0.517065860771273
000,seed0,0,T3,0.5503751241789301,0.5504066278426889,0.00749094962763985,0.007495928048134499,0.5503675817203256,0.5503451379881488,0.5503682573815489,0.5503067041485055,0.5503068365580331,0.5503089031692847,0.5504000649290177,0.5504105059721929,0.5504121623509635,0.550189395294358,0.550317688602515,0.5503061295196352,0.5503123632127138,0.5505804093862043,0.5505723396323919,0.5504975069970429
000,seed0,0,T4a,0.27266278637494973,0.2727971750204341,0.04837933107011609,0.04835705493571443,0.27262031277964577,0.27256801926612273,0.2726427704969036,0.272471149290567,0.27247260023946984,0.2724787032378943,0.272738682260109,0.27277101010042826,0.2727745465055914,0.27214404048757246,0.2725041259359181,0.2724689354554295,0.2724863590236014,0.27323806074586143,0.2732179131059186,0.27300735306816276
000,seed0,0,T4b,0.21545230662795728,0.21556276369364558,0.06235545892981892,0.06233077795792725,0.21545412394420943,0.21543104756990356,0.21544641152220606,0.21539684498835046,0.2153966584846109,0.21539817488805268,0.21546856738916303,0.2154754666784641,0.21548087495209933,0.21529909313479428,0.21540521181830505,0.2153960118475841,0.21540207319509305,0.2156181907805713,0.21561362799954567,0.21555452685436333
000,seed0,0,T4c,0.23082662981301263,0.23097597749002186,0.06508011603530028,0.06504543622024973,0.2308152598198426,0.23077544863032234,0.23081332495107976,0.2307044724940262,0.23070557117307153,0.23070952033626635,0.23086988796246205,0.23088808050495416,0.23089440491220992,0.23049297471028257,0.23072361405189673,0.230702014007036,0.23071343321844046,0.23118911165738903,0.23117988179702614,0.23104907678189618
000,seed0,0,T4d,0.37402081479235766,0.37408443909246947,0.031088682172038765,0.03107718679925503,0.374013909777102,0.3739982513300092,0.37401540680645085,0.3739741305165746,0.3739744010129517,0.37397542171872605,0.37403776371094616,0.37404392534730013,0.3740455194873717,0.3738925570433497,0.37398177026234947,0.37397316506600087,0.3739781478107306,0.3741632704595917,0.37415844647629737,0.37410694985197096
000,seed0,0,T5a,0.44432906230676517,0.44436471756346185,0.04601121137715541,0.045994132614309076,0.444360433913633,0.44437435214070603,0.4443404364054725,0.44440000457340406,0.44439989370442456,0.44439680609288895,0.4442972464820219,0.44428570546964175,0.44428430894976173,0.4445212934016354,0.4443866242255482,0.44440199341754144,0.44439363356540174,0.4441095520353433,0.4441156506249048,0.4441970619059137
000,seed0,0,T5b,0.465466207027146,0.4654948868002128,0.03724109919981758,0.037227929522869005,0.46549998139768806,0.465511870737628,0.46547448664448954,0.4655377829486141,0.4655379186091163,0.4655346585243899,0.46543171170907777,0.4654212214724365,0.4654212935611957,0.46566066082551477,0.46552529004550997,0.4655401794242463,0.4655317777517185,0.46524370149625327,0.46525154641097044,0.46533523087548645
000,seed0,0,T5c,0.4178197911285618,0.4178723956376893,0.03671828993561571,0.0366984730491894,0.41785710695175127,0.4178726400678846,0.41783211908914186,0.4179029349067175,0.41790277280853794,0.4178992380980976,0.41778196517724275,0.41776795571310854,0.41776713094107,0.4180449995900739,0.4178873200760056,0.4179052200628218,0.41789576587953114,0.41756289314566464,0.4175705787564283,0.41766601679291215
000,seed0,0,T5d,0.520844646212393,0.5208946673713635,0.03483609742788382,0.034823040984786044,0.5208830416264546,0.5208993775080295,0.5208577490826338,0.5209300558895246,0.5209297888001605,0.5209263296960626,0.520806533688274,0.5207920774621126,0.5207905955622996,0.5210757868465207,0.5209135644158527,0.5209321690570876,0.5209222885166473,0.5205806056262303,0.5205883131381874,0.5206860624822102
000,seed0,0,Tm1,0.43971082202046485,0.4396885985536979,0.010951614644601482,0.010951000813844657,0.4397165491257312,0.4397346199736846,0.439715974134149,0.4397657784660464,0.4397656143104318,0.4397640233975674,0.4396910836995061,0.4396830766184071,0.43968145909219275,0.43986073485297894,0.4397570952287412,0.4397664629098614,0.43976118026117844,0.43954621139557287,0.4395519497345786,0.4396113391268103
000,seed0,0,Tm2,0.4442420974477154,0.4442205297141936,0.0074212753594124145,0.007422895376696589,0.44425064600001746,0.4442723668760383,0.4442485325730791,0.444310064996165,0.4443098438461924,0.4443078455157402,0.44421732277608117,0.4442074628957597,0.44420544848094046,0.44442754264161427,0.44429921033416314,0.4443110208818883,0.4443043590687351,0.4440380286926535,0.4440450604121497,0.44411880317222885
000,seed0,0,Tm3,0.6186973263052307,0.6189866670499067,0.008489286453722869,0.008533195639641906,0.6186034257054825,0.6183592594095638,0.6185925762671538,0.617954326982141,0.6179575237896338,0.6179832514070605,0.6189636045599282,0.619085312627473,0.619115891151554,0.6166837098239696,0.6180793589572635,0.6179440275578656,0.6180154862561769,0.6209192888953319,0.6208563085795277,0.6200438689135644
000,seed0,0,Tm4,0.3364736263177792,0.33635279055214623,0.01850267343519635,0.018509850352414016,0.3365209040938567,0.33665386785684615,0.3365404876638798,0.3368726556379239,0.3368692521362381,0.3368549014148451,0.33633885459455126,0.3362695596523159,0.3362444786429819,0.33755521069225264,0.33680242071349314,0.33687956125246826,0.3368389657875536,0.33528984773196224,0.3353089630707126,0.33573809014258693
000,seed0,0,Tm5Y,0.5394479368476199,0.5393822323040063,0.006811570177823563,0.006808246693338016,0.5394764387347167,0.5395393158108946,0.5394679319594007,0.5396466267319725,0.5396460702511044,0.5396397937745393,0.5393722304999414,0.5393416304632133,0.5393397360874778,0.5399873754001852,0.5396151466483712,0.5396490831749614,0.5396307124654232,0.5388492298440366,0.538872698071347,0.539092969644334
000,seed0,0,Tm5a,0.4894136508029657,0.48888357092681933,0.0027453446181207168,0.0027640833896910707,0.48929973318552833,0.4897549650788142,0.48950806720784235,0.49059089361257263,0.4905865975716326,0.4905542398778394,0.4890740596470985,0.48888519180527823,0.4888254513687632,0.49258539321601136,0.4904072422487726,0.4905886800244099,0.49048895901908657,0.4859932409018155,0.48611599106997805,0.4873597070120077
000,seed0,0,Tm5b,0.5558558471009378,0.5538958556970759,0.011526903638286984,0.011442465491635826,0.5554325564765732,0.5571086119999917,0.5562334308894182,0.5602345596053397,0.5602263987260698,0.5600908781511607,0.5545497485466206,0.5538511519107175,0.5536449743251366,0.5676349629848245,0.5595671442878559,0.5602368121586958,0.5598808788166131,0.5431340350398741,0.5435998322201915,0.5482675774759209
000,seed0,0,Tm5c,0.558621895509732,0.5575677993424475,0.006606047884929945,0.006480746426439532,0.5584022571925648,0.5593209183083822,0.5588417794953273,0.5609880836615945,0.5609757509914416,0.5609092976531108,0.5579539228308217,0.5575565535177303,0.5574264224995854,0.5649885992960029,0.5606091160363362,0.5609840143260117,0.5607784587223388,0.5517580693993258,0.5519794387538788,0.5544776454712581
000,seed0,0,Tm9,0.4332128413280552,0.43319596953421374,0.01743269014083327,0.01743402256386946,0.4332324898203682,0.4332659742072867,0.4332243288460288,0.43332339518712554,0.4333231462726316,0.4333197260624244,0.4331707629443621,0.4331545184073187,0.4331519639948784,0.43351425145250244,0.43330534714559577,0.43332507438265333,0.4333139177726972,0.4328783737058943,0.4328903009363252,0.433011890110791
000,seed0,0,Tm16,0.4759647029162037,0.4759110075792352,0.006412458593256603,0.006420876362763662,0.4759725014292912,0.4760027031772015,0.475977270376459,0.47605022377180817,0.4760498340227402,0.47604715317363705,0.4759349044076531,0.47592028787103846,0.47591707009341616,0.47619511723807717,0.476035530759789,0.47605042786088125,0.4760429717124996,0.47570917962142245,0.47571814987761957,0.47581192126572536
000,seed0,0,Tm20,0.49171769672296894,0.491161665407716,0.0046104494214277165,0.004599018579244117,0.49161701722796514,0.49210007015548546,0.49181815255304145,0.4929861240440284,0.4929816329332479,0.49294676532279097,0.4913434896912639,0.49114260883709937,0.49108126411077546,0.49513983832524977,0.4927887098912807,0.49298564319947047,0.4928768440419692,0.48802198866555324,0.4881550998539351,0.4894978987143457
000,seed0,0,Tm28,0.5793589003430615,0.5792808823039479,0.00957549485642531,0.00955160133904304,0.57938602243275,0.5794542518489567,0.579382007171228,0.5795699096833784,0.5795691056964964,0.5795629577295294,0.5792834359175949,0.5792500857754652,0.5792420037307786,0.5799310020410072,0.5795340855434105,0.5795710030772651,0.579551686189459,0.5787265758945938,0.5787498768444861,0.5789783959125845
000,seed0,0,Tm30,0.5302457091326201,0.5302484965832819,0.0012586501895234619,0.0012592816661832688,0.5302431456279656,0.5302418294400184,0.5302450452015404,0.530239154135966,0.530239162528978,0.5302394356191075,0.5302487366738498,0.530249739156186,0.5302496665455763,0.5302277844280376,0.5302402150697086,0.5302389259394593,0.5302396569685202,0.5302659207508071,0.5302652354916655,0.5302576925445364
000,seed0,0,TmY3,0.58542822498451,0.5853674132764422,0.012449462103819012,0.012437045224600166,0.5854399873318356,0.5855088442398672,0.5854509810778866,0.5856278266514885,0.5856273749974994,0.5856207037248988,0.5853581613893317,0.585329607184899,0.5853199379123367,0.5859724611560614,0.5855972047569683,0.5856313296623435,0.5856130924122344,0.5848347397270547,0.5848523870193182,0.5850669605081357
000,seed0,0,TmY4,0.8282864907354726,0.8283189110736906,0.0474330812356812,0.047456031981944424,0.8283011262732636,0.8283079173255727,0.8282871129464011,0.8283252278412595,0.8283252556347153,0.8283242120078134,0.8282679221893814,0.8282637103710029,0.8282642290926177,0.8283920220917041,0.8283191789494472,0.828326248876678,0.8283224915726505,0.8281662821997056,0.828173067510624,0.8282178468847242
000,seed0,0,TmY5a,0.6482378745823583,0.6482473447474544,0.025279117755002398,0.02528203430919057,0.648233493151926,0.6482436851638365,0.6482395736730545,0.6482607538797656,0.648260629307298,0.6482600842885434,0.6482308278715396,0.6482282109630917,0.6482270883724361,0.6483003554289613,0.6482579372668231,0.6482609568063,0.6482594252728062,0.6481712255270404,0.648173868377149,0.6481978779671593
000,seed0,0,TmY9,0.716821090226422,0.7168184058810487,0.022465837081936675,0.022469291843792448,0.7168332650782163,0.7168522970521003,0.716827213075968,0.7168858411924683,0.7168856684774698,0.7168837968254882,0.7167963384362597,0.7167868576685532,0.7167854622233757,0.7169978038220564,0.7168751844193337,0.716886804997921,0.7168803581975702,0.7166252184054722,0.7166322455657503,0.7167030881847487
000,seed0,0,TmY10,0.5361495794783941,0.5359847865916076,0.0021280033280338456,0.002119101075034986,0.5361953324298585,0.5363392552766489,0.5361991900449488,0.5365726866313719,0.5365718621982782,0.5365596505664753,0.5359958235417258,0.5359327707103816,0.5359218444887051,0.5372978323912985,0.536503696139907,0.5365762144182492,0.5365375398556169,0.53487440161252,0.5349246167669512,0.5353905545813696
000,seed0,0,TmY13,0.4898901787512883,0.4898687388319083,0.005037361876207663,0.005034071463153919,0.4898908594217611,0.4899073251831796,0.4898957841160311,0.48993245007550346,0.489932381760603,0.4899312063948291,0.48987600840163115,0.4898695508211895,0.48986797954850997,0.490004425093883,0.489925607416815,0.48993250357397883,0.4899288909972211,0.489763838315225,0.4897689161421769,0.489815132758075
000,seed0,0,TmY14,0.6299099435376186,0.629987283425093,0.0186040613337726,0.018584858142415825,0.6299285169613345,0.6299255947216869,0.6299123052254464,0.6299255720744019,0.6299255029565749,0.6299242811812277,0.6298986268088984,0.6298960712804209,0.6298970322503131,0.6299520504706113,0.6299223543081468,0.6299268620086114,0.6299245551145854,0.6298590928295449,0.6298603090412406,0.6298803693688526
000,seed0,0,TmY15,1.1383840275217938,1.1385558476973836,0.08826106268659145,0.08830480207193801,1.1383368775806546,1.1382751995230018,1.138346549872717,1.1381815873696142,1.1381815257251013,1.1381897264995955,1.1384625289997345,1.138497985715509,1.1385043364953398,1.1378387874831932,1.138218702700366,1.1381795654907803,1.138199966269624,1.1389988875463501,1.1389796487935375,1.1387525642835814
000,seed0,0,TmY18,0.46247845898258366,0.4625255109589862,0.011896373793770251,0.011884309827427511,0.4624658612877998,0.46244479046305254,0.4624691545053925,0.46240773959893966,0.4624083708232881,0.4624105377972706,0.4625039582526965,0.46251547957115624,0.46251891045501736,0.4622858548048631,0.46242006588494755,0.4624063527772149,0.4624135495854566,0.4626900983749581,0.4626854199404608,0.46260919959882435
900,seed0prime,0,R1,0.920495123041073,0.9777208193981615,0.15220835138324437,0.1373289718204862,0.9581400059917928,0.9113383803862802,0.9178498905033244,0.806100614319314,0.8065219215625037,0.809558014999481,0.9433838382549323,0.9632529332954828,0.972116490248875,0.6170488196545268,0.8235145187493668,0.808186155865576,0.8164406422871823,1.2384732228273656,1.22632638678554,1.109670132925623
900,seed0prime,0,R2,0.939325617650981,0.9965508869447424,0.15220428786442458,0.13728449909880122,0.976970127625869,0.9301682477416513,0.9366802166470543,0.8249300401352976,0.8253513509622064,0.8283874849133948,0.9622147709048571,0.9820840174360679,0.9909476404195852,0.6358763887465578,0.8423441407935959,0.8270155447304001,0.8352701539739492,1.2573069987263168,1.245160096195551,1.1285026624633434
900,seed0prime,0,R3,0.8298697625369547,0.8870948583828014,0.1520740138436803,0.13717826565898084,0.8675146150481516,0.8207129833044358,0.8272245219920281,0.7154752121150657,0.7158965214632254,0.7189326144806556,0.8527584937611665,0.8726275993906347,0.8814911540933521,0.5264233466676964,0.7328891290323329,0.7175607537067963,0.7258152471222346,1.1478479947135285,1.1357011568819104,1.0190448568180597
900,seed0prime,0,R4,0.9693258093943854,1.0265722195830986,0.1522695056719276,0.13739194462792576,1.0069648160042446,0.9601444560264586,0.966675172148895,0.8548749366638233,0.8552964522132596,0.8583340996780773,0.992234613472562,1.0121118853951128,1.020977189773164,0.6657256850732514,0.8722978360795942,0.8569597965305291,0.8652197364299209,1.2874729944684968,1.2753202406216757,1.1586030397310998
900,seed0prime,0,R5,0.9562994552843386,1.013545897111152,0.15230644486410938,0.13741792475375375,0.9939384877537062,0.9471181119240603,0.9536487983805791,0.8418486111310417,0.8422701218133165,0.845307766266901,0.9792082379433881,0.9990854916476672,1.0079508161123185,0.6526994086068314,0.8592715114396423,0.8439334749948134,0.8521934100229105,1.2744465770548654,1.2622938148832352,1.1455766445741407
900,seed0prime,0,R6,0.9383513164709756,0.9955766773349947,0.15220976441210426,0.13733115484621908,0.975996160782078,0.9291945121696689,0.935706072808056,0.8239567034721539,0.8243780123831991,0.8274141089120125,0.9612400762871134,0.9811091888608117,0.989972745732568,0.6349047290696019,0.8413706270153745,0.8260422428690115,0.8342967397854991,1.2563297345779638,1.2441828880474568,1.1275265207630418
900,seed0prime,0,R7,0.914636404555415,0.9713877443761543,0.1508587069244633,0.13590600449277496,0.9521497311625995,0.9057522017565581,0.9120664766029908,0.8012670187716179,0.8016848304462665,0.804693128255386,0.9372393686629203,0.9569439107880262,0.9657527126950545,0.6139489399080634,0.818522735845282,0.8033487405488462,0.8115181847848773,1.2296501415612462,1.2176114541813012,1.1020328969156032
900,seed0prime,0,R8,0.9295083316585537,0.9862596860333719,0.1508587131395104,0.13590601026429577,0.9670216604426569,0.9206241291166176,0.926938404686408,0.8161389381850807,0.8165567499444654,0.8195650478672551,0.9521112967298032,0.9718158414569297,0.9806246434951952,0.6288208581104191,0.8333946560906063,0.8182206596274977,0.826390104673689,1.244522086796499,1.2324833960973771,1.1169048332163596
900,seed0prime,0,L1,0.44875829780717147,0.4454058468388329,0.010454941378342207,0.010179145606714762,0.4478446588891553,0.4507209518580762,0.4492975079866535,0.45606870354978624,0.45604370696452057,0.45584564067929695,0.4467122239178246,0.44554115518534887,0.44515303018478364,0.46843770609835306,0.45494038106023693,0.45604330927505565,0.4554351908510005,0.42760615250335976,0.42837720663802126,0.43606523927327007
900,seed0prime,0,L2,0.46612541459639,0.46326282886263814,0.008711963580247594,0.008506635392255355,0.46534880675406454,0.46779889118613543,0.466585803738745,0.47235814197797543,0.4723368202391677,0.47216761241487415,0.4643806618001526,0.46338142420419715,0.4630500421837366,0.48290260771751903,0.4713956415374218,0.47233661708735886,0.4718181269623124,0.44809222750975425,0.44874896551178833,0.4553042427170375
900,seed0prime,0,L3,0.3583519142580279,0.3550340786354097,0.011515339490636203,0.011205493405773823,0.3574362506079856,0.3602680096679191,0.35888082838504887,0.3655419417097648,0.36551744316739443,0.3653222811773896,0.3563456804004605,0.3551920319820823,0.3548079194002443,0.3777031282694099,0.36443219695152423,0.3655158420872259,0.36491876989293026,0.3375577089628631,0.33831551575028285,0.34587507971592163
900,seed0prime,0,L4,0.6412091035373901,0.6411675231249669,0.003882926179047407,0.003876793515344073,0.6412232521316876,0.641262387847024,0.6412280363716628,0.6413276132966048,0.6413269179703952,0.6413225997936873,0.6411682933134939,0.6411490662563359,0.6411412545654216,0.6415317734116985,0.6413075007177922,0.6413303464444432,0.6413181450429802,0.6408563904825922,0.6408622536100397,0.6409898253423826
900,seed0prime,0,L5,0.5249086047893444,0.5248917860706206,0.0011680663097445132,0.0011671162793683292,0.5249137753711163,0.5249269303456259,0.5249124308378951,0.5249497193197271,0.5249495891464072,0.5249484061182124,0.5248935830204562,0.524887768465421,0.5248865268721494,0.525021004393676,0.5249432148946638,0.5249503559837227,0.5249463154336282,0.5247850113474711,0.524789249210847,0.5248337958684905
900,seed0prime,0,Lawf1,0.4787518307979302,0.47872853006531557,0.0034082792547577515,0.0034100627552308992,0.478757454188374,0.4787765384810726,0.47876646450864585,0.47880393025594037,0.47880032117046945,0.4788029424846173,0.47873994926732755,0.47872435764326304,0.4787173533948458,0.4788905781519606,0.47879376881490876,0.4788042603166606,0.4787950266061759,0.4786019744306076,0.47859955201061755,0.478654821041396
900,seed0prime,0,Lawf2,0.43575910558674213,0.4357938273105679,0.027178803817801703,0.027173442601592174,0.4357512438927239,0.43570243352191235,0.4357395865810595,0.4356248929490888,0.4356262550908861,0.4356307616563348,0.43580657176491694,0.43582918801443365,0.4358310008800127,0.4353966223636294,0.4356459806968525,0.43562368056396156,0.4356355935880324,0.4361578179629353,0.4361468045934429,0.435997255267651
900,seed0prime,0,Am,0.5270319383024353,0.5241664090244185,0.010478947514438446,0.010205209998636954,0.5262536612642867,0.5287000634840555,0.527490887761984,0.5332532006849362,0.5332319918477421,0.5330630877787627,0.5252913770290419,0.5242941319467123,0.5239630643324861,0.5437781335266718,0.532292662232329,0.5332315979786373,0.5327141153332927,0.5090330062291988,0.509688621206563,0.5162314102022642
900,seed0prime,0,C2,0.5916947086425641,0.5917958304720017,0.013693343529514089,0.013697232830059221,0.591669675833888,0.5915856674230876,0.5916631207180091,0.591451808857769,0.5914520233125528,0.5914597008475483,0.5917803059173192,0.5918185796779832,0.5918265562199687,0.5910370416742918,0.5914926229667399,0.5914503041670326,0.5914739320579085,0.592424419751693,0.5923982049778991,0.5921313738773335
900,seed0prime,0,C3,0.5758840104681278,0.5758839709097816,0.003795658608397168,0.0037961428084242526,0.5758849315314286,0.5758819777037993,0.5758842072068571,0.5758763622869731,0.5758763519760308,0.5758764681327526,0.575886662019192,0.5758875201648712,0.5758872977138887,0.5758632699159412,0.5758773099966915,0.5758764623582943,0.5758769379450775,0.5759066185925608,0.5759050152462167,0.5758967746994698
900,seed0prime,0,CT1(Lo1),0.6034257091397106,0.6034243116297354,0.0017319046600031687,0.0017304586661596325,0.6034283627956155,0.6034289179434391,0.6034260732394314,0.6034306443576677,0.6034306296466456,0.6034304461081548,0.6034233623957999,0.6034226634838048,0.6034226489691232,0.6034392188702311,0.6034297265184735,0.6034308314902109,0.6034302185358024,0.603410332475307,0.6034108176166074,0.6034164517890565
900,seed0prime,0,CT1(M10),0.5577130571999762,0.5577193644987974,0.0019684594328388573,0.0019663614427439294,0.5577103732197692,0.5577063739361775,0.5577117521145307,0.5576992666878415,0.5576993327923687,0.5576997253129287,0.5577183100701041,0.557720287034647,0.5577206655613426,0.557675301584308,0.5577015313067981,0.5576990153728345,0.5577004175018339,0.5577547950672708,0.5577534047951315,0.5577383628417317
900,seed0prime,0,Mi1,0.45784191428302645,0.458301893940477,0.0026400494011855026,0.0025951679178799255,0.4579730038400662,0.45758610121420124,0.45777015934146703,0.4568626870859761,0.4568660322457925,0.45689266171931564,0.4581125528540014,0.4582706350424998,0.45832379914913196,0.4552081934084676,0.457014027484867,0.4568667865059906,0.45694772895637403,0.4606704494999863,0.4605673933833135,0.4595384167969724
900,seed0prime,0,Mi2,0.4904097818074575,0.49035348044127103,0.0041566000365351585,0.00415431897586838,0.4904297701373757,0.4904800502968312,0.4904252701913019,0.49056277118840247,0.4905621690709201,0.4905577783414709,0.49035302963567684,0.49032883854187637,0.49032751423269316,0.4908242787984968,0.49053785130484917,0.4905637608414798,0.4905496656398668,0.4899486318509639,0.48996786271711495,0.49013726612999936
900,seed0prime,0,Mi3,0.470943741191982,0.47092749276579504,0.001178748503163773,0.0011775441606158058,0.4709521430344341,0.47096072682663903,0.4709455943781361,0.4709806415827198,0.470980785386159,0.470979076509213,0.47092607593404107,0.4709205526481388,0.4709214143300023,0.4710438410416969,0.47097606307177226,0.470981774820162,0.4709790061647783,0.4708329579504865,0.4708383683874768,0.47088083700585637
900,seed0prime,0,Mi4,0.3748989924122599,0.3753865544791443,0.01943975943386997,0.019456633375298966,0.3750531965874436,0.37467146394528894,0.3748353539688329,0.3739577745277326,0.3739609336896429,0.3739857790446562,0.3751512581738288,0.37530229866360004,0.3753549142824628,0.3723682160289047,0.3741011401423966,0.3739632344950667,0.374039569765784,0.37760821150179213,0.37750756952307096,0.37652296425565435
900,seed0prime,0,Mi9,0.5060327580884544,0.5059837157503494,0.0046124478385635385,0.004614690623797194,0.5060484642914693,0.5060937156934349,0.5060464479969545,0.5061700614807345,0.5061695297221537,0.5061657194229007,0.5059836073614522,0.5059635209950427,0.5059592323705823,0.5064073735442474,0.5061479274426354,0.506171750170844,0.5061583595719813,0.5056204084322455,0.505634659297258,0.5057833516213335
900,seed0prime,0,Mi10,0.5018686138575279,0.5018776094776045,0.0024786178177174005,0.0024788495776258846,0.5018669126578575,0.5018638297698451,0.5018652640965129,0.50186117145849,0.5018615815762673,0.5018613679388774,0.5018688759643806,0.5018712893593411,0.5018736800036798,0.5018494277324492,0.5018642395879457,0.5018618895115535,0.5018626561969641,0.5018904812861331,0.5018908193606195,0.5018843352195294
900,seed0prime,0,Mi11,0.6064458963332049,0.6064512320482863,0.0027751125242666172,0.0027767438325515823,0.6064405923928864,0.6064382593091912,0.606444879642968,0.6064330750650075,0.6064330351046817,0.6064336516676101,0.6064522493212134,0.6064541730259888,0.6064536521777035,0.6064108667505101,0.6064349669420601,0.6064325581517862,0.6064339809336706,0.6064855658623614,0.6064839884742124,0.6064688465094268
900,seed0prime,0,Mi12,0.5229038270050854,0.5229007759429876,0.004189967391531749,0.004190295954497289,0.5228993097575956,0.5228964637102103,0.5229024767441657,0.5228900869804514,0.5228902385300142,0.5228907633629652,0.5229097406179665,0.5229122327989413,0.5229122041539906,0.522866802502439,0.522892517109767,0.5228897628646949,0.522891186479474,0.5229451379006349,0.5229439196594048,0.5229283889086502
900,seed0prime,0,Mi13,0.532925509016098,0.5328773790285839,0.004616505222233258,0.004611978494769945,0.5329403607694021,0.5329851491172668,0.5329444084580002,0.5330551161680077,0.5330538785759354,0.5330501791425617,0.5328826463338242,0.5328600367936778,0.5328538902878927,0.5332772254551167,0.5330321113399428,0.5330564626956283,0.533042891693512,0.5325385446749349,0.5325476009207526,0.5326876418311124
900,seed0prime,0,Mi14,0.5258557648574946,0.5258795184867351,0.006376299645656239,0.006379533371103373,0.5258461378886781,0.5258355217475584,0.5258506646062067,0.525817093096064,0.5258174185231639,0.525818677714686,0.5258707163196661,0.5258774110063106,0.5258781941305333,0.5257507831912266,0.5258239463416036,0.5258164468103821,0.5258204655936206,0.525972612706451,0.5259694181186317,0.5259267299251318
900,seed0prime,0,Mi15,0.6282059230666024,0.6291264137576092,0.007554071047058848,0.00765943901504928,0.6284295758121387,0.6276386482437013,0.6280389266520037,0.6261913916047006,0.6261894492414393,0.6262481871015817,0.6288175132523464,0.6291250165887744,0.6292014737648374,0.6227964091978853,0.6264946208809516,0.6261993834136594,0.6263531636389879,0.6340910682028441,0.6338274186407313,0.6316525228290549
900,seed0prime,0,T1,0.4342729558503635,0.4313634249579353,0.008439347553198438,0.008374827338323159,0.43350780293882807,0.43599534408498075,0.4347440549977197,0.4406179061069073,0.4405961903532896,0.4404239086240488,0.43248823908223527,0.43147272265176495,0.4311379768471034,0.4513563461519067,0.4396375102118877,0.440597673928192,0.440068348015603,0.41590305793818594,0.41657176499517223,0.42324844667799083
900,seed0prime,0,T2,0.6784310174578913,0.6785398357329521,0.02711479974843794,0.027135961467671596,0.6784139428716595,0.6783925833611979,0.6784185900808869,0.6783598361456773,0.678360241752805,0.678362640732287,0.6784561844374702,0.6784693932380326,0.6784725006633592,0.6782374500277636,0.6783733773971397,0.6783585358095897,0.6783667641233306,0.6786465725253096,0.6786429599650856,0.6785647061946655
900,seed0prime,0,T2a,0.517005986311885,0.517021535246035,0.004558051447841549,0.004562467397939704,0.5170038043067955,0.5169915535062262,0.5169998508344575,0.5169732751384191,0.5169736889794201,0.5169747111815105,0.5170159659556393,0.5170223691830109,0.5170242228585292,0.5169179097872004,0.5169793385242456,0.5169730671432164,0.5169764527459415,0.5171026059549081,0.5171011041772351,0.5170658607134044
900,seed0prime,0,T3,0.5503751241631712,0.5504066276825168,0.0074909497296351876,0.007495928095655571,0.5503675816500567,0.5503451380212164,0.5503682575799556,0.5503067039666326,0.5503068367047714,0.5503089032416205,0.5504000648959501,0.5504105054472421,0.5504121622744942,0.5501893953749609,0.550317688734786,0.5503061294348991,0.550312363359452,0.5505804095391426,0.5505723395083879,0.5504975068771722
900,seed0prime,0,T4a,0.2726627864075008,0.27279717513927143,0.0483793309947311,0.04835705499392968,0.2726203126489248,0.2725680193353583,0.27264277055012204,0.27247114876561623,0.2724725998876082,0.27247870359027276,0.2727386822725094,0.2727710098715373,0.2727745467081314,0.27214404035840134,0.2725041260738726,0.27246893589926086,0.27248635980069397,0.27323806077841256,0.2732179129447132,0.2730073530345783
900,seed0prime,0,T4b,0.2154523065126399,0.21556276388094348,0.062355458876396416,0.06233077798961659,0.21545412383828927,0.21543104726040996,0.2154464113036488,0.21539684445771612,0.21539665795501,0.21539817476869869,0.2154685674914664,0.21547546653017585,0.21548087468704052,0.21529909290176988,0.21540521213968242,0.21539601224284724,0.21540207320284335,0.21561819062194942,0.21561362799644557,0.215554526804245
900,seed0prime,0,T4c,0.23082662971432605,0.23097597744739545,0.06508011589259216,0.06504543597200689,0.23081525955633383,0.23077544824332624,0.23081332514896968,0.23070447212098047,0.2307055705251501,0.23070952016989416,0.23086988786325882,0.23088808023007829,0.23089440473808742,0.23049297439303879,0.23072361422136903,0.2307020140375203,0.2307134337185904,0.23118911204541853,0.23117988193963096,0.2310490764775694
900,seed0prime,0,T4d,0.37402081468159365,0.3740844390873026,0.031088682141579706,0.031077186926319052,0.37401390984737104,0.3739982512597403,0.37401540691495444,0.37397413033160204,0.37397440040946506,0.37397542153582,0.37403776356214136,0.37404392540310183,0.37404551937163455,0.37389255664136967,0.37398177056925974,0.373973164900662,0.3739781477642291,0.3741632702219173,0.37415844662406905,0.3741069495481608
900,seed0prime,0,T5a,0.4443290621910281,0.44436471798197574,0.04601121122977691,0.04599413251645495,0.4443604335994893,0.44437435177902723,0.4443404362639013,0.4444000042747608,0.44439989311953854,0.4443968063109295,0.44429724645722085,0.4442857049002562,0.4442843085643157,0.44452129341920266,0.44438662439295384,0.444401993835022,0.44439363390847963,0.4441095520890784,0.4441156503283284,0.44419706181394397
900,seed0prime,0,T5b,0.4654662069723129,0.4654948869268003,0.03724109924387431,0.037227929871260716,0.46549998110317803,0.46551187078412964,0.465474486437816,0.465537782338927,0.46553791851301296,0.46553465861842636,0.4654317118320484,0.46542122124406227,0.4654212934547588,0.4656606606591427,0.46552529014264665,0.46554017937464465,0.4655317780544953,0.46524370173496116,0.4652515465287742,0.4653352307359818
900,seed0prime,0,T5c,0.41781979101792693,0.4178723957332758,0.036718289848054024,0.03669847301349065,0.4178571066365741,0.4178726398808451,0.4178321190540073,0.4179029346049741,0.4179027726152983,0.4178992380030276,0.4177819652826461,0.4177679552522265,0.4177671308563339,0.4180449996314085,0.4178873199520017,0.41790522008865627,0.41789576617610774,0.4175628929741258,0.41757057856732194,0.417666016711276
900,seed0prime,0,T5d,0.5208446461170002,0.5208946670975211,0.03483609720901723,0.03482304047576659,0.5208830412647761,0.5208993767309369,0.5208577494164114,0.5209300557210857,0.5209297883950806,0.5209263302551146,0.5208065334495657,0.5207920768772267,0.5207905954651628,0.5210757866667146,0.5209135650472403,0.5209321688328469,0.5209222888896932,0.5205806054929258,0.5205883130121165,0.5206860623551063
900,seed0prime,0,Tm1,0.43971082202963596,0.43968859865703463,0.0109516146407282,0.010951000785878996,0.43971654924456843,0.43973461993441665,0.4397159742230185,0.43976577852288157,0.4397656142143287,0.4397640233283317,0.4396910837263738,0.4396830764644353,0.4396814591314608,0.4398607349966171,0.4397570952990101,0.4397664627941239,0.4397611803200805,0.43954621150614315,0.4395519496167748,0.43961133915161116
900,seed0prime,0,Tm2,0.4442420974586949,0.4442205297813625,0.007421275316738148,0.007422895357110302,0.4442506458377788,0.4442723667985359,0.44424853270018316,0.4443100650664341,0.4443098437449223,0.4443078457771822,0.4442173227481804,0.44420746283169094,0.4442054484757736,0.44442754279868596,0.44429921034036324,0.44431102077855156,0.4443043590139665,0.4440380288228579,0.4440450603945824,0.4441188032094301
900,seed0prime,0,Tm3,0.6186973263496656,0.6189866670344061,0.008489286450733626,0.00853319551300918,0.6186034259369566,0.6183592594054302,0.6185925762630204,0.6179543271330128,0.6179575238495694,0.6179832513161242,0.6189636048534044,0.6190853124972685,0.6191158911246866,0.6166837098384367,0.6180793593272091,0.6179440276426019,0.618015486295445,0.6209192889035988,0.6208563087696671,0.6200438684382159
900,seed0prime,0,Tm4,0.3364736262859387,0.3363527905108115,0.018502673376481125,0.01850985027952496,0.33652090413312474,0.33665386787854684,0.3365404877506827,0.33687265558935564,0.33686925195333195,0.33685490131874196,0.3363388544953481,0.33626955955724613,0.33624447872048435,0.33755521082969053,0.3368024205378207,0.33687956138060593,0.3368389658474889,0.3352898477216287,0.33530896294877544,0.33573808991214604
900,seed0prime,0,Tm5Y,0.5394479368911506,0.5393822323556747,0.006811570168909902,0.006808246651269364,0.5394764388504537,0.5395393157488926,0.5394679323252132,0.539646626767107,0.5396460705838487,0.5396397939047436,0.5393722305867443,0.5393416302896077,0.539339736015142,0.5399873754084522,0.5396151465946362,0.5396490831005591,0.5396307125956276,0.5388492297014317,0.5388726981374824,0.5390929696484676
900,seed0prime,0,Tm5a,0.4894136508087784,0.48888357096815405,0.0027453446103525465,0.002764083439631297,0.4892997332072291,0.48975496507468075,0.4895080672812114,0.4905908936787082,0.4905865975395981,0.4905542399160739,0.48907405968533313,0.4888851917587769,0.4888254513863305,0.49258539321187794,0.49040724217953685,0.4905886800481774,0.4904889590128866,0.48599324094315033,0.4861159910586109,0.48735970695827274
900,seed0prime,0,Tm5b,0.5558558471422725,0.5538958555937392,0.011526903671026406,0.011442465478124192,0.5554325563443023,0.5571086117478498,0.5562334309224861,0.5602345596962761,0.5602263987116031,0.5600908784384371,0.554549748606556,0.5538511520698564,0.5536449746000119,0.5676349630158255,0.5595671442258541,0.560236812109094,0.5598808789220167,0.5431340349685718,0.5435998325643031,0.5482675773333163
900,seed0prime,0,Tm5c,0.5586218954897104,0.5575677993269469,0.006606047873169764,0.0064807463416995505,0.5584022572979682,0.5593209182215795,0.5588417795139279,0.5609880837318636,0.5609757508819048,0.5609092976820451,0.5579539226861504,0.557556553426794,0.5574264226153224,0.5649885993724724,0.5606091160549372,0.5609840141999406,0.5607784587843407,0.5517580694385936,0.5519794385823397,0.5544776453451872
900,seed0prime,0,Tm9,0.43321284133587007,0.4331959695316303,0.01743269013434162,0.017434022665218544,0.43323248990303764,0.4332659743870925,0.4332243290454686,0.4333233949980195,0.43332314614759404,0.43331972602832325,0.43317076272528804,0.43315451836598395,0.4331519640930483,0.43351425149797074,0.4333053470722267,0.43332507443638846,0.4333139180672069,0.43287837376892985,0.4328903008205881,0.43301189001675455
900,seed0prime,0,Tm16,0.4759647029252456,0.47591100760248595,0.006412458592294266,0.006420876362219456,0.475972501673166,0.47600270318236815,0.4759772703464914,0.4760502238100427,0.47604983392250355,0.4760471532170385,0.47593490417307854,0.4759202879650747,0.4759170700737821,0.47619511737344833,0.47603553089205997,0.4760504276531744,0.4760429717114663,0.4757091796968583,0.475718149957189,0.4758119211561884
900,seed0prime,0,Tm20,0.491717696728717,0.4911616653457139,0.004610449433421872,0.004599018586161914,0.49161701736850316,0.4921000702102539,0.491818152472439,0.49298612413806486,0.4929816329384148,0.4929467652814563,0.49134348985866927,0.4911426088712002,0.4910812641479767,0.4951398383273166,0.49278870973524225,0.49298564318810356,0.49287684404093585,0.4880219886221517,0.48815509993660483,0.48949789852213915
900,seed0prime,0,Tm28,0.5793589003750959,0.5792808821954443,0.009575494862824593,0.009551601329329716,0.5793860224864851,0.57945425193576,0.5793820071112926,0.5795699097123127,0.5795691056861625,0.5795629578121988,0.57928343576259,0.5792500859449377,0.5792420036253749,0.5799310022662814,0.5795340854958754,0.5795710032922053,0.5795516862349273,0.5787265758532594,0.5787498768258856,0.5789783959559859
900,seed0prime,0,Tm30,0.5302457091408872,0.5302484965626146,0.0012586501913573885,0.0012592816600177806,0.530243145623832,0.5302418294565522,0.5302450451643391,0.5302391541380327,0.5302391625289777,0.5302394356170408,0.530248736696584,0.5302497391768533,0.5302496665579768,0.5302277844487053,0.5302402150986429,0.5302389259415261,0.5302396569726536,0.5302659207632076,0.5302652355143994,0.53025769255487
900,seed0prime,0,TmY3,0.5854282249137243,0.5853674133177769,0.012449462113642135,0.012437045165848941,0.5854399876542462,0.5855088443845387,0.5854509807017408,0.5856278264386148,0.5856273750429676,0.5856207034789572,0.5853581614203327,0.5853296067488177,0.585319937738731,0.5859724614805388,0.5855972047569681,0.5856313291497932,0.585613092327498,0.5848347399399285,0.5848523870317186,0.5850669603241963
900,seed0prime,0,TmY4,0.8282864905957097,0.8283189111666938,0.04743308114993093,0.04745603182406978,0.8283011269511527,0.8283079165815481,0.8282871129774023,0.8283252273535101,0.8283252553887739,0.8283242116606022,0.8282679222265825,0.8282637100692595,0.8282642285035982,0.82839202236658,0.8283191790755179,0.8283262493272264,0.8283224913783774,0.8281662821480369,0.8281730674176208,0.8282178461055649
900,seed0prime,0,TmY5a,0.648237874720442,0.648247345047131,0.02527911777762723,0.025282034261898484,0.6482334935074043,0.6482436851886374,0.6482395741876716,0.6482607541381072,0.6482606298467157,0.6482600841211379,0.6482308278116042,0.6482282108618218,0.6482270887589155,0.6483003555488324,0.6482579372378889,0.6482609568455677,0.6482594252252712,0.6481712253431011,0.6481738686912929,0.6481978782131008
900,seed0prime,0,TmY9,0.7168210900884674,0.7168184058242135,0.022465837061338666,0.022469291732047838,0.7168332650885503,0.7168522971306361,0.7168272130263664,0.7168858409423933,0.7168856681426585,0.7168837965692132,0.7167963384362596,0.7167868577946239,0.7167854619112988,0.716997803888192,0.71687518421266,0.7168868050743902,0.7168803578152241,0.7166252182194661,0.7166322454190122,0.7167030877445343
900,seed0prime,0,TmY10,0.5361495794666395,0.5359847865554397,0.002128003341244251,0.002119101150872248,0.5361953323595898,0.5363392552291139,0.5361991900635492,0.5365726866871738,0.536571862231346,0.5365596504590051,0.5359958235003912,0.5359327708075182,0.5359218444907714,0.5372978324202327,0.5365036960944388,0.5365762144099825,0.5365375398804179,0.5348744016621214,0.5349246166718816,0.5353905544987002
900,seed0prime,0,TmY13,0.48989017877970586,0.48986873881124093,0.005037361893874137,0.005034071442038483,0.48989085954473177,0.4899073252255476,0.48989578410259743,0.48993245018814047,0.4899323817203016,0.4899312064743985,0.48987600850703467,0.4898695508273895,0.48986797955987677,0.4900044249605785,0.4899256075594196,0.48993250344584116,0.48992889099928777,0.4897638383534596,0.4897689162455137,0.48981513276117516
900,seed0prime,0,TmY14,0.62990994352651,0.6299872838952754,0.0186040612509908,0.018584858337260556,0.6299285167443274,0.6299255942628718,0.6299123058227328,0.6299255714461146,0.6299255024998265,0.629924281092358,0.6298986265009552,0.6298960706707343,0.6298970325603234,0.6299520504499441,0.6299223545995565,0.6299268626327654,0.62992455585861,0.6298590927964771,0.6298603089689052,0.6298803695176577
900,seed0prime,0,TmY15,1.138384027491051,1.1385558468913568,0.08826106259903291,0.08830480183232002,1.1383368778782648,1.1382752001864243,1.1383465491886278,1.1381815886819906,1.1381815271201474,1.1381897259829112,1.1384625290576031,1.1384979861143891,1.138504336396137,1.1378387881383485,1.1382187015967296,1.1381795645504154,1.1381999652031887,1.1389988875711512,1.1389796481838508,1.1387525640066387
900,seed0prime,0,TmY18,0.46247845901177626,0.46252551102615513,0.011896373760840767,0.011884309867073227,0.46246586130536727,0.46244479061599086,0.4624691545002255,0.4624077395586381,0.4624083708873569,0.4624105379595093,0.4625039582278956,0.46251547949882055,0.46251891032377995,0.4622858549299004,0.46242006595211604,0.4624063529105194,0.46241354989856687,0.4626900982922887,0.4626854198391907,0.46260919948825396
001,seed1,0,R1,0.9505097354613065,1.0077352657521481,0.15219678764727967,0.13730502240002068,0.9881546189980106,0.9413529930928212,0.9478645031726641,0.8361152262921637,0.8365365340003688,0.8395726274104787,0.9733984504241222,0.9932675466912796,1.002131101997484,0.6470634312760317,0.8535291313040023,0.838200768080234,0.846455254629978,1.2684878353623679,1.2563409988203922,1.1396847458285038
001,seed1,0,R2,1.0938129168196262,1.1510381311818896,0.15219485620549356,0.1372682340112793,1.1314574256312002,1.0846555472288315,1.0911675160680994,0.9794173467713158,0.9798386585468559,0.982874791305538,1.116702067914022,1.136571312392965,1.1454349357340272,0.7903636971372343,0.9968314466876563,0.9815028515152229,0.9897574604570287,1.411794280431307,1.3996473801760168,1.2829899511166984
001,seed1,0,R3,0.9539367668981045,1.011161681388643,0.1520747354779025,0.13716760858534935,0.9915816220347662,0.9447799879597725,0.9512915257896697,0.8395422082006849,0.839963518531577,0.8429996115862084,0.9768254994457373,0.996694608014103,1.005558162964829,0.6504903414233715,0.8569561270885842,0.8416277502594974,0.849882243858875,1.271915016638505,1.259768176188333,1.1431118703851588
001,seed1,0,R4,0.9197151171985172,0.9769615100389257,0.15225811181341944,0.13736830232186542,0.9573541265120538,0.9105337631933896,0.9170644802313903,0.8052642378723572,0.8056857520701486,0.8087233999421132,0.9426239223982854,0.962501195664214,0.9713665009092607,0.6161149843586881,0.8226871373738973,0.807349095974071,0.8156090370329014,1.2378623206721266,1.2257095641426838,1.108992356828694
001,seed1,0,R5,0.9766872224007861,1.0339336394178635,0.15229062769640217,0.13739137277160904,1.0143262554161594,0.9675058791959004,0.9740365650034646,0.8622363779957348,0.8626578892008938,0.8656955329910566,0.9995960052358959,1.0194732583284212,1.0283385829832121,0.6730871751925156,0.8796592784366064,0.8643212426159319,0.872581177296817,1.2948343442585035,1.282681582355549,1.1659644119059165
001,seed1,0,R6,0.9515414978255454,1.0087666341391666,0.15219764787867068,0.13730633261939085,0.9891863439454287,0.942384692873604,0.9488962544750903,0.8371468768970483,0.8375681864777155,0.8406042830457965,0.9744302596612713,0.9942993742934376,1.003162930726013,0.648094900619967,0.8545608023985001,0.839232416368308,0.8474869140846222,1.2695199328594828,1.2573730846073852,1.1407167118750565
001,seed1,0,R7,0.8717509837051267,0.9285022111017975,0.15085871304162823,0.13590601004788058,0.9092643120025132,0.8628667806434069,0.8691810563372011,0.7583815901489844,0.7587994018908018,0.7618076995366487,0.894353949089487,0.9140584931035892,0.9228672957846091,0.5710635100732896,0.7756373083748532,0.7604633120574503,0.7686327567626302,1.1867647387697036,1.1747260489220759,1.0591474857847831
001,seed1,0,R8,1.0650405425934868,1.1217919456127943,0.1508587131429435,0.1359060103232601,1.1025538712801946,1.0561563394230051,1.062470615220136,0.9516711493966978,0.9520889609473422,0.9550972588122635,1.0876435075425408,1.1073480523306352,1.1161568542314635,0.7643530691897652,0.9689268673797257,0.9537528708825163,0.961922315732368,1.3800542977353076,1.368015607116788,1.2524370442750383
001,seed1,0,L1,0.48783721261342594,0.4844824478531388,0.010271255715104493,0.010015167240074315,0.4869235738223203,0.4897998667044382,0.48837642286194993,0.4951476186338228,0.4951226218325832,0.49492455563519594,0.48579113844280936,0.484620069731001,0.4842319448802737,0.5075166212660926,0.49401929593863325,0.49512222426402264,0.49451410563122716,0.4666850670221446,0.46745612154741895,0.47514415360088147
001,seed1,0,L2,0.3403251656187096,0.33746209314632925,0.008615887051003407,0.00842432435757114,0.33954855794198135,0.3419986421322444,0.3407855546786534,0.3465578930057203,0.34653657141675076,0.34636736348188707,0.3385804124321174,0.33758117524640907,0.3372497931639463,0.3571023587504306,0.3455953929330457,0.3465363684778157,0.34601787831556785,0.32229197828845735,0.3229487162894581,0.329503993344869
001,seed1,0,L3,0.4145670617006373,0.41124866980847474,0.010668554754059952,0.01038292591569799,0.41365139806402873,0.4164831569958246,0.41509597559618394,0.4217570893166796,0.42173259082804443,0.4215374286954344,0.41256082764569657,0.4114071797047343,0.41102306704539365,0.4339182757130525,0.4206473445264048,0.42173098957116995,0.42113391756081375,0.39377285588775524,0.3945306629045826,0.40209022715439746
001,seed1,0,L4,0.5574366623859971,0.5573945131344041,0.0033985381019362836,0.003393199625698554,0.5574508107816297,0.5574899467346407,0.557455595769763,0.5575551721180857,0.557554476787743,0.5575501589603135,0.5573958520626393,0.5573766252948242,0.5573688130706917,0.5577593320719741,0.5575350596901447,0.5575579048505108,0.5575457046539543,0.5570839493330078,0.5570898121463113,0.5572173838497199
001,seed1,0,L5,0.4357417229909821,0.43572458235260186,0.0012370943119936113,0.0012364556230400206,0.43574689349441176,0.4357600490145394,0.43574554907796104,0.43578283766519677,0.4357827073410049,0.43578152414437143,0.4357267011210177,0.4357208866186843,0.4357196447774044,0.435854122826982,0.43577633287122114,0.4357834744893645,0.43577943349388865,0.43561812964230573,0.4356223671853378,0.43566691409202285
001,seed1,0,Lawf1,0.47409209112856326,0.47406915769102126,0.0042963020086786,0.004298139067651838,0.4740977141915298,0.47411679887190117,0.47410672492370354,0.474144190034973,0.4741405804164526,0.47414320308139646,0.4740802098641065,0.47406461905173175,0.47405761313147676,0.47423083805214095,0.47413402924813886,0.47414452050759526,0.4741352879237839,0.47394223488200976,0.4739398127770036,0.4739950810990684
001,seed1,0,Lawf2,0.30824539409268914,0.30828153720595,0.029740906857819303,0.029734838815392572,0.3082375313995816,0.30818872213727083,0.3082258752448771,0.3081111802257658,0.3081125429127274,0.30811704977498794,0.3082928596109878,0.3083154782289412,0.3083172894771991,0.3078829114151195,0.30813226944547356,0.3081099690400003,0.30812188259106355,0.3086441072143191,0.30863309279689943,0.30848354396781297
001,seed1,0,Am,0.38122987104237505,0.3783634686700472,0.00953028254830048,0.009275304238040408,0.38045159363796244,0.3828979958825319,0.38168882098612117,0.3874511333262541,0.3874299248259375,0.3872610207889927,0.3794893099659028,0.378492064407191,0.378160997367517,0.39797606659270357,0.3864905949015475,0.3874295306767902,0.3869120481967844,0.3632309386638431,0.36388655365567424,0.3704293428022471
001,seed1,0,C2,0.5641065151624423,0.5642065566275967,0.012441165726316764,0.012445217158109194,0.5640814827494169,0.5639974742445799,0.564074926739675,0.5638636154374532,0.563863829683497,0.563871506722476,0.5641921124649694,0.5642303858618878,0.5642383623470381,0.5634488486001544,0.5639044294534212,0.5638621110928952,0.5638857381157422,0.5648362265256505,0.5648100118551935,0.5645431807050262
001,seed1,0,C3,0.5187211610097826,0.5187212049046559,0.004735679962982993,0.004736134323621274,0.5187220816659367,0.5187191281348837,0.5187213575470052,0.5187135129660658,0.518713502675791,0.5187136184811677,0.5187238124988446,0.5187246708646314,0.5187244486802575,0.5187004204121277,0.5187144604525766,0.5187136127242765,0.5187140887977761,0.5187437695072609,0.5187421656659341,0.518733925081986
001,seed1,0,CT1(Lo1),0.4535541009026788,0.45355346045571787,0.0016620354909009198,0.0016604780439066868,0.45355675474697926,0.4535573097914664,0.4535544649376206,0.45355903665727626,0.4535590220402912,0.4535588386754058,0.4535517542448604,0.4535510545196052,0.45355104078201586,0.4535676106128547,0.453558118266264,0.45355922429203666,0.45355861219635624,0.4535387223051674,0.4535392075436041,0.4535448428310566
001,seed1,0,CT1(M10),0.4620017104058807,0.46200763832276553,0.0020047732033120916,0.002002667219108606,0.4619990263408084,0.4619950268143754,0.46200040563238315,0.46198791970864417,0.4619879859619762,0.46198837869747666,0.46200696274162834,0.4620089397681735,0.46200931878261847,0.46196395500399046,0.4619901845570079,0.46198766800819097,0.4619890696721747,0.4620434491689759,0.4620420586674291,0.4620270169682376
001,seed1,0,Mi1,0.43686240494590967,0.43732224528040947,0.002733466823734992,0.0026922590054729353,0.43699349463399334,0.43660659173531935,0.4367906498801526,0.4358831777434986,0.43588652277104406,0.43591315244297374,0.43713304341852083,0.4372911256979558,0.4373442899564931,0.4342286840866575,0.4360345179181489,0.4358872772937178,0.4359682196975994,0.4396909401337415,0.43958788414107264,0.438558907583666
001,seed1,0,Mi2,0.527707558790617,0.5276508311354833,0.003994483297029904,0.003992076298689476,0.527727546827059,0.5277778277739408,0.5277230470566577,0.5278605480589251,0.5278599456179983,0.5278555553721653,0.5276508065475338,0.5276266159466501,0.52762529133469,0.5281220559232279,0.5278356282208401,0.5278615382979217,0.5278474425703248,0.5272464087514541,0.5272656394460661,0.5274350429044186
001,seed1,0,Mi3,0.4420164656914491,0.4420002312728833,0.0011195669147630624,0.0011184987220783384,0.442024867393686,0.4420334517222087,0.4420183191104338,0.4420533658975372,0.44205350969890933,0.44205180112680703,0.4419988004389978,0.4419932770848936,0.441994138696488,0.4421165655993556,0.4420487877637685,0.44205449915668,0.4420517307493044,0.4419056824544101,0.4419110925472892,0.44195356162241684
001,seed1,0,Mi4,0.4088235587610808,0.40931051486687176,0.020058022892769988,0.020072297506838647,0.4089777632659087,0.4085960305090503,0.40875992070103323,0.40788234115556277,0.40788549988759215,0.40791034517233643,0.40907582434594386,0.4092268651736262,0.40927948075735443,0.4062927821948194,0.4080257063672133,0.4078878007136833,0.40796413591723174,0.4115327781430561,0.411432135557748,0.41044753031513237
001,seed1,0,Mi9,0.5008252777009375,0.5007751881327072,0.00566847862158077,0.005671754897212815,0.5008409836710573,0.5008862353613324,0.5008389679975962,0.500962581215801,0.5009620492267791,0.5009582393512068,0.5007761270458837,0.5007560406102387,0.5007517517780712,0.5011998931604765,0.5009404474195099,0.5009642695349315,0.5009508789443358,0.5004129280763757,0.5004271784794728,0.5005758713419328
001,seed1,0,Mi10,0.5632662783469875,0.5632747336292068,0.0023944239496237175,0.002393271115708788,0.563264577311881,0.5632614943256985,0.5632629286523666,0.5632588359027398,0.5632592461269541,0.5632590328109411,0.5632665402908265,0.5632689536051844,0.563271344538866,0.5632470924939426,0.5632619034008081,0.5632595543019814,0.5632603202196002,0.5632881459887249,0.5632884837263334,0.5632819998549523
001,seed1,0,Mi11,0.6440081677012062,0.6440130630340143,0.0023987386676037397,0.002400255730363836,0.6440028639011677,0.6440005307534034,0.6440071512566524,0.6439953468853659,0.6439953066067622,0.6439959225972054,0.6440145204306144,0.6440164443234628,0.6440159231486334,0.6439731385109329,0.6439972379584582,0.6439948292880546,0.6439962523448153,0.644047837451245,0.6440462601767665,0.6440311175857601
001,seed1,0,Mi12,0.5613998518059297,0.5613957545907339,0.004276316627941899,0.004276575837343117,0.5613953347489671,0.5613924884473731,0.5613985017066028,0.5613861116390784,0.5613862632320427,0.5613867878521202,0.5614057652889937,0.5614082578275142,0.561408228911821,0.5613628271775999,0.5613885420288027,0.5613857878705334,0.5613872114935794,0.5614411626481316,0.5614399445267724,0.5614244134949413
001,seed1,0,Mi13,0.5574302201248427,0.5573819515330203,0.0044409783153117974,0.004436470017139985,0.5574450715260267,0.5574898605125125,0.5574491194812337,0.5575598275177854,0.557558589809976,0.5575548908023498,0.5573873577704045,0.5573647479202479,0.5573586017844085,0.5577819361848737,0.5575368223425088,0.5575611730017046,0.5575476025596735,0.5570432560805141,0.5570523120183885,0.5571923526848737
001,seed1,0,Mi14,0.5769345970334804,0.5769563400381647,0.006471967639829922,0.006474858262478015,0.5769249697498741,0.5769143543011108,0.5769294969561858,0.5768959249252255,0.5768962500743495,0.5768975097763556,0.5769495492772653,0.576956242922275,0.5769570262108036,0.5768296153138647,0.5769027786822822,0.5768952787583812,0.5768992978164954,0.5770514449551598,0.5770482506752843,0.577005562140773
001,seed1,0,Mi15,0.47811734670793815,0.479037004234928,0.006705816798092909,0.006811144389406998,0.4783409992168333,0.47755007201730804,0.4779503502075698,0.4761028150238623,0.476100872843507,0.47615961067988205,0.4787289372419269,0.4790364405628546,0.4791128975332774,0.47270783302109376,0.47640604441481715,0.47611080706842895,0.47626458729789095,0.48400249143083285,0.48373884239573756,0.48156394637118743
001,seed1,0,T1,0.509298538580542,0.506388539556884,0.008439756499111408,0.008375471206535288,0.5085333856254113,0.5110209267498634,0.5097696376150672,0.515643488421478,0.5156217732868479,0.5154494916991783,0.5075138217491846,0.5064983055780895,0.5061635591709747,0.5263819292063687,0.5146630933665864,0.51562325665301,0.5150939313976429,0.49092864002334924,0.4915973475277838,0.49827402921783615
001,seed1,0,T2,0.7388351647929907,0.7389406381580519,0.027898061300746686,0.027919123538215896,0.7388180899264577,0.7387967306185365,0.7388227368587429,0.7387639837626282,0.7387643896880329,0.7387667881115629,0.738860331527403,0.7388735403858343,0.738876648441515,0.7386415981944655,0.7387775244498717,0.7387626826267135,0.7387709112979998,0.7390507196772444,0.7390471076709056,0.7389688534499372
001,seed1,0,T2a,0.5347681411044691,0.5347833951235066,0.0045354369255531535,0.004540074899947338,0.5347659587984113,0.5347537078221694,0.5347620057311535,0.5347354299937803,0.5347358443824661,0.534736866327248,0.5347781205082237,0.5347845235413222,0.5347863780869361,0.5346800646446284,0.5347414928215882,0.5347352218590729,0.5347386076488376,0.5348647607947687,0.5348632589519934,0.5348280157589053
001,seed1,0,T3,0.5926366668031777,0.5926664927393075,0.007508792229316434,0.007513672479353988,0.5926291240464467,0.5926066806511475,0.5926298003669584,0.5925682471277148,0.5925683788903543,0.592570445447871,0.5926616075486152,0.5926720485917902,0.5926737043608742,0.5924509381598969,0.5925792305318226,0.5925676726145818,0.5925739058302444,0.5928419520347357,0.5928338823243251,0.5927590503234637
001,seed1,0,T4a,0.1493619543600191,0.14948929883875522,0.05196523149521292,0.05194296411019908,0.1493194816876901,0.14926718717180038,0.1493419386704818,0.14917031660489993,0.14917176787311343,0.14917787122391626,0.14943785028126555,0.1494701778976022,0.14947371470035362,0.14884320843070956,0.1492032940756535,0.1491681034825278,0.14918552702925741,0.149937229293777,0.1499170807064944,0.14970652063076234
001,seed1,0,T4b,0.2733544187436537,0.2734687767791124,0.0620520292981307,0.0620264516718927,0.2733562372139192,0.27333315989253165,0.27334852393422066,0.27329895699838486,0.27329877070338565,0.2733002868567525,0.2733706792607263,0.27337757873396684,0.2733829867828446,0.2732012053649361,0.2733073239115256,0.27329812392892106,0.2733041844512859,0.27352030332744043,0.2735157400323143,0.27345663850530266
001,seed1,0,T4c,0.2156323849013974,0.21578157488153354,0.06587666464946178,0.06584163156596516,0.21562101577825837,0.2155812034153492,0.2156190807265895,0.21551022759526345,0.2155113260660853,0.21551527524219724,0.215675643225938,0.2156938358299155,0.21570015996952904,0.21529872935218802,0.2155293688699913,0.21550776866082505,0.21551918804635212,0.21599486750523442,0.21598563651333408,0.2158548316253083
001,seed1,0,T4d,0.37867909394929267,0.3787433792541163,0.03084278094806865,0.03083084233612957,0.37867218940396075,0.37865653089589946,0.37867368606233065,0.3786324094986121,0.3786326799608882,0.3786337004382882,0.37869604295959264,0.378702204451275,0.37870379867091597,0.3785508362775289,0.37864004957093117,0.3786314443125805,0.37863642657472746,0.3788215496927376,0.378816725466602,0.3787652289518123
001,seed1,0,T5a,0.49065609605202704,0.4906903704145249,0.04314302789591916,0.043125920670289114,0.4906874687109922,0.49070138572799193,0.49066747081635215,0.4907270378661801,0.4907269270798701,0.4907238396181728,0.490624280638693,0.49061273880995254,0.4906113426992863,0.4908483270736574,0.4907136577932002,0.4907290272962368,0.4907206666225699,0.4904365867851676,0.4904426840303178,0.490524095263792
001,seed1,0,T5b,0.5062871408155356,0.5063238570365884,0.033298142266792286,0.03328327624384751,0.5063209156605225,0.5063328045798818,0.5062954210747297,0.5063587161956481,0.5063588524493033,0.5063555921207024,0.5062526457022033,0.5062421547370382,0.5062422277093264,0.5064815944362944,0.5063462236252886,0.5063611126640468,0.5063527113356304,0.5060646358934257,0.5060724800682515,0.5061561647962761
001,seed1,0,T5c,0.46469568757782076,0.4647500581972187,0.034973058571293125,0.03495289986712809,0.46473300409982504,0.4647485364884676,0.4647080160109082,0.46477883158047567,0.4647786696280007,0.46477513439260976,0.46465786178486523,0.4646438519228844,0.464643027224215,0.4649208958680521,0.4647632165027888,0.4647811159274532,0.4647716619580696,0.4644387899599608,0.46444647480603213,0.4645419130905243
001,seed1,0,T5d,0.45840041229350237,0.45845224525670986,0.03434611196806609,0.03433279208154492,0.4584388085133324,0.4584551430969975,0.4584135158382738,0.458485821412357,0.4584855548634444,0.4584820959391524,0.4583623001783386,0.45834784274623724,0.4583463616906852,0.45863155315057913,0.4584693308935169,0.458487934983967,0.4584780542905884,0.4581363720542928,0.4581440786527528,0.45824182839152205
001,seed1,0,Tm1,0.3926292176202105,0.3926076903686072,0.011597422966367827,0.011596692870126098,0.3926349446311821,0.3926530153892324,0.3926343697501701,0.3926841739167287,0.39268401003392317,0.3926824191964947,0.3926094794116305,0.3926014721817266,0.3925998546028103,0.392779130794511,0.3926754904345154,0.39268485841737877,0.3926795761324414,0.3924646069578589,0.39247034524726315,0.39252973482550096
001,seed1,0,Tm2,0.561594847448289,0.5615738599810455,0.00794996944640909,0.007951376597948402,0.5616033958557907,0.5616251166109072,0.5616012824185183,0.5616628148478047,0.5616625939386066,0.5616605956040208,0.5615700723538782,0.5615602126233951,0.5615581987820949,0.5617802930502389,0.561651960356308,0.5616637707789961,0.561657109306854,0.5613907785380927,0.5613978107288046,0.5614715533783134
001,seed1,0,Tm3,0.5356233685578371,0.5359109878519372,0.006468206444240433,0.006512914955262111,0.5355294678623732,0.5352853014982525,0.5355186183537755,0.5348803686760829,0.5348835657315844,0.534909293566018,0.5358896477336526,0.5360113544433525,0.5360419336763236,0.5336097526463489,0.5350054012443585,0.5348700697994928,0.5349415285267379,0.5378453309654198,0.5377823510505622,0.5369699111510581
001,seed1,0,Tm4,0.4342386685566261,0.434116893823823,0.02006768238368844,0.020075440805559026,0.4342859470656196,0.43441891049896453,0.43430552992675253,0.43463769790389667,0.43463429460888425,0.43461994358058115,0.43410389677475464,0.4340346016320458,0.4340095208510859,0.4353202532155339,0.4345674628451281,0.43464460333863497,0.4346040077786505,0.43305488996280045,0.4330740048076011,0.4335031321150833
001,seed1,0,Tm5Y,0.6353878438790508,0.6353222046889644,0.006822765546530989,0.006819242837926622,0.6354163452259545,0.6354792227423471,0.6354078392442651,0.6355865338142966,0.6355859775359687,0.6355797003463798,0.6353121376897362,0.6352815374732017,0.635279643364075,0.6359272821414982,0.6355550536914275,0.6355889901353483,0.6355706196614178,0.6347891364778792,0.6348126053045428,0.6350328772164747
001,seed1,0,Tm5a,0.4439207529798331,0.44339098119991993,0.00263969397717189,0.0026602061076967565,0.4438068353197693,0.44426206754063263,0.444015169408219,0.4450979958315499,0.4450937000406846,0.44506134211645054,0.4435811619394448,0.4433922938186153,0.4433325535846402,0.4470924954773565,0.4449143443602795,0.4450957823126226,0.4449960613321001,0.4405003428159491,0.44062309288284157,0.44186680889617397
001,seed1,0,Tm5b,0.5273516052948303,0.5253915804258746,0.010968212675297087,0.010880529471352231,0.52692831349501,0.5286043697025178,0.5277291887748505,0.5317303179950554,0.5317221576738043,0.5315866369066887,0.5260455064785545,0.5253469105133072,0.5251407329039582,0.5391307214954443,0.5310629029100795,0.53173257009993,0.5313766380319895,0.514629792216416,0.5150955899764528,0.5197633355432261
001,seed1,0,Tm5c,0.5534677211199106,0.5524129871015493,0.00630925099055114,0.006185178707964717,0.5532480829755742,0.554166744455137,0.5536876049311249,0.5558339096698782,0.5558215759828916,0.5557551231240432,0.5527997485456287,0.5524023785897827,0.552272248365264,0.5598344256163635,0.5554549415486033,0.5558298395778699,0.5556242843379425,0.5466038949177927,0.5468252636461253,0.5493234716345465
001,seed1,0,Tm9,0.47707407726142836,0.4770580302619074,0.018031306763204726,0.01803258472107011,0.4770937260090477,0.47712721035773153,0.47708556503264177,0.47718463116189813,0.47718438205623104,0.47718096174888724,0.47703199894393505,0.47701575425292014,0.4770131995625039,0.4773754872671029,0.4771665830428658,0.4771863104555959,0.4771751538043049,0.4767396099214415,0.4767515365442521,0.4768731260214946
001,seed1,0,Tm16,0.3741463449512364,0.3740950603136243,0.006728681626988289,0.0067367658789979435,0.3741541434363585,0.37418434524317046,0.3741589124134939,0.37423186565383787,0.3742314759089034,0.3742287953770442,0.374116546197713,0.3741019298791389,0.3740987124094603,0.3743767592027763,0.37421717288155987,0.3742320699547514,0.37422461399650947,0.3738908215530537,0.37389979176791627,0.373993563344095
001,seed1,0,Tm20,0.5321401134290927,0.5315838046320268,0.004747022313157817,0.004734374568986084,0.5320394334945203,0.5325224863466046,0.5322405691595746,0.53340854059476,0.5334040496245172,0.5333691824594418,0.5317659067442116,0.5315650253537294,0.5315036810428193,0.5355622551973583,0.5332111266548856,0.5334080600230109,0.5332992604862634,0.5284444055366284,0.5285775164708019,0.5299203156763572
001,seed1,0,Tm28,0.5263210557274594,0.5262429307779393,0.009588515607871545,0.009564411290172452,0.5263481779367599,0.5264164074067021,0.5263441623156264,0.5265320646975721,0.526531261359645,0.526525112829493,0.5262455911756636,0.5262122416029195,0.526204159224455,0.5268931576865887,0.5264962403405968,0.5265331585575076,0.5265138413689916,0.5256887312497989,0.525712032389831,0.5259405514971972
001,seed1,0,Tm30,0.4807428118506067,0.4807453747947239,0.0010891218260611576,0.0010897030067027525,0.4807402478073738,0.48073893254635747,0.4807421480226699,0.4807362569074938,0.4807362648633912,0.48073653777888187,0.48074583906923196,0.480746841778909,0.4807467695485784,0.48072488745584074,0.48073731755396043,0.48073602780472396,0.4807367580473919,0.48076302451953473,0.4807623397553761,0.48075479614999184
001,seed1,0,TmY3,0.5812567067676161,0.5811934973502042,0.01063420417807197,0.010621274167133198,0.5812684699996337,0.5813373258040286,0.5812794622948364,0.5814563083727218,0.5814558570556104,0.5814491853345285,0.5811866430216952,0.5811580883233127,0.5811484203631273,0.5818009432348398,0.5814256866394067,0.5814598110528991,0.5814415741086668,0.5806632217934327,0.5806808694453082,0.5808954414378091
001,seed1,0,TmY4,0.8036710265485232,0.8037023447484977,0.04638131976819565,0.04640363191845482,0.8036856639257085,0.8036924527893449,0.8036716492699355,0.803709763193428,0.803709791265893,0.803708748345815,0.8036524582690404,0.8036482466222014,0.8036487647940648,0.8037765573281357,0.8037037147934993,0.8037107850658748,0.8037070276874443,0.8035508180044891,0.8035576016227518,0.8036023817987449
001,seed1,0,TmY5a,0.6245670049199408,0.6245729461668805,0.02517632103854069,0.025178616941561937,0.6245626238953639,0.6245728155466291,0.62456870425012,0.6245898847720082,0.6245897598182278,0.6245892145679994,0.6245599580166574,0.6245573408467677,0.6245562185506219,0.6246294855368782,0.6245870675948472,0.6245900867437111,0.6245885556307975,0.6245003553962494,0.6245029990379174,0.6245270085142572
001,seed1,0,TmY9,0.6631337993908751,0.6631284740271665,0.021339509941243492,0.02134244609316368,0.6631459735902272,0.6631650061055956,0.6631399220405936,0.6631985494068692,0.6631983771920205,0.6631965063646663,0.6631090477956318,0.6630995670630597,0.6630981710371298,0.6633105131731616,0.663187894251988,0.663199514280824,0.6631930666641125,0.6629379281492571,0.6629449551855311,0.6630157979533344
001,seed1,0,TmY10,0.5506439785019659,0.5504794186304082,0.0019891733512160756,0.001983007007614983,0.5506897311952178,0.5508336541804791,0.5506935892071206,0.5510670855889374,0.5510662614699872,0.551054049209897,0.5504902225282254,0.5504271697402829,0.5504162431465933,0.5517922313323298,0.5509980953124127,0.5510706136486234,0.5510319389475204,0.5493688012355741,0.5494190155343773,0.5498849537538757
001,seed1,0,TmY13,0.43781582799852514,0.4377950639767513,0.0048352537211196235,0.004832125701517084,0.4378165085938206,0.4378329744193078,0.43782143333975876,0.4378580993943009,0.43785803092232845,0.4378568558779321,0.43780165751168865,0.4377951999426137,0.43779362868336796,0.4379300744302478,0.437851256542373,0.4378581526458015,0.43785454035425325,0.4376894877890277,0.43769456562217995,0.4377407819074005
001,seed1,0,TmY14,0.6212945880051883,0.6213666794979209,0.018767107961548332,0.018748046946670816,0.621313162241002,0.6213102386001081,0.6212969493601425,0.6213102161698302,0.6213101474591499,0.6213089245925664,0.6212832719500949,0.6212807153221143,0.6212816767838889,0.6213366952377284,0.621306999269537,0.6213115069844688,0.621309199548958,0.6212437377640676,0.6212449531738702,0.6212650136254864
001,seed1,0,TmY15,1.1359500017176005,1.1361225283550982,0.0905207788148239,0.09056690973736632,1.1359028486785547,1.1358411736590028,1.1359125221238553,1.135747562011965,1.1357475009585385,1.135755701892171,1.1360285032101376,1.136063960147053,1.136070311067422,1.135404762410754,1.1357846767268303,1.1357455400318612,1.1357659421892168,1.136564859439943,1.1365456237231644,1.1363185392111417
001,seed1,0,TmY18,0.3785699704842805,0.3786150656728366,0.013216986283113087,0.013205231730351106,0.3785573730490657,0.37853630176963654,0.37856066599384913,0.3784992510780961,0.37849988207407037,0.37850204943453225,0.37859546952931294,0.3786069911298821,0.37861042198894274,0.3783773666797993,0.3785115773641038,0.37849786461081647,0.3785050608972074,0.37878160988614884,0.37877693142168406,0.3787007108413396
002,seed2,0,R1,0.9661407036866978,1.0233661570843315,0.15219264460583956,0.13729644649580747,1.0037855873264154,0.9569839616857685,0.9634954713171302,0.8517461945068986,0.8521675019195605,0.8552035956954824,0.9890294182854452,1.0088985149824836,1.0177620708777075,0.6626943993543618,0.8691600994639688,0.8538317361606309,0.8620862229315154,1.2841188027483412,1.2719719669669247,1.1553157147645292
002,seed2,0,R2,0.9310718133593503,0.9882969879047963,0.1521913735223399,0.1372621650181966,0.9687163240928589,0.9219144436361553,0.928426411828535,0.8166762362447425,0.8170975467843752,0.8201336803676847,0.953960966586488,0.9738302127374195,0.9826938360123462,0.6276225847216652,0.8340903365558295,0.8187617398023441,0.8270163492980347,1.2490531946848897,1.2369062921892586,1.1202488582069763
002,seed2,0,R3,0.9956659713244627,1.0528908407731543,0.15207044680816256,0.13715913853930956,1.0333108247091138,0.986509192359844,0.9930207302248755,0.8812714204708844,0.8816927300081504,0.8847288243152234,1.0185547019258119,1.038423808164967,1.0472873631094928,0.6922195559008444,0.8986853377436301,0.8833569628169732,0.8916114561146073,1.313644203053847,1.3014973646063415,1.1848410656667945
002,seed2,0,R4,0.9588205147524276,1.0160667529786922,0.15225403822392797,0.13735984550292096,0.9964595212519749,0.949639160943511,0.956169877632233,0.8443696422008964,0.8447911576201284,0.8478288047997367,0.9817293189021653,1.001606589793415,1.0104718954321747,0.6552203905689898,0.8617925417634054,0.8464545018319948,0.8547144419049918,1.2769677010823388,1.2648149452700528,1.148097745040832
002,seed2,0,R5,0.9722904651093811,1.0295367281878787,0.15228517208407,0.13738203761980883,1.0099294980298132,0.9631091217971539,0.9696398081978715,0.8578396209834687,0.8582611321472925,0.8612987755633756,0.9951992473204655,1.0150765011859502,1.0239418252455212,0.6686904182629181,0.8752625213478705,0.859924485316389,0.8681844197782003,1.2904375869341598,1.2782848248782668,1.1615676547613787
002,seed2,0,R6,0.9671643532077612,1.0243894189916523,0.1521938565910625,0.13729831532341275,1.0048091974713929,0.9580075483319661,0.9645191095428395,0.8527697401656027,0.8531910487170355,0.8562271459774735,0.9900531128028229,1.0099222250210427,1.0187857828445313,0.6637177661019952,0.8701836633368109,0.854855279545926,0.8631097773428434,1.2851427716144905,1.2729959255386654,1.1563395569687414
002,seed2,0,R7,0.8566720736322824,0.9134234119485676,0.15085870737592508,0.13590600499225872,0.8941853996402431,0.847787870935858,0.8541021447964582,0.7433026875158704,0.743720499044814,0.7467287974367525,0.8792750385046088,0.8989795811463989,0.9077883825718776,0.5559846080364286,0.7605584051217188,0.745384409297232,0.75355385344646,1.1716858104677377,1.1596471227550478,1.0440685673990129
002,seed2,0,R8,0.9260639376857611,0.9828153417837107,0.15085871919513638,0.13590601630237195,0.9635772681744685,0.9171797347651607,0.9234940110479742,0.8126945371539351,0.8131123479688217,0.8161206465550335,0.948666904573219,0.9683714511273394,0.9771802528132263,0.6253764545743905,0.8299502558262193,0.8147762580259335,0.8229457027600475,1.2410777106323123,1.229039018013193,1.1134604489609043
002,seed2,0,L1,0.486592545916666,0.48323893069900603,0.010234067428972591,0.009985149500706897,0.4856789067449583,0.4885551997345462,0.4871317560573969,0.4939029521888815,0.4938779553122063,0.49367988872937296,0.48454647200096834,0.48337540306491933,0.4829872785252358,0.506271954055426,0.49277462941618977,0.4938775573954007,0.4932694390829492,0.46544040029509376,0.4662114547976343,0.4738994872654773
002,seed2,0,L2,0.4500637224832764,0.44720043173775426,0.008587828702841,0.008402164492405825,0.449287114438088,0.45173719899622977,0.4505241117689464,0.45629645003607805,0.45627512804616177,0.45610592013093215,0.44831896967224855,0.44731973229950095,0.44698835016640304,0.4668409154263434,0.45533394968129376,0.4562749250865593,0.4557564347682731,0.43203053540251785,0.4326872733931849,0.43924255041966154
002,seed2,0,L3,0.4932357520181505,0.489917014726798,0.011101517394635826,0.010806939076759798,0.4923200883901318,0.49515184779520993,0.493764665874752,0.5004257792656035,0.5004012810394437,0.5002061192778129,0.49122951787776337,0.4900758698799657,0.48969175719272406,0.5125869658304153,0.4993160345910656,0.5003996803736557,0.4998026080140211,0.4724415463285621,0.4731993532678868,0.4807589172913941
002,seed2,0,L4,0.5293568789338933,0.5293144261911409,0.0031855587398415958,0.0031796254593648354,0.529371027460376,0.5294101631509117,0.5293758119028913,0.5294753888898351,0.5294746934230881,0.5294703752980483,0.5293160685409124,0.529296841814432,0.529289029885843,0.5296795483249732,0.5294552761022822,0.5294781218475343,0.5294659211301604,0.5290041656438752,0.5290100289800626,0.5291376005470669
002,seed2,0,L5,0.5850722736464594,0.585054940178515,0.0012863655126273427,0.001286514788797691,0.5850774442314607,0.5850905997453879,0.5850760996920391,0.5851133881759379,0.5851132580253519,0.5851120746540793,0.5850572518725337,0.5850514373629665,0.5850501956539578,0.5851846733428898,0.5851068834759987,0.5851140252966822,0.5851099837152867,0.5849486802305496,0.5849529181455937,0.5849974647226348
002,seed2,0,Lawf1,0.4788409730298369,0.4788162840484846,0.0036373898287225294,0.003639434235433503,0.4788465961511057,0.4788656808738788,0.4788556068348207,0.4788930722853033,0.4788894634724147,0.4788920850106854,0.47882909148446917,0.4788135004540285,0.47880649544843806,0.4789797198966267,0.4788829112501164,0.47889340238842537,0.4788841686961128,0.4786911163569951,0.47868869488801413,0.47874396298595573
002,seed2,0,Lawf2,0.38769621074282967,0.3877284298310193,0.02772597536100224,0.02772092508766982,0.38768834907228383,0.3876395385924393,0.3876766909610449,0.38756199653555695,0.3875633595556747,0.3875678671387638,0.3877436763629681,0.3877662940359697,0.3877681065502205,0.38733372693745105,0.387583087736029,0.3875607852286439,0.38757269899171554,0.38809492369371695,0.3880839093429286,0.38793436114986746
002,seed2,0,Am,0.46729765056410283,0.46443100678430926,0.010017076151117944,0.009756110828178866,0.4665193732492058,0.4689657757211161,0.46775660049712764,0.47351891276182484,0.4734977044495812,0.47332879999515576,0.46555708951927743,0.46455984405976897,0.46422877715856614,0.48404384566246234,0.472558374296817,0.47349730978375,0.4729798274163812,0.4492987184559256,0.4499543333640542,0.45649712263463116
002,seed2,0,C2,0.5999366403523776,0.6000369824314085,0.014660449294413952,0.014663945971834529,0.5999116079589861,0.599827599498584,0.5999050518676082,0.5996937403070448,0.5996939548837659,0.5997016322162214,0.6000222375340005,0.6000605110259889,0.6000684881383933,0.5992789736939864,0.5997345549761011,0.5996922358188483,0.5997158634079807,0.6006663519780613,0.6006401366751832,0.6003733056572871
002,seed2,0,C3,0.5231035011569903,0.5231025972236956,0.004058272114676539,0.004058628926409092,0.52310442205689,0.5231014683408646,0.5231036979741264,0.5230958529674394,0.5230958422803514,0.5230959588690209,0.5231061528298626,0.5231070106572648,0.5231067882662177,0.5230827608712834,0.5230968002679444,0.523095953301236,0.5230964288404845,0.5231261095747703,0.5231245062697611,0.5231162651443283
002,seed2,0,CT1(Lo1),0.4467462307539085,0.44674554558654267,0.0016171709006633046,0.0016156279426269892,0.4467488844955182,0.4467494396309416,0.44674659487009877,0.44675116631797895,0.4467511517144275,0.44675096837434286,0.44674388421143973,0.4467431844169488,0.4467431706287247,0.4467597404647304,0.4467502484136828,0.44675135414804557,0.4467507421350347,0.44673085240815114,0.44673133729834325,0.44673697253412736
002,seed2,0,CT1(M10),0.5532102321186743,0.5532166704111803,0.0019488306791674028,0.001946782697861367,0.5532075477105239,0.5532035491771572,0.5532089275477168,0.5531964415547421,0.5531965077192045,0.5531969002128969,0.5532154847303309,0.5532174613745303,0.5532178407671877,0.5531724764284743,0.553198706293569,0.5531961900516622,0.5531975924142026,0.5532519700251075,0.5532505799617086,0.5532355379297732
002,seed2,0,Mi1,0.4796379042864905,0.4800958655381914,0.002918766061345167,0.0028689753176560752,0.4797689939524858,0.4793820912945864,0.47956614944251996,0.47865867696072134,0.47866202214637166,0.47868865157856044,0.47990854282381623,0.48006662485214263,0.4801197892212504,0.47700418353328766,0.4788100172883098,0.4786627766597453,0.47874371893445594,0.4824664395958723,0.4823633834709322,0.48133440682878953
002,seed2,0,Mi2,0.5294903635263093,0.5294335884056294,0.004378893462838611,0.0043757449912905895,0.5295103516269491,0.5295606322844878,0.5295058514287339,0.5296433527926797,0.529642751087511,0.5296383598517116,0.529433611698769,0.5294094200273163,0.5294080962585841,0.5299048606342482,0.5296184328016562,0.5296443425046586,0.5296302474342836,0.5290292134769417,0.5290484443947611,0.5292178481176557
002,seed2,0,Mi3,0.4976421844387936,0.4976262748008917,0.0011869916016473908,0.0011860314689705464,0.4976505860097283,0.4976591703692521,0.49764403771097554,0.49767908481945594,0.4976792285309255,0.4976775198709865,0.4976245191511433,0.49761899595721093,0.4976198574055332,0.497742284362136,0.4976745061679703,0.49768021819330277,0.4976774495678867,0.49753140105391835,0.4975368114175396,0.4975792804327324
002,seed2,0,Mi4,0.531987366349993,0.5324720051630443,0.01890398777298013,0.0189224083170485,0.5321415705174911,0.5317598378939372,0.5319237282884599,0.5310461484691473,0.5310493079617349,0.5310741523453828,0.5322396323146832,0.5323906727476193,0.5324432887436612,0.5294565898556153,0.5311895134999585,0.5310516080892698,0.5311279435883615,0.5346965858059188,0.5345959435140871,0.5336113379645613
002,seed2,0,Mi9,0.5480465022394958,0.5479975285656988,0.0043510195394279435,0.0043545116730724425,0.5480622085738778,0.5481074598745732,0.5480601922731625,0.5481838053663295,0.548183273808222,0.5481794640587208,0.5479973518712015,0.5479772652609174,0.5479729766529906,0.5484211175207786,0.5481616714357006,0.5481854939613693,0.5481721036353158,0.5476341525493149,0.547648402996847,0.5477970959926115
002,seed2,0,Mi10,0.39730335253280497,0.3973107660310692,0.0027759092985474424,0.002775178695446053,0.3973016511623059,0.3972985682794604,0.39730000298744106,0.3972959098926696,0.3972963203907261,0.39729610707368,0.39730361418051957,0.39730602808183013,0.39730841879540446,0.3972841664115368,0.3972989782267321,0.39729662828984436,0.39729739411135984,0.3973252203403333,0.3973255583042493,0.39731907399678695
002,seed2,0,Mi11,0.4746163727936494,0.47462146622277335,0.0022675740148513225,0.002269151082533512,0.4746110689819851,0.4746087357174507,0.47461535615146405,0.47460355168717416,0.4746035112887001,0.4746041273266779,0.4746227256468033,0.47462464947144956,0.4746241286986,0.4745813434078112,0.4746054431539798,0.47460303416633226,0.47460445653073674,0.4746560430415131,0.4746544659830083,0.4746393234447039
002,seed2,0,Mi12,0.5602472686332789,0.5602446828456015,0.004697163306711874,0.00469760267588485,0.5602427512055959,0.5602399047055953,0.5602459186261802,0.5602335285545222,0.5602336804264959,0.560234204492688,0.5602531823387753,0.5602556746065535,0.5602556458251983,0.5602102441695129,0.560235958621836,0.5602332046123715,0.5602346287769021,0.5602885796400446,0.5602873612231423,0.5602718303070486
002,seed2,0,Mi13,0.5513984578026099,0.5513492307513332,0.004469908958648337,0.004465970974576971,0.5514133099399392,0.5514580978909908,0.5514173571759222,0.5515280654604824,0.5515268272814572,0.5515231275525404,0.551355595357623,0.5513329856955393,0.5513268389520797,0.5517501744975164,0.5515050598077899,0.5515294110374047,0.5515158402212944,0.5510114942174845,0.5510205496159405,0.5511605901377542
002,seed2,0,Mi14,0.5522887632492335,0.55231101937003,0.006184627572061675,0.006187528411524512,0.5522791358493733,0.5522685199583288,0.5522836630350177,0.5522500913244015,0.5522504162461848,0.5522516765103427,0.5523037150667542,0.5523104091623124,0.5523111927897854,0.5521837814133639,0.5522569447983154,0.5522494448682143,0.5522534640627333,0.5524056113956705,0.5524024170455257,0.552359728461413
002,seed2,0,Mi15,0.46783286204287755,0.4687519705648974,0.006627325470394409,0.0067303227050249615,0.46805651476929666,0.4672655873878985,0.4676658655037579,0.465818330057575,0.46581638819446347,0.46587512571979495,0.4684444523820764,0.4687519561277183,0.46882841304027256,0.46242334804137286,0.4661215592707907,0.4658263222178788,0.4659801023202365,0.4737180074669121,0.4734543580763383,0.47127946210965704
002,seed2,0,T1,0.5093845643180626,0.506474624027533,0.008440062796958426,0.008375723215504866,0.5086194113310266,0.511106952541248,0.5098556639004019,0.5157295141601612,0.5157077989500951,0.5155355174657623,0.5075998473855642,0.5065843313849749,0.506249584918958,0.5264679547569788,0.5147491186629882,0.5157092823586252,0.5151799562538296,0.49101466635621865,0.4916833733842707,0.4983600552778964
002,seed2,0,T2,0.682159798624751,0.6822560005582321,0.026215363504452503,0.026234297209554634,0.6821427238280995,0.6821213644251084,0.6821473702705683,0.6820886184764967,0.6820890231804608,0.6820914211658434,0.682184965364976,0.6821981743887459,0.6822012828639742,0.6819662316579596,0.6821021581324394,0.6820873170719066,0.6820955447924946,0.6823753536491555,0.6823717415539468,0.6822934871738396
002,seed2,0,T2a,0.4842183412814154,0.48423274430277113,0.004401387275207554,0.0044057996513838845,0.4842161592214927,0.48420390844985794,0.48421220579152296,0.4841856300768838,0.48418604428576373,0.48418706600630496,0.48422832115554615,0.48423472377736426,0.4842365779147978,0.4841302651483127,0.4841916933759075,0.4841854221643505,0.48418880756763566,0.4843149610132434,0.48431345892866007,0.4842782156250016
002,seed2,0,T3,0.5721891356186474,0.5722180870303499,0.007721263790450938,0.00772577291804725,0.5721815932702258,0.5721591492445722,0.5721822690037848,0.5721207156694713,0.5721208479880624,0.5721229143719733,0.5722140763755812,0.5722245169702747,0.5722261734585823,0.5720034068835262,0.5721316998341377,0.5721201404722487,0.5721263746654771,0.5723944211551781,0.5723863514861022,0.5723115190491596
002,seed2,0,T4a,0.4001681349149824,0.4003023862549402,0.04759103549079238,0.04757181545516359,0.4001256614148452,0.4000733681126457,0.4001481193382597,0.3999764978255297,0.39997794927613245,0.3999840517687234,0.40024403077905457,0.4002763580928729,0.40027989522139346,0.39964938915738946,0.4000094742750576,0.39997428396765805,0.399991708083515,0.40074340911806877,0.40072326127455227,0.40051270093401986
002,seed2,0,T4b,0.17452967070458372,0.17463863660786794,0.061348215837039345,0.0613243099052118,0.17453148846260058,0.17450841201854228,0.17452377567581845,0.1744742091011447,0.17447402285729716,0.174475539322741,0.1745459316802132,0.17455283017485468,0.17455823884375304,0.17437645701404744,0.17448257547796767,0.17447337574182123,0.1744794373621392,0.17469555528087855,0.17469099160650645,0.17463189065301388
002,seed2,0,T4c,0.20023848775285977,0.2003836384502946,0.0643132951434705,0.06427997896390095,0.2002271182711098,0.20018730694105158,0.200225183230808,0.20011633068333473,0.2001174289759006,0.20012137851059109,0.20028174581592606,0.20029993824681447,0.2003062629847479,0.19990483228422073,0.20013547145584593,0.20011387210024126,0.20012529152193612,0.20060096970460953,0.20059173918237466,0.2004609341362437
002,seed2,0,T4d,0.36968479466013576,0.36974551313493437,0.03125809274060781,0.031247116578748527,0.36967789000119805,0.36966223148383637,0.36967938673500383,0.3696381103076899,0.369638380877436,0.3696394013538027,0.369701743633299,0.36970790468890036,0.36970949919788426,0.3695565370804063,0.3696457502921725,0.36963714514542545,0.3696421276628144,0.36982725021350565,0.36982242604213855,0.36977092984665944
002,seed2,0,T5a,0.3950945993132977,0.3951334188331885,0.040927909976147876,0.040910466598435474,0.39512597120027265,0.3951398897125552,0.39510597357327504,0.3951655415427999,0.39516543061491843,0.3951623434797652,0.3950627834627847,0.3950512421124935,0.3950498459935602,0.3952868303668979,0.395152160809498,0.3951675302567329,0.39515917048829613,0.3948750893798516,0.3948811876108344,0.3949625984082274
002,seed2,0,T5b,0.5359794514071605,0.5360118253634476,0.03291660930158548,0.03290316341262455,0.5360132256220513,0.5360251150084929,0.5359877311798967,0.5360510271275092,0.5360511632158256,0.5360479033791076,0.5359449570412115,0.5359344654002236,0.5359345377524914,0.5361739047357345,0.5360385341717037,0.5360534231784275,0.5360450226684386,0.5357569466930157,0.5357647901827189,0.5358484751577186
002,seed2,0,T5c,0.4093970167140597,0.4094466391496164,0.03439106190169215,0.034372649033671106,0.4094343330282279,0.40944986571551356,0.4094093446820022,0.409480160648383,0.4094799986308061,0.4094764636113889,0.40935919109044727,0.4093451807303832,0.4093443565132633,0.40962222504652984,0.4094645452792867,0.409482445586447,0.4094729918516376,0.40914011868375677,0.4091478042604192,0.4092432420664621
002,seed2,0,T5d,0.4433107345168002,0.4433573214608489,0.033248888626433167,0.03323703441927758,0.44334913054778247,0.443365465478659,0.4433238376505496,0.4433961440368598,0.4433958772843737,0.4433924191072066,0.44327262169610454,0.4432581646721836,0.4432566840909472,0.44354187518089566,0.4433796526014226,0.44339825732532717,0.4433883770039608,0.443046693676429,0.443054401247288,0.4431521506688136
002,seed2,0,Tm1,0.4363194512442302,0.43629575144608046,0.01151885418904374,0.011518483681151171,0.4363251785475156,0.4363432489294202,0.436324603276924,0.43637440745898326,0.4363742436113123,0.4363726529371557,0.4362997130499882,0.4362917057053804,0.43629008830937027,0.4364693641962275,0.43636572425371234,0.43637509188316403,0.43636980987516927,0.43615484065821875,0.4361605788742538,0.436219968340888
002,seed2,0,Tm2,0.4153609306205984,0.41533861796781113,0.007891998398839488,0.007893662444223713,0.41536947898101717,0.4153912000740451,0.41536736569978333,0.41542889838741165,0.4154286768488927,0.4154266789173203,0.4153361557488138,0.41532629585505865,0.4153242821026278,0.4155463758096533,0.4154180436727078,0.4154298537822851,0.4154231920817688,0.41515686202499813,0.41516389346755156,0.415237636475639
002,seed2,0,Tm3,0.5052725751488372,0.5055605524171779,0.008324830928343841,0.008362837919059757,0.5051786742029755,0.5049345082666687,0.5051678249537532,0.5045295758165118,0.5045327728699465,0.5045584999768893,0.5055388540132864,0.5056605607260861,0.5056911403941049,0.503258959199825,0.5046546080262089,0.5045192761204611,0.5045907349458761,0.5074945375312961,0.5074315575513363,0.5066191177861699
002,seed2,0,Tm4,0.40338381096267306,0.40325945005048164,0.019089655447575106,0.019097931098024323,0.4034310891097941,0.4035640528200816,0.40345067210009783,0.4037828402870158,0.4037794370922401,0.4037650861280057,0.40324903914133986,0.4031797442053045,0.40315466321457116,0.40446539545604815,0.40371260546282156,0.4037897457114205,0.4037491502775068,0.4022000323056182,0.40221914755033233,0.40264827454057056
002,seed2,0,Tm5Y,0.5707938043324434,0.570726957022317,0.006791924688798714,0.006787009876109043,0.5708223055763978,0.5708851832994642,0.5708138000576574,0.5709924938009946,0.5709919377975424,0.5709856611473715,0.5707180983729236,0.5706874976397056,0.5706856029890944,0.5713332429011551,0.5709610144944859,0.5709949507462002,0.5709765796894504,0.570195097566147,0.5702185659029942,0.5704388373375104
002,seed2,0,Tm5a,0.5132211911288604,0.5126908705460008,0.0027716507265162886,0.0028003566467775035,0.5131072736201852,0.5135625052075941,0.5133156071867842,0.5143984342838704,0.5143941379308534,0.5143617802463605,0.5128816000693548,0.5126927323391384,0.5126329921051632,0.5163929332414547,0.5142147827144303,0.5143962205851375,0.5142964995085119,0.5098007807825871,0.5099235310664868,0.5111672471738555
002,seed2,0,Tm5b,0.5580028224837852,0.5560427799423053,0.01178087259051423,0.011691349175853086,0.557579531548506,0.5592555868280497,0.5583804063292302,0.5623815350038169,0.5623733743942562,0.5622378535537712,0.5566967240546348,0.5559981274621332,0.5557919500811586,0.5697819382840985,0.5617141195499283,0.5623837872719633,0.5620278544052301,0.5452810103494812,0.545746808055783,0.5504145525685213
002,seed2,0,Tm5c,0.5788784363365186,0.5778224842310282,0.006406444299679332,0.0062875836674594785,0.5786587984010516,0.5795774594548673,0.5790983204661393,0.5812446249176161,0.5812322910818247,0.5811658381155064,0.5782104637788998,0.5778130939573917,0.577682963825876,0.5852451403825524,0.5808656569596137,0.581240554990947,0.5810349992426029,0.5720146093987726,0.5722359796854231,0.5747341867252131
002,seed2,0,Tm9,0.45382898357908674,0.4538096161365468,0.017620344760276595,0.017622122664073883,0.453848632397169,0.453882116817155,0.45384047140732886,0.45393953719350727,0.45393928859005683,0.45393586826927945,0.4537869049724444,0.4537706606451747,0.4537681060518951,0.45413039363559005,0.4539214892222464,0.4539412166019088,0.4539300601035564,0.4534945162413602,0.45350644292203957,0.45362803219467535
002,seed2,0,Tm16,0.3639411103874238,0.36388600929724196,0.008695672970795687,0.00870474979087154,0.3639489088501993,0.3639791107872158,0.36395367785626903,0.36402663111211353,0.3640262415831529,0.36402356049430856,0.3639113118388947,0.3638966952940132,0.36389347743992173,0.3641715249235274,0.36401193820756456,0.36402683549879644,0.36401937922227734,0.3636855870733314,0.3636945572861273,0.3637883287310684
002,seed2,0,Tm20,0.49856846478287176,0.49801223890935997,0.004667940601781001,0.004656996798303292,0.49846778530601654,0.498950837587682,0.49866892076129715,0.4998368918988724,0.49983240069302226,0.49979753353104667,0.4981942581103264,0.49799337662167426,0.4979320323107643,0.5019906067908141,0.49963947790009644,0.4998364116743351,0.49972761203115085,0.4948727565772325,0.49500586782968325,0.496348666901934
002,seed2,0,Tm28,0.6457203201593085,0.6456412032928612,0.00934179386391663,0.009317951447882328,0.6457474419193525,0.6458156719080452,0.6457434273315867,0.645931329535793,0.6459305253691052,0.645924377466207,0.6456448554661998,0.6456115058552212,0.6456034237464655,0.6462924221538305,0.6458955056252327,0.645932422483265,0.6459131055561912,0.6450879958255447,0.6451112967320354,0.6453398155748594
002,seed2,0,Tm30,0.5198300668075887,0.5198327295182481,0.001028763347397986,0.0010293719267354794,0.5198275030754639,0.5198261874393353,0.519829402899114,0.5198235122200188,0.5198235201996837,0.5198237934406852,0.5198330942618865,0.5198340965127481,0.519834024007542,0.5198121424273544,0.5198245728396178,0.5198232835171624,0.5198240145193553,0.5198502782437737,0.5198495934703147,0.5198420498473634
002,seed2,0,TmY3,0.5500150176589267,0.5499488773488345,0.009288640327535411,0.009275448687160102,0.5500267804361332,0.5500956365422714,0.5500377730155124,0.5502146190685966,0.5502141675251779,0.5502074962701446,0.5499449542652552,0.549916399131825,0.5499067312078072,0.5505592544866669,0.5501839980235047,0.550218122164188,0.5501998848975449,0.5494215324903412,0.5494391803664573,0.5496537526514015
002,seed2,0,TmY4,0.8858196990011614,0.8858500057870158,0.04336769997796762,0.04338928625947465,0.8858343365329645,0.8858411252911976,0.8858203212509705,0.8858584360073575,0.8858584633853995,0.8858574207918652,0.8858011312855097,0.8857969183944961,0.8857974378270681,0.8859252298217208,0.8858523875681605,0.885859457183314,0.8858556998462191,0.8856994897085816,0.8857062755258502,0.8857510535979074
002,seed2,0,TmY5a,0.6978116244321816,0.6978147614556113,0.023268953805875195,0.02327072402665787,0.697807243179101,0.6978174349884715,0.6978133231194772,0.6978345033075873,0.6978343796196824,0.6978338340697772,0.6978045772228925,0.6978019605996539,0.6978008385670169,0.6978741056752107,0.6978316871307263,0.697834706232055,0.6978331753557832,0.6977449751946037,0.697747618670933,0.6977716279819338
002,seed2,0,TmY9,0.6247313028495971,0.6247256858617936,0.021482419368351623,0.021485663144840274,0.6247434775372153,0.6247625093788279,0.6247374256548375,0.6247960533517906,0.6247958808186647,0.6247940096957671,0.6247065512052686,0.6246970708943106,0.6246956741346896,0.6249080170250798,0.6247853972276108,0.6247970176759938,0.624790570449895,0.6245354310194763,0.6245424590539833,0.6246133004701416
002,seed2,0,TmY10,0.531098672985674,0.5309328997298435,0.001826568382619484,0.001822389991453004,0.5311444260335001,0.5312883483904741,0.5311482838387297,0.5315217803383503,0.5315209556820486,0.5315087434488264,0.5309449164984791,0.5308818642623547,0.5308709378133368,0.5322469258936698,0.5314527894831399,0.5315253081954966,0.5314866337362012,0.5298234956005741,0.5298737102486555,0.5303396483069484
002,seed2,0,TmY13,0.5372710383957028,0.5372470490138426,0.004738874396542919,0.004737264066403743,0.5372717187531945,0.5372881852906719,0.5372766439899824,0.5373133097024798,0.5373132414981495,0.5373120664516865,0.5372568674602555,0.537250410617638,0.5372488390990169,0.5373852848758645,0.5373064667833828,0.5373133630593839,0.5373097512762524,0.5371446979690688,0.5371497756358489,0.5371959918683678
002,seed2,0,TmY14,0.6927108357721182,0.6927854065446186,0.018006907317371867,0.017988016947683736,0.6927294095825719,0.6927264869378444,0.6927131973382668,0.6927264641582884,0.6927263958196204,0.6927251732754475,0.6926995190870578,0.6926969630832316,0.6926979242246626,0.6927529424800952,0.6927232466751758,0.6927277544293753,0.6927254479362963,0.6926599849361652,0.6926612010383243,0.692681261351469
002,seed2,0,TmY15,1.1105380593934684,1.110708427428166,0.08299188020746193,0.08303376944256508,1.1104909084974979,1.1104292304729126,1.1105005806221544,1.1103356194644962,1.1103355571234936,1.110343757809118,1.110616560768072,1.1106520185151478,1.1106583681045392,1.1099928199170201,1.110372735204462,1.1103335979494076,1.1103539976576822,1.111152918705001,1.1111336819672553,1.1109065975172345
002,seed2,0,TmY18,0.47786798157293897,0.4779121146644575,0.013441958121509046,0.013430710711381976,0.4778553841493496,0.4778343132915344,0.4778586768461248,0.4777972622992839,0.4777978934006618,0.47780006074975656,0.47789348067713167,0.4779050018550537,0.47790843325353205,0.4776753777067143,0.47780958839721877,0.47779587543829144,0.4778030719520233,0.4780796209781658,0.4780749423214945,0.4779987218506873
