# PREVIEW DIAGNOSTIC -- NOT A TEST (n=4, critical rho 0.90-1.00)
# script_sha256=195a89b555bedf3a0ff00a4c4e0542eafa6370243fbf9ed954f5fe8fbf7f4082 value=mean_window aggregated over the 16 held-out items
run,label,chkpt_index,iteration,per_item_mean_loss,R1,R2,R3,R4,R5,R6,R7,R8,L1,L2,L3,L4,L5,Lawf1,Lawf2,Am,C2,C3,CT1(Lo1),CT1(M10),Mi1,Mi2,Mi3,Mi4,Mi9,Mi10,Mi11,Mi12,Mi13,Mi14,Mi15,T1,T2,T2a,T3,T4a,T4b,T4c,T4d,T5a,T5b,T5c,T5d,Tm1,Tm2,Tm3,Tm4,Tm5Y,Tm5a,Tm5b,Tm5c,Tm9,Tm16,Tm20,Tm28,Tm30,TmY3,TmY4,TmY5a,TmY9,TmY10,TmY13,TmY14,TmY15,TmY18
000,seed0,0,0,1212.5555891990662,0.9204951230423646,0.9393256176458143,0.8298697625242312,0.9693258093943854,0.9562994552858886,0.9383513164692965,0.914636404555415,0.9295083316585536,0.44875829781685933,0.46612541462060963,0.3583519142208913,0.6412091035729123,0.5249086047790107,0.47875183076650757,0.4357591054042635,0.5270319382944268,0.5916947086137588,0.5758840105677185,0.6034257091205935,0.5577130571679418,0.4578419142451793,0.49040978183187073,0.47094374119114246,0.3748989924227227,0.5060327580977547,0.5018686138543633,0.6064458963552932,0.5229038270119314,0.5329255090263025,0.525855764865374,0.6282059231209833,0.43427295586515363,0.6784310172966859,0.5170059863414651,0.5503751241415998,0.27266278641402397,0.21545230661271508,0.23082662974200088,0.37402081466409093,0.44432906221976853,0.4654662070447777,0.4178197910956878,0.5208446461158377,0.439710822021369,0.4442420974867896,0.6186973263413985,0.3364736263140334,0.5394479368066728,0.4894136508123952,0.5558558471706255,0.5586218955390537,0.43321284135769994,0.4759647029871832,0.49171769673543386,0.5793589003732874,0.5302457091488956,0.585428225082034,0.8282864907027924,0.6482378746727779,0.7168210900831715,0.5361495794702563,0.4898901787829351,0.6299099434411279,1.1383840274291785,0.46247845898523166
000,seed0,1,12,1212.2575192451477,0.9199356472411615,0.9386889258433191,0.829110214221401,0.9680432410471543,0.9546545312232912,0.937634898376381,0.9100811333768845,0.9289877825069156,0.38291585066965456,0.5374707000082083,0.3777951723982511,0.6488485640454804,0.5483538485185119,0.4877727023337218,0.5122082530660933,0.5840191217564337,0.5842916476115295,0.5638439996749286,0.6001154551814709,0.5564576442113169,0.4857737130354367,0.4880168803297784,0.4702790316879548,0.3528045720341338,0.4894422546311975,0.5124118431902073,0.6069967137284101,0.519821832974502,0.5305604925778297,0.5253417664809455,0.6211197008863195,0.47007404544575454,0.7346790183221873,0.5299581114107151,0.5727538631850498,0.3237041197864445,0.22640744524164416,0.2292150222762241,0.39584104064231984,0.4854577908068302,0.49697190409987374,0.44749194442665263,0.5511851807141704,0.4743743487759061,0.4720665724412634,0.6472945166297062,0.364868312579258,0.5468828852283258,0.49467007754132897,0.5644681754890809,0.5662888229388006,0.44474087800803486,0.4813935069076655,0.505601660622834,0.5878297515398204,0.5309691204672652,0.6333200517138946,0.8566049531833289,0.6697306610828578,0.7263953493517952,0.54098972356523,0.5046765169974845,0.7037516021276933,1.1410035817498976,0.48612581150581724
000,seed0,2,3612,1206.3209657669067,0.8966216781193419,0.9208775989267584,0.8087752986054133,0.946229696376882,0.9336205086611398,0.920200264894813,0.9062556707012839,0.9557062687682977,0.15156014653411373,-0.10465565510054817,0.032419697438393964,0.5518687115571411,0.25315503822323115,0.34098578597668827,1.4141596935704595,0.3283251198632935,0.6881241288233739,0.6715487239509047,0.5833975588600571,0.6266423688764877,1.0296079342693798,0.467413172481424,0.45990846129747864,0.6627939870568759,0.6011401586779672,0.5329343030456553,0.6219876107463972,0.5811684101604923,0.49285036504718166,0.5093185141138816,0.8800636870099358,0.04474256302547586,7.96001483192099,0.5162816383725422,0.7601398393686799,0.28909261474159564,1.632794472008321,1.2675483669585779,0.5695938497058609,0.1945789358056341,0.20642495652283577,0.016476646765901447,0.3016328955322602,-0.13540329468411028,0.038543456776967445,1.345335811214333,-0.03814440639167063,0.37627075245518665,0.29871261614444566,0.34729047378007805,0.86363697892414,0.08700535457917521,-0.1578912367299798,0.14380649918187444,0.5010356930439747,0.5248230279741057,0.4918267680075182,0.6635475635863117,1.2902359123746043,0.6023704791432518,0.3391743420490197,-0.22284133277563167,1.050656614551158,1.7240791830912376,0.4212545242447055
000,seed0,3,7212,1206.124834537506,0.893197703771952,0.9174653776456317,0.8083516663840704,0.9394950771411098,0.9272880746357806,0.9197844449218219,0.9194381687407164,0.9512453842080805,0.16282352936250186,0.055799717200282,0.24919323588083223,0.5296054041020871,0.26820764271149267,0.309355778420132,2.908640659159822,0.39912629827204915,0.6032754540322646,0.6941669614843496,0.5770770557175666,0.66337246251733,2.2391966957037512,0.49426745974288244,0.4559132263130908,0.6077138314761461,0.7293788637361398,0.5299015606102506,0.6396624328213358,0.6174119109276878,0.4745525027228708,0.5739071702052441,0.857102048804211,0.16117606000539736,15.66423981260694,0.4000730948993515,0.8251885317585683,0.3991548958593678,4.211161713355354,1.815757355142266,0.6881828575544885,-0.5407889475840602,-0.40795772252015766,-0.5915837803144325,0.018941630685118727,-0.07286688332600441,0.09538784638827391,2.155491333077022,0.0303807358653735,0.4177631270538256,0.24338297817257684,0.28589432532947523,1.2521997341593591,-0.27709388154105363,0.028316224744050746,0.21156660465260774,0.5075051224126574,0.5299150141581231,0.7990164763671657,0.7051102226610385,1.8896659459383647,0.5899433656760986,0.32801682016957256,-0.29581054405268165,1.2574171297047443,3.8987002915462496,0.7888046781119886
000,seed0,4,10812,1205.7025260925293,0.8833327869843981,0.9079620757729239,0.8022225872220167,0.9260220177813294,0.9139975682254906,0.9148035738222564,0.915337999561548,0.9467515911573051,0.2897057546960277,0.3277640859875329,0.4930618669016848,0.6501418301871824,0.3741836457244637,0.27882565514476054,5.166125647270885,0.5459443954405202,0.512672430093125,0.7102348182545444,0.5743567890537988,0.7452637908674115,3.8898705140625847,0.43671737561433804,0.4449233420780923,0.6922259087525345,0.6284215435467082,0.7465972154132566,0.6619013392804358,0.5192836127919824,0.36504417258757527,0.6200776401017863,0.8527086666732221,0.5066562357036273,29.294978449377393,0.3699734920981998,1.022802001382347,0.12423157355570587,6.969446218854924,0.841111913056503,0.40196778510960207,-0.31373680777347007,-0.6970337182125947,0.04829163762952212,0.4344024418162582,-0.14870729877457475,0.6523010104250136,3.190884730313361,0.453708050217923,0.47330611347464313,0.20212390506404357,0.2454900568644529,1.5878668631951425,-0.095798146518429,0.16863255973436678,0.3713981187549052,0.531388090434904,0.5400547695547683,1.6883337425483262,0.7742716851553797,2.741410833056195,0.6047685736575875,0.24111363145208967,-0.1277692039304622,2.4314700155499573,5.791885249792429,1.6853754703737012
000,seed0,5,14412,1206.0823640823364,0.8605721233656758,0.8861101526249686,0.7798840295110704,0.9010350656952716,0.8896641651447474,0.8995493418193485,0.8777128660572169,0.9427716281555011,0.47419314317763434,0.5931665616597116,0.8944434809451847,0.7389799982717522,0.6384120825869526,0.12354579720399114,8.418517779778476,0.8315359731189791,0.5356169842757109,0.9252456138499504,0.5772479030803549,1.2291146469230139,7.203126386095137,0.4969966350312522,0.4437325200160911,1.7139917369532127,0.6682694479880915,1.1472493560542965,0.692371962603631,0.714015366082356,0.3068782649148238,0.8452343230912057,1.060394257014351,0.8919513662543662,59.17691617532169,0.34321954383859704,0.7215599298647032,0.8448281199349288,11.252516509920241,1.6507086362673666,0.4525054792032901,-0.49852874326597924,-1.4519895786174057,0.47750519112622025,0.9841011563924379,-0.31984754124853,1.0362217581003728,4.647085935070893,0.6194977121969957,0.39499043949997803,0.14693742091228776,0.23099832570882423,1.5159357638753845,-0.1306360560422128,0.12263981650890707,0.40703424459398474,0.5011975588887315,0.5527462579489487,1.5242952649960457,0.8718282842785332,2.8867429193033605,0.6087855831382799,0.07119428133175963,-0.710904610438894,2.262668213274248,8.124673242450289,2.2491475132865943
000,seed0,6,18012,1205.9266610145569,0.7704422965304132,0.7981819161629865,0.6902514540688192,0.8046168206223441,0.7915100433038943,0.8364164303518682,0.7974414331650546,0.9447222910700018,1.427688059739159,0.916277490236716,2.1688931773126123,0.8274012690205926,4.1569302978646965,0.13801685624774374,19.312611805266,1.816484848429638,2.1196294151299506,1.3624181742834325,0.5836233993458733,4.153968913972911,27.175244709142277,1.1375058289034092,0.4912516623741886,7.096699018537496,1.9533728146704195,2.2952903605951063,0.8625353760022708,0.9659537162654843,0.15211081617772493,1.6423446571491864,2.7169952607394587,1.6393539586561072,188.75257608940547,0.8479096432247465,1.241489075227988,1.4418362218702425,37.79744045436253,2.6078639969404604,2.6201221361665823,-5.941449401470759,-7.61428634321557,-4.597950451652931,-0.030851056709079533,-0.32697162824058645,0.6070522771980569,13.42906367732365,0.09032645474821932,-0.03929229112935474,-0.00927017486436856,0.20734738238841988,0.8164983590683201,-2.7332372080519587,0.12155210234621859,0.2921476039959574,0.21607025439161312,0.6638409019853461,6.651166662860935,2.160588392166833,-0.8976105901356645,0.6791361090707775,-0.26089230311653067,-0.6921575078148428,4.195976784045088,27.62327787112367,2.8462967101239838
000,seed0,7,21612,1199.3854207992554,0.6032810571711335,0.6326600807400042,0.4610448893604339,0.57260937922428,0.5569196889994414,0.752508972384082,0.8055542746968902,0.9420934533757181,1.6831093234869023,4.300935953847764,0.539830889194447,0.5950201974138644,2.3214492127560518,0.9045775064108211,5.916630434557584,2.2876804801247927,2.94652733738817,3.2170732874699697,0.671192431122571,2.1810848407850996,7.326655106842515,0.5093590356021391,0.46402433319656683,3.1326853983354113,0.39633849431346957,1.241000425253172,0.6964346072724382,0.2935232693667951,0.367681677013203,0.9003310133053968,1.0243394884660622,6.1435621561035605,32.999756873260544,0.5457602847676647,1.4296787977530574,-1.9596742178449749,10.823850118112732,0.409647228597327,-1.044583837034114,-0.11456699337901989,-3.798392241872282,3.576565849063827,0.883530976503542,-1.0330308968343207,4.947635560956798,4.161790913488028,3.25982294500613,0.13707494707631773,0.17929774898451775,0.3070079011265659,0.784168196542313,-1.7772631204931217,0.13440830124634665,0.10192817326232333,0.2869231235537423,0.6125620911953179,1.6864748448385674,0.7129518297726434,-0.767378324353387,0.5848383249898393,0.10038403611864423,-1.7149161172982659,1.8413724093273518,12.496107212908246,-1.7458287478494363
000,seed0,8,25212,1192.7493343353271,0.6089619715157807,0.6323619773429618,0.4770886233555965,0.6506864727503164,0.6543328514082422,0.7532948253670484,0.73974020976125,0.9487470329144321,1.5713693997583897,11.10487348593968,3.274926469236969,1.0248939188172712,7.8756322696709375,1.562716255079561,17.977276077963474,2.4037569064282613,9.161569414854867,4.542504980242323,0.6321976411434074,7.566871917760646,15.136165854907727,2.584303822906316,0.45537833837726405,8.898023208230478,-0.4528272295796812,2.16640622343031,0.7984135102915956,0.15415223860888247,0.3540244954087592,1.6480857478109825,0.9137534799735014,14.048170532555876,32.13580669395047,1.372605911663941,2.5056840296328358,0.2596562608089069,18.859649422060805,-0.48968945998056573,-3.0918706258831965,-4.939546628223426,-2.9777938146432694,12.393996062428378,5.351275207914237,-2.6686076875901503,15.523350398046134,9.318926087714935,7.897050097162595,0.8049939111125681,-0.21657702345158236,0.3921021296996447,1.4665506193429367,-2.8993480704203973,0.15433945124947057,2.932786425466197,0.21716683342016246,0.7341669577904996,-5.4689926845221875,-0.3661103521470113,-4.701829392056522,0.7033890856380849,0.9168432438486684,-1.9857322317794168,4.583199947175155,21.954922598478454,-3.254557983533688
000,seed0,9,28812,1184.253164768219,0.6882776368860122,0.7199645618566772,0.5207409045053618,0.7451809730163019,0.7540258741418412,0.7729101380016836,0.7213366617002986,0.9729338032247734,1.0843759037486127,9.99203480308754,5.063697726672564,0.6207180311914015,7.985344902981212,1.5387942024173473,25.261596327093315,1.0056652600388882,6.821371378614755,3.551010007797463,0.6153386764686901,8.332467515526881,14.739681096218181,5.474135340917364,0.4483033395923891,7.919781807490809,-0.2587625773877715,1.920979909118957,0.7519384685535652,0.30740985439611856,0.4695951580662207,2.3148219438991804,1.4150104728038917,11.15800440671922,29.152556901432867,0.7586847817982492,0.9500757028911203,0.32334178438689176,18.356343816475555,-0.34771143603817983,-1.3078297219203898,-6.518828521818871,-1.9354268508015644,8.578446433540233,4.790531689506012,-2.129084795248369,14.151389726827984,6.799333055058808,4.262594540793549,1.2337313015217417,-0.1791314248444843,0.3625571470576586,0.6742161067418735,-3.0505399218683675,0.11482413910390936,4.067809086132939,0.25716356081024455,0.6704495742601884,-5.979853797438389,-0.4716605831052142,-4.22780438292111,0.6910957382524311,1.0708318841050617,-1.2577728886029234,3.7839794817061394,19.592563122636204,-2.61216971081347
000,seed0,10,32412,1175.8663058280945,0.8150884421190416,0.8546484310614084,0.695196382206535,0.8144847806469369,0.8895408797731762,0.9134940449078663,0.681332242715879,0.9945392948581777,1.0468995445614437,8.185865820132857,6.619655958220009,1.2474187564533645,6.441086529084707,1.3858979768865565,28.634755250872153,1.0580347886979669,2.544693911395807,2.84079371337587,0.6136835292798056,6.532414896224706,11.364616062008777,5.464761339031399,0.44642451037129643,6.391168496599516,0.42947620948015364,1.5335334762936277,0.6968732301751602,-0.02664641757891141,0.34901681335797696,2.4463966810588835,1.4061197234667566,8.193285531151249,27.874221920209642,0.8925775884763509,1.381025872205988,0.6022850971425755,12.942766244937479,-0.2988526683471401,-0.7406872305529673,-4.354875786195681,-0.6243198338691599,7.284605690946443,4.450944399880794,-1.3169130403825873,12.264247813680306,3.666461180815804,3.5981631801210328,1.3107480938972342,-0.21853519478317515,0.42358773383274795,0.49724487124682504,-1.8693997748505504,0.1258601247393266,4.375028081498807,0.37979934619102274,0.6106988469150367,-3.874064301075173,-0.5826410994742207,-3.2929853908222153,0.6881865211898118,1.7122555720147739,-1.112855267806538,5.463081998816145,13.98909731110307,-1.8236628963018966
000,seed0,11,36012,1170.1613359451294,0.9126147204371629,0.9581985617952772,0.787514176375934,0.8813258041628188,0.9983275422959212,0.9644599624436049,0.6403386602009002,1.0186428769173854,0.8599979788185328,6.617869464346258,6.672058307768547,1.4306140714814568,5.842458680912177,1.3462138946987765,28.022171083153253,1.0531165455982503,1.1020657564097698,2.437241447807081,0.5911207368664557,5.878614468741245,9.945846981748405,5.760526157077789,0.4534407247481131,5.64264858645512,0.8372535904116712,1.1061969194248003,0.6898972684194575,0.0007108611965018039,0.3588636787596802,2.8931173033722972,1.9877579679855275,5.8719674081957525,27.099474629104115,0.8408138365488165,1.5581475719129285,0.7587203034386264,11.455260304324794,-0.4260503728712483,-0.4014404704062292,-4.117147739467986,-0.18649069801634321,6.34670199686545,3.717801496551027,-0.7801923333100158,10.148235931972897,3.2963001673262253,2.899190030880118,1.0993340754517642,-0.2338148606163772,0.49405668701071703,0.19878658319423526,-1.8621349170003954,0.18733306064281022,3.6832086510924644,0.4606272506432296,0.5999726286887782,-2.807315944109016,-0.9172848663955231,-2.5679343725653716,0.6579987196189748,1.831804379829607,-0.8854320869138128,5.22043618503099,12.09702160347753,-1.533088020860322
000,seed0,12,39612,1170.5514273643494,1.0266674944908445,1.1231100575624153,0.8291008843841896,0.9334551052464044,1.0812789730977617,0.9354402605402212,0.5890337112956149,1.0424047452035967,0.7569788985392812,6.025647632770198,7.344267554437785,1.3948607929098717,5.714504598703192,1.5586373905990578,29.74487557255519,1.0466718350427244,0.8021215235754874,2.2868541393912873,0.5915968114742687,5.589197099566846,9.402673611283179,5.629121532121572,0.4628807470168861,5.573965933188482,1.5584809542209326,0.39386870842850863,0.6976287696936817,-0.5926948550951383,0.1902279203204388,3.688052478405659,2.2585058077094735,4.855507697793557,29.86221992890512,1.082542381914849,2.1002136453150673,0.8810536338757349,10.754134937741963,-0.33655477621496993,-0.5475852562944843,-3.658322395379807,-0.01912673320481083,7.122309032045356,4.045574847382304,-0.6361446168875624,10.214028169303596,3.6729827220764317,3.2112246837891787,1.1451566079322246,-0.28657914469332957,0.6627099254540826,0.15297138499648746,-1.6201426796369107,0.09115732778809736,3.7225038674128488,0.5191826717778416,0.6030560521663384,-2.3179532450960014,-1.4494827953492648,-2.2011254815583565,0.6702955819548839,2.125194944594386,-0.8725005226707271,6.520405186532161,10.619646375659457,-1.2344124955235152
000,seed0,13,43212,1170.5393595695496,1.103662945910637,1.2509829231680616,0.8191376733955806,0.9676585753639156,1.1210470034284892,0.892220030160848,0.5491714460563738,1.0641298633851577,0.6808638400462941,5.2154254888186955,7.506940113154503,1.1945928545292834,5.510801851967041,1.657430732743133,28.560387537810136,0.8432302920532868,0.6685317336902314,2.0387777124461333,0.574769626523209,5.295709843266278,9.136307633437728,5.361308918847095,0.4835881664220698,5.313218255302818,1.9976640396573302,0.33199822642454857,0.6993213906158253,-0.6237378812476404,0.17932185586234703,4.467548500929911,2.5988678258546005,3.6859210545619843,30.569972526333228,1.0500892058784002,2.091442786123696,0.9701944085759587,10.158005845524148,-0.09630326944571757,0.1425046270476989,-3.721328266392387,-0.034176207502725486,7.30565603637497,3.8764258751039873,-0.603836433643347,9.572006746134548,3.63688185821152,2.628754313445662,1.188004836124631,-0.2871851272043786,0.7195064945001448,0.17637917529502703,-1.5903141755058119,0.1985899220205832,3.659025595749209,0.5406728563770675,0.6022582466910423,-1.6086262209104347,-1.4059861315233388,-2.2195642538542826,0.6633897580043638,2.2949787800041443,-0.5816437588512253,5.597185746855004,9.897165567462945,-0.8134299623401038
000,seed0,14,46812,1163.0752620697021,1.2163359695428726,1.3902457863844842,0.890326183591162,1.0405266103971536,1.2384505078922465,0.9053846769074905,0.5266500844570438,1.0841672286038622,0.601142196786017,4.7692371718288395,7.17067739628152,1.2527627177266518,5.229837918241799,1.8308070120981867,26.341875747373194,0.6873566788227919,0.49795928598214784,1.9841272984710716,0.5765221807205385,4.494123373729524,8.121400958366241,4.770757295061472,0.5003413648628752,5.1984351581069115,2.5673352582305258,-0.04915629360184541,0.6984077896800115,-0.9120305408701492,0.06409933769049098,4.838798667799459,2.870172605125579,2.911957593407545,29.916128405814426,1.3353504964041498,2.4984839721597605,0.6680644597365324,8.699750844651572,-0.2317760399123024,0.09174117462193024,-2.872477762333232,-0.003607342160463156,7.6748345393485975,4.4887815050614135,-0.4235327331193522,9.483678075032056,3.5177452840528347,2.754628090039198,0.9948485433725297,-0.33913398957661406,0.7494226361526808,-0.024464448859127696,-1.0169806244849262,0.16115112776028936,3.016145079379873,0.546386475130639,0.6017663544356492,-1.7446782802793626,-1.60780288540304,-2.054044702316615,0.6854854436139167,2.3260409552729295,-0.645220609018986,5.791474990528223,8.07154174093874,-1.0897584799244129
000,seed0,15,50412,1166.7279081344604,1.2840531822813912,1.4652437064595827,0.9359809339000299,1.0976974491877984,1.3189206351624254,0.9113805001106207,0.4903046150095684,1.1026700478629692,0.5095545499896225,4.0621805286509,6.23113609364543,1.2043114327846276,4.922246889784604,1.8560165242391364,21.82889760809579,0.5338272453131959,0.37025756272603294,1.7891379735796424,0.594086034341112,4.014708870141373,7.477580892279193,4.140811310586844,0.5173319328325089,4.830999534160364,2.7726355618500156,-0.08142645952994398,0.6977687743039035,-0.9257487609772217,0.1422698494043132,5.076501799582914,3.0229063940953624,1.83705339877696,26.717821673163815,1.3115400954193743,2.671003919750941,0.8101943578518607,7.822061993014408,-0.34210244086597674,0.21248810378666363,-2.761937191392269,0.04625221306764821,7.49132726392586,4.072464252383437,-0.2297713486221732,8.642679198827704,3.4044027995014305,2.4522059187921914,0.8328889585772772,-0.34263271519509625,0.7460872690156461,-0.040229182057673035,-1.0040116715681868,0.12881017557593016,2.3969376943448113,0.5318018621005068,0.6010028274317792,-1.3661006522149282,-1.6392592334061207,-2.0528911939741556,0.6858098636746883,2.075363467761628,-0.4782477614557057,5.041162514514253,7.350064915453114,-0.9888763794280528
000,seed0,16,54012,1165.389012336731,1.3841473419410426,1.6224808249242824,0.9585030879910931,1.1350087204607056,1.3694493088343578,0.9224765124847666,0.4404839504501122,1.1192741036583023,0.5497301599719974,4.250998728274239,5.777484585196502,1.1603319715521199,4.392538385491086,1.9733075611171695,20.150849706073846,0.4566474401759534,0.3511859934510268,1.8063124233864387,0.6088457891849307,3.489848570307638,6.590488847411862,3.502884918303021,0.5332030955793777,4.468572747299148,2.692169301488647,0.13068580485063128,0.6917117537079371,-0.9402465578423171,0.03611131045131283,4.868639472148791,2.8777600735579405,1.601105838442161,25.130901987925586,1.593488031749606,2.95136186392543,0.4685452614578729,6.555285049265153,-0.11390270115031818,-0.13496922812019005,-2.230262856974687,0.1151618983453962,8.458161076736971,4.375392045822232,-0.26500159278347307,9.511738148301157,2.9169391194550123,2.7645673571895633,0.7783912463459237,-0.30388133006073764,0.7926187965514665,0.02227175231487589,-0.6711656330354288,0.11618647065381624,1.9566227697490224,0.5754275058950868,0.5953446711819159,-1.3149600400789139,-1.590976874652725,-1.6947702776376417,0.7018691956539652,2.2460999566434454,-0.5213123242272493,5.160171480576334,6.3837637890183885,-0.6756835443416541
000,seed0,17,57612,1163.9734683036804,1.4061937711667267,1.6507182406919045,0.9667939914623923,1.1554951038554533,1.3864502454827565,0.9238663462219934,0.3880772827694647,1.1371705215202124,0.46027511703514884,3.911385042663927,4.69544643042777,1.0981098171769177,4.390279186636839,2.050117894634983,16.219677261020838,0.33665326163169496,0.40865097374308723,1.6473179758020278,0.6634907266787731,3.510644701481049,6.656184371326811,3.331935306141106,0.5521607166278238,4.245083694676683,2.9296019595197755,0.1078472014429322,0.7027883543747886,-0.7614686035342364,0.15833538749828274,5.434949437685404,2.8689795463994656,1.2265084440393736,23.039828962232303,1.4219642964172359,2.9925973730668547,0.6356406009691241,6.802349799692043,-0.026561057899331653,0.4195888690346185,-2.7139549739666338,-0.14642439648766037,7.581871895920924,3.941270410041254,-0.015495504091342656,8.551939854268939,3.4403923100488805,2.074031529316029,0.606640777250287,-0.2998344779044859,0.785296436159367,0.1290262961669823,-0.9480705328261959,0.2660728284216101,1.3785747931684689,0.580180845805569,0.6013185583923049,-0.7818102324994425,-1.401837736579487,-1.5093851247773946,0.7029624693422488,1.991269321206456,-0.21409853350179947,4.0917109423027584,6.454898390605149,-0.497726191706213
000,seed0,18,61212,1157.2235565185547,1.5198128540448628,1.8767552684546913,0.9315148386234953,1.1602747065657115,1.375308257798392,0.9198283862203087,0.32298127543592914,1.1567445411543191,0.45871595754498845,4.5920781634587815,4.624836538194959,0.9940864241118809,4.395286580355799,2.2427737731963577,16.637463758688995,0.2791318961417308,0.3816929920235017,1.8303430195733044,0.6553815136876748,3.3729040027490784,6.517817232772024,3.187365199119594,0.5739096249242529,4.380117156632973,2.8857794238569605,0.21672403015562927,0.704110758720759,-0.7243758938053249,0.1490151564431712,5.58446323326834,2.859664095489272,1.2242295569163488,22.60231955582211,1.5862267612829681,3.2732919397395444,0.5729838890105433,6.307119042974193,0.0907759314335123,0.4072438422615037,-2.334851491682407,-0.14044266519374896,8.61219534539978,4.635187800129908,-0.12908186016236325,9.899947870663791,3.3787081578133837,2.3056578663452707,0.5467135813878234,-0.3173951760583736,0.8404519106434117,0.11153441718489643,-0.6828312719934675,0.21639359555851106,1.1261561140586096,0.6054873887363282,0.6001069320336078,-0.7087855558777594,-1.3983930263662931,-1.6522734065325273,0.7194680555923821,2.0948184666466587,-0.30275763313075055,4.080075388590715,6.092714743974687,-0.4508816008589501
000,seed0,19,64812,1163.9785270690918,1.6242935547519908,2.0928701826856937,0.8945858549781986,1.1557930624838428,1.3544499854921477,0.9137375056800454,0.24936084579439846,1.179007922027043,0.43184457237949475,5.088051677144154,4.302926554264508,0.894230470633271,4.636069461523693,2.4314172648783576,16.3687369581948,0.3975966805158164,0.33717795614015816,1.9524318712761548,0.6604481878446288,3.3473302834174317,6.674037551015624,3.092507360369644,0.5870654686713197,4.63261840223083,3.064613111533648,0.1011118978692248,0.7094443880397461,-0.7189993693950038,0.07739390955769505,6.015336103721724,2.7989038225989256,1.4025096465371214,21.45382849788461,1.7598120900984608,3.6946852084434054,0.46656893471307326,6.433057984595777,-0.016056693078497605,0.32704846765380996,-2.3075533951191884,0.026241302288391152,8.97065309778724,4.982373320333784,-0.1637940827637879,10.558471861488902,3.560513243335929,2.262224361819125,0.36975094923217067,-0.3690678746802157,0.9524687705464963,0.02098688324044228,-0.7346174815107844,0.18778369087437186,0.65989372480863,0.6348747417079424,0.6007965556143082,-1.1004062620882153,-1.689715792836657,-1.812389086519422,0.7554194432129144,1.9709396939996828,-0.48016681269423744,4.053477715516441,6.057678448189509,-0.6365232545877821
000,seed0,20,68412,1168.6454520225525,1.7223286697465343,2.3043762901963234,0.855325518672073,1.1482567421703802,1.3224864381845995,0.8999445017557668,0.1738129184068743,1.2022781873429285,0.4313231033860446,5.564217353779591,3.945263192932226,0.7946472404411014,4.3096459158664295,2.5642749760738606,15.878605029774391,0.40134549071021247,0.3524560754737866,2.038473175657387,0.6560119229465744,3.078718926523916,6.191638461931272,2.7562614714653177,0.6102941064663934,4.400391807456032,2.7648539396197935,0.3485255417784569,0.7068746361301517,-0.5713250583787703,0.13207927761978375,5.819231363219156,2.378959854355933,1.4367267900029037,19.541352374127314,1.8554468801321953,3.7881507644327193,0.6657543871757254,5.439253426965512,0.1872574661612874,0.31897659367632575,-2.027794514578031,-0.12422963275053603,9.409749108571017,5.795928028842819,-0.1388592400193074,11.244085857586292,3.271786126593264,2.13788486370224,0.44488980785329446,-0.323044279139784,0.9548341181948242,0.06469929302231375,-0.5261201165681824,0.19884922553677128,0.49178982688597533,0.6889510018204552,0.5968484053558744,-0.8148202010756551,-1.4386189774545681,-1.8392808988545646,0.779959838367203,1.9411844372143112,-0.38954364550505,3.348016230347782,5.678334060025526,-0.3889556009499611
000,seed0,21,72012,1156.214524269104,1.7884245061241968,2.4405703392812415,0.8234848390426518,1.156268528347122,1.3036226559901836,0.8816508657751727,0.13057641405335624,1.224398056995356,0.4114187746227124,5.631762762874075,3.210165858256854,0.7113351095313448,3.9194485468741536,2.6463816124825676,13.857917440328293,0.1836866170076615,0.3361560655024678,2.011173592758948,0.6298507245204538,2.8285272896310127,5.9252746083244485,2.486258811154435,0.6348167444074246,4.036225676526015,2.767085429669801,0.23028211706118887,0.7031639861320139,-0.4309681626277357,0.17203288248333007,5.5731116386527,2.0304588174372076,0.999343036809665,16.816960512942554,2.0071230447932504,3.9701144678989166,0.18690731689849704,5.194052175947811,-0.08346605788932174,0.44216739351872636,-2.064180376126708,-0.047170611501005794,8.650206965740756,6.118267644980558,-0.25097329928632534,10.845611713711953,2.9769661651079957,1.9658500023435306,0.5172130417465116,-0.29326129828611397,1.04306235788541,0.010356557126023638,-0.5971368536925016,0.21614437272829348,0.4264607595507655,0.7226804697510626,0.5931772771527818,-0.6564921792895164,-1.2202997491881356,-1.568926968522464,0.8215060902265999,1.665440597656976,-0.2416412125668639,2.7669347279937324,5.359552463255409,-0.40282659280175553
000,seed0,22,75612,1153.7557520866394,1.7843495216522876,2.465375449647675,0.7824488825113551,1.1379178228425755,1.2470861137702534,0.857570639567323,0.11646392018157306,1.2448642797012466,0.3728101351924709,5.43817369691361,2.458924172036595,0.6091208796707935,3.6357573028416104,2.586401058671375,12.011143079602983,0.29095697843785506,0.3197092946041276,1.87607980344429,0.6488592273891542,2.6817056985917227,5.672140046448782,2.2167231489616173,0.6539115372097092,3.787843605327734,2.6133123581052273,0.35014054722328,0.7045874630246991,-0.325296479598229,0.17547043675026208,5.534413529537365,1.7663812602621143,1.1567703521013608,15.101427104786277,1.9141015044731917,3.931600556278507,0.06583086127809597,4.830519674186317,0.1153320069589178,0.6597789361827924,-2.1218945525377184,-0.11009577846679088,8.06786506751064,6.0179591273845014,-0.13895255596448483,9.959557703106395,2.9779268259053,1.6762735817913779,0.47966473621283806,-0.3026491804568495,1.0014146222197224,-0.024834591572973977,-0.6356091892911779,0.21550945808587693,0.3291993794130119,0.6963570501642665,0.590072935012049,-0.45453939608406174,-1.0083374159838476,-1.5038715802205083,0.8365062933006995,1.3330193443090221,-0.2470875986944149,2.271561965520447,4.964678818943243,-0.2993660766399503
000,seed0,23,79212,1155.256980419159,1.876616019704192,2.620469031702784,0.8039162047017958,1.1663091038190987,1.2527980704425,0.8534886942497597,0.1061962612785327,1.2643631620519895,0.37526809888514534,5.575008684732071,2.16395093222296,0.6246353008433655,3.4587010950377857,2.684695313452048,11.660497831725856,0.2855951519132331,0.23608593279976076,1.835351460160534,0.6751301191070334,2.495787214357881,5.464936523905339,1.9881718518408131,0.6572733391926272,3.6969577911587033,2.5185057588983404,0.41238140559833736,0.7059400897168254,-0.35145289745268,0.20683527249067374,5.557776301057335,1.505953796245853,1.2229278250206552,14.509979415307502,2.0121309400757,4.082063018958163,0.04127936975795703,4.450667310072527,0.1446366656040088,0.5491319381827686,-1.8465429820097568,-0.06189592343888645,8.333303667101156,6.56513418221482,-0.07748327664886447,10.262246929432543,2.956568579973805,1.6119911301336738,0.5250747129897241,-0.3127123769866645,0.9896705797212646,-0.03743202248136079,-0.4678455620090623,0.19880261255974593,0.36075573430752805,0.7302880417308126,0.5887792106060344,-0.46557910251092494,-1.1067187704049193,-1.4965458584834503,0.8636504451179783,1.2276926860616213,-0.23730242549964575,2.115399368544441,4.605651731135442,-0.22227777146624741
000,seed0,24,82812,1143.5370526313782,1.9207654494829682,2.698141870539165,0.8099114322065131,1.181899322143494,1.2279888214622257,0.8427632680477317,0.09278657810416426,1.2839740843034184,0.3960081635434655,5.4575712213817145,1.692245322632967,0.6016834750117918,3.1035920799657646,2.7113649669375905,10.376957099824175,0.32918788007600686,0.1955193156492431,1.713704972779223,0.6679714159492338,2.2554667829549913,5.0408123285447894,1.7402447907772076,0.6798607711672484,3.4068655335370215,2.3398273107148815,0.4255873603426355,0.7009933268692702,-0.3423366683543932,0.18458972562771067,5.146609435484185,1.2937126296989538,1.1352758119109834,12.867740017507128,2.009087988098143,4.071318560100294,-0.10530728644618514,3.796564647124101,0.19448160998635938,0.5587481902988631,-1.4802174274104383,-0.0199643015445383,8.11731489441576,6.7799653722032724,-0.07662273775739338,9.937416680464613,2.618063196994722,1.6248961964833442,0.5926990916580559,-0.2762111348783066,1.0014988796325544,-0.039744604154163594,-0.2720990862380087,0.21484823551619273,0.38538606948734044,0.7562607659918179,0.5855543065365357,-0.22809788604659212,-0.8654155296447869,-1.2402681025047013,0.8838112384151929,1.068743973160043,-0.236692525552549,2.0099576897887124,4.094946910858499,-0.18050315518036078
000,seed0,25,86412,1155.3520183563232,2.0952130029559255,3.0489234584791856,0.7824061693018657,1.1910697166585775,1.198829280799991,0.8289923994552638,0.086917136465014,1.3039139850882764,0.3530875214984597,6.228653184079854,1.5605875905816387,0.5656833849442366,3.3306976189404986,3.0878945751778204,11.058369520570084,0.2840048894158438,0.19907291557062043,1.9470968690990982,0.6620191698065918,2.2968650206638825,5.27632530206042,1.7389166892989927,0.674405501322658,3.6465838685045293,2.475686445693136,0.39233776673778886,0.7143857978195229,-0.365573639343746,0.1958112405266402,5.935644111374907,1.2356176174736302,1.3927031139296975,13.155841980467908,2.1588454943832307,4.445632400965427,-0.09927431564755404,4.161164687470904,0.08965577357775603,0.5842323282857886,-1.6660968343555815,-0.013759975607951197,8.63435761781665,7.67196426965689,-0.13646663430576528,11.060238292726497,3.2508548201380276,1.703996781927841,0.561784191387247,-0.3439113246864233,0.9976557725824445,-0.0857004149059336,-0.3476659166141757,0.25402106715116135,0.3190575530927183,0.8223222440765411,0.5857840405722845,-0.2653044857818886,-1.0950551944499112,-1.3337706535960452,0.9313117913396749,1.0270145958204413,-0.17053716004995342,1.919309491501295,4.448504902082482,-0.1604758848119627
000,seed0,26,90012,1150.203694343567,2.1514983748717444,3.109828358567765,0.835139205448582,1.2405689346171327,1.2210482695581708,0.8257235878080016,0.10687101229896886,1.3227891620988705,0.3733429174290598,5.974703754677892,1.108005230012521,0.623945088071449,2.931484148104833,2.9385690395725983,9.083158151632764,0.2541493844832265,0.1254420570934359,1.7645682707481245,0.6365775328258702,2.1095401900945085,4.902630477431839,1.6253215538365597,0.694833671464617,3.324785740488406,2.36378091079533,0.3582998841072707,0.7065771613923648,-0.44469495775157725,0.16571423093711715,5.3706486223543255,1.1100478966683553,1.3324198567949093,11.371980427346035,2.065247007172513,4.307764091586886,-0.5126816116427559,3.632244607274135,0.10766419163769778,0.5105831633361257,-1.4864786776279206,-0.03293313660083692,8.302140585205489,7.849300646322589,-0.27116845913012433,10.673204777506019,2.71767376807678,1.6502014387720405,0.5751697620447624,-0.3413020134751448,0.9367295566615028,-0.04831680706792851,-0.23567311334246596,0.19002686726334173,0.33221153877133414,0.8581310776690484,0.5838005212542502,-0.23797010993679846,-0.8874198010168152,-1.1607745113089445,0.9363303413723136,0.833403808406747,-0.23472412639780646,1.898984433644674,4.012957838491728,-0.12811461176021116
000,seed0,27,93612,1146.089895248413,2.231871831037451,3.2336092222254624,0.8682317882570717,1.2816825520885324,1.2279473425558254,0.8179369692502727,0.09287699342220071,1.344117906227341,0.3604134558868674,5.864358608391078,0.8777378647677687,0.6484868414701322,2.8986212490740693,3.0278281095626056,8.258410407973045,0.20108263318987346,0.07280395817427543,1.661963541592281,0.6701799877641539,2.0926699856307964,4.923079283953841,1.6020713188414863,0.7048615127225792,3.3460645830145967,2.262739560023679,0.3239842444381773,0.7071835579771688,-0.4184410161732619,0.2419807937012772,5.335457878578557,1.1489762956694314,1.1112183104464173,11.069339337721205,1.9057349074935481,4.21882486749226,-0.479745273748684,3.642248510458816,0.21026991686312096,0.5337414139842334,-1.2855196830328866,-0.14073539312608055,8.453970672647973,8.067797311227483,-0.10016029732295857,10.473565944783317,2.7071508205775427,1.3772532116173326,0.5844232868835273,-0.33239338812885494,0.9790586353622758,-0.11688623637699022,-0.18060742238413446,0.26001962357095415,0.3454487848191782,0.8628673950506984,0.5826575720521275,-0.19704811167842692,-0.9128743388654612,-1.3996223886218941,0.9434122371464069,0.7307767450818723,-0.16349880361410674,1.6536066925666468,3.890336136668844,-0.21336913666311372
000,seed0,28,97212,1166.0588035583496,2.3942156755067048,3.5392939940841557,0.8791503104007474,1.3103384823078514,1.21656650411341,0.8076042303744441,0.1035223266788537,1.3649173503399317,0.34429956379135196,6.234318670301843,0.8937712850049775,0.6455541898074061,2.9434775454452202,3.2631352554947117,8.66583001927541,0.16937290771314414,0.060008238935493674,1.6633995551562508,0.6832800264394069,2.123908459722845,5.030670261511776,1.6018197885277872,0.7029089516974293,3.468211395611763,2.3166620539731233,0.3115707928562167,0.7139422879137108,-0.614874211802753,0.17668852727533577,5.730409236288992,1.1020599275427991,1.2743782522847251,11.442727069192246,2.010942120365566,4.463191476662936,-0.7164095538435261,3.7278383812136884,0.1728440231935382,0.34338377382553475,-1.4373782334550693,-0.03393557570364703,9.410744747648666,9.199426763694882,-0.1308959898942547,11.569874547891082,3.002626651632087,1.4781368448275993,0.6352357048532024,-0.3898271572623542,0.9746043826226288,-0.11609975137576484,-0.1476621655583731,0.22732704197078069,0.42457660021374805,0.962795583423855,0.582748521154749,-0.3064533183235955,-1.1008770451246561,-1.404898348698716,0.9788786780874499,0.7622359963191492,-0.19106778951769307,1.8845917845994287,4.08730899331156,-0.15571788436509237
000,seed0,29,100812,1159.3972635269165,2.484374773516688,3.699881027230732,0.8881049209290497,1.3399161550581926,1.2106344562627105,0.7985606584780631,0.10217353886269423,1.3851258530910546,0.3367193255890061,6.213030650892944,0.7442772658003317,0.6383894233503243,2.8478523280172894,3.382369460305199,8.337609224319005,0.09732270730030788,0.04604030290323865,1.581946572474368,0.6995108744762476,2.0266544329455005,4.942693218845202,1.5499380392063764,0.7090483770846556,3.485213179817317,2.2021091072635417,0.3619658493681006,0.7162333249385713,-0.6294170787547351,0.19428927238324836,5.778216703586543,1.042712681930992,1.1982724740176804,11.60391203734692,2.024002195167227,4.5174062017870655,-0.5377447142894558,3.5263754333444752,0.08664811190652717,0.23615392205844205,-1.268889374297287,-0.08117493427866793,9.728465510115296,10.042148826188624,-0.07890935503232975,11.877303093836105,3.0397578213812277,1.4416346066645072,0.5932778763886366,-0.41422081235439706,0.964854871655295,-0.1113868339227307,-0.08066584231823924,0.222389812844653,0.36142651184927793,1.0218616461019716,0.5845411460559904,-0.49594192221528555,-1.153706216416233,-1.4342767467467024,1.0005329477547793,0.6813732259169747,-0.2130515925193544,1.793596128616053,4.048723855862896,-0.12956010371227986
000,seed0,30,104412,1149.9423360824585,2.680565243092173,4.062521722120971,0.9047690017757571,1.3743368671056089,1.2119063067987519,0.7949429088651272,0.09667429619206935,1.4044428201278625,0.3220004285095971,6.680031729212621,0.5709152280291105,0.6578009917044911,2.960297718044692,3.6022362142407554,8.310684925660007,0.130450404241551,0.025970334236939372,1.646762355141774,0.7553762600467839,2.072026795565688,5.095006242043828,1.675236751202264,0.7267720602704638,3.6407433175205695,2.0791036854756433,0.35378032253945996,0.724070547378639,-0.6196712137359145,0.22161302291604093,6.199287578599571,1.1030268190602972,1.3496752217682126,12.577707382970171,2.1102226213882735,4.78081191999046,-0.33130022855179253,3.6721461897438976,0.21120325212730817,0.5175636633104325,-1.5609340536962832,-0.15340244744639803,10.936360509080835,11.491019202793606,0.0842480635557236,12.910479328987526,3.4001842085046188,1.5593005532005877,0.6300132215336685,-0.4467889790154712,0.9826444372613706,-0.1671898976755287,-0.1763483102951682,0.2141704617808321,0.44970368958451157,1.093901984630835,0.5865408481592143,-0.24718033226054156,-1.0791995270948467,-1.556894889186509,1.020222782093551,0.5996129119063707,-0.17628079231075383,1.705723611639371,4.4503996121223555,-0.19929059620273906
000,seed0,31,108012,1152.2471442222595,2.615761171401984,3.910013780949815,0.927433379758156,1.4019725403673533,1.2086330704927064,0.7890358161621039,0.09244096452139514,1.4223555683229383,0.32661907295781206,5.990198872274049,0.37184613902041824,0.6532510036271938,2.614866113298477,3.4503654137621,7.306813139208722,0.0914445203986347,-0.0005966549956849245,1.3625236593799772,0.7329883315388612,1.9857284728058866,4.907531899520815,1.611753307431665,0.7461619686341783,3.3395500404952636,1.9965797793732418,0.39606153836809516,0.7174149684668693,-0.6711873359598772,0.21509879469526316,5.709355200687746,0.9568098225083933,1.089190235832608,11.65488507951322,1.995794910957569,4.566039478419099,-0.6174950957701049,3.4359542175540194,0.10054591465443496,0.5231768443706836,-1.2718022608945398,-0.0679301814790034,10.499077813624924,11.34283179759194,0.031531443766237684,12.067116742537726,2.9991497480474947,1.3354253010430008,0.7078436768051095,-0.3843187809681184,0.9839050691525809,-0.07420233931243281,-0.07850681299257486,0.23929979603917786,0.5152051353575555,1.0922667531441848,0.5880859275535782,-0.2816717228193844,-0.90222546524727,-1.3615131055183747,1.0115482044690411,0.5486051660746445,-0.15162368792325714,1.723782801970973,4.200725405393156,-0.08524866026851473
000,seed0,32,111612,1145.2592658996582,2.6548994931991725,3.9613367252289504,0.9461186538080668,1.4353410904303487,1.2097993869955772,0.7845981876106207,0.10332171661383618,1.4409393102761185,0.3326681932342244,5.793014412781226,0.22647929296092395,0.6618167908687207,2.5116993732664508,3.487712280961829,6.854196628977022,0.09539051297507133,-0.06754867543237018,1.22402861022542,0.7766963929878277,1.9531230527137748,4.889094140085627,1.626951270177056,0.7624340684658197,3.3780912178609923,1.9284437889735708,0.3049791149614297,0.716161663326901,-0.7260633117806461,0.19695966365531523,5.575572861565197,0.8925753860014182,1.1996627222205867,11.542745898766526,1.9829034256892235,4.549213679509958,-0.937313998480444,3.2207852958053875,0.07810170526173704,0.4493512401839262,-1.1308333863544517,-0.10377857403577792,10.997357761262608,12.33483835386523,0.10296620762993837,12.20709385215027,2.8683631787953905,1.2868744953554425,0.6553269842747665,-0.44083284180256904,0.9847773157290313,-0.06629349694585765,0.041343157466929854,0.2381483148799753,0.4575216183273914,1.1336384168660383,0.5895495575388968,-0.3625404197319337,-0.8879259336667926,-1.4871488066089562,1.0147114505191772,0.48793132194215677,-0.2166579557939853,1.7154852935297686,4.037585501515992,-0.2563170418381351
000,seed0,33,115212,1162.6178641319275,2.6891105515852662,4.006143640646202,0.9638700919016556,1.4723901257239251,1.2086295764685975,0.7799873887220897,0.10710806376885655,1.460956829088261,0.3015415565153288,5.549619834230962,0.13716459230113,0.6671570508656236,2.4990947492354096,3.5585056728648405,6.623272300157621,0.050546217150614844,-0.036829572932375994,1.095808213088077,0.7789080451936921,2.00917938309875,4.929356242203173,1.626229915292559,0.7608304307488635,3.347465439269877,1.7416770702240867,0.41377396068549305,0.720717429198795,-0.5923131631703379,0.24872955636412128,5.7104100674352045,0.7785479138078472,1.1879297101058424,11.819896124666117,1.9082634010979966,4.429966913762822,-0.47820092907008144,3.390961564642342,0.29369868816114053,0.41698449044670827,-1.4544236600069633,-0.11553993993915186,11.692149024532176,12.969817319132087,0.14098611456508267,12.328584736649685,3.0718536880208243,1.0812319500167007,0.731049599784616,-0.44966284689793923,0.9351768475685873,-0.013610870656135475,-0.08064989015291606,0.2711227880083539,0.5475944156186693,1.171320145529722,0.5910595756357382,-0.011372392669156373,-0.9482536711076983,-1.413186665935442,1.0069067742193734,0.47103975189552805,-0.1282880926735261,1.3745047503514212,4.399241945250431,-0.14071282567801494
000,seed0,34,118812,1159.1505498886108,2.762928315298954,4.152641283212056,0.9605359154597412,1.4900923407840672,1.1924594489041194,0.7757190138066055,0.10181846836174413,1.482514209345231,0.27362448088034386,5.570823520989043,0.06626705988788227,0.6494855242536562,2.5784509483160902,3.8198319067875657,7.158424058734114,0.07365570243826004,-0.04978555188142999,1.0413813067346147,0.8230611434586129,2.013414022874203,5.088913768226534,1.6178875944653368,0.7813150302752409,3.5499211632179657,1.6703528317740386,0.4508926752557037,0.7279305686288089,-0.5438897564268644,0.2824206950266661,6.042044580880173,0.7047975548080241,1.2557434736402258,12.853729687327641,1.955708249806247,4.519820417131939,-0.2958618868394855,3.4461971236689752,0.11480000119982642,0.6565780941882877,-1.4319750260088129,-0.16437563104588376,12.425882847905777,14.723974564534078,0.20279192382411002,12.997810661035297,3.4104102686681057,0.9953097064653771,0.6703957048439703,-0.4864361964714404,0.9352365212980496,-0.0005431801759593693,-0.023071280903319846,0.31998656069932196,0.4608728286235508,1.2440832124069727,0.5928568263349592,-0.25033883218491715,-0.9094109107338947,-1.6252214721625984,1.0189513288200645,0.4561924907736899,-0.1526962241075301,1.196577868113074,4.52852142185784,-0.1040530388169102
000,seed0,35,122412,1149.5846366882324,2.7770613863178104,4.122360451693353,1.0046838806428326,1.549734539062885,1.2091222947031965,0.7749102859801759,0.10316260550124917,1.5025657812931708,0.2985085989287073,5.225687985285733,-0.031792453703496724,0.6990272003688414,2.334238195642204,3.5323572710232165,6.654895045949388,0.11906951201868782,-0.11014345102228616,0.8943655866712343,0.7947617207407104,1.9752252257458773,4.897635032498898,1.569349780401096,0.7921728132541928,3.447971144494384,1.530580846307962,0.5014275935467528,0.7235085830494152,-0.7476092351947317,0.21690150051152152,5.662029163209249,0.6384940720688189,1.0289633517756143,12.325423039377688,2.0055589791125104,4.4107357344260745,-0.2753000926111173,3.1885731759660163,0.09717160385525393,0.4334088244878357,-0.9288781869722835,-0.038121045526781326,12.794297534068232,15.346247562583171,0.06071607171863899,12.943436391675398,3.0688668446716494,1.0455249504024642,0.6499556165377788,-0.4801359734772647,0.9116182555138079,-0.0828080965569716,0.07323618768719214,0.23729390640283385,0.4416206286805615,1.285720641282322,0.5955167764397378,-0.2740991335260676,-0.9024616326118847,-1.497073496080344,1.0230846155804276,0.41117488431088567,-0.21198158576730455,1.4545972980491662,4.211604177374701,-0.11801471541476327
000,seed0,36,126012,1157.3146977424622,2.7917040689952994,4.1655075775779755,0.9958614672522218,1.5604316329256724,1.1955082559914827,0.7725223474164497,0.11188735049253261,1.5222803246353893,0.2873751176063998,5.087522020452913,-0.10514195419288275,0.6681485774787337,2.1914926712904017,3.6378073499499197,6.229672701331612,0.08139031940304844,-0.07972527095064089,0.8068968298293917,0.7929611105995638,1.9303691130358827,4.837460348562721,1.5999044033173657,0.8184040476348452,3.314485284086182,1.5107890328790232,0.39796432839670537,0.723282693014267,-0.7424393792262977,0.22018384045036282,5.488068384600444,0.5377973787202831,1.1773474200472078,11.94793365468509,1.9743971587879516,4.262881781394049,-0.490245637599184,3.1387553536765624,0.12457889411503989,0.525002570823828,-1.248605514610888,-0.14172626263078006,13.581920423839193,16.438519739116774,0.06611790476219864,13.297787122954404,3.001619807738013,1.0061534890739112,0.7147102885748386,-0.49013596833043477,0.9269431654659026,-0.0744903047936051,0.05288982760386726,0.2505143734945282,0.5010201428483133,1.3272743082004337,0.5964481299765014,-0.0707788772091877,-0.72022751804502,-1.2572114293523662,1.0149028120947363,0.398923460452602,-0.1787465942980855,1.4367355628085472,4.411924416635569,-0.1272661584109664
000,seed0,37,129612,1155.5432839393616,2.8112404470818944,4.191552838562225,1.006163174599563,1.5893795082956588,1.1971646709511015,0.7718221503877611,0.10809692567634457,1.5396003069410336,0.2691104934326306,4.938111854588998,-0.04657464964081483,0.6716094318477646,2.269827758583654,3.6676810476497357,6.347479723837621,0.09581963860262062,-0.10736422721162969,0.7564587834957521,0.8114588162999978,1.956083421444894,4.946365401795499,1.6497774713641051,0.7942319229484154,3.4653677392710542,1.4023726740396674,0.46320322629033805,0.7281998194882003,-0.6668815202026419,0.26383215250182107,5.661671309779758,0.4947288890680745,1.2032180445179381,12.894397490875969,1.9855907162953679,4.290458683887802,-0.22451965147310898,3.168014657758392,0.18820223754754478,0.3074117684063464,-1.0945266647701848,-0.02230509514563932,14.035268442815328,17.103567960284824,0.10977694748262001,13.382704070156723,3.210250828384115,0.9504638623674502,0.6771812433306752,-0.5029712935079325,0.9151710783840569,-0.08409184294932073,0.05406770343578553,0.26681987919573263,0.45531734349064884,1.3431338258002383,0.5981891286031094,-0.16198451081050663,-1.058813144906066,-1.3850706342023371,1.0277393958189018,0.41720380416462804,-0.1885847517398088,1.2695981000755916,4.481711983274999,-0.15463617304268554
000,seed0,38,133212,1153.2944049835205,2.7117369373511115,4.010734387334751,0.9950922598700644,1.593714192388618,1.1846698692129813,0.7705205053200844,0.10066338014512541,1.5562194215813225,0.24700710464718761,4.480272831155268,-0.09353083499980519,0.6372801937123479,2.2404007081927704,3.659274867896135,5.618733492252186,-0.001161403026565493,-0.012313684852537875,0.6541524960737675,0.8255764798386521,1.9187746024462258,4.9196029605875236,1.6647340539496664,0.8050838630924184,3.44875561748929,1.3712436249046929,0.38679938522937196,0.7297312564932162,-0.6501830356509566,0.2690756225859449,5.632214058232178,0.41902082329031753,1.0354251066224078,13.018536543089768,1.9111426220408507,4.184853809104455,-0.20343830411831193,3.075441473946683,0.16118837911365988,0.38710075146104483,-1.0487417140728716,-0.036044395938071384,13.991029609186928,17.368548517906717,0.17481274591691354,12.757763117606576,3.285451871052742,0.8950242114244897,0.6929551770591851,-0.48546020020190683,0.935095015853878,-0.08109212809475953,0.03796668262337981,0.29819591078558805,0.45855055200109557,1.309821284120488,0.5995103716850281,-0.1561091595709672,-1.014908341632085,-1.380010683780451,1.0143111206033109,0.37334250538660296,-0.17184062178048318,1.2308202358996418,4.384165407639079,-0.22086508411105335
000,seed0,39,136812,1155.797616481781,2.813236556664347,4.161560281707637,1.0461657006369425,1.6654406084746236,1.214204987594096,0.7759229364921177,0.10556802395492042,1.5731619567983626,0.2669895278614375,4.539890661818362,-0.03308214672801138,0.7113717601276114,2.0792748229424713,3.742261768758346,5.713904390476903,0.09994435089034184,-0.135333512518534,0.6160086126096656,0.8200107525942404,1.9021063063714794,4.823156791401029,1.6317285702473403,0.8298636855868865,3.317916804386973,1.2639499355654584,0.5262710885994473,0.7289117867226522,-0.6044516304223202,0.2792668597943102,5.421559648653725,0.3213580342314738,1.1029787901971446,12.669901558541211,1.9974436263437543,4.142834351309827,-0.20410601748388096,2.948652158460982,0.07804475615788238,0.5259854370033681,-0.8780337831011752,-0.0917139339158635,15.133368498172695,19.15977129699164,0.0956194730756734,13.672641454647385,3.115304075324751,0.9271208247212872,0.7696488827264368,-0.4789441763040044,0.884777105410471,-0.03224700834533584,0.082571927033802,0.3084239325596565,0.5091855775396176,1.4169860516162978,0.6013038809296266,-0.10391405975407272,-0.7830920924774516,-1.167761029633576,1.0182053522932784,0.42149816181678773,-0.18453583116941433,1.1669032891279616,4.544822397026854,-0.03851783102897436
000,seed0,40,140412,1170.6714544296265,2.7732315448914933,4.052960177603204,1.0904710294316158,1.7265183728774711,1.235619449732443,0.7855564614236044,0.10580219675246051,1.5901888891855636,0.2498334617098863,4.196618849786202,0.02241725530828113,0.7638217240998887,2.1209514344111304,3.6737277688565513,5.255511208131769,0.07755841043301123,-0.08872523584445491,0.5117862122424089,0.8399092146573295,1.9856089061740323,4.948695920509333,1.6377767590653467,0.8249905659104136,3.393738964144487,1.1329181520467246,0.6305918478957395,0.7339093799731242,-0.5139439772765915,0.3004527793184663,5.504895358727134,0.2279222660647499,1.0089916520963813,13.629533999711894,1.8960237893759015,4.045416725838515,0.253650922389388,3.1356364636600076,0.2777720440388447,0.4348205057064594,-0.862402327782799,-0.12528851528485904,15.43269729748079,19.309829147155916,0.15795573874936347,13.283255299024708,3.3502112093452308,0.7291497665585746,0.7333875510999116,-0.4988896902633986,0.849125761196134,-0.02551278926337845,0.03257002197532983,0.33620663117923344,0.46385874025560647,1.3802702482377378,0.6027920692630794,0.055012577895954894,-0.8602812431122286,-1.305705971328764,1.0066714466418996,0.4308161324597987,-0.10871132295267094,1.080443838844294,4.633413465642344,-0.010406983355751277
000,seed0,41,144012,1154.2528014183044,2.788064113131695,4.0764022395820785,1.129409130907071,1.789723995298111,1.2596815379284811,0.8076911815378851,0.1040131127364065,1.607828301603127,0.2759208091926466,4.059084244359713,-0.013743273173616179,0.8132391782450372,2.0992536554948495,3.644938276559152,4.677258173392412,0.07956024186849406,-0.14493219418721612,0.4396117237156765,0.9387387739425337,1.9691436918484675,4.913076310610882,1.6838719656853713,0.8389707147914932,3.445869116203307,1.1007006585442989,0.528376845353315,0.7316090471403164,-0.8326471892314541,0.24145869718512247,5.23637023939255,0.18018164557479532,1.0035738582080702,13.576808089090395,1.9866987797857913,4.161348864519724,-0.00011414022424847958,2.845173777793741,0.12976961007620913,0.27842042496832853,-0.7848557626973868,-0.10345760646184694,16.719550356312283,21.32560261808718,0.28498176421763705,13.635794760904759,3.1353881960610877,0.9554745743802444,0.7363775917324211,-0.5172282166023984,0.8802284700149184,-0.12636555568751573,0.11481024322566452,0.2809275912615905,0.5164740009412511,1.4101237158383397,0.604406939252653,-0.23125880476036548,-0.910469087845828,-1.2685134488557332,0.9999006230947297,0.3672559326217145,-0.21679625800673025,1.4314216573039025,4.53805123695399,-0.17325077573848313
000,seed0,42,147612,1150.4220204353333,2.812055796667954,4.066207127680489,1.2482358561332718,1.9328962364779132,1.3231995942701436,0.8528984122968379,0.10640767909159238,1.6253138522949488,0.274772629453707,3.821989474754816,-0.008320711808869136,0.9751219621647651,2.2057951686561594,3.904283375996525,4.195883152744925,0.11426715950327236,-0.13759703042088056,0.30690351848339326,1.216157075712566,2.070794381343032,5.202036090275039,1.683795340000891,0.8377811902683181,3.557886393295289,1.120544622520349,0.533387532282392,0.7373441464231503,-0.8000168237140699,0.2777670764570289,5.303349960614358,0.00670960128181362,0.9961168007101204,14.922401526732946,2.023159329495657,4.305188652175257,0.23476723987387865,2.883688905794055,0.15804912940509894,0.4406981655683685,-1.1025745579478543,-0.09688538928579699,18.326300235861464,23.70144633554676,0.6968914866010204,13.736774281106486,3.3987707590967826,0.9124680614075017,0.7599195891171062,-0.5461761623089547,0.8701429226268524,-0.018971489023183793,0.1537183446358116,0.36152068428524375,0.5076196471093923,1.4348946187578024,0.6066823743487838,-0.038716709970231154,-0.9549771857528938,-1.2131526643893313,1.0129067390088904,0.38974674346215926,-0.1898587360709572,1.3252481856767708,4.7516554842529635,-0.0366350455988433
000,seed0,43,151212,1152.8306398391724,2.700851616224897,3.8914749081090254,1.2812113211002596,1.9795397120012528,1.3213501508436172,0.8901420444372818,0.09768270995462978,1.6363563283559728,0.2673620697759571,3.433445201804616,0.025671933577945984,1.0071337889597058,2.184953689811023,3.9769231279744064,3.604302629001574,0.16888414946140598,-0.11561099076388,0.219489340828504,1.2881649007094604,2.096564479959204,5.300024423247435,1.71616293557399,0.862699358768234,3.541839578611216,1.159393045042697,0.41318275659639275,0.7381058924925744,-0.7592106555523296,0.29868001615717077,5.185373802215827,-0.05617711403742909,0.7951366746659703,15.183278651506447,1.9716511268470946,4.200959737200663,0.21907758545899464,2.8098665248633186,0.0030830227144158827,0.553602189281831,-1.0178032739936675,-0.04361347528836656,18.717291472772665,24.273016725920776,0.8606655640108527,13.158826832033062,3.4198499720530626,0.8649640777655876,0.7885426193840389,-0.5007984569109754,0.9333243855842114,0.02410546735633145,0.13056906397149595,0.410637960859357,0.5256344335990377,1.414553825378524,0.6078277791396879,0.08911831143642188,-0.8588118683206295,-1.1695123702098351,0.999342287737933,0.42115222167961347,-0.1556713321705692,1.2206237964126883,4.725226654131069,-0.13447713825177807
000,seed0,44,154812,1159.649109840393,2.693179563767485,3.882424888057161,1.3259073144322242,2.048664982514598,1.353190686623792,0.9296126891440363,0.11108785009655019,1.6372238869152334,0.2465895329164173,3.2948792201059973,0.03690612115842286,1.0699720067731602,2.1999448825558954,3.9061641707312216,3.428471842913593,0.09973084699881944,-0.08726573666297385,0.22866491136532596,1.337098150526725,2.17393588187401,5.453053767071236,1.8580946154658644,0.8509753791801374,3.595821344514032,1.1798254744548882,0.46707535450872,0.7419708769898941,-0.9426197862006639,0.2703983971788212,5.301405751435591,-0.05511820804576111,0.9027495348923533,15.605614133398841,1.9974506811639254,4.2831767043754345,0.3321983163388079,2.7378470046370285,0.235410806882667,0.4170513026343966,-1.1231400433380736,0.02609050247432224,20.076337093636706,25.51915483208949,0.9442144345374902,13.33543488132185,3.657375692021478,1.005561737213705,0.7964278839234011,-0.544497731545085,0.8919094535041485,-0.03266346110646544,0.13424001286132778,0.3754650244836298,0.559222056411511,1.434335154296453,0.6077718531045077,0.1083425684717034,-0.9398629521106462,-1.2039463923633187,0.9799588888211903,0.3992676624359631,-0.14336208001077214,1.4288065380277748,4.695170377521587,-0.0419157760594965
000,seed0,45,158412,1148.1150207519531,2.628953245444411,3.750254090229791,1.3680796547747642,2.10479838664885,1.3689301608674793,0.96929660352359,0.10159795018519563,1.6388719447073368,0.24831605947172158,3.00212757747424,0.013325978756070361,1.1174445701179183,2.1266349631246837,3.9348006002945692,2.9146711502769374,0.09284079409820892,-0.08178952191085097,0.15757159198560133,1.3825056796633195,2.140730764980695,5.406671538767036,1.9105779489827819,0.8629849577761785,3.5130511723544546,1.2153236766123625,0.3558484733528386,0.7365630483507967,-0.8590306703250412,0.2803803900441467,4.945879699921834,-0.07262277542079777,0.7068128896952894,14.963760936696307,1.927275981661578,4.151470980985314,0.06743007861648964,2.537788676067465,0.0421294921143988,0.4498219201484571,-0.9345741140488332,0.007657936804981786,20.494344691733794,26.343123405035094,1.0433512655713657,12.939180708340732,3.3786123466862272,0.9324451660060101,0.8462315298791306,-0.48666642206320854,0.9443202404565214,-0.0184746926775324,0.18105326125671314,0.4269872077891778,0.5914645851769788,1.419080115179047,0.6078777990812866,0.04425855137916956,-0.8952685542172266,-1.134573948493602,0.9489169951023251,0.38248497896491757,-0.2154561874382269,1.2803867806474676,4.555553078844442,-0.16823541184616594
000,seed0,46,162012,1159.5073776245117,2.664582975828005,3.8507116035290903,1.4053113932856303,2.1648328638591665,1.3814200157218905,1.0110911265259088,0.11123559349455689,1.6402857048550672,0.2366427198897103,3.0380023884575365,0.019930659921791723,1.172544960133685,2.081481220416205,4.0093615885788,2.9403190059354056,0.1124543402207067,-0.08557121095902241,0.1888142497982489,1.3934452739398249,2.218128895376494,5.496583184152082,1.9866958809579915,0.8533720916126766,3.4800525181397086,1.1485306415742396,0.6091290188522334,0.740049970768077,-0.9700561948980334,0.25718996205382316,5.011054284909377,-0.09046757813908912,0.9698989253975715,15.30402485399143,2.0365671380882855,4.260329518487144,0.4234461805888487,2.5613076137789177,0.22379252050004464,0.47480034011090144,-0.9514175241386151,0.05937780925750475,22.48849191270283,28.07720599255722,1.0796234300429715,13.706480380136329,3.559871386093134,1.0951613876016204,0.9231892796038731,-0.49460386498531134,0.8566198147263219,-0.013820928731911684,0.13340806610655104,0.4216914177889033,0.6744245808131536,1.4976494573707722,0.608507000206196,0.2280400543895404,-0.9352737272567577,-0.9379813354160411,0.9176290653326941,0.38000198770414556,-0.0875368455362055,1.3850788198270547,4.7701063680726055,0.06833313363566708
000,seed0,47,165612,1168.379698753357,2.5608754000014238,3.685605515804189,1.3969268128901702,2.164531424339091,1.3657447298858885,1.0382585648985918,0.10748488669744141,1.642020795810787,0.21133968937063,2.7541346821592967,0.03714796779130662,1.1457766377538878,2.1051380922481164,4.052998347248129,2.8138786653526187,0.10559256578946256,-0.059713524319199206,0.1581787950871367,1.4324567097426495,2.246842961742939,5.569725317237126,2.075381150042791,0.8558309951634373,3.506213832318207,1.177760440384486,0.5012790961825934,0.7405676306156899,-0.7491109115089337,0.2844720448899805,4.950889397138439,-0.13326394607887693,0.7999255632754642,15.068022128296745,1.9310482374866509,4.1702331598540034,0.4289013682550034,2.4581584256493603,0.1664844187085782,0.3150452434323226,-0.9436693176984801,0.026803771947967577,23.057158243114674,28.126535798605122,1.182298667251033,13.149886739265368,3.6109887000486576,0.9750644594964085,0.9484313707998813,-0.4678856576641522,0.887272640726763,0.04025234032720555,0.15043649052562974,0.4972471473027384,0.6778127080020645,1.4657932348615241,0.6087073503321763,0.10246048192952982,-1.0083145474588902,-1.0184379648030064,0.8763387720747727,0.41495308103685713,-0.15444625535279194,1.066237690656701,4.7026197694525536,-0.03332397570461713
000,seed0,48,169212,1149.164725780487,2.5962628730995148,3.7739873813186224,1.4417413989133,2.225142114915615,1.3799864842658462,1.0830966469769763,0.10180898745817414,1.64392910893495,0.2387345670567339,2.7789078699954466,-0.003305126923477009,1.202201124144545,1.9780066414423172,3.968900418256001,2.5934432935293823,0.15501678729624888,-0.10798721425938446,0.1347187653226563,1.499547663124229,2.2384278116873677,5.478039345639119,2.1103787788446997,0.8947705298309547,3.4045332270770596,1.1196596484519565,0.6128409963125934,0.7346334944898971,-1.0118054656942768,0.23540808496604482,4.650309550004331,-0.11892900135344885,0.8674090097203169,14.326420497690133,2.1126959974035344,4.374446877472337,0.4712696519474375,2.174912394395895,0.07732410961844416,0.5313931695350861,-0.5987858711094637,0.044422884216619524,25.29276197242464,30.60955792559872,1.3073376011886573,13.839374637914803,3.2675301124583176,1.2816806559222849,0.9985288312488605,-0.41986876009343377,0.8658441164112379,-0.01700088218535169,0.18725003722278322,0.4388708112805539,0.7460854259207349,1.5687738775378337,0.6092952544093081,0.0700022233163477,-0.7011671935474597,-0.704993823901537,0.8603235178372606,0.3792213169779832,-0.1523407130409605,1.390603031861307,4.6857395891149904,0.019342632670026224
000,seed0,49,172812,1154.8276252746582,2.557141660652853,3.7409770718500552,1.4336864394425766,2.225609916349648,1.3805893593358622,1.1052146394424471,0.106579373235973,1.6454762661858007,0.22586804601792038,2.686372843803515,0.013636368619138113,1.1794983920979674,1.9800893832992879,4.017150097828533,2.5415426552111122,0.07614545019067555,-0.07619642390874572,0.13194913821681287,1.5085137253862917,2.254436058715572,5.516563735679659,2.1728674542333217,0.8771517786308449,3.410663641333112,1.176788251101583,0.5050762931724648,0.7349500611628536,-1.0494160563354689,0.23760723117293728,4.608537986784677,-0.11724646326284367,0.8658494878278873,14.031132413353578,2.1372243909179467,4.4034031150308435,0.373927093791108,2.140517271725198,0.0956911522258527,0.31411925116157513,-0.640792017125821,0.05682174909413685,26.635749322353718,30.76912702688026,1.3357471302928805,13.87685028803167,3.307114295123218,1.3312963984705748,1.038863103590902,-0.41974155524279166,0.904971207199982,-0.026240953327597426,0.19146453795038118,0.46051212411510134,0.786786372746888,1.5819063329221823,0.6095025774829046,0.040480432408331726,-0.9024223406940742,-0.6364782260519696,0.8182858926822765,0.3921923014075458,-0.18655639210426142,1.4131060384855783,4.666231260462838,-0.06118695692946531
000,seed0,50,176412,1147.5206599235535,2.4845063629530464,3.619078970122075,1.4356611560598072,2.2273287768240624,1.3600710382812946,1.1274160933995365,0.10548390386802,1.6470455869231453,0.23163037491638905,2.4885787452471635,0.0018224282333916997,1.1681540248214155,1.8674852615989104,3.886936417331056,2.251290717561269,0.1700418924712595,-0.11963897332301873,0.1035633966115842,1.5111381751680864,2.2821364488866664,5.554718426985156,2.1921404914723785,0.925646946102448,3.2936664462524887,1.1519409780973124,0.5310069548802506,0.7329856146426663,-1.1225596039064871,0.2291661650978228,4.456834582294804,-0.12739823692003915,0.6438850975845846,13.834199029976183,2.087912604708132,4.460910424490907,0.4846073943349398,2.111151106046597,0.12542659310426535,0.6288055526282692,-0.6166294690360569,0.09070653526113277,27.020777199916473,31.14871198587461,1.402479645772276,13.422295706574488,3.1804616559102925,1.3334579265389852,1.0233632414394425,-0.37755053992685284,0.897029478495271,-0.00621560696032448,0.1491584984597914,0.45074086339937447,0.7590138795341203,1.5634820767171325,0.6094958871010117,0.28122412716778833,-0.5650727752181016,-0.5474107501780563,0.7934265581929693,0.38740806357960333,-0.11896955359731343,1.4770602068811574,4.627867000566307,-0.04819933597255422
000,seed0,51,180012,1148.945240020752,2.475801462856161,3.6084364161257025,1.4518296969909836,2.248372142904034,1.3695742655312961,1.1509235303349092,0.10181808310794642,1.6483907445554782,0.21369528757769457,2.430737446392428,0.014839125962825855,1.181733936360093,1.9288349009949048,3.933358072862408,2.2461116823183684,0.1462414217228974,-0.09877509856962682,0.1094361438738347,1.5241842046089407,2.319688424333961,5.652081151053147,2.239943314193465,0.9018564407926843,3.388246127826872,1.1505542874694046,0.5277818275125773,0.7358938044839992,-1.0364361429097728,0.23404626685114993,4.5531763346817975,-0.14412657052069547,0.6353734552165724,14.034872359164247,2.0775696439290066,4.445470913842155,0.5715360246799622,2.1249994674089243,0.1383287329802108,0.45398274968695035,-0.5458198891155003,0.07498737509414818,27.931935362865044,31.381142524010837,1.4484902593355757,13.447238240850863,3.3575010724098977,1.3594968504709768,1.0052242023695444,-0.371109132923765,0.8994533859374568,-0.008263116342323296,0.16050060060672564,0.47658838901127726,0.7356337664714965,1.5611207015337694,0.6094921414280534,0.17827119350740292,-0.7607812804860574,-0.6240155458442919,0.7842124368582081,0.384816711902769,-0.15660431613430276,1.3790566979089722,4.6318210304838745,-0.06596694131855382
000,seed0,52,183612,1146.5118174552917,2.450814610146937,3.6001141786420314,1.4448450528636145,2.239867083956429,1.3556444269338244,1.1633407939680764,0.10385699123597256,1.649725152756993,0.20986968682750792,2.3973268141853787,0.02787646126587879,1.1623525138444495,1.905111072790524,3.888527754691005,2.222391327229476,0.16878039767270087,-0.08939231966075738,0.10397069551822943,1.5619102640767244,2.320785373874556,5.700533814578116,2.274236526978738,0.9122548189220869,3.409131435798983,1.1413572018734863,0.5468370202822054,0.7361784541691382,-1.1078831616552398,0.2249371936692354,4.539720944925011,-0.13198847124325497,0.78588616708342,13.740342808791645,2.1106877650710367,4.605055880985912,0.5928638594923663,2.040525669364645,0.1295612660279283,0.4841823416964933,-0.46201009482733685,0.07796384597668199,29.174113900269205,32.32424962345754,1.529126471365396,13.59305077048946,3.378438848082046,1.442258130351666,0.9961306632012026,-0.37462696736140716,0.8820901367895291,-0.04052229797811342,0.19045891160971773,0.4668995049729703,0.7285719664236143,1.5943028978347886,0.609724495623483,0.05381312846532205,-0.6831257562022659,-0.6215916030181089,0.7836155906505625,0.3907677224855731,-0.15187179180864108,1.4500053475311072,4.604947390864105,-0.04811550432575729
000,seed0,53,187212,1150.2213554382324,2.458080070907181,3.633942739746886,1.4518026238021244,2.251546124113406,1.3672859192960842,1.1830025616059938,0.09726790271643279,1.6510670765064108,0.204967751002069,2.4031324404796868,0.01225865042150307,1.166434487333746,1.8107093493457327,3.9036601054980955,2.1868705987683272,0.12186386635270773,-0.06856401668453899,0.13037557004931244,1.514622736928194,2.2860853672478396,5.656508691952824,2.2759363666659898,0.9136188264104347,3.3296814241809285,1.1645333157708913,0.5053735825838812,0.735211330012324,-1.2639946214877409,0.201479055926346,4.473051663740938,-0.15159266513187003,0.7889572475033753,13.274117649399258,2.157431932255476,4.58693867786768,0.4077979459631872,1.954910649531718,0.08623813197651106,0.5007534341698453,-0.38077845377327646,0.05959685635158485,30.22982221506588,32.77253493325017,1.4522423796263089,13.912205266023514,3.3412177219394743,1.5912988802319414,1.0414920372433119,-0.33065722228251954,0.9037260743800598,-0.0466050946122283,0.19486644946697657,0.447300269922155,0.7804340347375358,1.6228074441216989,0.609571012091305,0.1607375447584081,-0.6674030322994837,-0.4657266312995513,0.7724256366595947,0.36755117527374315,-0.15745262906383836,1.641049876088286,4.588346144712392,-0.03588804012535759
000,seed0,54,190812,1167.618694782257,2.4570535004031737,3.6735937434696857,1.4561515494958261,2.253639115361644,1.360003114412842,1.2017096013969375,0.10337344423631056,1.65241511872945,0.2138443214814072,2.4207495120941727,0.014060124363445321,1.1625110467423099,1.7526366007972654,3.948671380373767,2.2504251209041763,0.17184163078208142,-0.1036484429676439,0.11508036291934923,1.5645087433957603,2.2830282623549576,5.640497408372683,2.280111732535534,0.9126986555523922,3.29679233567649,1.1603808327592215,0.48147102681842924,0.732795918635745,-1.330143404282272,0.1942039407782078,4.3532089636928495,-0.19217235239349625,0.8865059265185662,12.893741663308763,2.222411976368315,4.744801609404126,0.25814948139825483,1.8789278727029397,0.173655292778305,0.35048502792617836,-0.4980292605562088,0.11732444121177915,32.36995636083795,33.790209905571736,1.536912164209198,14.32523510667512,3.1939201244534376,1.725953593422525,1.1106283419148701,-0.33824987531845846,0.9121241953507152,-0.01035867033790633,0.20906219405243848,0.4550375791476221,0.8433411599050971,1.6851709078423855,0.6095153343216639,0.029338152395026407,-0.7146666066605111,-0.3488042652392843,0.770356955737697,0.3902459053593608,-0.15221295496745565,1.7321903329627668,4.672066879983741,-0.08558682607311333
000,seed0,55,194412,1153.142047405243,2.411512510536495,3.6094950884203425,1.4400718330342357,2.2321500808425534,1.3563049116844232,1.2088692429472259,0.10283755280604677,1.6539048894565558,0.18891707578493602,2.325881674439077,-0.004607081862488663,1.1285982455002936,1.8194327039676437,3.9672745305798736,2.176740445413795,0.13866974432591345,-0.06968542233878877,0.12271452201879099,1.5253976032434318,2.3305063442926435,5.7848294618364875,2.3125486958282386,0.9078111687697077,3.3869817014400185,1.1242272355854668,0.5856444604462093,0.7377423227105895,-1.1504441711652005,0.2053829050432111,4.508072850481837,-0.18978611443425505,0.7868960071765788,13.478476631940383,2.1705490866625596,4.701721160495706,0.6257139154636975,2.0241497956070855,0.16798666748695368,0.4990800385432748,-0.33784257818426616,0.11902140187963764,32.471088514608255,33.31889956203727,1.5456194746558862,14.018797456572313,3.480064286070765,1.6402933432916622,1.077817242442101,-0.35391250413606823,0.8697706276332832,-0.013364962890505398,0.1738792865525239,0.49716332914640643,0.79566495638099,1.6622191424205142,0.6098443432371345,0.10070728599504777,-0.769668170090764,-0.4813833414933627,0.7634005526215065,0.38001871264943965,-0.16163049335980217,1.508802210997422,4.654848904702257,0.003707280861532379
000,seed0,56,198012,1149.6872067451477,2.397624284480976,3.618859581054342,1.4374925907172946,2.2226927543449086,1.349210071052785,1.2205608337043543,0.10249237733811639,1.6552925484952477,0.20268301265616967,2.3165082821149725,-0.01621300955987914,1.1135079128152316,1.7473653272157814,3.931000898038681,2.0730825670740693,0.1782759251580322,-0.10413805823596622,0.10144429184848716,1.5622128433906362,2.3016464105011547,5.735587236346662,2.3053491010417164,0.9261672703017082,3.349570354178626,1.1021373984884424,0.5648373636704578,0.7346280715243578,-1.2692867643497512,0.19381463177348848,4.352031040248873,-0.2062366031322789,0.777817061366888,13.015111871904706,2.226929688824524,4.808377761179038,0.4888404561618188,1.8257203102696355,0.14091090303246673,0.41484089147098663,-0.1255899688082437,0.08756589988983643,33.87685917294101,34.445428588430445,1.6177438597651108,14.226587867656212,3.295123522614518,1.7685192622116428,1.102933409401987,-0.34324817968361054,0.887144522762815,-0.007100663950200328,0.22122172282648792,0.48702123497636024,0.814717983538087,1.7077739484637884,0.6100710906740666,0.001881551303408802,-0.6755367076470457,-0.4022157152502567,0.7667544624942577,0.38554058489380033,-0.17269445670939845,1.6410797001951771,4.625232816708756,-0.061599456993389895
000,seed0,57,201612,1147.5357971191406,2.393277417699032,3.6138111481365547,1.443783377246523,2.22778855933512,1.369525935549299,1.237330317278244,0.0987796614208431,1.6566564781725632,0.1867567626791541,2.281171933689701,0.0052715996049391076,1.115284718599315,1.773865637904651,3.9617670641856164,2.143352028606762,0.11499338225909927,-0.0812535618533962,0.10934995791645387,1.549871828346468,2.315314723422554,5.834522237954346,2.3708160517202503,0.9266029075348695,3.3778165504422906,1.1656649661285288,0.46736890062556247,0.7386138985199587,-1.3737268925022967,0.18369513061078022,4.492018059774298,-0.23076477849347032,0.6878630080173469,13.551849114153072,2.229808906430247,4.862394797191833,0.5146841823092274,1.8900544531108945,0.1021752080580429,0.47015224330698174,-0.3429089109187761,0.08459717379029683,34.497346656282794,34.535594840374635,1.616600180140599,14.230702253046667,3.5313119054532915,1.8293073117272427,1.0974774195714232,-0.3315329810998972,0.9137400569428784,-0.0043404952918108825,0.1993740275316602,0.4726990604272707,0.8157735573375683,1.7105366131457422,0.6101984312803059,0.1795408554584469,-0.7247612676558324,-0.41668191687842815,0.7624481441885821,0.3837346923192989,-0.15235697473337986,1.763498943870201,4.642680312737813,-0.06619001636427331
000,seed0,58,205212,1148.8634991645813,2.3968667880569985,3.6448931370064845,1.4452491111802157,2.2244546058755654,1.371136685285844,1.246358351055959,0.10007161168906449,1.6578051555292077,0.18932590929287726,2.3021462508739488,-0.00014222372075320486,1.1107431577680047,1.7720125444266648,3.9240451593344794,2.0643703306355983,0.11495511310815103,-0.07573404317834462,0.10940043141925498,1.5666945971855983,2.3228934457085137,5.884086808880321,2.3736426685628027,0.9235793631695643,3.4245666653667297,1.1539426595205118,0.4753354521453507,0.7382795088883132,-1.5728129836528775,0.16821996434965497,4.469621673814472,-0.19927749229977418,0.8076171262696984,13.40331757836639,2.296606664510054,5.027361853930055,0.5751910916141195,1.8482492956292214,0.15469674263548316,0.4048321960975569,-0.1347987280437954,0.09806178028156667,35.812689351101355,35.509006665004286,1.688032353825609,14.501530067746668,3.521646385264793,1.972422326544686,1.0545383445941487,-0.3444059208976615,0.9093499023221716,-0.07042001589636965,0.2000372153010536,0.43039796326413415,0.7815937097923424,1.746298905679292,0.6102789410789098,0.03472063717582158,-0.7349935989008822,-0.4255440988654231,0.7665956010675153,0.35653407669682846,-0.17427972913592565,1.9821996519886846,4.600121716157715,-0.06868186818079194
000,seed0,59,208812,1149.8739018440247,2.3818009938148266,3.6289298975442366,1.4461354861387288,2.2177258497392094,1.3677553642621259,1.2532189026285718,0.09853173596024381,1.6588310070643293,0.19410601059349783,2.27086577661382,-0.006687631060129846,1.102527353156425,1.671874369471671,3.894615313738993,1.9556818352086558,0.13695567132901573,-0.08232556135767295,0.09810743621743369,1.5448501959145997,2.270620711825868,5.810018754921804,2.3562212913452125,0.9287786824854761,3.343589531192138,1.1397408191455671,0.4553171412782674,0.7351528089583933,-1.611506729998934,0.16071803396878603,4.308252123574533,-0.23313833663439285,0.7681419268427266,12.839673304965853,2.286864644485098,4.97887725012271,0.38808900773894256,1.6945216675695016,0.0933199444170699,0.446059751464603,-0.0429800037881466,0.09306986340507457,36.17084473236755,35.5729106115464,1.6501005251209966,14.496007299333314,3.3482983925386756,2.0157957880385706,1.0695987238600566,-0.32567853596979157,0.9263721070241783,-0.038348301634010554,0.21745857797778145,0.4230645814434375,0.7879610377376068,1.7532663514658076,0.6100659311016641,0.04435664507365142,-0.7096029127173565,-0.36240498466289894,0.7641599405346369,0.35042155455446244,-0.1907795731926688,2.021387771877777,4.5464669961254955,-0.10200554946058119
000,seed0,60,212412,1156.6828517913818,2.3649460978505057,3.6183825696434893,1.4395679559422356,2.205248180629192,1.3595347270940463,1.2585690256658986,0.0929299144838044,1.6599389057107858,0.1925877379488517,2.248558375316617,-0.007139342284240778,1.0881647715237812,1.6060748218910386,3.915854679027996,1.9453347931250202,0.16726283674982012,-0.09538821961610876,0.10716600875967136,1.5522392594017187,2.272997240526098,5.812230910755148,2.3630245193557484,0.9258074782219111,3.2683105704298314,1.1147777717679368,0.528192656619546,0.7347345841210207,-1.5414778567125824,0.16953587543957463,4.2514742264750796,-0.26847504951379625,0.824767949446529,12.755737697240933,2.2785411032309417,5.006740304752899,0.42255025803395346,1.6831652859906476,0.19712864095630123,0.38976397802941043,-0.14110396092921632,0.11250006252127817,37.010628473051874,36.082090097756726,1.6885983558059272,14.569194107414862,3.3170155216410553,2.0215845334383395,1.1223280986000683,-0.2931472451608922,0.9138830812656578,0.015937463707514428,0.20573826079218407,0.4477510831010077,0.8143677707525484,1.7711136433153816,0.6097943908115139,0.17090670993893833,-0.7088678723436853,-0.2793053827023684,0.762415758644369,0.3802024434428406,-0.151044821075141,1.9262790062605528,4.607449604797948,-0.015473121328449076
000,seed0,61,216012,1152.844717502594,2.3461315211531253,3.592097386645977,1.4339812467640705,2.193817755109508,1.3599343928244305,1.263086487244732,0.09168823979054548,1.6609284622816889,0.18386862095194806,2.2082441046805577,0.007490142862104235,1.0724793588818822,1.5945525013917798,3.8813307756164326,1.9527321990506963,0.15751645334554032,-0.08878819859101508,0.10696886401590305,1.5240967579050977,2.25023922555487,5.825787696817627,2.3693531944270503,0.9429273336406295,3.2640541265196137,1.1301934513929928,0.46408956064853135,0.7357816203922323,-1.5046683707046977,0.17744065365508965,4.26797045822967,-0.2943881906723032,0.6997427872003309,12.811178960694562,2.245338669330419,4.966674478745654,0.45836144494594033,1.711644639420012,0.11759248650358309,0.5450850727843188,-0.03226305954825149,0.1025932808338145,37.06255413712353,35.964206231097165,1.6467867360364912,14.475213271745282,3.3768924006937144,1.98999238874752,1.094218794691678,-0.28543238003273586,0.9243142219800107,0.029148056905276894,0.2209583875124879,0.45001394694735464,0.7772328844037216,1.768984475886467,0.6102001900816962,0.1464514007058872,-0.6319220914229481,-0.3217117331074453,0.7614098130620696,0.3902548516828244,-0.15949667667109135,1.8786591440855112,4.5677321322656255,-0.023770257189427296
000,seed0,62,219612,1141.046326160431,2.3485165027123918,3.62076415874157,1.431612425092569,2.1858940170337697,1.3639941960506674,1.2692458541896554,0.1022484946188978,1.6619264824494164,0.1846772871715428,2.2306256218287626,-0.008921785869125018,1.0609595671221201,1.5729245434536692,3.925331533361771,1.983411999499876,0.14344486653464572,-0.08634992568922678,0.0914728163799898,1.5472198916019824,2.2338292770808494,5.8511327534205355,2.379174276050594,0.9545170187992762,3.29664951015631,1.1162072401414995,0.4282913336993405,0.736194309461526,-1.5998333782663663,0.16643663090562089,4.284903006646692,-0.2803226242036966,0.7443699001333073,12.705021749257746,2.308393082061289,5.0775273771219,0.35123227193431933,1.6791725667544517,0.12617710220911502,0.5108547150234652,0.010148480245057184,0.08153091154799956,38.29060956257061,37.12387644737215,1.7142887329450767,14.758806381259893,3.4023370028347495,2.0982841260563103,1.09912283411788,-0.33206417502249924,0.9136851909024893,-0.02524760242637412,0.22939936250842038,0.42758169804297513,0.793665489863994,1.8074669157493286,0.6101979047504361,0.1231589650872059,-0.5551548648591542,-0.3091884029661661,0.7646813209632337,0.3618815682013277,-0.1803037419916814,1.99847052434043,4.593363871498178,-0.09469687600789871
000,seed0,63,223212,1153.7354559898376,2.352733080096326,3.6559626110246857,1.4270124889811404,2.1784728891838823,1.3666153503525047,1.2760648558860523,0.09907065193937102,1.663050197752066,0.17147561918084164,2.2584330847161347,0.02508477924859071,1.0513717645359446,1.589369098813113,3.9901301396658595,2.1199387542813035,0.12820078281085226,-0.0643708882929701,0.10870771513413105,1.55007144228656,2.242749199475098,5.901684536996042,2.379557341234126,0.9354582654493093,3.326730564627867,1.1313768266521953,0.4455000426865911,0.7402925553623115,-1.6403688055462418,0.1660186693654759,4.425044432779369,-0.30556453727257116,0.8283770055024261,12.996796908022302,2.3366677469036565,5.1528281901012365,0.4422431313019446,1.686181599398205,0.17116036039944058,0.43136463628641214,-0.016764375390601223,0.08257594469710823,39.223958368936295,37.73332712497153,1.6968065624864603,15.039131705287259,3.6346542638431214,2.1604128329499526,1.1019638768900069,-0.32321249725385853,0.9068295578917552,0.009142182857587155,0.24704311688057784,0.44405972761578016,0.7803695894205269,1.8382340437772682,0.610307034295848,0.12974099687315313,-0.6671661009423495,-0.30506023608280786,0.765126085576786,0.38553568215326417,-0.14368963816054067,2.0127850488153394,4.634576912081688,-0.0278477333713179
000,seed0,64,226812,1150.912097454071,2.352031177216198,3.6604753261212455,1.430372127864301,2.1794218519220743,1.371993757469577,1.2839663848866052,0.09753121721891939,1.6638530659325288,0.17706957801430678,2.251161219765291,0.013710859035233799,1.051562150587533,1.5229925292408952,3.95352987936221,2.0261458566594523,0.12666860086114848,-0.07932457426288914,0.11208941089787006,1.5596457474598928,2.2095786658835164,5.877383256373148,2.3745079962751117,0.935429066207632,3.286046734013846,1.103275506762625,0.46665988432984745,0.7377701577098829,-1.7130125563901466,0.1613725161105223,4.299594095060808,-0.3168004359054275,0.826065290004923,12.678854532408318,2.3488779190285762,5.1770036531999795,0.32834842553506033,1.634858490606161,0.13350357853258693,0.4302939562871019,-0.00876605886881699,0.09493726288771152,39.832685479100135,38.430039123401315,1.7218528777031936,15.15199842097628,3.496188820433437,2.2220195051249734,1.1108631778642764,-0.3112790952682762,0.9072706720617376,0.004745722658140246,0.252008478257354,0.4254263914084797,0.7879706354280015,1.8550724171197635,0.610136844114828,0.09959590636148465,-0.660490940237905,-0.26054032704512253,0.7660909036913273,0.38018713222248074,-0.17663247730382656,2.0935656644903946,4.608559081626116,-0.02351617908341233
000,seed0,65,230412,1148.4920616149902,2.348634076896595,3.6590042405806984,1.4316036717195049,2.1779257788043855,1.3740759200473986,1.288855353812461,0.09495272663134806,1.6645364126828648,0.17717400250299098,2.241760920363526,0.007244543496480653,1.0492216487244628,1.517023051981885,3.9529892463301404,1.988358279402847,0.12377348462338157,-0.07637031229863592,0.11046485705239002,1.5745411111087115,2.2135491669563585,5.924144411796184,2.3786038689006603,0.9343111360086523,3.3015984513260723,1.0727355641144973,0.5305887932185747,0.7389008744613327,-1.7710402786359232,0.15569175856720205,4.328606735446765,-0.31512180890052605,0.8520045376425314,12.810810606881017,2.3753593868041225,5.266793423926203,0.4700297457918195,1.657736845244924,0.16586196901957762,0.5330891511454692,0.00627585873207176,0.07487916143743853,40.302046542561996,39.04187124081773,1.7704771151523624,15.187154551839322,3.5616527977667727,2.2725008630638945,1.097784382992379,-0.30843222414839067,0.8911957301117819,-0.01043600276257734,0.2530433674983861,0.4179174655074953,0.7749018195476024,1.8626231234253292,0.6101085048384614,0.14119373606171975,-0.6562585887078382,-0.2503188447493446,0.768901508929009,0.36610856790333485,-0.1625913937035212,2.1589020536751997,4.621597532777571,0.01163853936629749
000,seed0,66,234012,1145.938958644867,2.3213995635791087,3.6051752144664575,1.4280606809028924,2.169572218882383,1.3651478134131192,1.2903909470003754,0.09983712042016722,1.6649787170959742,0.17853172629048442,2.176615640548434,0.007887335855832081,1.0391724340496236,1.4564825658316143,3.9218071426984253,1.9118471927726,0.1620499027766602,-0.09534796349789322,0.10315535816706455,1.5606118000902351,2.185393754599277,5.899210552157889,2.3746549559062173,0.9378666924977941,3.235692903880468,1.0886527846435579,0.44086784852723393,0.7373021611441368,-1.773943780979987,0.1573196321672482,4.249342448642767,-0.3432708723268068,0.7571635451551137,12.743635049889924,2.3467398984335754,5.226267961319019,0.34944523306802544,1.6061569528649333,0.13393459914905442,0.5083571843990387,-0.037710972483726506,0.0933665569241588,39.91664721599771,38.78808887614126,1.7692380431646417,14.914522569962415,3.4678136488717826,2.243088715828543,1.1081173908190058,-0.31645183227553997,0.9139630050677902,0.023658838202945613,0.23993121316632576,0.4161549687823691,0.7784632345247169,1.8467963615004828,0.6101027176271087,0.18740533832035589,-0.6533373945960899,-0.22632480600430716,0.7704718480261246,0.3757888831788931,-0.16702600963493722,2.155350469606051,4.580161914956561,-0.03744386446027049
000,seed0,67,237612,1146.7683644294739,2.3251151178716767,3.621532453746947,1.4263708184426713,2.1663942701572068,1.3710687102343053,1.293377430942659,0.09676058860432918,1.6656332586789904,0.1766322992427773,2.189362088330452,0.006301607941535689,1.0337566279665398,1.4468445885872971,3.9433194913439507,1.9046209008677586,0.12938305203518385,-0.07690576387100974,0.1064166569849355,1.5607978964936196,2.1747887037295954,5.905021107698968,2.3771599392298137,0.9394035429666632,3.2407926951901813,1.0749939096401782,0.4408459968118794,0.7371932451026811,-1.8512066982289883,0.15013957600793157,4.238023154274463,-0.3478520151155441,0.7973847907141576,12.731017470165657,2.371504698142838,5.280281395653983,0.30367039869240814,1.5772866927925828,0.16127904832738374,0.46247720377863316,0.024540100013530436,0.059280926623440235,40.41789286221777,39.1648797680204,1.7714739160534074,15.055545163429475,3.4720906006522276,2.3007021203114943,1.109704331401933,-0.3059140062546958,0.91407792045657,0.011361725024357215,0.24414801290248273,0.40563829213320424,0.7828050804210119,1.866212100373263,0.6102115518755789,0.16581520425338128,-0.6242977901936977,-0.2175695617240727,0.7734166480292114,0.36774971029642817,-0.1608570730649059,2.2386211853654214,4.5706401542681,-0.04137517910436327
000,seed0,68,241212,1150.2581429481506,2.3147784349737215,3.608177505395325,1.4240464368253822,2.160620513900562,1.367434708333617,1.2956737109266179,0.09496439703482927,1.6662024161268165,0.17308252339619315,2.1698198633092804,0.020961817878599895,1.0263638884139128,1.4400229613064028,3.9671258013600834,1.971095134339076,0.14134310551852197,-0.08314271114963377,0.1044576420289921,1.572122637139008,2.1608982169344486,5.903679212033133,2.388473693212822,0.9345703779657768,3.2430930117980874,1.0680221673266526,0.42677899855189033,0.737803064866299,-1.822997599307355,0.15929635880129,4.245971147034604,-0.35674996915016133,0.7962816870702728,12.710570488424956,2.35753841489662,5.258973700866418,0.3424023871388042,1.5770512628928381,0.15751099303294033,0.4311216662607775,0.08573445968392711,0.08594104580772928,40.658845048948564,39.54932164991695,1.7875185598090124,15.04449222199877,3.5020735101636924,2.2893263349450277,1.1080922233248058,-0.30044666647574025,0.9208040843454003,0.01883281967253268,0.26412626035527964,0.409619401946566,0.7756786057962085,1.864836733025239,0.6102465730982002,0.13707464774671732,-0.6713484497566404,-0.23648569575415448,0.7731653402881095,0.37674940924543093,-0.1716576003470052,2.2024516918414663,4.561883034992411,-0.056081890892138934
000,seed0,69,244812,1147.7892708778381,2.3067523299906294,3.5983143144931726,1.4223402103646847,2.156052189816859,1.3656293007965625,1.2983267973388974,0.0989982352345718,1.6666495544970263,0.17684789874747392,2.154073871046708,0.011499370366135131,1.0200351475749616,1.4189452189026484,3.9091104186299006,1.8896052561693246,0.14883638890850875,-0.08960529292234203,0.0994622758011322,1.5689053936686428,2.154425234210079,5.912074239080839,2.3872261745270067,0.9405504244019313,3.229942520574565,1.0571055511729572,0.43144447830591726,0.7369733363627644,-1.944596574403397,0.14940213813521866,4.195802507090321,-0.3421268770779107,0.7728479576656524,12.634469022655162,2.3727021846765246,5.307754354458432,0.4142953817377735,1.5560258190882197,0.18768284091308243,0.5170362680176971,0.08539261913609056,0.096036779305175,40.87814943918987,39.76446925777007,1.8008576675412236,15.026031682683717,3.455978408634742,2.3369058773365547,1.0927256826699467,-0.31418643852259037,0.9130609237718111,-0.013419326444911955,0.24544483572620854,0.37708941518144856,0.772869692814709,1.8717620234098156,0.6102712326742522,0.14987518430136332,-0.630197252723971,-0.23889312498212253,0.7770142706123991,0.35576881442996305,-0.1691582827002413,2.339431640098002,4.525965666473712,-0.0483910370231359
000,seed0,70,248412,1153.3329787254333,2.3149975005260846,3.624787685737252,1.4215091721169604,2.155273939770919,1.372296781212882,1.302847679661672,0.09784744775831407,1.6672149919931893,0.1704781920899945,2.176571456105261,0.020115073172025363,1.0175638644385119,1.3991368390784784,3.96218377180867,1.9577649959924774,0.11815657072655995,-0.07191248671022683,0.11066517114247974,1.5624120827339945,2.1371379743524583,5.91102182708544,2.377569721516573,0.9373314949107744,3.2308486978158117,1.0553641996732634,0.43894650286597026,0.7382987266939892,-1.9305433283091888,0.1522136141320425,4.227466450923674,-0.36354583438783167,0.8430803005473869,12.677063392045142,2.3823868608626637,5.339104121084354,0.37462716967044013,1.544575863018111,0.15672484286696697,0.44627963143081784,0.12026672519522401,0.09982249190394285,41.417168115242674,40.28701107513971,1.7957098302857506,15.243866268562957,3.5362237517509225,2.3679628855291184,1.1133795044411499,-0.3087456224096617,0.9081881806953281,0.010446124812392571,0.25523114289410914,0.3877869382379954,0.785847128365492,1.8935958593928783,0.6100924405536711,0.12151687199640766,-0.6228217154699347,-0.2256681905691865,0.7783534101245411,0.3712530809245766,-0.16807115963658484,2.329400168081909,4.550541691690679,-0.01386150385128158
000,seed0,71,250008,1148.8074083328247,2.3171235247141837,3.635157344279483,1.4203876229750325,2.153690036692774,1.3732549037740418,1.304495341188162,0.09889748938750696,1.6674741875388028,0.1608813424844081,2.1856011189166433,0.029634086059602088,1.0149455633227573,1.4483275152822384,4.012761513860063,2.0543540881295517,0.11192398634436478,-0.06157618537842626,0.1155594621123226,1.5649760611719568,2.1425087203942086,5.970783891888126,2.4017032932341564,0.9368701612479964,3.305261454208068,1.057436824243402,0.418766534296943,0.7409747796394087,-1.9092907708341413,0.1548129811680134,4.3341548563359655,-0.35623922103179345,0.845223615043443,12.941477200021254,2.38557831941808,5.357390467314523,0.35589975703977283,1.5812180973373786,0.10488317888835576,0.4591632849118726,0.1071641985068745,0.09885297495795935,41.61827445522922,40.645520583411034,1.8139362970150592,15.321908154523571,3.6854113302821023,2.3742540360472795,1.084360523392459,-0.3237838794048886,0.9095828377351829,0.00035018785491726726,0.25451777371733403,0.3917821683084699,0.7596631092474249,1.8970054910447183,0.6100577603769843,0.06773862302936735,-0.6516070281778011,-0.3129941509212028,0.7799958879131973,0.3689156567051659,-0.17936598777662985,2.308062601076407,4.573677514814197,-0.04286413413170375
900,seed0prime,0,0,1212.5555891990662,0.920495123044173,0.9393256176514977,0.8298697625345005,0.96932580939051,0.9562994552820137,0.9383513164689089,0.914636404555415,0.9295083316585536,0.4487582978000025,0.4661254145987151,0.3583519142636469,0.6412091035646452,0.5249086047529183,0.47875183075515,0.43575910556402697,0.5270319382987539,0.5916947085836621,0.5758840105774065,0.6034257091546945,0.5577130571973927,0.4578419142372999,0.4904097818072637,0.47094374117267085,0.37489899239449886,0.5060327581079591,0.5018686138585613,0.6064458963447011,0.522903827000306,0.5329255090186814,0.5258557648434795,0.6282059230810695,0.4342729558837542,0.6784310173727673,0.517005986332294,0.550375124097294,0.2726627863877054,0.21545230661400683,0.23082662974332488,0.3740208146971587,0.44432906233033886,0.4654662070072536,0.4178197910336212,0.5208446460580336,0.43971082200380185,0.44424209741819987,0.6186973263423027,0.3364736262934952,0.5394479368618288,0.48941365083648564,0.5558558470802706,0.5586218955486125,0.4332128413768819,0.4759647029897665,0.4917176967358215,0.5793589003422864,0.5302457091447622,0.5854282250410867,0.8282864907120926,0.6482378745832624,0.7168210901814704,0.5361495794676729,0.4898901787871332,0.6299099434747124,1.1383840275982628,0.46247845902966644
900,seed0prime,1,12,1212.257432460785,0.919935647392033,0.9386889259407785,0.8291102142852762,0.968043241097531,0.9546545312604926,0.9376348984716446,0.9100811334166692,0.9289877795397296,0.38291584520391475,0.5374707102532731,0.37779517407669844,0.6488485689493265,0.5483538471628627,0.48777270301328435,0.512208251748234,0.5840191260827563,0.5842916545507224,0.5638440032193797,0.6001154535243367,0.5564576428086495,0.4857737081073711,0.48801688181886116,0.47027903161155016,0.35280456744391475,0.48944225196782165,0.5124118339601677,0.606996713832522,0.5198218314497681,0.5305604937052336,0.5253417646099042,0.6211196974712978,0.4700740582786304,0.7346789950614694,0.529958113392585,0.5727538805254754,0.3237041456840581,0.22640742340254963,0.22921499061019093,0.3958410583118729,0.48545776876645486,0.49697192797189305,0.4474919368554263,0.5511851933441188,0.47437434321619437,0.4720665618094606,0.6472945216606565,0.36486832375422473,0.5468828871254595,0.4946700744247568,0.5644681698234492,0.5662888181906054,0.44474086917048117,0.48139349955951743,0.5056016609661704,0.5878297496131064,0.5309691199687944,0.6333200297776955,0.8566049526321563,0.6697306621317258,0.7263953639014822,0.5409897188972501,0.5046765057945524,0.7037516413527785,1.1410035791958006,0.4861258095633445
900,seed0prime,2,3612,1206.3056817054749,0.8965468694930626,0.9208004738328185,0.8087296721526136,0.9461070924071818,0.9334937851874727,0.9201505119885202,0.9063630659102841,0.9554824868299779,0.15465197305559675,-0.07759369051790772,0.030784587084599423,0.5580873704715611,0.25227743951012327,0.3405908817966749,1.4350264418877783,0.33064714795431605,0.6910649888125738,0.6683986033222555,0.5834892249515025,0.6247691455800938,1.0413196366143198,0.467873926973035,0.45979419899161456,0.6600510876579276,0.5955569209549033,0.5359387122360724,0.6221803199317714,0.5733711887312467,0.49598155427897217,0.5121461844904253,0.8789496929391226,0.04737083717405877,8.05058032749492,0.5184946696270107,0.7650624020947415,0.24788209819604196,1.6489093086743616,1.2742287702734445,0.5770792855903439,0.20117518295433365,0.20129645053764014,0.05180561184802898,0.31410747202448996,-0.1332293301441134,0.04016057614055968,1.356174733257115,0.14552058974839938,0.3762702309582692,0.298714480624759,0.3470286844994798,0.8686638875661002,0.08122329937944657,-0.15491946131697326,0.1439446498344887,0.5012495279263047,0.5249308341167268,0.5220856228713386,0.6717644935148934,1.308939619329642,0.6026245987243001,0.34146354406182083,-0.21742369914952311,1.0822721748899582,1.766324342606814,0.4260039644915471
900,seed0prime,3,7212,1206.1165614128113,0.8931637668248458,0.9174197388438305,0.8081028189291163,0.939443032622296,0.9272169457608382,0.9197591009733865,0.9199379372411123,0.9509025058802735,0.16386170801197603,0.05114763915487878,0.26163661416529177,0.5186342745311506,0.26839214732577643,0.3060964013764074,2.9484312801659707,0.4022494985663585,0.6017699071408951,0.7063542878288832,0.5767948550154066,0.6651951386312981,2.22179145673769,0.49460239037296544,0.4559152043806247,0.5968160101668157,0.7421006017845078,0.530095756653536,0.6392750009004382,0.6290184029361852,0.4818788495678817,0.5975699042287834,0.8555546478321839,0.16141319505082793,15.578561927130428,0.3929763278305846,0.8084594820812087,0.4223872409821063,4.167133008029528,1.8224961155680646,0.6719664059955424,-0.5190783261701845,-0.39049466084279133,-0.623924762980759,-0.033348444157097784,-0.16909305067776442,0.09112758585415172,2.1344357193942374,-0.16935744545563144,0.4240905988664365,0.24373486057314936,0.28644721825609054,1.253984021008255,-0.256684553762662,0.05271052916384372,0.21982546750078458,0.5082215430751706,0.5294946231995548,0.7660720118879849,0.6960098453596538,1.8682807386022071,0.5903266198867246,0.33306098406422047,-0.3105742963700486,1.190110808746029,3.8606797484841184,0.7734298512436834
900,seed0prime,4,10812,1205.686357975006,0.8832775887163244,0.9078646191117459,0.8024911391743861,0.9258677590648735,0.9138261951655331,0.9148758076595713,0.9158835365177336,0.9463902267136568,0.29460719723443196,0.333831263291264,0.5364692778148322,0.6323586916934631,0.393194529395092,0.2857944384063935,5.48625930017996,0.5573773083411707,0.5144117225218571,0.7025989948334006,0.5760757280560146,0.7486490463555098,4.015796273559863,0.45548073446646786,0.44414597277777546,0.7154065679587971,0.6285460359662973,0.7420368481216882,0.6634171431483739,0.5398810285822346,0.3853465440114715,0.6416621981631065,0.844669302987857,0.5206940297694399,30.244987092291662,0.38635224206922064,1.0658342705096602,0.13238051087178462,7.0781913899469115,0.8411424375949079,0.4062788058739294,-0.24470378033377838,-0.6649034416411249,-0.17747765270700644,0.39085115052060815,0.2887835224849839,0.6639873083915748,3.2720080241523477,0.20773277945722507,0.5018132713464465,0.1995419056793263,0.24389054576415278,1.6355111551099042,-0.06471698034657036,0.16492493778869766,0.4096171953053229,0.5653915271497539,0.5404511454805795,1.6803250169514548,0.8322569273733863,2.7771847672496466,0.632409573686096,0.2399756702022371,-0.1434996093479335,2.2777185436715364,5.84491918383595,1.7127609736617466
900,seed0prime,5,14412,1206.0104513168335,0.8602414238991942,0.8857139283608406,0.7803193540097281,0.9013031680707854,0.8898719383056188,0.8986183703139465,0.8806531552289291,0.9420909128507698,0.4966634697440108,0.5537283845260592,1.001718118851763,0.7047538717766906,0.6908724783611193,0.11888476439592677,9.280275949061947,0.8324642579735404,0.5026014439682844,0.854811919345966,0.5772290884889145,1.225055334578564,7.801782128276386,0.5217908582373053,0.44036167715295077,1.8115858106519875,0.6370648014306216,1.141722123579467,0.6984183033132582,0.7240527894970834,0.3148092692190183,0.868565028625826,1.0205108240953338,0.8856044388022248,63.449798453954706,0.3352546815208874,0.7111192600609124,0.810478539568299,12.03874493937787,1.7652193663866569,0.35423412769579166,-0.42968229860612883,-1.5288883019938029,-0.26610048171882017,0.9611084748782475,0.3011951879525585,0.9871838803769415,4.972459965679425,0.3216453519407581,0.44407275538749197,0.13978362703342312,0.2292701596910285,1.5736901316185314,-0.1389925455671004,0.1482830762224423,0.4521505310530273,0.5338273956622843,0.5539294201761855,1.651164703401145,0.8960843222445091,3.0118674805480596,0.6298392737843611,0.07565422094910047,-0.6934616334440911,2.1775443847665445,8.542007890171222,2.253593446334853
900,seed0prime,6,18012,1205.8643674850464,0.7547631707556556,0.7825750886306331,0.6763537021307985,0.7913665169821895,0.777849161494704,0.8213544933533555,0.8003551463181884,0.9430988052233424,1.708775090163562,0.8680009215552265,2.928374356632666,0.7455969233838287,5.025608148605301,0.09657777121424964,25.123366221095004,1.9457934287024305,1.9044720674253972,1.2274198365639948,0.7256320087666702,4.300731824650255,33.076135706517135,1.4444123216289844,0.4965187092630087,8.284733840215033,1.9703454566710932,2.610058367863975,0.9146191151861758,0.7442402690440912,-0.08892995966602024,1.8540020683200336,2.7157763781997373,1.6952961845356624,230.8554253465497,0.867062936725618,1.3574530920979342,1.3184947393660855,45.59246450249963,2.999280851501864,3.781563978545771,-6.074552974433121,-9.167170454392902,-8.840380889564363,-0.5237613482396926,2.9610162940404954,0.551036128498778,16.26039809594764,-0.09938434251695683,0.029939757492671623,-0.0302943898849983,0.1652585560852635,1.2504675469390596,-3.1031533887640994,0.1280557613172284,0.37740893124766867,0.29118920363352785,0.6783123344082216,9.087109742760376,3.4804205365250724,-0.8365217109028245,0.8413072591292287,-0.37286102084017586,-0.2462871459216141,6.430329408648067,33.48768607524138,4.283702841334431
900,seed0prime,7,21612,1200.0604848861694,0.5360089803123596,0.5652351818140466,0.4078578432379484,0.5005637758823717,0.4846788969177203,0.7053168792981556,0.7997021929597954,0.942589325624248,2.0153622151917507,4.833746066084971,1.0831617433151923,0.9005254309123248,2.9976549380200987,0.9890714745430986,9.357478559162558,2.9645768672362203,3.65939319612647,3.6249744794260446,0.7204447307395292,2.397398575686045,9.76637128571897,0.5299617293312108,0.46643187726037927,3.867749806731543,0.7041869143717046,1.3437250524294926,0.7332368000161199,0.2803953674946036,0.5513875813337091,1.04454344884672,0.963949552733495,7.23238146729385,44.25047542931054,0.6365956841926705,1.8888831505053334,-2.503376779517734,13.909712095149805,1.5932662372325497,-1.3096545959572403,0.13330180361257743,-5.333492735775254,-6.162704568062199,1.7708838025938003,0.24221197722687027,5.399765730284712,5.941947572152351,3.798343202439311,0.10189381367695552,0.16259744381592467,0.29647362532695815,1.1320631245484478,-2.1771877646364355,0.11536265486279575,0.08182851099300216,0.21151344190817256,0.6353960794770003,3.0348131469884176,0.6886433171476422,-0.9080382528722919,0.6015335531295607,0.024827221911890653,-2.198099572364055,1.5587500086570243,16.706992873811938,-2.1675063863217456
900,seed0prime,8,25212,1192.824899673462,0.5347225868762326,0.5521594211762295,0.3603704680807759,0.6073470461988606,0.6107464057900005,0.664168057704232,0.7236431266093334,0.9416639757387847,2.0799559022743166,9.998160613495106,4.311480672097663,0.757373779735382,8.052398197386061,1.726416284592474,21.0248995002238,2.9520984202389804,12.719439210443035,4.456324483074383,0.6236361681322223,5.967705765510837,16.461618475049633,2.9851709304735885,0.45510394182017444,8.933427010596283,-1.02729976524609,2.497232260308054,0.8128679442091558,0.3171543272870423,0.6986081934352608,2.161566695153465,0.9137667790072455,13.064717494483505,30.86991343082972,3.510899706472374,3.3768268247571576,-2.2743062936851284,18.367123445159507,0.7990358734331268,-2.7513967452503345,-5.674949168555174,-8.600637431288161,-9.894152336606782,13.669117012210243,3.6728474378407077,12.73931276470516,9.791859435444522,8.87330359189013,1.693814231418625,0.14842728631425975,0.5124807274152073,2.4468242419478283,-4.440646358526422,0.40217581296561616,5.685565205222195,0.32577564094658623,0.7327764487926087,-5.581111580491613,-0.7173566457948435,-4.1435031085387495,0.7501121386109325,0.9708372699311973,-1.9180899554899453,3.680287066733751,23.51994552346613,-3.018223601039328
900,seed0prime,9,28812,1183.637523174286,0.5894857985095894,0.6036690733526358,0.37557966036476653,0.6990069248203651,0.7189530611991328,0.6626451636289652,0.6853143126737382,0.9585723026853246,1.8080133140728782,9.85208612385667,4.833346404445754,0.7547436804714097,8.68821483667585,1.695440908434339,23.726420519110267,0.8011891030842095,9.978353718226458,3.719130315919429,0.6575128251065381,6.643484426864608,16.74526841594521,6.323237031114632,0.4413373078564479,9.10983700523772,-1.0561275502641343,2.396923379728573,0.768002470848945,0.4636455567840687,0.7000490799609494,2.4966486158915084,1.4382949988189182,11.28556376746733,26.082109506209164,4.715602161278936,1.8994369747035584,-2.1831448234826443,16.732031069458966,0.23081446252785068,-1.0532937553126254,-6.337582359822951,-7.037972349761024,-10.172387819597128,13.980085212695986,6.421917473908769,12.478565300081375,7.255679562632798,7.1723511461538445,2.004291483331057,0.07710107688702492,0.5385931478490928,1.9329266893335877,-3.4305055905630417,0.21931059339674774,7.07252696429595,0.2586440140324417,0.6726777115225762,-5.9931806439163,-1.0493666981244498,-4.681661434177358,0.7544224835243774,1.0988983252279707,-1.499223858088562,4.3057597890772685,20.873837475203,-2.9400331673520097
900,seed0prime,10,32412,1178.309010028839,0.6301567618870335,0.6420848281951537,0.43151231716629673,0.7252689064219682,0.7922290645469362,0.7221808689454281,0.6418407276085475,0.9709054171404802,1.7216208338798036,10.155422088341082,6.624244071256715,1.0167225305436647,9.93241468350804,1.8417269480619127,30.666501305325,0.6664575408721451,5.923571558532029,3.679756455947228,0.6767027815185156,7.725345310947604,18.43533016217851,9.049878220064063,0.4351996022410273,10.114179167946325,-0.8350988430077472,2.667322668147786,0.7545911589337722,0.4297627800036104,0.7413841605177985,2.968924104215916,1.6364680094745139,11.464087634280986,29.671846484224954,6.4316891859710505,1.2426415860128652,-0.1542378853973873,17.803265986782115,0.3498909407127445,-0.5417888300433618,-6.451686216528503,-4.177529782236069,-9.378591761315127,16.635255629164213,10.188189883865078,13.2886979578391,6.562566320126733,6.0779772780100725,2.5476567981603857,-0.19473174316073338,0.6248008988336363,1.572449063038939,-2.5711924624180496,0.21361423705839147,9.299586796465274,0.45126132759714077,0.646278284803994,-4.624501681952865,-1.7334173453438875,-5.51208339022883,0.7585087852770833,1.843105737210271,-1.705684520718644,5.276074689607104,20.92646872981163,-2.710939638861636
900,seed0prime,11,36012,1170.5986256599426,0.655001897565813,0.6700185587728674,0.42927529452691576,0.7321508101693927,0.8301597180838864,0.7546759632844917,0.5922479434089345,0.9832828980370651,1.7559605664518227,9.249467412436099,7.48185108456368,1.062605382549743,9.902335346302989,1.7563191665677218,33.025306504468126,0.7849407400803567,2.5067936494731873,3.2802787203156454,0.7631208552950515,7.981090632761828,18.09004484673628,12.320246710987366,0.4234535799060475,10.495713829984792,-3.5815851571091692,2.639310760861455,0.7429390151997907,0.06894679034721109,0.619748295295977,3.5703057104669997,1.8672886943668128,10.828064769493798,33.26080685834841,8.511596408758013,1.6326165627917246,1.6717704946300393,17.701864865971174,-0.292457474869238,-0.3882468764784348,-6.252552706406654,-1.7266032048313122,-7.9827491894812255,20.389218581373832,14.535131928812191,13.360646125101503,5.787014895302245,4.307200389057073,2.568618117408177,-0.4239296076126354,0.843568015633719,0.8551326394273622,-1.8059212778789264,0.1342186428385243,10.47969511925797,0.8163565479015533,0.6298179926868689,-4.681842791207686,-2.6691264688639316,-5.460756497589676,0.7496144579945654,2.3450754331670978,-1.9598162188952202,6.4290668329316425,19.648017266913527,-2.952767189439742
900,seed0prime,12,39612,1172.1209063529968,0.6845973041135245,0.7582038820571856,0.3395896569090292,0.7118204353005241,0.8013696564571477,0.7164358758857964,0.5273058859801601,0.9958268745987057,1.7539805032078506,7.932198814505223,8.028889568754824,0.7863653275044828,9.534290177530005,1.7218564514393968,33.67917072955307,0.7988689520633725,1.751425728162229,2.6467696464330137,0.8535533510171777,8.010775424913088,17.119693876811706,14.779590821318102,0.4071287791532091,10.515044479323542,-3.5315422554287044,2.6340620438626416,0.745512747524717,-0.6732401369841176,0.42525451468080494,4.044384100588023,1.5387228688182295,9.82351792818284,36.612855885483725,11.457513081308209,3.1038293134205075,1.9578345836895583,16.904423763365592,-0.632924765107789,-0.9745293740195062,-5.546060098358874,-0.5074207338482196,-7.117515691853784,25.662276951408582,19.462735799969728,13.419451013916069,5.848808001607754,3.6079696932385996,3.0491640622847056,-0.47082841236758305,1.2737529603557582,1.0276602577846927,-1.3395193786139925,-0.09431553985723584,12.737272788168818,1.1381710930829667,0.6308628759004599,-4.343623255659335,-3.241101930443435,-5.030561747005939,0.7561915711957018,2.885982377667625,-2.011386466798413,8.04452724464267,18.566090057792092,-2.8923612892701707
900,seed0prime,13,43212,1171.6974115371704,0.6343750347902376,0.7398555734473911,0.17774191914666695,0.6592603953200813,0.7045120476983773,0.6221335648709517,0.4687804856298855,1.0100450855692729,1.3746522444358316,5.195847275049714,7.360139706229659,0.370275128669307,8.89308997882874,1.5648252728550385,28.316860205228856,0.5135936342084592,1.6392816552847078,1.744107646162125,0.8231921274878922,7.7535899874380965,16.44425191309845,15.639878831382962,0.39199264508971726,9.77256715900313,-3.050330532282685,2.619725085076849,0.7519637974410548,0.01107905466198851,0.5474220618010661,4.599719025723535,1.2610527096208903,6.861970876892784,34.95129968351613,11.089004997749415,3.235999206458717,2.808137608296839,16.187306109976035,-0.27240335381896297,0.33641343671652835,-5.97168977087297,-0.45283463275239866,-6.876043080254328,25.33627297543764,19.21046570844163,9.812238607062195,6.277613316529678,2.254292277614754,2.8892573544999944,-0.40540169784905444,1.4539899420144453,1.3324422563537632,-1.2493026184994478,0.14130348006700513,12.635036082455729,0.9983889380515045,0.6395878134361223,-3.1557828871396874,-2.731331861225752,-5.0643488002436285,0.6838510729336335,2.9450028700823836,-1.5168354670575799,6.355054080519414,17.722755410194903,-2.298523285555451
900,seed0prime,14,46812,1165.003442287445,0.5600056363999851,0.6942849451361883,0.03181662529523049,0.5776588588475857,0.5737348721366026,0.5221576883843823,0.43775632916516966,1.0184961531302232,1.3285731687393842,3.768165074699092,7.082576389223513,-0.005683349983962814,9.17314928849693,1.6430094391561867,26.329737944434573,0.3050648915042843,1.6326952901152954,1.2342380681931642,0.9752462756495806,7.418672939998986,16.10427911803661,16.88670990150758,0.3869422164419472,10.487653023113833,-3.790444205527596,2.47272824164985,0.7688589568488848,-0.15414482904885854,0.4280765523945733,4.913030140617884,1.138658435227148,5.593672671607965,38.1042666518327,12.82241314858322,5.312983353302529,3.4250922287755428,15.685965560100582,-0.4683199120122596,0.15866915739477086,-4.724153805355623,-0.07916002064811176,-5.245466997302432,29.044235486292315,21.09183437371324,8.517539862046295,7.472490262416086,2.9693665336918564,2.920542080122568,-0.5249416516056411,1.61123083406459,1.412652774666213,-0.6077230409494093,0.0560343303673068,14.235050548185775,1.2111107547378734,0.6624661433966456,-3.8032677571300337,-3.285110619415752,-5.871598834379063,0.7212577554986306,2.955079732804042,-1.9186909102627563,7.473781103884782,15.936912501170902,-3.0215172424483407
900,seed0prime,15,50412,1165.6999218463898,0.515469673156985,0.6486036523588629,0.014492984391025874,0.5163918549564906,0.5210377071174688,0.4886054751721253,0.3943299081799931,1.0161508065170446,1.2770537139004148,2.6056370502583235,7.727873771211156,-0.0249824166290899,9.983117900254312,1.651734210840262,27.558499805838235,0.3483978326474064,1.3635299850409468,0.5729889642547259,0.8931471904835323,8.005941403849663,17.111606217297346,17.563789705561422,0.37965174686346453,11.278038956620982,-3.865393057546631,2.4898075303537497,0.797101518519264,-0.537103854363232,0.5320105661005506,5.543615180812906,0.9109312956725182,4.287726002983135,44.335464352966085,14.183245461926528,7.593772324824243,4.695221927660484,17.321718753533645,-0.7306494951959174,0.3737434125512493,-5.881601857618569,0.5079101847161765,-5.434770298664004,33.815690452191106,21.800806995273543,7.27374293005427,9.14137965004053,4.448394110055116,3.106170658167556,-0.62346853695509,1.778634815146908,1.8963530847116752,-0.7448458495012907,0.10261421724220156,16.4180705082555,1.0528858569632848,0.6935392405711186,-3.6705546062546452,-3.723301466000268,-6.703185930308286,0.6875828509333952,3.371311666278928,-1.9144515272326423,9.165291266551147,16.772179433675007,-3.3133317886963094
900,seed0prime,16,54012,1168.5220193862915,0.48631206394289345,0.6386235612844121,-0.02629027319567077,0.433513905327418,0.44583842013214425,0.4492517984533666,0.35395804794541413,1.0053130730277446,1.4144860433274913,2.1789504279879837,8.82639994717018,-0.06798081759375281,9.944700484599734,1.8233790151732288,31.131354665831946,0.5079752352891811,1.508363864417852,0.4979085968100452,1.0089900010745927,8.505015697877727,17.514502789242673,17.32192926840746,0.3670410297302421,11.295093309140933,-4.226398195177959,2.9986529186682844,0.808982757144658,-0.8092370893208879,0.6436954157861129,5.744008397889141,0.71108416625686,3.890618202439089,51.21324038551539,16.799521270496108,9.54725472064051,4.529783814420101,18.16483050400037,-0.06569379478914696,0.13874706289451313,-6.417753966820191,0.7047127052534125,-6.017778286003608,40.37399715282715,23.821835047696897,7.291189543018312,9.723047953616716,6.452311181159798,3.7567811508029294,-0.5955167667605568,1.9637099313794395,2.4300615367776177,-0.7390636266384739,0.23476351370895018,19.53358462288273,1.210267553719359,0.7085593765173959,-3.3738763471512923,-3.701187085324645,-6.524919006731559,0.7250298427017444,4.181326311704583,-1.7359312203576769,10.910656521024329,17.653148343015253,-2.6897294043760898
900,seed0prime,17,57612,1165.866120815277,0.44704456204348536,0.5913604511633012,-0.06939474968001101,0.32953492146323615,0.3559836956185404,0.4079840653786905,0.31783286000307437,0.9856158348078092,1.2762149998421028,1.4868720555731296,7.798184166086938,-0.15603467232986318,9.104989532199129,1.9567548536287613,27.425057448664063,0.4284699826048566,1.427904494089433,0.4021784592712273,0.9797080816323875,8.20969539813758,16.109150585263006,15.487506414214524,0.35742044383262755,10.509214085697133,-4.360708505477487,2.9786257179961204,0.7997510812228518,-0.5810492212159363,0.7996740938773819,5.256258210789764,0.8355685654368897,2.9082381191780105,48.89535670888232,15.70931779602323,8.82433011872092,4.278715573344314,17.534662989170947,-0.3804947998566761,0.37035640150083515,-5.799931572169708,0.4626773524386369,-4.859527376540829,37.95870022605924,20.90097069845802,5.788568573978558,9.066691819975302,6.457348428675765,3.407110172291138,-0.5160759008350879,1.975229111925283,2.1251023026415945,-0.7645361047634787,0.3799899951905337,18.2190888731411,1.1546587168668228,0.7080911564590323,-3.2032014806916833,-3.3717845139360714,-6.452112385970517,0.7575711802513585,3.61176393049433,-1.3551007026147421,9.743440764058084,16.14428099185175,-2.4980656347471006
900,seed0prime,18,61212,1163.6425256729126,0.42507293462087736,0.5609930260472858,-0.12373524327632768,0.22084361319442483,0.2608568288881854,0.37371126833755014,0.2755919010616257,0.9531796861477403,1.359446420046858,1.243379458075747,8.40914113299841,-0.1972223647025103,9.236640458130767,2.1903986877090733,29.765314925136423,0.3767157814144635,1.28218894360054,0.40776927604822955,1.0803161047552758,8.415214106000395,16.540803984149363,14.780116991827459,0.35793669096797437,10.844410252628773,-4.86033716195894,3.1992544665376936,0.8134470272523799,-1.0347876561913365,0.8804932459372263,5.385751547221735,0.5819641378587718,2.4289445070739846,53.50532135624083,17.198794225578023,9.753137778371427,4.530207020275616,17.73496130987145,-0.09484962978990925,0.3948821015568401,-5.479214497455875,0.44231863384894066,-4.621935428631464,42.90930549092333,21.449843582935664,5.671413815038566,9.747704149656085,7.953935193921595,3.769626470116406,-0.5328241530906281,2.0391129404259987,2.3753039113175034,-0.5242166979137669,0.32534757160733,20.02215207196183,1.1295753238648731,0.722382733019149,-3.489729365047296,-3.5019696596487964,-6.7207390561646045,0.7206350907773791,3.9821852946042737,-1.5224444020705064,10.871840765863306,16.253421005166548,-2.663746668046264
900,seed0prime,19,64812,1165.2620944976807,0.41227009191838215,0.5249837672756181,-0.17464261183041455,0.12717225360622136,0.1743243175503505,0.35377831831386747,0.24192015557214377,0.9042147740369064,1.4964529264256023,1.163330113846969,8.89849281003479,-0.1364885347095433,10.503023433829313,2.539010291857403,32.48399190651328,0.7614152677482655,1.1278686910678273,0.3353815052723228,1.0760408643010524,9.097001556899842,18.28265108721604,15.540209631327002,0.3579648475493766,12.129526928497262,-4.499358103993403,3.182458753246295,0.8356503245965856,-1.2088397061165315,1.0050575774527188,5.740445179590792,0.33698083496186676,2.651449064811301,58.377291437825406,19.817414174033082,11.45571720802681,4.87839850012346,19.826738123446994,-0.2939504452335442,0.49905429271584395,-5.588632059854708,1.0611054353376719,-4.788143860910355,48.53850834662309,23.392419142785496,5.756176588304816,11.062722517145831,9.409295517907593,3.915261461882776,-0.7273285980686008,2.0850853819483226,2.585382622975993,-0.4092808948481071,0.46254449439557377,21.76686963084026,1.3622253705460663,0.7457662400551884,-4.41370482206394,-3.907317998141358,-7.236186539718953,0.7637056852236196,4.043112037563978,-2.0775541159727853,11.940586486436688,17.145001457714677,-3.4100282543358293
900,seed0prime,20,68412,1175.2381439208984,0.3863310277896273,0.4593478668093614,-0.22586439634332123,0.0583380931730259,0.10808626606436234,0.31917665934485345,0.22557854733154392,0.8453270151425829,1.3640625351078417,0.8361428529577258,6.40173002974054,-0.3137878610679179,7.936578285432347,2.2181228506809,23.496542379584795,0.546090634247345,1.1144546005968945,0.30024580754146424,0.957481298154677,7.2952678226601035,13.528599425278328,11.767338980619192,0.37992114937284915,9.231302669307302,-3.649020219310584,3.0003393740741977,0.7995072308566095,-0.8841107319736481,0.8108922280033447,4.413289587644359,0.14918520831448642,1.875690252491706,44.401485553935636,16.403126983073292,10.190086959516268,4.090447181970689,15.062451300558797,-0.00790376671256163,0.32760311587634217,-4.131812935413662,0.4212206926303118,-3.5447211139755663,39.433291485608045,18.42747023832802,4.272949161018592,9.021594305959876,8.118628469493174,3.3969979167592275,-0.40998981701413256,1.7503084553891164,2.019943724904676,-0.32470394527481766,0.29961114934565963,17.19936858057232,1.2706015311029606,0.7220159586358831,-2.855678691450472,-2.9700645329799924,-5.500363880057414,0.6812300811774883,2.853662781000983,-1.4091410211310247,10.021706943597305,13.459894475417698,-2.264961163380789
900,seed0prime,21,72012,1165.780430316925,0.3304003072221628,0.3426551642896852,-0.2644920745503801,0.017708966966576173,0.05832730372346812,0.2769956221181177,0.23733695580771946,0.7861703555224963,0.8900964734766142,0.2730495380152294,3.6276417667610668,-0.4919075365981408,4.2786143420867955,2.0216305457720933,12.19486422524584,0.2987260947229606,0.7476578992432061,0.25358007027956186,0.7416417188297869,5.102525308994956,8.26472435703234,7.896219928082577,0.41424789433625897,5.6005986900605755,-2.2815321104806863,2.1852993306080934,0.742414290798717,-0.4944437540850697,0.6672853033843866,2.8666877525360634,-0.07365494627216705,0.763453300618347,26.16561978118864,9.287299475531082,6.4512542155939405,2.4147226968978353,10.482391789633871,-0.25407558669597385,0.47230693892140335,-2.6728606727727073,0.21631239123315224,-3.037390561111927,22.89171093640625,9.49823163459736,2.0855883192214164,5.539657008023998,4.892744892705413,2.1460035889652205,-0.09940155316022865,1.536867022631154,1.768798472536692,-0.4561496636625076,0.4960500839703324,10.241423970699083,0.9275603152717957,0.6811667465274165,-1.6946524831499152,-1.569941616901876,-3.2528229386915295,0.6706120194957672,1.8538916936394578,-0.7500537931700234,6.046220072489745,8.94683087625442,-1.56788866066921
900,seed0prime,22,75612,1158.3736567497253,0.3345670862809238,0.3486283542472801,-0.3024700758296056,0.010361318217901911,0.03525671182888471,0.22618266554819808,0.25873722501072305,0.7257202833387795,0.9954989281784933,0.2557549976057824,3.1416633989761396,-0.5363930867742212,4.0358476467982065,2.0318932600530446,10.843287675960532,0.41994834856116303,0.7705087932783817,0.2755018908836851,0.7401529425827479,4.82362687463017,7.682059485328472,7.320063972499884,0.4423308962286319,5.19609334029871,-2.173122746118516,2.3096508515812353,0.7431724943929763,-0.48606560801707355,0.6435076306067535,2.6652173227038953,-0.006881707105169159,0.7337978699855982,24.15634083444015,9.448378408798915,7.379422366321177,2.5669046562028828,9.751336372753071,-0.09435685525851581,0.5204502149879912,-2.2676435484493247,0.25123655012205187,-2.404821103660858,22.712624661502495,9.127147865013816,1.873142374314151,5.546074767758725,5.1025344053211,1.992924353480323,-0.08868181599167396,1.3329284540398467,1.476067917461382,-0.31377109818353655,0.45051619229726175,9.508316520763232,1.0400808453317842,0.6857218750820971,-1.463262253847252,-1.4389092547740787,-2.7277936792221102,0.6691841528767748,1.5999675607334174,-0.6998037076289062,5.916883093369033,8.249407296285522,-1.1336773843186485
900,seed0prime,23,79212,1161.6554207801819,0.3433563410289501,0.37612194522840076,-0.322792950572043,0.04580611737804494,0.06425572323205012,0.1891524901338439,0.2647929834767378,0.6755842973740356,1.1373661365738656,0.3052922039567217,3.3637576551260566,-0.4765991078828875,4.543770412782461,2.014525084857823,12.424799734589357,0.6150821256611803,0.7369406814973593,0.2667446034917015,0.8263742879197781,5.048540974410584,8.385606290545532,7.764418546486148,0.4554437549711152,5.595699826283575,-2.2248505493260837,2.3964742206867014,0.7624230366477927,-0.6727217220929557,0.5971652568409459,2.8265307412436296,0.04982768178782625,0.8138216098149751,26.36266585281429,10.998831298272027,9.675602030826683,2.800890888732346,10.217902394071224,-0.05155977244500522,0.6811445136588609,-1.9331626184135413,0.2986225645575877,-2.0502077284052747,26.209057106963265,10.150502534423298,1.876677525255328,6.614351271086457,6.213958232418146,2.21526821920126,-0.15361904024412695,1.2918811086576234,1.3313102052181942,0.053465079903531866,0.34112249580820514,10.501274948130554,1.208096948222919,0.7062679653929161,-1.5331131549104589,-1.7440330744496964,-2.7692124539268383,0.6725522160336334,1.6371210376148397,-0.8459782094214158,6.97744261083841,8.512461181911647,-1.2207277180935787
900,seed0prime,24,82812,1156.000144481659,0.3226392241523548,0.37092332004315426,-0.3324767896576801,0.08578181455777514,0.0952668233184039,0.152445152772667,0.277428818836546,0.6242162630436349,1.0450630467317077,0.2375617559986035,2.7361460596183504,-0.5081448719474769,3.6173631475164902,1.998920112862242,10.068019921594106,0.4669397018225146,0.688602896358733,0.2527620079092703,0.7901443621792136,4.332086617453024,6.73754409411848,6.558993254574086,0.48467582362302264,4.543980604672958,-1.875603952467128,2.303688595722053,0.7455619418708126,-0.565368486896091,0.5474724086195837,2.331630345449193,-0.04074574300822429,0.6330486872044419,21.792004404738467,9.727922014062823,8.97651832371901,2.0107833284469487,8.43606658814102,0.014983003035971793,0.7225776148367422,-1.4101953281420263,0.2931055834793135,-1.5388122293759112,22.926746874862708,8.71753957283873,1.5840438621694122,5.551855139668644,5.652367501168016,2.0650907994977628,-0.026467404826441873,1.2371564476019279,1.3007354691890762,0.1763686919005539,0.4008367451933015,8.825928232914945,1.1620314319129696,0.6939580332223022,-0.8495545273945583,-1.091524268190763,-1.9196172395536666,0.6643179690690089,1.4649584915898428,-0.5399697566203715,5.958018418681238,7.485996516284532,-0.9352647541875155
900,seed0prime,25,86412,1161.080159664154,0.3132794166660536,0.3958744478166058,-0.33847156328832295,0.1003457795990852,0.11151325301483547,0.13088753137527165,0.2945143311355849,0.5782559279199682,1.0661571668708005,0.2535765043770617,2.662189371804494,-0.4693750351492418,3.647848308655454,1.9802238585455798,10.099489410599785,0.3833952452320103,0.6601838248183578,0.2628773503799543,0.7711137688991285,4.286422092797772,6.7250174553536235,6.573968908587734,0.4913185022328948,4.388617241254459,-1.7501261770307157,2.31176249098894,0.7512032600130044,-0.6067681244284939,0.5811761887784153,2.3430778038569167,-0.125547881567651,0.6023383659269669,21.214773944641323,10.203799408261407,9.82509589942402,1.9695373436005197,8.595041971352282,-0.1522298380692332,0.9059241294137078,-1.5680528608458935,0.4014930065399861,-1.7408989504335994,23.358394452988396,8.87718770485604,1.517985197634794,5.797673681274842,6.041856064087351,2.0426499318473366,-0.025063038761912276,1.1680661499984828,1.3417924829950387,0.15988802959266232,0.39985994539690417,8.672709837710888,1.1931262837334822,0.7009026740534275,-0.8121736784587759,-1.1642610967543354,-1.493553224824287,0.6566071806276598,1.4322878402306298,-0.4749051401822128,5.859228945951993,7.687537731315382,-0.8175173606587433
900,seed0prime,26,90012,1162.769591808319,0.2750402320270082,0.3807481836264117,-0.3258011409504715,0.11228981715272682,0.11536392334956178,0.11238188918008427,0.3176526230993717,0.5385375543779418,1.0409521537307513,0.1755960538598148,2.2851190405032353,-0.5304056987629321,2.9478712547474597,2.0555566565966523,8.327136430504344,0.4116057946046378,0.6409862005888332,0.20397550392805597,0.8171355333677834,3.9225997905886314,5.6385242025154625,5.874301759342033,0.5079872316177082,3.800341422918307,-1.538948259872249,2.2574502956821942,0.7388746906428414,-0.6395274466186371,0.48559164020530593,2.0031873950776715,-0.15010287540415507,0.5173287392647447,18.55635269064464,9.264521241547145,9.2711310391065,1.71597159540406,7.386551188650881,-0.06282552592502356,0.6213542945413197,-0.7350859000023174,0.35832399001614906,-1.2715157794260883,21.159212484702614,7.725220604022596,1.3354835066960506,4.91373934118004,5.73240048718715,1.9228987993457585,0.0014172610904825966,1.028502650831596,1.3530297670193516,0.37632076155638766,0.4655531843349098,7.725775923682235,1.131877271886878,0.6915570866999871,-0.9022750240743144,-0.9020221144564988,-1.0765180626807727,0.6499817812878603,1.3515121385169584,-0.3881057199705331,5.4594211180191845,6.702660319102791,-0.6374049135415139
900,seed0prime,27,93612,1158.1070837974548,0.25229044317175814,0.40138714496462996,-0.31970195689468045,0.12794191762668952,0.13109387361499747,0.11209774167024955,0.3329376520921286,0.5014768604245428,1.0639823492787241,0.18181283389288977,2.3004208685286427,-0.4393765546919874,3.1299167345003034,1.9333524232609594,8.753051643106447,0.47298285233264725,0.5334975695862756,0.1832369280627652,0.8666889547326456,3.9545002980689916,5.703984867480294,5.958915125640967,0.5148461149848517,3.8579772502096006,-1.3340896586828663,2.1084109359988705,0.7422724598029244,-0.7517309288780225,0.4225193612656866,1.9521702214342451,-0.09746344501327237,0.5207673428831646,18.74549347724205,9.400291664680612,9.623115521734231,1.6193838618284486,7.294847280209444,0.02276379503810265,0.5831498261204718,-0.5994490854999573,0.32067849086525385,-1.0768956204588898,21.671877073041898,7.794054500667452,1.2604305157674305,5.044129420523518,6.242927808350471,1.9111585809961176,-0.009666558777525328,1.051112978472418,1.240540958183427,0.5333062548889413,0.3571085503957211,7.7432100958569325,1.097291626142927,0.6967368283433046,-0.9091364997584204,-1.013727451726599,-1.2302411503114783,0.6490978372356907,1.3222130087737833,-0.504728605394751,6.052387544118954,6.648114284452459,-0.8926198904081648
900,seed0prime,28,97212,1165.5258479118347,0.2292440257747687,0.4276186567689574,-0.30730669184493603,0.14765216100389347,0.1568599805227901,0.11996776654117042,0.35195291822407415,0.4666701967287173,1.111486271841354,0.19618615022391503,2.3331190049243977,-0.28606460484994833,3.5395637983760704,2.066771797219109,9.394954961577925,0.6087318184656616,0.3879262470791306,0.14125059768198292,0.8858826917419843,4.314506202664397,6.283877857345253,6.324837747052502,0.5104196162674133,4.134571695805761,-1.3570713026267716,2.162920504067639,0.7562199784141814,-0.8457632946765694,0.5427982263082325,2.142529464270222,-0.16512809581000767,0.5831882007230101,19.53149821314206,10.099512313346116,10.763300637969808,1.8924093946197909,7.993033459587482,0.03905600857952915,0.7850780398408825,-0.855296143708935,0.47794755587622645,-1.3052033125850864,23.095373688201096,8.3471162567716,1.25573579622213,5.811091982783877,7.1341896283532,2.013971835395423,-0.03915134675614686,0.9540962058232418,1.2943999936827073,0.5941781833751986,0.3955767675525378,8.017292886525496,1.139162446898954,0.712809200082801,-1.037050686947822,-1.253772050059235,-1.302317576742366,0.6434272953203198,1.3627555626211767,-0.6344456200281964,6.232966023157442,7.170694223468141,-0.8930837199209215
900,seed0prime,29,100812,1165.9083642959595,0.2041732755957988,0.4438895468647751,-0.2989021467512548,0.15747882715760433,0.16658337312830712,0.12095147782893742,0.37490105859682754,0.43290428925595403,1.097595052509139,0.1911747074249166,1.9547181076199027,-0.19560177609633944,3.1892688634815993,2.02807579482934,8.008574639402596,0.4755895824649131,0.32856245979118026,0.12911796507408208,0.8913325445650302,4.015013812661194,5.62478920580181,5.707295231324564,0.5220652854484705,3.7677631960415887,-1.2905615894407454,2.0850051513153116,0.7472513448430197,-0.7726752060937775,0.584172366613624,1.9899709925435913,-0.19361180951980245,0.5400480254760417,17.554308745571788,9.595660896106118,10.370192727773619,1.6686445299884023,7.312489401555108,-0.026198899923761124,0.5151347257496015,-0.8046971514331495,0.363079407392106,-1.011579180346457,21.404496321106915,7.862053923449645,1.1019867174190452,5.225380392284326,7.185816565047221,1.852030713100106,-0.010325980512424875,0.8681441636220163,1.2333365688245779,0.5691218752370715,0.4043039972224667,7.2636145097718945,1.1636494640172048,0.7068282723721329,-1.0830680007469011,-1.1099086645898415,-0.9237996848910853,0.6666291927346565,1.2276332954776823,-0.6200099243160503,6.005749970065708,6.556010270270232,-0.7841994343495517
900,seed0prime,30,104412,1165.0305466651917,0.19749740945528563,0.477326808452502,-0.28871855214377024,0.16802308217561046,0.185609491047487,0.1270661232732515,0.38853777089238883,0.4055857613626472,1.1157357757538753,0.22870044701461187,2.077329686724506,-0.06448015834898503,3.4952520632438073,1.8994501816677647,8.985808197935954,0.6886225418843139,0.2834189485503901,0.11283832100362234,0.9216684004423646,4.314553610125656,6.089635994595492,6.093650300308466,0.5290156739186521,3.9480856087259344,-1.0564505451210082,2.016366308641108,0.7559555788545116,-0.8554903277880239,0.6541096407019396,2.0767427331692088,-0.1531369912675682,0.6664877892626451,18.54149094296751,9.62082306308757,10.592903118838922,1.5443810630466608,8.10981500859501,0.006005777441226414,0.7461132020068234,-1.1360882915958153,0.2907239049113687,-1.3256569950926957,22.06682996345418,8.245587345329469,1.0311871905661294,5.719498528319615,7.911711499619398,2.0007842096829886,-0.03769572226662473,0.8122363840549184,1.1778974219514036,0.6048694547353687,0.3097872723882876,7.763989936969606,1.1519995709712698,0.7172624799863392,-1.0525098605587182,-1.2559432110165856,-1.1762084622142281,0.6567797140964926,1.2248079113141201,-0.6533705747798503,6.372275418449436,7.21038257733902,-0.9781613963764911
900,seed0prime,31,108012,1165.1909909248352,0.18502559159312626,0.4758679417754866,-0.2755491233297111,0.16745984063446395,0.17926744205464734,0.12286646702575305,0.4023805152634856,0.38150960117512694,1.1078952421946386,0.2030369526323928,1.7589316428248898,-0.06943883352243535,3.1217158003180145,1.9309178204952389,7.315067208415783,0.5630707173530661,0.2919453938959706,0.0835724754722048,0.9259805358410265,4.046723471914358,5.352081799658795,5.4506491396320085,0.5466755308251539,3.5940107193273443,-0.9846467065847507,1.9974690406393614,0.7471126863500428,-0.6529570078932162,0.7214488900283421,1.9205309254064344,-0.16147180236804218,0.5739589424706733,16.410679001116865,8.897699756061868,10.029844159870855,1.7457683591964486,7.37145290903247,-0.02473661511548408,0.7768764970118849,-0.6387000209616366,0.43906388400124796,-0.8148597902286222,20.598228132737162,7.6565548836185116,0.9308025737671536,5.095651064397078,7.8428277280861085,1.932113498163668,-0.008216172748957046,0.70942243626824,1.1342546968081415,0.6815829476671637,0.38497522408922247,7.22392994490983,1.1488951080256473,0.7107646002329565,-1.0386241608749074,-0.9337947110630176,-0.8860747221330545,0.6609073669063225,1.1881563321158368,-0.6743215222891027,6.071503168113306,6.260533841226354,-0.7932630519517156
900,seed0prime,32,111612,1158.2587151527405,0.18091060675651788,0.48218292732198487,-0.27023444963418414,0.16715988526104536,0.17761590636323094,0.1221290735190515,0.413475076620591,0.3597054305911071,1.079084879733414,0.1930896017766119,1.7149502497729903,-0.04410881406655489,2.996688940826299,1.833497123686763,7.024889280851049,0.5444990920866374,0.23668815786801248,0.07913698092241137,0.9879385137780026,3.9000860190349043,5.06044800126358,5.176924107206731,0.5550750159711452,3.3481808361933445,-0.7662913441797419,1.9057307257270912,0.7396150935278498,-0.5732937897015032,0.7041628475227867,1.8175879523320182,-0.2391940956457718,0.5680721960068925,15.390431902151496,8.348332142574652,9.281136453399451,1.2548596915381012,6.948357913931375,-0.02924221903279465,0.7544406797447298,-0.09536727277632102,0.4216640121027632,-0.7277107612748599,19.728768361101498,7.378273619988342,0.8345081748594575,4.569302771826312,7.971515087798837,1.96846901498599,0.02151549405847444,0.718508445899622,1.199030924610849,0.8174353677259119,0.3821017327031601,7.188758428502781,1.1414181640042211,0.7035231575243247,-0.8093793939924526,-0.8386029442055493,-0.7965465448694135,0.6643989309662083,1.2341906543281966,-0.6132433331927748,5.984031918393232,5.9808224853815695,-0.7435950477366604
900,seed0prime,33,115212,1167.630585193634,0.18797089871124362,0.5126862328648233,-0.26764929821065997,0.1633905184071891,0.17391789560308135,0.12097528995307663,0.4250511094362342,0.33974329943397474,1.0459479838358943,0.22043270930662456,1.7178563508481217,-0.03612097469788379,3.045438679470295,1.9138123970517107,7.126715075027536,0.5083899937670606,0.2659825848746993,0.07638507277068649,0.9503688596200002,3.8798121154704233,5.032535404490021,5.117931415571189,0.5592999765224466,3.316689124222206,-0.7248316723462063,1.8972375300810649,0.7407040837426229,-0.3994698405754109,0.7013368713523032,1.8169724158023002,-0.28253570027907715,0.5875129628346779,15.10954486443661,8.371738305909302,9.27007649235696,1.1528543131822209,6.8440237659432555,0.019617365040141773,0.49607955800737846,-0.5046555336526029,0.3376422543027746,-0.6789278626304216,19.53964304498057,7.56129038478151,0.7738645493986162,4.555662916358354,8.459822147666642,2.0340943867701915,0.03121939808093361,0.7036500874890148,1.2443981367205394,0.7508193601774382,0.42035676573406744,7.263818747654102,1.128551850712909,0.7057454564551799,-0.6069978243306813,-0.9431710809067096,-0.7725183562128768,0.6624301946172994,1.2985415311299662,-0.5363674163272855,5.962520925051582,6.161513127324762,-0.7497833679073233
900,seed0prime,34,118812,1160.2478985786438,0.1844596942321562,0.5296104127724208,-0.2650874722373834,0.1582049440787596,0.17064847815747824,0.11660251178588665,0.4257134012268254,0.3229418825903082,1.022294191276282,0.2204050405382382,1.633864336533633,-0.07015263154893756,2.8885354462219555,1.9097263788490184,6.884668089309329,0.48959558643887496,0.3033394530341905,0.06704744622354729,1.000487933000201,3.7798624251703066,4.905962272807884,4.848227212712364,0.5837766154357922,3.2348857350854523,-0.689460614942161,1.9777382549095444,0.7393283493703182,-0.43624030741455755,0.575990279476576,1.8840963114096607,-0.293544953284957,0.5947957712243944,14.758555073906626,8.546108073473814,9.29197123440941,1.3754966558248432,6.454268670119115,-0.05142894201356066,0.7931067899242253,-0.17873124949113844,0.362583196092623,-0.5180739145231051,19.054843393283356,7.562507672362214,0.7489821671347756,4.383784675674453,8.732850983211108,1.9990714502000624,0.052725633162317716,0.7579855518319015,1.1991268917022886,0.8182393752127123,0.4246817536445441,7.143015127296296,1.1392391697666784,0.7057246550667032,-0.6663987679415841,-0.7418598971311706,-0.6794246452550501,0.6677952844666346,1.2622010224919866,-0.5492301247427335,6.146882148246485,5.739627025231374,-0.5705604659454906
900,seed0prime,35,122412,1157.1582717895508,0.19034374920432123,0.5573976569354115,-0.26356394290340374,0.15609010557245698,0.17264966001249263,0.11561722688443668,0.43363895268087765,0.3042226776122064,0.9956930590293922,0.24281594606894363,1.6107399546420822,-0.04200793995282028,2.8250041528326886,1.9123771172189115,6.983422770501187,0.4288175440217635,0.32246573238695897,0.07094349342669361,1.0213118522641753,3.6743015212571986,4.787291260987931,4.6287109154811645,0.6096822049074786,3.2395173125453285,-0.5950257303165774,1.929687914918468,0.7401266188160536,-0.4414563195923711,0.48181302068354925,1.9074630074433583,-0.29468677598619974,0.6068724812662208,14.705095041634697,8.825051428702364,9.427530083927001,1.5108244188121103,6.240779540138197,-0.10608278783439497,0.6913461160983218,-0.10068779438244826,0.41640677206791804,-0.1706010643174397,18.44940288991211,7.7127308105427295,0.6999134207365908,4.350004823074867,9.207822060123364,1.9608427267764297,0.05234450221576503,0.8008084316764995,1.135827698770595,0.8329052466098216,0.41728057529916013,7.110519339173164,1.211139734189716,0.708264454926691,-0.811420647967447,-0.6938764307877988,-0.7543917308133341,0.6923207996967256,1.2558840216756275,-0.5914215701263581,6.3397452853483935,5.550327356246555,-0.6423182177769309
900,seed0prime,36,126012,1163.2416625022888,0.21581810440842722,0.6242776272832332,-0.2642570255061785,0.1646712724566911,0.19155586501403474,0.12467834006402555,0.44345984900629876,0.2893217913744154,0.9884912628681275,0.32076868546496734,1.842617825397333,0.03922502797438825,3.305628291959148,1.9750143918667342,8.594482592039986,0.48457639945497233,0.35152773320485475,0.07117145024601897,1.004972009366086,3.9662346989088846,5.5117473030763495,5.049315836529691,0.6158943856341039,3.622473169098669,-0.6791238602214356,2.0307876268501888,0.7494935690629426,-0.5392015388644342,0.4459569599149365,2.1865815659581287,-0.34971806130139943,0.6929392298066167,16.471849233358032,9.765698690036889,9.922562770395388,1.3491768316467418,6.841989655510777,-0.09316556787733653,0.8147742945927336,-0.625663917920552,0.2570877460008127,-0.4445213844016511,20.341820049191337,8.802794741341604,0.7254909164893238,4.857697316556141,10.586742224818126,2.1621071298826733,0.014783219148641202,0.8242473151876051,1.2259858926162452,0.8133675712172797,0.42141257210795324,7.956791215844132,1.238786738260889,0.7181321292695809,-0.6368467471965784,-0.8582841852398944,-0.9192662923998531,0.6709865573629602,1.3478751104865798,-0.6715523296686566,6.801000591865906,6.392432223992092,-0.7691441205687353
900,seed0prime,37,129612,1160.7914729118347,0.22184585301539866,0.6576019410754718,-0.2628539884382785,0.16271440288856337,0.19596339827951695,0.12686198185327666,0.4505028926442866,0.2761896296250266,0.9710481441039664,0.3450108738897006,1.8401977851121603,0.058125224057488115,3.274176439838794,1.9819158082652357,8.793802397395863,0.48342782584200333,0.3509140046230308,0.06477803554886316,0.9723611869401686,3.9149831926341636,5.494979947408455,4.823341165225157,0.6313003912728911,3.5191268179505935,-0.5129747327007784,2.14194917834999,0.7513571702193176,-0.3993719271298938,0.4604478240950217,2.2972699191781016,-0.4136355315762769,0.7341952744230852,16.865136681488323,10.210543602636282,10.106379556964862,1.3105768420682005,6.800779854249217,-0.014694946356630868,0.7360387590713718,-0.8124284979944223,0.30161913966260484,-0.4759575908476974,20.446799949926536,9.165847865131978,0.6942220652294147,4.907463224750238,11.151549384113913,2.2103717070133357,0.027353718871269694,0.8087884419287594,1.2555916331510477,0.7973345586394531,0.4717144532063925,8.11815553043973,1.3114918422040218,0.7220765771857114,-0.45392166592450606,-0.8103749631565718,-0.5582135106700609,0.6841474483410949,1.3941322063785762,-0.4916652322188392,6.6318094085095805,6.433315482999014,-0.4951031867440708
900,seed0prime,38,133212,1164.9485473632812,0.2282689601791515,0.6835107373973777,-0.264362289937723,0.1583876911986692,0.19814673656503257,0.12904357996235571,0.4600411442455601,0.26364650833929265,0.9484698275778922,0.35059075597765904,1.6739577560746608,0.06747485548146623,2.959477469686373,1.873417928672019,7.599072951734268,0.37322559591760407,0.3164566435108821,0.07533215175977948,0.9896785251159432,3.574336933232353,5.037835801284677,4.38260116300101,0.6701301567199615,3.20980110449815,-0.3248625811417541,2.0522996254849364,0.7414120127310029,-0.4409158563516353,0.38959237389463,2.1756380368711943,-0.507614562425287,0.7176437834579282,15.49672905135226,10.106548726753477,9.642903507672168,0.9099427651196326,6.0035952927540075,-0.03609107834549848,0.7844798904718737,-0.5719549475808016,0.3271325632764613,-0.28187490132780424,19.607199522895783,9.066990895326999,0.6367325594581712,4.25695522351868,11.103854548516484,2.236865461315,0.0650998557399675,0.871171181224086,1.2611340485017113,0.8258422182539145,0.47401521007786646,7.951307464575448,1.3367097630610916,0.7125314591741821,-0.3762539165842678,-0.5195953180857652,-0.37460040017884666,0.6974372727947566,1.3796342068191878,-0.43502672211103244,6.588390262308433,5.866225114977892,-0.4785978348700065
900,seed0prime,39,136812,1165.1465458869934,0.24772285782027603,0.7555406868583656,-0.26567642673427505,0.15767569679401747,0.2038305569723586,0.13728430193063326,0.4667667186876821,0.2523192001175121,0.9383111146066031,0.4224539377555544,1.7273983745785666,0.0883563619568471,3.143319616761643,1.90901820294311,8.102618634071186,0.32789033387736616,0.368170129733223,0.08366822378370475,0.9998661636819239,3.639882572954611,5.319270801139957,4.388445618519225,0.6817862875442487,3.364067545199299,-0.26914233078462635,2.071627482715559,0.7457650663894336,-0.3840704795867087,0.44744996581774427,2.379892352374397,-0.5188489549544594,0.7833432201350827,15.821528121876543,10.95747376513227,9.892332942726739,1.1368708696443446,6.114526029890913,-0.21547275076247457,0.9096889408120574,-0.6329095175742716,0.2714347561169392,-0.22812107839547913,20.42956406288055,9.897947702640035,0.5710755067186567,4.4507024466989975,12.178984558097659,2.3035149717468535,0.04217200975965568,0.93401083357001,1.2252697794846725,0.8348683267872008,0.5050758695271025,8.363773555555039,1.421032746084286,0.7185080280006915,-0.5683333688118252,-0.5996106721793596,-0.3711200532611696,0.69350209870904,1.442161116906193,-0.5542689252207291,6.597241883363847,6.018398710683856,-0.47620756494575395
900,seed0prime,40,140412,1167.629195690155,0.24998248011040172,0.7852091658855117,-0.2643232996439905,0.1567820806547817,0.20689526703718203,0.14782127515850857,0.47363353650148265,0.24112216081171053,0.9175125940943759,0.4337031977638242,1.7152986824849776,0.12155115348539011,3.064115327166042,1.9204361926107407,7.738848461497695,0.3236707254277168,0.3147577613647272,0.0791283840972487,1.0278612143494417,3.5185785076802474,5.190382477779343,4.211935082313911,0.6922031580199888,3.163202403493811,-0.0873585818887267,1.9712865721474437,0.7413841175840297,-0.3576337406523108,0.41994165750303575,2.360202450766687,-0.61983666684116,0.8078376189465282,15.564408699806137,10.979475475269552,9.334675651200984,0.7567068598516695,5.882512172751019,-0.13782365571308836,0.6989130752446695,-0.5726740704989915,0.2045771156426332,-0.2591750894532915,19.7734761299382,10.071240625948477,0.5294085662909922,4.099401471242693,12.373685894107986,2.3359831409501446,0.062111276229255656,1.0094114443003803,1.3188828156623154,0.8443666906155702,0.5568885498603767,8.443767267905288,1.4127946509691132,0.7149401101513655,-0.3984945356275767,-0.5433591219513532,-0.36487094826465505,0.7137723463451833,1.5079259681250998,-0.4397132219753046,6.38817806951453,6.006603435053324,-0.40415364054009706
900,seed0prime,41,144012,1166.69486951828,0.24197429867716272,0.8011644982601723,-0.26494024648049674,0.15016343124240222,0.188821005534658,0.14239385790023637,0.4805459173485358,0.2298089302247676,0.8761779142654115,0.41697167992013234,1.536778089836514,0.04583825414516779,2.7260401695745213,1.7449699399802112,6.393096882704033,0.24148982856761733,0.30117680553086806,0.08536105605531999,1.0963956292473869,3.253966431929853,4.645129558285353,3.7631160577527125,0.7263001533376311,2.893151416389747,0.026794736307726726,1.8379119110822801,0.7348748095739172,-0.35582990448013585,0.26905937379998457,2.2886389712730084,-0.6172327055139687,0.7948462016114368,14.277442578663079,10.615733554362524,8.69385428194605,0.8260366233181008,5.222161258306629,-0.023041517169591966,0.6683815934570088,-0.13845301054326214,0.21812193479411374,0.021195414557864792,18.280037678238752,9.724073989651632,0.46748102182749596,3.602716982238463,11.962183032982601,2.2551096267428052,0.07982937450608425,1.0207096567262406,1.2472513088810109,0.9292752753491027,0.537432467459561,7.916461644355782,1.3859565358760977,0.7096145562296695,-0.5407063871552857,-0.3333198570830576,-0.1972215893582231,0.7212109090943772,1.4360593049467123,-0.4240176954621395,6.3129847842629205,5.270285380375346,-0.34643044774024967
900,seed0prime,42,147612,1160.9484639167786,0.2653911262176259,0.8810272576961661,-0.2633946732028249,0.1523804770864573,0.21411543413481127,0.161764814953321,0.4900970323698469,0.21841003989754834,0.8514589337019789,0.48674969033952253,1.6760618493463648,0.1548654544995327,3.09748344913526,1.8771740169028235,7.528355515668997,0.3219627535895263,0.2865154160781389,0.0802033620036136,1.1215675275153434,3.4650464038971047,5.198679306109008,3.972558328112017,0.7157921443341995,3.2991589653111033,-0.12085328261411593,2.0000466431343216,0.7453892760456704,-0.47871811278243703,0.22423359276435406,2.619792264891561,-0.5476096838172899,0.8947277629766233,15.85908112096021,11.633033344056848,9.06582942711249,1.3922572327418246,5.624418192603828,0.00043329117268591476,0.7583200597934163,-0.38074586107341496,0.18528475202528763,-0.2120806254925703,19.267184537087008,10.60958280199609,0.4345627808559082,4.217717362019396,13.213081146999365,2.2621924164743974,0.026995971451701288,1.0045887504485673,1.2163598560881361,0.9588529734345586,0.5203342033925195,8.28178621459282,1.4498036169272221,0.7232654722478504,-0.5820217182589004,-0.5608567862748646,-0.4737107581794535,0.7214349062541104,1.4556687702375577,-0.46864408369840266,6.824585726432343,5.596308642012311,-0.42823918123373333
900,seed0prime,43,151212,1165.0776119232178,0.2630470068181191,0.9282035859681771,-0.26463259451790266,0.14990910283322867,0.2036542904542147,0.1606879374332367,0.48904171978196465,0.21740657517568174,0.848045309764448,0.5176290821286014,1.616052814675353,0.11602998031423978,2.892525089139383,1.8415993703913975,6.911001859925029,0.3455484735017275,0.3043051066010666,0.08237117620040668,1.126101069027705,3.310601512561765,4.946393495046836,3.7706068458486226,0.7400401143677502,3.106398456767417,-0.002534471344164499,1.8317683121327972,0.7389657522984439,-0.4366637560561844,0.21626719333150796,2.6203285850694953,-0.5855983003324958,0.9210355009299789,15.062366678551637,11.78845601278653,8.696246548023218,1.0164666858154263,5.442459777013354,-0.18521118250149293,0.7515378010498964,-0.45285740604067265,0.25281433373903894,-0.12833252837274722,18.703157235641196,10.770346016285428,0.3781550962274679,3.7584570536999804,13.367730407699707,2.2589747124412796,0.05977035202214292,1.0573967717551618,1.2807734824643175,0.935981484766975,0.5492692528169841,8.179098738869975,1.45264385492538,0.7172402355556431,-0.6257632791067707,-0.400829046607189,-0.37789701269832754,0.7418838275605542,1.4663565022680694,-0.469563125530848,6.643726677998407,5.458478012494743,-0.5315861307682379
900,seed0prime,44,154812,1164.1412382125854,0.2899609638643884,1.013790496197741,-0.26956085132806495,0.159180813427105,0.2274513025492896,0.17878960662507656,0.4763447680360096,0.2318290720283912,0.8400524916392609,0.598809880814232,1.7982871202444686,0.20755660752821542,3.344270732503077,1.8689855254413295,8.284084241700073,0.4102498151509521,0.31450366720456074,0.08276073516478269,1.1300092171817555,3.624432128358984,5.679913283174617,4.142191842163416,0.7220091660017467,3.5486552439877546,0.008460189241442213,2.0270574624420257,0.7485008377864719,-0.5067272978138918,0.2059393081663284,3.0060535222948785,-0.5128093429830837,1.020868594478404,17.08996717641552,12.884218023460868,9.04424197672467,1.2398965421870067,6.047114047733555,0.01717270223352634,0.6876342371422536,-0.6907641369974256,0.26450380374005245,-0.34631165522930285,19.95673168456484,11.812820252643872,0.33098569074302026,4.376135763039473,14.786277035420477,2.3731662692909192,0.00807970340012721,1.0308490456774122,1.2383516750929842,0.9615380009016102,0.5132311759214071,8.753337219002528,1.4902386686620148,0.7297604499959572,-0.5334111783277207,-0.6893977410555913,-0.8167710356129387,0.7233773671701581,1.5015421595974197,-0.4956070067134949,7.142751697968141,5.8920452384902715,-0.5383856746698547
900,seed0prime,45,158412,1160.1366004943848,0.2856265560428726,1.0112230246537204,-0.27264647744686427,0.16121545460091044,0.22001291168647474,0.17727491700002276,0.45949012756411595,0.24660989071943304,0.8164855772162104,0.5685663739937254,1.7079246060542574,0.19131551078743658,3.0365403763768177,1.759870662091383,7.617868670013097,0.36729679704711915,0.2744599411819281,0.07581441245124053,1.166925550148023,3.4366341418338666,5.390405724867005,3.9604603411950143,0.7500337746839753,3.3388561320166814,0.010660468080406743,1.9512249153744985,0.739530146992591,-0.5154467856246879,0.19327774630252315,2.864497866459454,-0.534801361294056,0.94509485859942,16.065940265347834,12.525942284825947,8.229961836255761,1.152098120394051,5.601102409285642,-0.05260211302379395,0.7292767062977561,-0.20858162614279882,0.2344598201463802,-0.10209125586597427,19.085323741826926,11.535764566536647,0.30668097270307765,3.8015998909106767,14.48723183013757,2.3295613214729776,0.035086242570098625,1.0822789833622621,1.2312814279309416,1.0400429293781246,0.5283914678081328,8.522335665299972,1.4724487653364473,0.7194853054356973,-0.6135400253756798,-0.49150057994844043,-0.7379577756939951,0.7395938642326891,1.4841151705032152,-0.5529831733166847,6.979369695466375,5.466756401489919,-0.5149893367899571
900,seed0prime,46,162012,1170.9092435836792,0.28194166000903476,1.020750376370047,-0.2767442814559574,0.16640242987519896,0.21000181194220746,0.17384448954447645,0.4486663578760496,0.2591200900756972,0.7890880682516809,0.5518573063667955,1.5422422168543442,0.13847674365969095,2.772155764143027,1.7612987827490239,6.7079020095297714,0.3251905428161783,0.26681806661653806,0.0762597611805472,1.0565982073743088,3.3134830651650446,5.163780173119164,3.649510181818678,0.7455483740081313,3.0179035059470016,0.12738354014812148,1.9793604782992316,0.736227327560678,-0.42800458043342887,0.2631919531874484,2.8732542591593155,-0.5715014964447052,0.880745220720426,15.100678975348083,12.314423893077427,8.01609489149007,1.08277550615084,5.265342493862087,0.017486021853821927,0.7836535820761297,-0.8122286071875968,0.15468770474708815,-0.27086038318934696,18.205766175159262,11.234255444965273,0.27482958306457034,3.603254899527214,14.252334639781392,2.353414866176282,0.06586415321311545,1.0366861699630334,1.2540569200786846,0.8100847486099056,0.5646319704067195,8.264462778844385,1.4396191502793645,0.7162595622241495,-0.2690515974944355,-0.41756695751999323,-0.26796393911676164,0.7280506286466554,1.4592879935034602,-0.3745571992404457,6.572024951752724,5.442001904761186,-0.23288164771282746
900,seed0prime,47,165612,1172.0600190162659,0.3104691209412649,1.138845383360318,-0.28008290292321697,0.17720844416586706,0.24236178658418456,0.19654956333858598,0.4387163241288913,0.2720045789657358,0.7869615882647549,0.6657595691085606,1.7349366809078455,0.26108790730714454,3.3280697399120887,1.7745435956877855,8.355017197425422,0.4652096831939866,0.28245140854856754,0.07109230368342183,1.1096779859080992,3.6338127136648337,5.973208881847478,4.0563942009700815,0.7246904064414844,3.7039701073948716,-0.13037654658738362,2.2692240602547127,0.7459828933992845,-0.6073344983677611,0.20475977968347292,3.2695942065088226,-0.423566657635625,1.0393394650108647,17.6158315292545,14.019357651892156,8.451934247197462,1.5696435318634414,5.946041463947711,0.011146853878240319,0.5850622871825029,-0.8696475787867822,0.20267428504661525,-0.3964284338923294,20.046519478125276,12.72951873789868,0.2921315505506356,4.2303451069532345,16.32041138650697,2.421898995303279,-0.02098601361967389,1.0065635863490385,1.1400051105153037,0.8973887802603097,0.5114738325785181,8.949735203788885,1.5118161055909538,0.7293709888128143,-0.5861540758318968,-0.8577147018186031,-0.9841026032126137,0.7207092419332577,1.4547661889850882,-0.5248849740678284,7.348013552488781,5.856764474956786,-0.49223576375621486
900,seed0prime,48,169212,1160.9523706436157,0.30228454778001285,1.1337650357208884,-0.28389814180673495,0.18107787462824854,0.22646756119702965,0.18784045895854976,0.42622779491199275,0.2839802816660099,0.7715155022405314,0.6316254164211806,1.524737746637399,0.19133868653131006,2.8414820151428732,1.650198808279905,6.913209853012955,0.3594444321207305,0.2705421583798587,0.07048699554480498,1.1433121532803705,3.358753872477358,5.396100179482207,3.6503747609812103,0.7516932144705539,3.291983217548954,-0.012588431360454164,2.15588917096113,0.7361592710267459,-0.6622421674110597,0.17721787873929157,3.08415098020267,-0.4250745522997362,0.9451637645330926,15.938735848905704,13.54478503711801,7.752914366285715,1.476341853708616,5.325733110152664,-0.010528458960434427,0.7478494800198383,-0.4358544538886643,0.26678864919168055,-0.14556392199946638,18.601259853587006,12.179892579470758,0.27923337538690834,3.594526944587635,15.678143302167815,2.3685905617711827,0.019421971384162136,1.003784494195053,1.0897590150079872,0.9153215356216019,0.5013505117408786,8.444382931842325,1.5016846423799053,0.7179924707893337,-0.5159210682602876,-0.5288212239652305,-0.5997377516684679,0.7423212432027401,1.3900634345143679,-0.48325957529716346,7.148012663993014,5.1841314672004986,-0.3408401924899488
900,seed0prime,49,172812,1165.7929244041443,0.3035654542176997,1.1633544411858345,-0.2866673912902249,0.18812881453432942,0.2383831786405993,0.19373269954164743,0.4128781546775611,0.29463900502332524,0.7488367132286946,0.637810300482484,1.4610711460122219,0.23300317822147296,2.7964346755517897,1.7085469166814007,6.800656038215498,0.3962784885972414,0.24224277653063747,0.06522884959645711,1.1019682465899405,3.3878211014330564,5.522914674395238,3.657121313872174,0.7382516603675979,3.2732647316679513,-0.016867878109025417,2.2342289872014165,0.7363901594980528,-0.6030261762204219,0.148494447827904,3.203106061247696,-0.42083853985736236,0.9491507449439142,15.823472951689983,13.896081468638616,7.65281908781282,1.4172377897672233,5.333195132493958,0.03445624849717385,0.6996216459710496,-0.6448662116338003,0.24254334641994932,-0.14781248064761976,18.5321238180625,12.360753380624518,0.2440347764540621,3.6266089707818696,16.168566120546906,2.3709688092306354,0.023484792042702526,1.0161224455993276,1.0859124444541604,0.8419039058005766,0.5211534701772302,8.445098467578338,1.4783971474237205,0.718881431200778,-0.4145632597988122,-0.6609270863382736,-0.5478421429377114,0.7342538707782407,1.3551999733363258,-0.4429466854657837,7.202006299860695,5.259096971696731,-0.29762510513882695
900,seed0prime,50,176412,1164.6905946731567,0.3031551567528559,1.1881317660047823,-0.2902652616765761,0.19203789156870726,0.22304907282999362,0.18427876903292606,0.40133729998184425,0.3042265427160187,0.7468300493508183,0.644597791841755,1.3320960683688767,0.1729124117751629,2.45513064301325,1.5510343711420027,5.785382642128695,0.29749104281493927,0.24974053374890776,0.06898659182896988,1.1138557533770357,3.215967953727282,5.169188222530707,3.4500751157710874,0.7811460740477411,2.922806516687699,0.12674657438840958,2.124148936091072,0.7275435168460146,-0.6204811720801447,0.09421730794700547,2.9601120089005737,-0.45895573650863636,0.8954489010585899,14.732405462413839,13.831612380229236,7.071786301541716,1.0539281114495886,4.942780835919692,-0.05288604457353903,0.8322427071802833,-0.3541941008652946,0.20428214976616374,0.07198901002360267,17.928543811533267,12.2640252576849,0.2374624750703741,3.0520552135859704,16.007083048791095,2.3830865161483206,0.07153342508808486,1.0718616759654729,1.0969923784790028,0.840364069851697,0.5178942634108306,8.300477021908318,1.4854235647488434,0.708550167146905,-0.1766150150730161,-0.24855957483053664,-0.331260177750312,0.7598130922876918,1.3212168087876752,-0.40379383586258377,7.06172101943458,4.989882535823613,-0.2068398877387368
900,seed0prime,51,180012,1161.01575756073,0.3295188021513894,1.3070150414742039,-0.29238104936030623,0.20034354217920852,0.261924316987735,0.2056852571764981,0.3952930199833917,0.3112870857573899,0.7347528972579187,0.7549815354188362,1.516559405399431,0.33240476720219025,2.920602104863675,1.5642293642391454,7.408751629472414,0.4354667872729684,0.23796952658882106,0.06479070236891352,1.157168035235788,3.5613921340011787,5.952850964479746,3.8006969136741544,0.7570944804447637,3.460838863103736,-0.014339838694381386,2.3901954036390314,0.7390165515747773,-0.7658055669698258,0.009071609222537004,3.384061798110318,-0.38143673128557526,0.9730703930522042,17.123351369113056,15.429386853043317,7.434809296753711,1.7828304453827128,5.6208814009723085,0.10910973522288021,0.7427078031060068,-0.4156940286153273,0.2596135926338022,-0.05095268953016378,19.636892284283963,13.674106819700354,0.23562349785324715,3.784448722931797,18.06244266639682,2.5032060831008556,0.0008995818844542321,1.0235557266761452,1.034263042759497,0.9134352476200029,0.4497538061697438,8.981351091162443,1.5299083050317488,0.7238476245089249,-0.31416583721727476,-0.6121047431768493,-0.9023615211049005,0.7455868611873054,1.296474627356352,-0.4579583207511251,7.907114964852242,5.4348384587514005,-0.2759418441070293
900,seed0prime,52,183612,1163.1874508857727,0.3078880703600842,1.2646125921608826,-0.2935804641311753,0.19973736442162726,0.23204813077687697,0.18876706641936225,0.3896112774124487,0.31750941634518526,0.7320040129045677,0.6910684714573028,1.275078705441923,0.21805712747964495,2.41758288177214,1.6282522657040481,5.641273786180001,0.3391140008074714,0.22628500448428798,0.06485485477712401,1.083885191224681,3.303244966343394,5.36888944141516,3.4407630188206952,0.7841736222960276,3.0261433229954218,0.06526298669672584,2.240746025510433,0.7284382084836659,-0.5779560736446702,0.17378431410429745,3.1181954696424423,-0.42930472118179475,0.9219812444119129,15.179686580530651,14.650929328049024,6.943355978633975,1.2558406206748502,5.060156292105038,0.1105669550857624,0.7405768098081407,-0.43197961795093254,0.2152490239954576,0.03516487803321874,18.19224523091986,12.91109509048118,0.23178254205047782,3.093397299698856,17.003740384251437,2.429149880529474,0.05075058518890352,1.0124377854380335,1.0526040132625183,0.7757193552741546,0.5571228166457505,8.376492276749008,1.494233517912678,0.710628404481861,-0.3685389198698309,-0.26213858515200505,-0.563819873443623,0.7623546666278401,1.310809006018252,-0.4117270553767283,7.010704391030192,5.033340328760173,-0.15951267085231477
900,seed0prime,53,187212,1167.1312637329102,0.31831758805583754,1.2915197414880806,-0.2963381815178984,0.20378462855687823,0.2352963815268625,0.19062456158087987,0.3806761618429116,0.32411808926117164,0.7388562199877783,0.7039718663577319,1.1424356263821807,0.23862893287396686,2.1149719831544416,1.60912064477542,4.7346224003018085,0.25045387710783057,0.216400897403092,0.0709037922820805,1.0010771337306275,3.16948389824662,5.055651331522719,3.2798485336605014,0.7864823825014097,2.6896199351516046,0.20932061719821518,2.148506954873463,0.7206477512537027,-0.5757837798017205,0.19184716067306523,2.918687593959977,-0.4992007592995604,0.8487468845369364,13.976128793088437,14.592031711936205,6.569510725058935,0.7462716503214042,4.6792273812405405,-0.07294070382122804,0.7000568430543241,-0.6357578314896498,0.08068113713836349,0.00577835167498502,17.969061589953014,12.9101837967981,0.2537585963483094,2.5844986619091554,16.989045647386558,2.4979636150768694,0.09701035354700041,1.059302712872651,1.1012881928000902,0.6548718289377384,0.5930284380522788,8.312763944191758,1.479338432309286,0.7006730711043665,-0.05091420618281795,-0.18946145140974763,-0.1706066704593065,0.751555589990414,1.3085418828879967,-0.3659460131060633,6.820714662979445,5.062636969676474,-0.0941674465037128
900,seed0prime,54,190812,1172.503535270691,0.3341513307275591,1.4147535082092315,-0.2967993021296255,0.2111915528605855,0.2657784350607676,0.2067460459605683,0.37494100195529445,0.3300220634317265,0.7142779670344748,0.8114138722213712,1.3276516918884829,0.3497126212515936,2.6410111073359235,1.7322778049143737,6.464135782822125,0.45393158769132974,0.2293844470181608,0.05956118514894494,1.0104143238339016,3.5444824049862853,5.9057222689448015,3.652103954801669,0.7565460899724638,3.2369214748662127,0.09138912918750673,2.402143835518932,0.732508895462366,-0.5946374016554175,0.2439970089876446,3.444715332785097,-0.4546082996895635,1.0124912356644231,16.434288627295096,16.21816926409391,7.020312744452897,1.18900018837114,5.426100325690869,0.10208120010571196,0.6704491574408846,-1.0325455797811882,0.1290292610124718,-0.3539967715165487,19.842750849717408,14.377855344140453,0.22571465387124265,3.377245089675988,19.20015638535855,2.6511608234929613,0.02709392002266063,1.0259818169469097,1.0882876180658756,0.6682301588655929,0.5549777980747547,9.125288584998366,1.496757701051327,0.7167073209104794,-0.17470709694042122,-0.59582798646064,-0.6247272612587058,0.7368955789171366,1.3104668195013474,-0.39012159024555854,7.314688642026021,5.693164011297732,-0.26460568904192505
900,seed0prime,55,194412,1163.9778981208801,0.3401046942950721,1.4408464044068994,-0.2980435069969545,0.21250276201136484,0.26647408314770343,0.2067473214073176,0.367846699198611,0.3355025304198421,0.6990913159885488,0.815912805585063,1.2308769139348525,0.3614713529278913,2.4452175453318916,1.7364069843835603,5.982214132462047,0.4098319595335482,0.22546715402642648,0.05633234096386329,1.029584988640058,3.5117884985719585,5.794837083917094,3.5244270466638503,0.7714260045842665,3.133199330468879,0.025868304249240352,2.5580319256827533,0.728425834360358,-0.6475582342802502,0.17874038177415236,3.4067802207955205,-0.42839070940967117,0.9570177999590865,15.987839168102056,16.283240748276405,6.702540960155226,1.3976354692413844,5.259430392377567,0.08050500527213988,0.8121111711813976,-0.689016226190433,0.1265788835828496,-0.08479422584918717,19.532726163923968,14.39610251685328,0.24613202109037982,3.12196088386987,19.39815436677953,2.645826519945757,0.03887833992927576,0.9988931048788462,1.0422158402964459,0.6851132540026779,0.5617743900310882,9.061664351823012,1.4905825720189319,0.7112592019290558,-0.06829836250316891,-0.42129081235865934,-0.6416252821800617,0.7459742622451286,1.2838711625901884,-0.39474675279037935,7.37797422537469,5.4534313840384705,-0.08463977322559776
900,seed0prime,56,198012,1163.5245456695557,0.35386499745206657,1.503734603798955,-0.3000200492568781,0.2176581710126487,0.28290418482792623,0.2145059518383986,0.36326819107087593,0.3405244118752458,0.6800182700688058,0.8592523426450749,1.2960359805659325,0.43960317384609704,2.579512181783024,1.7284226816816715,6.574688519888587,0.46441994258690233,0.2190832090850182,0.05552384408389689,1.086850739691352,3.6310635643515177,5.987838931566683,3.5976258861728256,0.7798778182191415,3.3449461479319917,0.020852468865687264,2.5370686523061567,0.7330173992736577,-0.6567246355459735,0.12254190444058236,3.6649218504802787,-0.42766989240242304,0.9890108866864932,17.045642263066245,16.932865835451384,6.708621158149655,1.748511005763931,5.493218057176364,0.10691512908599071,0.8342061824770046,-0.577228984260073,0.18242441538720514,-0.11671902930840478,19.757429452071513,14.981599573982201,0.23259332260953652,3.4060254511933143,20.263149978501534,2.668935551038556,0.006174466176015043,1.0180573699761026,1.025820632277547,0.7631911104133264,0.5361604509034058,9.285801713702874,1.511057935428971,0.7181500109167054,-0.3519332008521293,-0.5088299662357144,-0.9801985671263098,0.7537053674929639,1.2759270324568661,-0.44965514274572865,7.74615223036718,5.501301665255677,-0.2201295019949158
900,seed0prime,57,201612,1162.2339973449707,0.3669065894822231,1.5189215938804796,-0.3018905376736623,0.2173281509339241,0.2901860200126108,0.2147689053447134,0.3576403742996155,0.3454126355392507,0.6795424450766269,0.85347604080828,1.133490718473931,0.46745285752797183,2.2730707910694794,1.6350373351212015,5.698635223954519,0.395665297316563,0.20528142222530715,0.06437661561332017,1.0818287740751518,3.514298942211393,5.71413504966292,3.4303338692009233,0.77945145693202,3.100490206262605,-0.0025207570845641528,2.5965585771494433,0.7261716971299179,-0.7268377666315037,0.03800179670985366,3.4580711256130114,-0.3884801560310841,0.9358949643485239,15.897782256121797,16.82104684637237,6.544832890505685,1.5495231334669013,5.147414640424471,0.14808453324113793,0.8205958763693783,-0.400665363085575,0.26135265300588423,-0.0513115785072826,19.420281831527213,14.784364900426956,0.24807279887049635,2.9986181299712937,20.333701503423043,2.6553869714914518,0.03642358156348331,1.0083875768917583,0.9400870166844417,0.7545681776800199,0.5017639528874267,9.089020230735802,1.4842487111455878,0.7093739315770545,-0.14473490530058086,-0.42047167790428946,-0.6225375648581294,0.7625417208553508,1.1907971096219916,-0.3968422055760645,7.860687361856996,5.15946957498754,-0.12708115814414428
900,seed0prime,58,205212,1163.2771191596985,0.3754369904772605,1.579854127179299,-0.3032144976333856,0.2184258003743068,0.29608920905917285,0.2170080053485698,0.3584135964930047,0.348373519310097,0.6685939532714177,0.8980430424665508,1.1797506890033076,0.49262757891034115,2.3903669724599106,1.5943511175167768,6.207071281455237,0.46846882124610983,0.2168340417252466,0.061206536000607326,1.088634669706135,3.632315694946723,5.944259157330523,3.522301620905253,0.7746017746838524,3.2096474203245124,0.12298598347354396,2.59145032401331,0.7298867009665388,-0.7627986247584077,0.03247106907000871,3.5683554046897115,-0.40107415355332127,0.9898412061914778,16.809203305494616,17.477660205062794,6.723132483087059,1.6688816116486525,5.332182896984792,0.21423782616478793,0.7693992630441414,-0.5177084285813599,0.2191304224134235,-0.059134883191407396,19.949390092369132,15.352911403809314,0.23587135881219323,3.2409574209960694,21.230022484426033,2.6941373401612427,0.018345833444049914,1.0097052885182884,0.9400586318126498,0.7631236487481584,0.473780878475217,9.295509313465447,1.4866511191376426,0.7148541188044487,-0.17545608718334657,-0.5090777229775717,-0.8254521175951165,0.7614960750199379,1.1716727408919314,-0.39917405145842655,8.16070114923893,5.3777069477646,-0.1566807889945693
900,seed0prime,59,208812,1163.9772143363953,0.35737687384217814,1.4976959081216172,-0.30385871424530075,0.2144654085123342,0.2746736245045126,0.20412601755701723,0.35394358365305983,0.35239295805147575,0.6619770556908222,0.8048311565439481,0.9916221886158416,0.4136647118663111,1.9290304756029157,1.5934142693075561,4.7025456616209205,0.3856930763023937,0.19528196032883327,0.0590727659250475,1.0492297503031562,3.3533158570339436,5.369059576247824,3.20705344093943,0.789828395929469,2.8054093347951405,0.14757416248916158,2.421167811228792,0.7188814368843,-0.6814715364057428,0.05840457379544683,3.163048465401399,-0.4530842476427142,0.8874426961559501,14.737160507864056,16.29525672487098,6.1012922825202,1.2280728183596636,4.718459449880248,0.09033316005156641,0.8172567910893647,-0.44618053241747035,0.1830372984387891,0.01608974658683336,18.485264608869265,14.270901382867448,0.245432215811677,2.5215128803256035,19.80590863386931,2.6026676333128047,0.07258908160136965,1.020623248916871,0.953748355643934,0.6988693107942644,0.5195153951117761,8.67962121449039,1.4489725433405773,0.7002491575182674,-0.030149795578661234,-0.2954538167452042,-0.46431568142911495,0.766747642465804,1.1665523525175912,-0.3579155274515393,7.62420277839674,4.944935139983661,-0.10355666363621101
900,seed0prime,60,212412,1168.599536895752,0.366269512126631,1.5455400361771203,-0.3047241360211167,0.2160456654349386,0.2886169431079265,0.21031579968335784,0.3512480902013268,0.35573681993554496,0.6487870534164243,0.8362744238327714,1.019096012264036,0.4661525505432739,2.0582277737538353,1.6919647019017656,5.16590842874465,0.4678892207670787,0.1916616511191624,0.056162088985547844,1.0228922406682968,3.4715348338234864,5.607678083759144,3.2738796475151264,0.7758022313284586,2.9270434624072497,0.12642840358074728,2.54363099102698,0.7225237128512104,-0.6316171567652239,0.1391858816217774,3.316629441754942,-0.45796277424055387,0.9400554792562033,15.448282365411373,16.903403061582875,6.336755631970604,1.3741839504091669,4.902375730956569,0.14514473275949624,0.6926770957703825,-0.6317067896781765,0.1541575754581244,-0.14996157408260458,19.06473034813628,14.814729136342232,0.24946055448204113,2.76583309448392,20.668770557231223,2.675723069782004,0.056748976053026506,1.008673392783966,0.9677219963989601,0.6614280698604266,0.5532608082488761,8.917520635849415,1.4470362086646675,0.7048180195001755,-0.046006752154265085,-0.4617268911440471,-0.5888953948046407,0.7450473927950871,1.19175146725122,-0.33301572955826075,7.641655970778026,5.16922945918337,-0.07591508023084245
900,seed0prime,61,216012,1164.6138348579407,0.38825965620297354,1.6118772903016814,-0.30643587364888963,0.21903851371680805,0.3019662946512292,0.21682501581806685,0.34851868369454453,0.359092160696721,0.6438099851951277,0.8836170268123298,1.0228867001329696,0.510468282159363,2.142393986748273,1.6550054967746508,5.442762604194155,0.4787680498359049,0.20212849802525143,0.060270626873334836,1.028514880702757,3.5553930299846783,5.807914275899309,3.330482323650629,0.7762026622705419,3.054763858179767,0.05264405927634951,2.7058835225570292,0.7242017972675746,-0.7390039483405819,0.09131300768294828,3.459056848660241,-0.3961400863664007,0.9433961568065227,16.148458616480028,17.672091844894414,6.50232865941829,1.5877432796923283,5.074371905550686,0.1223336260638396,0.8250768629678162,-0.5517756417303183,0.18320504402281323,-0.07017571115367598,19.7716541424869,15.355375863306854,0.2378384174193404,2.9048981415057957,21.813861826823533,2.747851035434797,0.04009298772567449,0.9708327924044193,0.8962216475289851,0.6783872568756717,0.5012918896750198,9.226505011264313,1.4880987540154489,0.7071373248635564,-0.09122843126883931,-0.4149302781197445,-0.8373478320529655,0.7485743865012947,1.1452048171812477,-0.33393933513862883,8.092320362324248,5.194530405884547,-0.08124996532507474
900,seed0prime,62,219612,1158.861575603485,0.37094174722559103,1.5667539439594238,-0.3059083925781645,0.21767078035377221,0.2818196444254491,0.20546994539650884,0.34650334869915095,0.36205828131252155,0.6230920269294322,0.8286122123521577,0.9659381295866775,0.43447820316792385,1.9719345838593483,1.7128227506471303,4.923693230289708,0.45967663719773166,0.19957702362161572,0.052831431543317695,1.0302405747865298,3.471503528385732,5.606382481507799,3.247559253759328,0.7834574307102565,2.9311009630029328,1.0626995226116487e-05,2.6689380606242437,0.7203813608210075,-0.7280736444185778,0.10635041719803154,3.2911422856586077,-0.42311794158991245,0.8936824580331897,15.391937244738724,17.062015912881257,6.104815996843393,1.5356943519304191,4.778684745067719,0.17563837514585562,0.842890585943651,-0.41997477617005796,0.1246123668721427,-0.02282263552437542,18.993322159361806,14.846041392537042,0.23435106242391376,2.660073437959535,21.226028636342555,2.6923857724314852,0.053415949820488653,0.9499164192936749,0.9016305876971592,0.6870159443589275,0.5282440793141949,8.944581052866583,1.4658139385459312,0.7022411137837374,0.036847920858066464,-0.3285320223864696,-0.6456520283713622,0.7594739343433664,1.1549026067247872,-0.3479671476997818,7.925720509076202,4.993816132716649,-0.09700299352538243
900,seed0prime,63,223212,1165.0799036026,0.3909407528009905,1.635910401981448,-0.30784918470602846,0.22146824197987774,0.3019244998900785,0.2153861271847575,0.3409775994978354,0.3654785190643865,0.62027936392611,0.8800826894058673,1.0068481339611022,0.5110137190177776,2.1022064382668066,1.6904180615852167,5.400081259887514,0.518985402946691,0.19668060928519987,0.05700391818796805,1.0346686999063588,3.571307706885782,5.805545459914342,3.339252036011443,0.7738049724196756,3.0709121592467845,0.013786323934440521,2.741136748769974,0.7236294496398878,-0.7685860665659053,0.12601807107896643,3.4390751169919556,-0.4262149179961617,0.9277913816384136,16.37065342071179,17.870417341767666,6.280066327194724,1.7700910299609918,4.974307344107718,0.19763972779081831,0.753605620768945,-0.48989849942439234,0.2369800118905454,-0.0803797785563869,19.693817676285256,15.538579013649166,0.23435987920508292,2.859968824165716,22.35858261402123,2.748317118151932,0.034902834251426894,0.9609686486270516,0.905874481020804,0.6990763333760832,0.5164167686435421,9.249374058337859,1.4985414603444691,0.7066538566010443,-0.0707939396520675,-0.4960302510611948,-0.7850959232347886,0.7541147974952694,1.1485985685074098,-0.3510852152785065,8.213056685739012,5.105854155760693,-0.13053925578872705
900,seed0prime,64,226812,1163.294002532959,0.391461841324521,1.6253561565385106,-0.30770211398699054,0.22037485909910054,0.290907843808225,0.20922052844202493,0.3415708620605949,0.367289841167763,0.6218532406460351,0.8623340297288206,0.915620487448737,0.4753486973238083,1.9379019442948549,1.6844561727523968,4.7997636561990875,0.4608056727859763,0.1985827186532356,0.0564380783992181,0.9973806982339413,3.4906149658789127,5.6509253085717255,3.2088028422172616,0.781488890702618,2.897348541121891,0.09591206127574414,2.6988359077645048,0.719382535401427,-0.6443683487192245,0.20521614718947725,3.3141160916952983,-0.440521790822412,0.9117533928498412,15.55646408028104,17.644750041011907,6.159861246713639,1.4936565404429114,4.738235603362804,0.12518715054901502,0.8327807021828098,-0.5351795167236342,0.14840396703311554,-0.07675115511705746,19.38320893136172,15.34704797297158,0.2349130769937281,2.597147761796725,22.128117901888437,2.7595469593767725,0.05507670646912015,0.9574782680373347,0.8857190715309053,0.6400286269143701,0.5477540627908535,9.142061207502378,1.4916645704036198,0.7011695221942255,0.04784915921090678,-0.3758559331834338,-0.5691235204246953,0.7521424137023581,1.1596614404307728,-0.3458536804064483,7.9201899273551515,5.004892237435434,-0.02078004441884508
900,seed0prime,65,230412,1161.3784809112549,0.39514988393817674,1.6394009216202887,-0.30769147405552,0.22157545683868912,0.2992087028680836,0.2139434413137548,0.3394471359341347,0.3686945473008607,0.6155821171734353,0.8695815110796786,0.9250684743281989,0.5038009384311409,1.9765919382170933,1.6926609503800933,4.98802728497109,0.5006085843156302,0.19366417264887856,0.05321529446898016,1.0092931736907154,3.5413272465747125,5.745519378583901,3.255606803164232,0.7779062353430417,2.9736084207612428,0.021599249386654237,2.7633204104110223,0.7217847587720293,-0.7336977381584292,0.11834148878694478,3.3116480786549687,-0.41633900214744124,0.9085532173794264,15.971590169051886,17.874017685041057,6.294736518943213,1.8024044389423626,4.854708529560062,0.16743515460815248,0.8989495531876165,-0.46279552113573197,0.16337644973447057,-0.08307232694609734,19.556247834360356,15.491268420035482,0.2411552859221889,2.7524962963075645,22.517959839640636,2.755115356712898,0.04329230787025082,0.9518293161341247,0.8591425569874546,0.6652656096739751,0.5107417082158238,9.158879529770035,1.4926367632478468,0.7044294483572162,0.05439290585320158,-0.42244695218378614,-0.6226510117055625,0.746288101541346,1.1248300945650285,-0.3273227402834472,8.257010839631988,5.034819133854284,-0.0478091185055602
900,seed0prime,66,234012,1162.5076117515564,0.39035587011339107,1.652537777227635,-0.30773799278693126,0.22082775909813984,0.29153988244410295,0.20991567370176675,0.3393054122655348,0.3699912006931873,0.6047159265001671,0.8761766192458065,0.9578236184194129,0.4791563287374915,2.0382972095934657,1.7036140790087084,5.243101729274296,0.5347249304222207,0.20351823942680727,0.05205824947034179,1.0079611813604326,3.589943830132544,5.85257442784825,3.2963400068534625,0.775899885687848,3.0190737452276126,0.031145820551586496,2.776659864313421,0.7224737157492322,-0.7040060564063663,0.19015959244634878,3.338143264974666,-0.44080450173227576,0.9397548586708345,16.41196808002946,18.118264513341355,6.257934425830009,1.7243031080383855,4.931184873698779,0.1504977061652033,0.8765230947670147,-0.5895767412891069,0.1512128096078094,-0.04964029210374401,19.777865673575793,15.674100563056179,0.2263999206516886,2.806520781721512,22.896039527783557,2.7784136778502337,0.035051090162249915,0.946569497064578,0.8898517656709753,0.6599461077653137,0.5172205217919581,9.287503251016409,1.5198428681752167,0.7054774152958474,0.07445045259760841,-0.44875802185422586,-0.67095624717291,0.7552086121512476,1.1373091602427194,-0.33490117302247746,8.224110393624269,5.140797307992279,-0.08215200194371922
900,seed0prime,67,237612,1163.5596942901611,0.3957143907778394,1.6588054557304428,-0.3081350284530319,0.2225713381031976,0.2971056966407385,0.21306794705654405,0.3396063743921283,0.3711475907424322,0.5998463690018696,0.8761696021493988,0.956375945241035,0.500671568885272,2.0365568831766607,1.7041168247289458,5.268580876014809,0.527618163974727,0.19696874290218577,0.052817502369119335,1.0091867896118532,3.6046961941575475,5.878857742176815,3.302055460981571,0.7765286707339987,3.0289816367769284,0.04552905577089325,2.7569562698064787,0.7226336092434967,-0.7202066188717334,0.17531502594878356,3.3377550345780933,-0.44552913557646023,0.9153583085658668,16.556705800924686,18.232090167078123,6.323090135802201,1.6870752984424167,4.904886433403632,0.15941203669402695,0.7823776934975817,-0.6151045864875588,0.10612751534383771,-0.10109973829607391,19.728446015823586,15.738144475055261,0.2262374789647582,2.8111851687735396,23.080555842703934,2.775062060044915,0.03042295326108116,0.9438889677106402,0.8817643265445598,0.6596266735303467,0.5168344046661654,9.270561883372775,1.5188236359354585,0.7058870601120318,0.08723204428803638,-0.4766024548905832,-0.7150122878381511,0.7594549302644665,1.1338289173503198,-0.3439663318913967,8.321443028901959,5.162555856675351,-0.10604171153150199
900,seed0prime,68,241212,1163.76930809021,0.38902220964434003,1.6390210635174745,-0.30798798059034205,0.22089494350449043,0.28740858519047785,0.20729797770597627,0.3369409638664158,0.37262917693579983,0.6007761548807711,0.8531079823250692,0.8894022476271506,0.4650817117202255,1.9189392568357593,1.706809579226571,4.843273890317642,0.5140369430614827,0.1965763916756,0.05011271977664428,0.9844392241324956,3.532345324458203,5.734252315988478,3.214812334487501,0.7752279186875131,2.929087994019748,0.03251333020792051,2.762435103253024,0.719771696414783,-0.6531590680943845,0.19085772189028075,3.204816184956167,-0.44019531023741965,0.9059935125845888,15.913441306741252,17.99455118065909,6.208005285943405,1.602920653776179,4.748299376085224,0.1340613622049237,0.8036145240512219,-0.6312031607275659,0.15412904390960452,-0.08589192744955548,19.474725904880703,15.493664353629173,0.22755076357640178,2.6388005675808697,22.8671398485051,2.7660536566847345,0.045442068013263684,0.9398865593394415,0.8581653210163893,0.6249041935900774,0.5300045311047012,9.14255903041592,1.5038998151011622,0.7016838260515542,0.10907145898317533,-0.4342393308491562,-0.6197651362732838,0.7500986967380476,1.1320921585263877,-0.32826278666690684,8.171001377163211,5.0488502005854015,-0.08558427483184813
900,seed0prime,69,244812,1163.0917391777039,0.3939214813512053,1.6444827117946192,-0.30897070118737946,0.22239838635194373,0.2896605923819651,0.2096357496595962,0.33600297195879847,0.37373740866754906,0.5968652722365533,0.8538390575364314,0.8870024703917304,0.473345069177789,1.9106681682302726,1.6639756766850191,4.795876611412949,0.4974097816417354,0.1949452451915511,0.055063208399417855,0.9938215597845284,3.5343413487457815,5.727938759860419,3.204551849535697,0.7817462088337399,2.912906530827373,0.06311255349564165,2.7558839399453827,0.7202258982616846,-0.6976301394354142,0.15603120598562842,3.218243976646644,-0.4607039131690184,0.8704398039391994,16.054750554422036,18.045078197451264,6.22737182976187,1.5986875692626423,4.7404681595686355,0.1765644611631008,0.860805581413431,-0.5576447008154468,0.12953322978839246,-0.08945159290952953,19.466424297139916,15.524992766504107,0.22275972920093118,2.6592908819111685,22.991397102500326,2.7772739803615174,0.046083772315733226,0.9448962746588152,0.8657289906458681,0.6404270856174199,0.5141321511199671,9.170959540871431,1.5030380823077403,0.702456117393746,0.13050417146431464,-0.39584579530237274,-0.633628607265618,0.7684561068403964,1.1174133389485041,-0.31215432682394306,8.312718180592539,5.009046350853149,-0.062041835076827645
900,seed0prime,70,248412,1165.2531723976135,0.39703689453998625,1.6659384969101336,-0.3085067186134366,0.2224737706185646,0.28845849194747164,0.20853044511437005,0.33526124772575366,0.3750063567118818,0.5956045670510883,0.8682267667517718,0.8955282193135579,0.4706389897483502,1.971645911632951,1.686864532143345,4.953624482615282,0.5155670758298918,0.20215562814460913,0.050505718850999665,0.9967815588480934,3.5871246137980495,5.827703352932912,3.2352855470625324,0.7706502982797604,2.9828285973837145,0.01731349883278152,2.8525580335909146,0.7214734939776941,-0.7146372931790822,0.17733531578707296,3.2311169335969963,-0.45056773228080005,0.9061059003218315,16.464468876308565,18.406994159408587,6.33566919161988,1.741423210978699,4.844380665954834,0.18984901165037002,0.7712657812242082,-0.5497669758529133,0.17643674494685915,-0.08375520602152663,19.79509285456874,15.79674674203405,0.2182454375575066,2.750739903227638,23.5375448632231,2.813200679707409,0.034580331321993715,0.922609853711875,0.8629541922021664,0.6455994283692538,0.5154351855310534,9.297027585551081,1.5222333847957306,0.7040766206247042,0.12215614658413879,-0.48104022459956775,-0.7082849003815727,0.7574613187618389,1.1190174346415447,-0.3149128021709949,8.448012807624009,5.044249466780752,-0.0507635398002268
900,seed0prime,71,250008,1160.982370853424,0.40275311945998804,1.6805907881668876,-0.3089334890950938,0.22335073812755127,0.29480975924966707,0.21262371471172264,0.33480918114819536,0.3755303414655211,0.5925036040160078,0.8789286913349256,0.9087810361376681,0.49424068624028283,2.0198040642459163,1.6630638503152937,5.098234039650968,0.5234901371696397,0.20004620557569466,0.050628042240303706,1.0149988631850262,3.6363767513529304,5.933177427551984,3.2896754536812858,0.7786775583803689,3.055754245506531,0.0018458558375205464,2.894280281664047,0.7223726799741294,-0.7384202432826859,0.1532208629541321,3.274741068643863,-0.42861066478798165,0.9011665868971139,16.796844543867728,18.6358537380758,6.30164452646779,1.8893477364342164,4.937906977012794,0.18058204306081269,0.8604497365207228,-0.441060102969326,0.2012153830685465,-0.03648669561645717,19.968416861745162,15.975854525758514,0.21583045594859915,2.8059931311063697,23.838097693395238,2.8216254651793036,0.024026875510556562,0.9140219703044463,0.828552992390204,0.6762012822535836,0.496876147528273,9.370204528536384,1.5357341339063457,0.7052263882297934,0.05228954853603665,-0.4312907378336924,-0.8438010802731766,0.7623542272430249,1.1028377079055485,-0.34732036197945315,8.601957651737903,5.0341784523741895,-0.04723305259200734
001,seed1,0,0,1212.5529980659485,0.9505097354704775,1.0938129168268598,0.9539367669036589,0.9197151171981943,0.9766872224009153,0.9515414978247705,0.8717509837051264,1.0650405425934868,0.4878372126218221,0.3403251656436396,0.41456706166182145,0.5574366623630047,0.43574172298697783,0.4740920911777795,0.30824539411616153,0.38122987106517364,0.5641065151402894,0.5187211609673499,0.45355410090816856,0.4620017104228021,0.4368624049370615,0.5277075587518658,0.44201646568486147,0.40882355874868037,0.5008252776788492,0.5632662783394956,0.6440081677165777,0.5613998518504936,0.5574302200726575,0.576934596982716,0.47811734676296497,0.5092985386057304,0.7388351650271776,0.5347681411517456,0.5926366668314661,0.14936195446640751,0.2733544187855373,0.21563238494466969,0.37867909392403976,0.490656096192113,0.5062871409762888,0.4646956876258078,0.458400412363513,0.3926292177783157,0.5615948475060286,0.5356233685489243,0.4342386685772288,0.6353878438875761,0.44392075302459083,0.5273516053669723,0.5534677211968965,0.4770740772390818,0.37414634502512223,0.5321401134660356,0.5263210557456725,0.4807428118483462,0.5812567067061306,0.8036710265530441,0.6245670049054092,0.6631337994145136,0.5506439785289626,0.4378158279780516,0.6212945880324434,1.1359500016243391,0.378569970461611
001,seed1,1,12,1211.7470698356628,0.9509073476252196,1.0941831239049638,0.9548384830723781,0.921043512951544,0.9783435087263501,0.9524299841859196,0.8776429124722249,1.0656335909149497,0.5560384944583782,0.2493877045876746,0.39170222882208533,0.5488175330560877,0.4008643780958977,0.46050165744604377,0.20644392796917022,0.3213530471811301,0.5676202933240718,0.5300523786437433,0.45600484993080154,0.46302623860027786,0.3838796363068143,0.5294574781813132,0.4430135444530005,0.4374420321334008,0.5206654567297306,0.5551616379695372,0.6431344673912017,0.5646852137691415,0.5608060615364562,0.5749479667680149,0.48636179435513816,0.47562659265235807,0.6749092837552774,0.5203957425795971,0.5644072682419778,0.08918041303583024,0.2761561420730324,0.1814894207142908,0.3390870090619882,0.44816371515359665,0.47237820559951127,0.43340192036509473,0.41115590635746535,0.3656584499629237,0.5409509480924407,0.48919873830943716,0.3964944119780259,0.6250840832153788,0.43744270934771107,0.5153937410845468,0.5405886921695797,0.4586122699243361,0.36589218991080064,0.5136297550563276,0.5182742142501506,0.47983304633734414,0.5183219145665697,0.751175348420373,0.587737858080694,0.6497424326691099,0.5411666866598571,0.4167270705112916,0.5300237981845393,1.1238573214062457,0.34143367691376303
001,seed1,2,3612,1207.6736087799072,0.9273630462010132,1.0761039618069457,0.9244132363597181,0.9003658370122614,0.9563316699586311,0.9284773352864649,0.8819815297148627,1.0829379238230894,0.20353804088221047,-0.11854977516665685,0.2869055278881895,0.538964281522187,0.18690647467589194,0.27429970609387605,1.2302809543566917,-0.49090049483071585,0.8001925360671039,0.6045434512394312,0.4522177359344368,0.6137425407082688,0.8608007640966899,0.5106257212468412,0.4310811231528304,0.5927907839219503,0.5577533883554151,0.49841957957162186,0.660240034417129,0.658197798161934,0.5091652029235919,0.5202070707962918,0.7776818969811412,-0.15276295631054573,6.337814849967862,0.4638241606978274,0.40443140671771904,0.9855540679254918,0.6287241705724306,0.6556941379985453,0.3728399060412255,0.7845011965145458,0.14194509479117487,0.4411442629979399,0.14431370300282717,0.04742409101039855,0.07555472344210305,1.294602527713336,0.03167461677061298,0.48060124203725485,0.21485340940488643,0.27627804513149423,0.5228011123637117,0.20319367338775635,0.07096577539563009,0.08674689860872675,0.4265453618703134,0.46935006412193087,0.5248106518896949,0.6817325523230355,1.26258171803141,0.5139205907288056,0.43856217524652913,-0.012647850698489643,0.8299817584195379,1.8751529885945524,0.3820026074155899
001,seed1,3,7212,1205.8513703346252,0.9247785590688509,1.0701412552483278,0.9194223694208796,0.8985588155663604,0.9534514784800655,0.9263377043172515,0.8811551353052626,1.0751334006518343,0.11509994463214795,0.13432483476429788,0.3529469991612099,0.5127054737823346,0.3585456003768055,0.25296812666602797,3.5855529446828713,-0.49056314713808924,0.8934132188319612,0.628190532807085,0.4274020335048014,0.715099136831417,2.0992484821840454,0.5546209041596921,0.417082029294052,0.6629331457265202,0.41811301232833575,0.5748485046724341,0.6888020827990392,0.65461155528244,0.4845470065355621,0.538828614840333,0.7322757008258156,-0.17607933743072135,14.86264715824824,0.3345870756379803,0.41813890068816345,1.3505111827805698,1.2418501918182172,0.8870045053583392,0.6107988746675237,0.24706619000133748,-0.32884235323985017,0.40606446839545857,-0.32243905472960244,0.23659572762347966,0.14207721620473648,2.6698127907016236,-0.04327168937159989,0.5142619423710337,0.17955379298711827,0.2698562344132365,0.7918697483782061,-0.044584908155447495,0.08701892200418444,0.2550517628845044,0.45979056193637974,0.47279330435029426,1.6567507167374544,0.9767726539787237,2.299206123336628,0.5177953835547711,0.36544745303993986,0.10326473409715355,1.1379258461131219,3.780863895923824,0.906664371021588
001,seed1,4,10812,1206.3546767234802,0.9139096856228335,1.0624648558012058,0.9075702672895954,0.8875491561434631,0.9443581446339395,0.914539715708989,0.8869052430561868,1.073949956371812,0.2880642581299771,0.19877346906936705,1.2173371117712648,0.584373449632606,0.7890570041564628,0.20812837884198723,11.059017357729923,-0.49437108144419845,1.3195265388607087,0.6676912406431034,0.4192181674056349,1.343412673686232,8.357304702962562,0.5553693996873477,0.3379363502533996,1.3603345830548619,0.2898779142098561,1.0885771192150415,0.8091944652789074,0.3544717128432487,0.1923711299172358,0.5408663444399275,1.0019962617966003,-0.2327355643278928,59.74888467883326,0.19810790456262417,0.5017181575977749,1.7714349192429926,4.749037087647323,3.2525056458515573,0.8992354619799534,-1.1241397602438357,-2.224926552096775,0.4736106842923813,-1.969023421143156,0.376851030396329,0.24773062522955216,9.202482425569379,-0.46084152971336917,0.4833999803522925,0.06927432748384997,0.1514633911866878,0.9758058850439046,-0.7112271374337429,-0.044421850687399275,0.3895032308146936,0.43990837561474255,0.47840580527371007,7.050719157045891,1.4876210913493526,6.491473021285981,0.520743136505639,0.13947257339186522,0.12402367241110396,3.948793875985622,11.512568586897984,3.941805624521574
001,seed1,5,14412,1206.7229013442993,0.872112552024264,1.0406187440455994,0.8637222635907208,0.8434563662042395,0.9097733555679388,0.867944594598782,0.8686458639210237,1.0709894969364455,0.48406384221692134,0.5685501246001804,2.320919087217139,0.7085163071171617,1.389752099281767,0.17727072463014518,18.330915406730966,-0.46559683765124377,1.2703767055636543,0.8374188935802669,0.4354316111494518,3.464827025922897,13.416689617780715,0.9313304262226718,0.3129020543913028,2.3408102432099436,1.0487608936841013,1.2649085512873035,0.9130082560728993,0.13734434630229111,-0.007608951809031346,0.560343194149574,1.1468327721690657,-0.5753604344969058,96.41055959021922,0.1076982772982813,0.7596679765716242,2.4043114054359465,11.504149476173962,11.062516536560148,1.5549768566316498,0.479070897909469,-2.883043093743569,1.1525406522740922,-2.332024327314641,1.1622860243340307,0.6695398139820146,14.553552306893483,-0.48795801092270397,0.5548394023846016,0.09698884479009331,0.14160725096004884,0.9662153096980297,-0.1308342037263228,0.13219188051348435,0.9835613365043018,0.4904802112664996,0.4767415368603995,10.363268199343178,2.715105625470918,7.839148851231441,0.555473736054348,0.19198623008641663,0.4469872642058417,5.222242981166256,15.520268663685979,4.017342089235952
001,seed1,6,18012,1204.7625842094421,0.6577348499355098,0.9268130666059642,0.6635871220729799,0.6139092515577302,0.7327466288292146,0.6253177906429503,0.8400795197921669,1.0646973784865705,0.987557434670491,1.055898249952426,4.013284058646937,0.8491028808635993,3.3885329352516824,0.32648995325652647,30.569486250925237,-0.6167848395476133,1.5859114340301108,1.0624987519939717,0.4289165182211585,8.827188371086427,27.239003193485942,1.5746515504709715,0.31425687312466194,6.5154522389636265,2.820332293551597,1.669976043840741,1.1828257451251138,-0.6185042900528233,-0.49622384515943685,1.0372822620790974,2.0307474872069604,-0.9416556791516717,185.01442484548303,0.8623549794035295,0.3458489424739612,0.146932578262648,24.370353960174935,27.27453105022853,2.7754571769568055,-2.2033370626879654,-6.908342720901362,3.4274773213643606,-4.692136540355359,2.232153917347692,1.1120925410494813,28.695074343678034,-1.734997948296681,0.5347810381432613,0.04922972398113627,0.08819949464254391,1.0195270700301577,-1.514750360635004,0.3152524010193424,1.2228997618028592,0.6053096132463914,0.47553815339981287,15.589667295119828,5.239753090816368,7.0054287964491175,0.5931506426222802,0.3005788793714511,0.7337289682863073,7.56318691458553,31.091908845233373,5.345375122622314
001,seed1,7,21612,1202.0726852416992,0.4166427185181247,0.7610548450493988,0.3342298042286591,0.36609765358035534,0.5228334846497538,0.3491694394257363,0.8124997597227801,1.061267978343441,1.9451669533252776,4.531536742921107,1.3361522317971966,1.615233817594914,5.581438085980417,0.3692338253424892,11.397082587043808,-1.1743881692589913,8.514440625860134,3.3384522175916236,0.5976170078983036,8.862005149495909,18.16021358680457,4.37891199749135,0.44565835223757977,7.661765320027862,1.294209511408421,0.6070754870608961,1.003622504841955,0.1834714304572059,0.3641159093663714,1.148839023975906,1.2935987617443159,-3.809245346860002,63.656643261134,1.2584879531878277,0.5524552238521899,4.974685543040492,23.847642922374096,17.011837413739467,-0.9961383503404906,-2.620499070550654,-6.571507503542499,1.2484771580711889,-4.923931739275353,0.927736694196159,4.486805612700972,18.021759847827905,-3.4068488505273096,-0.29631145151551347,0.16767889160537974,0.19442540412750056,1.2929882723995028,-3.9655804401626544,0.17197438371622917,-0.7539971637555664,0.05212709588741886,0.5221874277688042,5.972970952794257,1.40558858246135,-2.2356539191085854,0.5786671700891902,0.06836527090084267,-1.9406975364452723,0.4037229898288664,24.51806676674071,-1.7729920842506186
001,seed1,8,25212,1192.4103336334229,0.3263257127055148,0.671180522371821,0.28558970693474456,0.253128926700027,0.41320851266048514,0.2329993448783253,0.796657877771543,1.067123089647941,1.6612836477953985,7.884224586487437,1.006900717067633,-0.14516664385874023,14.311545430358066,0.1619377749232856,9.284769009539813,-3.854897566598109,47.70820245619413,3.1857888267723,0.6248265754242252,11.874728294160384,31.97924847586299,16.49413257115256,0.4396028855042764,16.892694480863813,3.307641933513827,0.16266435256005685,1.1642912266768215,-0.7173845264284016,-0.5323551457374804,9.944851329395398,0.5691225720613164,-4.808005854003158,21.470091685327045,2.657147813563459,-3.289266665579724,6.693637168395706,28.981510049050772,19.185699752660575,-1.2693488629046978,-4.29853812370573,-6.187299017156019,8.045852277814907,-5.199199518426167,3.8906022034220564,4.851501625262172,26.322844187856617,-5.748806474710555,-1.3582272765866799,0.17848474862832184,0.1808939601872979,0.6368515466340121,-4.048257290456947,-0.7885998473569078,-5.267188752786198,-0.715735474299549,0.5201494865519241,-7.688545677457601,-2.0501228270201164,-2.2436036456558486,0.8655673308441372,0.4102490759307251,-1.8205884873796718,4.964846830255496,32.240677541302325,-2.065100128061801
001,seed1,9,28812,1182.062328338623,0.3288704369276132,0.5975145216319185,0.27352201647202223,0.18007317367536393,0.3253206428115648,0.1507767444866001,0.7900809292632431,1.0685462872703118,1.6956002432417676,6.8605638778537275,2.077427518959553,0.4983558960601681,13.707237000953983,0.33785864729893283,12.996636663528719,-2.397366055862805,33.890029499505154,1.4889728216445022,0.5224577959260068,11.138031244892938,29.35202828063373,18.57695547777077,0.43941831168926604,15.911411473876095,5.068832472769327,-1.0858962291124248,1.1374336783449979,-0.9118282805014523,-0.4829084912573555,13.734288720883644,0.9392482470445759,-2.4543827289303355,16.82172975168521,6.478491169508942,-4.376629989184875,3.8844128192693947,23.512915566633904,22.72491339282471,-0.04162693559816178,-0.5327392803660369,-3.456998140370552,18.5916399961247,-3.9109813357474086,9.427032112552888,6.4320513792358085,24.733712453879537,-5.151658178381329,-0.9363279101050519,0.21908453867549,0.3266183444591965,1.901344183762862,-2.3453685060150606,-1.0736212997354868,-4.779133981602476,-0.41666213965638976,0.5374017698729047,-5.562835569661798,-2.2562655078738887,-1.5024690846972344,1.599111414177217,0.42846286041983617,-1.3277677251879088,5.6742361398320735,27.62814341855481,-2.6633499467542543
001,seed1,10,32412,1172.8650979995728,0.3455618143846393,0.5240741554839503,0.24862205449047772,0.15732080911936228,0.27176384503713324,0.11526565845609169,0.8407192711571126,1.0616055860269387,1.9794597043328044,6.258520474275587,2.430154756489867,0.5968228392011438,15.7553040433244,0.969248689049798,14.512259465631676,-2.26602119504109,22.391802165615815,0.5692782631326915,0.5127524010461191,11.870339923183241,32.273402439885906,21.866241116167767,0.4557285468838722,18.651045052349755,5.665768023866847,-0.7058572820358313,1.2055796871926692,-0.5605491187163355,0.39868702386164323,16.959355961047333,1.519845984775196,-1.1918554856815866,16.42387722162593,11.783788068189052,-5.867330087996894,-1.8576626965130993,24.294841761995514,28.313704333159997,-0.2726949271078085,1.687765097044956,-3.4335598027210166,31.07546472370253,-3.674667998464909,16.24893734360452,7.167647760221703,29.015573457160045,-6.650667705445303,-0.9587538882482749,0.16110546501084924,0.22653347001914065,2.1089765519795356,-2.2219965269096504,0.06157644698951705,-5.664729336083777,0.834798224312827,0.5336536075050546,-4.8890634950412375,-2.8379145935080197,-2.2802559303995684,2.4139573225919437,0.45736822445468933,-1.8651383627489617,4.803001075883962,30.10585483697149,-3.115614028749535
001,seed1,11,36012,1172.3335614204407,0.327942562098941,0.4427871354006328,0.22217402372652298,0.15404206607980012,0.23004269949463363,0.10571208559763937,0.8910113267018622,1.0509325557991593,1.8016034170546364,3.907219062508672,2.018287026063568,0.6292961390971691,14.4989116669693,1.6196188934968414,10.8326289334342,-0.849465555636893,10.339065499105214,-0.15055228041615948,0.5017655280915355,11.012378460458052,29.065340962595098,20.252219816343278,0.4758593125467095,18.094395484409034,5.5936142976832866,-0.39925064339990957,1.1716736170979947,-0.20426948360035319,0.10118741134267034,16.62923685822709,1.5367221179577741,-0.2874100734822453,13.262785647261296,13.305117510816428,-5.4830530929757275,-0.31528602429214647,19.55536463054455,28.53215471219871,-0.3962748211950106,3.7046627490561193,-2.5566108813494046,36.30325433849957,-2.332443227716037,17.003506090030093,5.708077191550207,27.628816346844577,-1.8412282118896597,-1.0368747918297863,0.27410890390211046,0.33429445840479455,1.876100329658734,-1.5494047481063593,-0.03401722199903813,-2.572840159854094,0.9191931931741394,0.528682610685272,-4.069180231806175,-2.696765761693473,-2.3949752961894655,2.591605544307795,0.6831680886291779,-1.7926567570085923,5.226532869680641,23.946747340267233,-3.0344441550991537
001,seed1,12,39612,1170.7334699630737,0.33912991759318584,0.3752594380493086,0.18219423894692438,0.14879455846736683,0.18075250998161,0.09569504647288858,0.8925495410367752,1.0391628251525984,1.6742425864961206,2.742401993786723,1.7999020363782798,0.5040735355977221,13.237851279210906,1.9122758860519053,8.840266347294902,-0.8093929981774002,6.329695415554248,-0.1980541325406477,0.46818494834322294,9.725604044778168,25.228111077962005,17.741690521769677,0.4890143607031999,16.8439940911934,5.0101752342475745,0.09547330893539979,1.127592599691743,0.42486308695053315,0.12317147415680554,15.420740336127997,1.015635576441526,-0.3304567472219509,10.99476559751175,13.037690526801814,-4.578243235534197,-0.37769520386921746,15.969176775024053,26.317684849590016,-0.5403902837856293,3.630649609268389,-1.231005135287232,35.380469707966924,-1.5102313403430025,15.876676810232098,4.204822975860358,25.6214166380465,-1.2820207574469322,-0.8395533926936962,0.2574214587417465,0.36007067947223437,2.0433067841933723,-1.3267657243888777,0.2507710244266111,-1.9596963778261618,0.9519233699985804,0.5306745980663455,-3.668114454719796,-2.8710297823192406,-2.4972374457015563,2.359656139911409,0.8242632072121189,-1.5338183423192973,2.717902018378165,19.550195401838767,-2.482007559024198
001,seed1,13,43212,1158.284481048584,0.34319172530845765,0.24076836600061863,0.17881977280596553,0.15158564945401212,0.16507126069275457,0.08735103949559071,0.9006424886343716,1.0243790489587876,1.362811126699106,1.4904224178078225,1.5645047370496505,0.5234838004929934,9.333203177165391,1.7367031760315024,7.033619333933887,-0.6676898982691926,3.3371638382549293,-0.4905636992736415,0.4204554216996296,7.001564946974047,17.66149083181605,12.378443482382695,0.5188134536178118,11.697077316865219,3.8946156865159556,0.45184040063142517,1.00649040677028,0.2023269842944699,-0.13722404467223948,11.667758835486335,0.8332544315516638,0.35076225169957903,8.676453659978907,9.375897159834762,-2.7490012032330275,-0.4136781647139318,11.406328924957313,18.576999080435705,0.9186315777942543,2.53097509166762,-0.27461526647021584,24.53147158210015,-0.9410443739198443,10.475590711223393,2.5064476695001843,19.022781389065713,-0.6795339294911196,-0.47269407594642376,0.2291293373411255,0.3493288260778695,2.327029884376986,-1.1025101258069157,0.10241825563986769,-1.170466102913799,0.8518561728184456,0.533675712705351,-1.4355324401310532,-1.4224999427774339,-0.9879724533557926,1.648225592187736,0.6951097669165959,-0.8403177983171654,2.196312347987952,13.906899083376734,-0.527888252233635
001,seed1,14,46812,1163.727445602417,0.32539668787426523,0.1494729994283549,0.1343843229902256,0.13534488958999816,0.14897334651804753,0.051377659237790356,0.8986637706786327,1.0058361887674774,1.2428718361672402,0.9293169985189467,1.4887491483610953,0.3766934064047237,7.169944614846362,1.6480393827986541,6.126947157508958,-0.3150025315985644,2.1763521966860084,-0.8523226015609413,0.4592758344154387,5.182632826842482,13.096970445310035,9.556984422571283,0.5133902257962615,9.481922280094333,3.1442898720919747,0.32180445736104424,0.927307189413929,0.3110740582660103,-0.04372128703765154,9.245890552346916,0.8482570339084602,0.6859743675665981,6.509617009498121,7.150251378645831,-1.425112524775878,0.29199407224216184,7.999460715489592,13.880180261393237,0.2663605267761243,2.3406269264101076,-0.15242305259679095,16.925399475995242,-0.4656772436763499,7.294704584995913,1.558523707267689,14.668167659199257,-0.17432268313126562,-0.2997523772424731,0.11789801172008944,0.4564126756563644,2.301535766131896,-0.9891488872786475,0.28487734886706567,-0.7865146561570163,0.6498005429258253,0.5318453331223473,-1.97996286361874,-1.2858672015315498,-1.2781351786654067,1.1796058464790184,0.6417743851132086,-0.6902184265226367,1.467658410992965,9.38012414990631,-0.925150737566766
001,seed1,15,50412,1164.7513813972473,0.3112059113321903,0.09167847754919756,0.11017752599511065,0.12300844291487577,0.13551921267773775,0.05383632018958006,0.9074877055298574,0.9857406767830512,1.0730954874659069,0.6487726389423681,1.5743708178234885,0.3018617780674211,6.134160420441604,1.5824408713343923,5.91840731000028,-0.16256996352209718,1.6878476975063887,-1.0218130575164797,0.42062246926411745,4.295710672202634,10.966689805454063,8.152383205070045,0.5177953401812315,8.146689472210342,2.81165315685445,0.3494548906810726,0.8947901972688362,0.32624136901541745,0.05705001607384121,8.43992818167986,0.7976435131555155,0.6720555438338448,5.82929715946293,5.6422998172234085,-1.0614110943647972,0.09965482542897422,6.4668843335569575,11.63282463197691,0.35787671124319625,1.5470573552879396,-0.11288085511427767,12.789762994993723,-0.32535303145186556,5.389043833179226,1.1564245052414595,12.774838592453973,-0.1292062941279705,-0.2819245467631044,0.02205736995988561,0.4576160614512992,2.5540874614478146,-0.802472752865558,0.2795349424153932,-0.5991913073035453,0.5567276903780931,0.5338323479385247,-1.5602618115088254,-0.934773743756642,-0.9711418997565878,0.9415128049277927,0.5761343236142336,-0.5227466642003584,1.0452522619938758,7.472023296722916,-0.7632596093327069
001,seed1,16,54012,1158.0555248260498,0.2931985746487119,0.07995132717543141,0.057280131163400194,0.10798308556195974,0.11368383268719184,0.06090519264829717,0.9080983821717291,0.9633866460251153,1.0668245318328289,0.6142082183543677,1.5119486670257318,0.22999085215752585,5.603161802806688,1.5292046182571222,5.531946214561813,0.012282005241688865,1.5924526079761603,-1.143224089280282,0.42086327873763263,3.702354370529945,9.627817287285684,7.374989313205469,0.5229786218147228,7.555811048605475,2.5510003046114544,0.3189703716722982,0.8646743963481586,0.35040387561195313,0.019540257882372056,7.713160870385926,0.7525811358431852,0.7263528283458429,5.11800024771781,5.542943333622828,-0.44795052643907984,-0.12466731432294276,5.585757921015127,9.917937787551981,0.3663486671373981,1.6895008393637305,0.10643470432809228,11.540630732741256,-0.14554710184740957,5.104898218679578,1.0837868775755999,11.060983697792235,0.08261139094873624,-0.17997862660855324,-0.013074441530421126,0.5172338966745159,2.51639172802036,-0.7182923254240645,0.29514897160199716,-0.5582918664206578,0.6859836862359977,0.5333645219131838,-1.8370255029161227,-0.8286768779495245,-1.080775713337766,0.8417946554281217,0.605038592618273,-0.5364280836352251,1.1086753448772433,6.323106532518192,-0.7961729973808473
001,seed1,17,57612,1161.5894889831543,0.27502126422001616,0.07303796118800963,0.0240627492979843,0.09335028954364452,0.0984281121108013,0.05832728060200471,0.9041272424401692,0.9416182137517471,1.0679829500743314,0.5861674782146744,1.4712280111805356,0.18367380162629487,5.330399789988803,1.4599407976245267,5.133757433451985,0.22013514132143094,1.5042946776743822,-1.1462956363483319,0.41653124469683744,3.439391619908777,8.793280479209388,7.065551764916321,0.5134954668628633,7.098134466631489,2.2975821817125195,0.3300696722447359,0.8519891213842675,0.28022918139427216,-0.13111934541346312,7.468593463433574,0.6710128173160274,0.8647082216031761,4.7426922707273835,5.2223372858514985,-0.6682593046699006,0.088543035155649,5.05710177555422,9.246737310268578,0.14309813845284272,1.2548930800079867,0.09290616611523674,10.644614473272028,-0.39016898465577743,4.770807884579289,0.9188448543383356,10.228257761810427,-0.06236642417703185,-0.20380222385084518,-0.026263758556221407,0.497029360405777,2.5462391736884302,-0.6440542269614605,0.24619537414295595,-0.6626892283642578,0.7183557916131855,0.5343231925801547,-1.2244580450352198,-0.9150428764069897,-1.2691286955944594,0.7667439897710021,0.5744210590051853,-0.42468094540348267,1.466520545107855,5.799715494883444,-0.6674179797083636
001,seed1,18,61212,1163.1893048286438,0.2809313050122369,0.08011622283371662,0.010494192968315295,0.08605804858783253,0.09930535838603809,0.0545810908147285,0.9027530277396543,0.9178828818097079,1.0508793159806682,0.6019891670958014,1.4132691581042374,0.17373576176104724,5.112481985017539,1.4311144523606052,4.79507257215815,0.23151146647738824,1.5234547463045462,-1.4825851842121611,0.4439912594526092,3.2574058453745134,8.170989021075009,6.819635791267009,0.5172667030005453,6.88964648413905,2.2719718596573797,0.22352429370321727,0.8468805821665438,0.29084330491479293,-0.17557337509319484,7.368855803171412,0.7122144702622379,0.9420841412632965,4.399298500063611,5.33174604557793,-0.43060409322742443,0.27065249103397243,4.53635887546054,8.743788107280755,0.02361345931201566,1.2894869910060633,-0.0697497614904553,10.36866578562043,-0.37849795554319576,4.749997616621526,0.8203325931163873,9.804218746495316,0.11706786748626638,-0.15089758381436935,-0.003229746035746092,0.5074066919166897,2.457514483687841,-0.6965140118793989,0.1740150862101419,-0.6996928463882846,0.8729062737244085,0.5362436600215474,-1.6279835232666764,-0.9932300273896402,-1.0707968690002185,0.7339515747324191,0.5533526878561854,-0.4327121587835969,1.476138805971813,5.46212887508929,-0.8866760002060672
001,seed1,19,64812,1160.8495445251465,0.27256437228692126,0.07371960759085236,-0.008261609540762568,0.07764531281644246,0.09287540730630035,0.04618662080603433,0.9057572887567791,0.896094371519089,1.0566013693477219,0.580345407739797,1.3804257166386764,0.14990598118995707,5.111235345657131,1.4015245626360175,4.528352246192716,0.20390472044605903,1.5967392828359006,-1.9246453585007193,0.42463776501413597,3.191326247570693,8.04822259993681,6.90086238746752,0.5326224240597115,6.87222917338437,2.15306442220406,0.29971609044499237,0.8440031858884448,0.36117054725560827,-0.1372207143610764,7.352044232522689,0.7422213832837269,0.9261781287270737,4.55637596914116,5.358898205890342,-0.8263139863243034,0.07161774722011661,4.563634266508011,8.462218381242252,0.18192343905206607,0.9462944647854717,-0.016991917994645205,9.950770993638221,-0.5055089277597326,4.625245373868919,0.7895171882039631,9.596249790413044,0.038950405087446925,-0.1174632688621336,0.011279762423597755,0.48897842973790623,2.444711463867541,-0.8760250861660674,0.2356262016348869,-0.6176069573095762,0.9427215763521262,0.5360532288620412,-1.3629428750652743,-0.8121081402449176,-1.2691384899135105,0.6727180940146854,0.5327639183396863,-0.47135755361287746,1.2493572511253486,5.446061119864127,-0.7356054778972484
001,seed1,20,68412,1158.386200428009,0.27853141879849586,0.07589881975124957,-0.02025888282231729,0.07246912753997978,0.09086490375515856,0.0386567552276805,0.9006858790725412,0.8763019784149584,1.0575487089123778,0.5791811515162821,1.3904238310078514,0.14186652150556797,5.382432796093195,1.4393812066131002,4.504773246272982,0.16094564828118627,1.7403201642951391,-2.251664166580739,0.44510902932453666,3.3089095977854406,8.452813124331053,7.234041294873718,0.5271767801298384,7.372138399773807,2.2274863206742053,0.24059663927683902,0.8583711494992636,0.368567929673274,-0.16406345113749976,7.933780816838341,0.8053580536826167,0.8863635629779452,4.704172865601306,5.519801122558416,-0.7670569705596515,0.2354726657741002,4.579550476894459,8.951839695820889,0.20703297795074896,0.9512894633787021,-0.06970588728289513,9.83614295107492,-0.5402329700847348,4.59304505835291,0.7356076765298067,10.42175966061166,0.09365468929239686,-0.25945854607676166,-0.013430558850658709,0.5209463150068052,2.3676565761364214,-0.9268558235567832,0.1509030656754742,-0.8759219239281778,0.9356006454096345,0.5384212080360844,-1.4225853459707083,-0.9638575876655565,-1.3085822403399452,0.6461694570255677,0.46741087054494695,-0.5365495953696333,1.289435877409382,5.309350470599077,-0.9423860495929062
001,seed1,21,72012,1161.1806154251099,0.24824286284073804,0.04159995832745453,-0.047775169898917585,0.0640213571542988,0.07562555796183804,0.029150146257844182,0.8852953709772403,0.8592798660568062,1.0172965887894894,0.43928171478555156,1.1029002097532472,0.11968586285214568,4.1754672443092495,1.1831608095182184,3.1813279852853094,0.1176021273764501,1.3942422687767353,-2.4725552150910635,0.4473835738302155,2.6416600574175853,6.468260161533126,5.889881259580459,0.5536880709426594,5.809192762868602,1.8093184135871847,0.38715472423309083,0.8121794674058552,0.3136885492340394,-0.1948132134499259,6.167791270045757,0.6434230663946129,0.7897170517515797,3.765065253297158,4.855267754208488,-0.5251097845770976,-0.016393628788368586,3.525576325211571,6.914771552631882,0.2902906593188176,1.119842864653346,0.09074777348709676,8.153801999131577,-0.3182176931201087,3.710591254926231,0.6948444615893704,7.652482893729033,0.2044070955135081,0.023641920606897984,0.01800084161641911,0.49634649148528565,2.1056885612385017,-0.6307549282203813,0.20622699201626188,-0.6755734152066194,0.9586736547859788,0.5397087604721978,-1.3742403293589036,-0.5025405934911656,-1.1251414540079834,0.6452223452096146,0.509203813730501,-0.4523411335767063,1.1460703083750758,4.2917754132165635,-0.5678703815380552
001,seed1,22,75612,1167.0807266235352,0.2579858789391877,0.0274036995908134,-0.07034404778276793,0.05804562933020691,0.07112905303714162,0.021582366604150145,0.8822563479934791,0.8483387574248646,0.9554583313912842,0.40871322751051686,1.148610361508755,0.11517206501311744,4.3303071167050575,1.2505337323218289,3.166932367865297,0.08748614011021495,1.6132135283788611,-2.669822964534086,0.44019910740981255,2.8009784252562686,6.983028530807908,6.3928327033073415,0.5503009707028829,6.2652444088991315,1.8241374449328713,0.3351057154048317,0.8277277367526661,0.3166228678997845,-0.21916199800140676,6.951326468004037,0.7135098329595645,0.6980268673793362,3.8737803667891555,4.657239237224138,-0.6268009376695595,0.05651792867150188,3.816946953216702,7.458334152221848,0.11207818631551825,0.8886327982929906,-0.009258252704002917,8.060436647254122,-0.45136372373391254,3.400780439539328,0.616534066916137,8.481433956327121,0.12943415093427355,-0.13923675727418583,-0.0029588907502395238,0.4605461118521791,2.100233242727779,-0.7564808977768389,0.10139882647765774,-0.9268003021367146,0.8556252762499208,0.5426802739741259,-1.5489956370520712,-0.6642806140331065,-1.24546491051995,0.654394617490083,0.46523784014319514,-0.5248745458417258,1.1954140549195666,4.369330105957176,-0.7053294619465295
001,seed1,23,79212,1168.734616279602,0.2708875321184045,0.011135012892025795,-0.09010422706805872,0.05478728505035691,0.06935616593125465,0.017380420583194202,0.8647903115683637,0.8367251016687854,0.9732526015894923,0.3925298175372339,1.241764869914949,0.11673312462945122,4.237457817365914,1.2279175871555845,3.2928016263459803,0.07845961306414864,1.6867022028842327,-3.027561200956582,0.449743541628807,2.705164887316363,6.7695759186971145,6.325819378660027,0.5593693040132435,6.134506129002103,1.8494063357269181,0.2656386427113873,0.8243609250313894,0.2903477336728214,-0.2515828928378657,6.869499587687636,0.677828070465107,0.6743157297481482,4.020763044068722,4.777083242925506,-0.606460772004481,0.11044763750030553,3.524186899680811,7.073197828120343,0.2283010179598912,1.1609515903818408,0.03846768223890136,7.93413296951273,-0.4266292028284671,3.328429077747543,0.5835562949243284,8.170445865514106,0.13542853333153954,-0.10930119546164876,0.021276090200671546,0.4875818959337476,2.322909126322181,-0.6126636428829949,0.15257488205575315,-0.9813134394132786,0.9022326692552906,0.5446607727771844,-1.550276162992419,-0.46991863516665544,-1.200350394065559,0.6856570830363289,0.5031036482545133,-0.4701072202785759,1.2948333362595221,4.093932265447306,-0.8070392277049397
001,seed1,24,82812,1164.0632796287537,0.2998275463588437,0.002558106082489471,-0.10275918216281556,0.051443957808599,0.07328996802456417,0.015405197424204424,0.8527972402401791,0.8272967647146252,1.0037554879759045,0.4418496846633079,1.4062361965601975,0.13141735951816,4.621057188279724,1.2423450792947504,3.7859517609621,0.08032990668651618,1.8902884923164192,-3.380325092155519,0.4466727713876031,2.9107236991785723,7.40277149766277,6.986389870722435,0.5578688725751622,6.6229410171098575,2.0026683294946785,0.25233047030469435,0.8422013302123104,0.20385034238014432,-0.37691821128912817,7.700615645008291,0.7176369958692569,0.6803278082314538,4.427073522400033,5.198412051218098,-0.6426857058671703,0.13169075509177425,3.9448006680189294,7.85672933477511,0.10579271988976965,0.8897757363011017,-0.02554514869165493,8.622549169200592,-0.5349846598573643,3.5271190786252418,0.549754666889802,9.124395375116727,0.11125950292017078,-0.1744155777358018,0.01572502304674479,0.4654852951093594,2.5231138291142474,-0.7555207384918089,0.015771003805811215,-1.1158000295265913,0.9740651640895197,0.5469664666233339,-1.3518275723293327,-0.6450521697523596,-1.2809181644188417,0.692614405231496,0.42560826821610187,-0.47100304608854826,1.4758893811078746,4.487353041797396,-0.606406660002673
001,seed1,25,86412,1161.1871485710144,0.30447418930149495,-0.014804752983520837,-0.11268080386476305,0.05229736902580603,0.07868543933153978,0.013047462619241106,0.8436714210292394,0.818652583530493,0.9708137729816815,0.37293758381603703,1.3734549480691292,0.1512369043632055,4.262037035434366,1.1625134420369154,3.5375080013520845,0.056266297917754254,1.7365691240014045,-3.5456819642479704,0.44498225438470557,2.729663115797005,6.893691109387903,6.6485325583173465,0.5626685913955733,6.214008862365389,1.88230389928595,0.2902888619313508,0.8286392593292595,0.2542588641421433,-0.3001840657509882,7.084619730465557,0.6950493156624942,0.5917216617470005,4.190792925485901,5.039150782538534,-0.7119167803572755,0.09832548475219613,3.677040360301159,7.119707781477962,0.137447642657942,0.8794103688609751,0.023839083024130774,8.405370260222238,-0.5262881829215397,3.269694775001026,0.5435245964290069,8.16273876453966,0.1599171427659483,-0.12142470890211707,0.010121663188349141,0.43892762509433775,2.5736465354497877,-0.72766627398119,0.047387948366412976,-1.228654661073886,0.9663187352831089,0.5493352680963084,-1.485961531712986,-0.5216099587155618,-1.3348777357446688,0.7033610570613921,0.4353305581408369,-0.4409458436463866,1.26139870708234,4.274730454556625,-0.6112907177081499
001,seed1,26,90012,1163.5720911026,0.3082596944451457,-0.03190735577563362,-0.1263656451416169,0.053163224265240776,0.08178509680209387,0.013839570182814313,0.8258612077177504,0.8090980779752265,0.9076329367102256,0.3184177407885821,1.2796627107569425,0.15417669222825406,3.7929367806646446,1.0486898161289167,3.128280247417712,0.0379902911118904,1.6541416623968703,-3.58218706249756,0.462233640047064,2.5097821345626916,6.200610589908242,6.202895869018869,0.5665892730784783,5.684381725015861,1.7474841349008896,0.2563259453922038,0.8099023009420483,0.2887188674189076,-0.23649085013037796,6.335123992113325,0.6867610790563989,0.521821902726742,3.74572273309744,4.809465077524971,-0.8367659377137856,0.05920807986647624,3.1777543105574444,6.4895248752742045,0.16700344731155775,0.96162647060758,0.015236709081976642,8.101103882168145,-0.622384369748434,3.0270357229735256,0.5574148934476443,6.916186200796709,0.06477431646014736,-0.054940935376802544,0.012369202529596068,0.4818832586230777,2.4949038035952227,-0.6623847636976763,0.11855076306906558,-1.2115172400234329,0.9843341708135214,0.5502926514250189,-1.5663590244192527,-0.4825134173184572,-1.3570604692200723,0.7103773444021657,0.47190717411350713,-0.506377173386593,1.1181273614278178,4.017013893346851,-0.6840286290150197
001,seed1,27,93612,1164.9666113853455,0.31647946448251174,-0.04261370997516431,-0.13965836245143656,0.053119606863565705,0.08415164449311578,0.015395504712486728,0.8095311864375443,0.7997408857023998,0.8770364429163435,0.2892729691767859,1.30613247262913,0.1529653708436357,3.675866364294417,1.003882211996091,3.0773696639371515,0.03045390968433119,1.6078493220654926,-4.090673835910238,0.459722061434195,2.6197692608345418,6.251939679616539,6.280162287139412,0.5889486830930216,5.552524315201833,1.8667326222206606,0.2616780233696999,0.8159405946825864,0.22641301512432502,-0.3669975339466606,6.571965830815385,0.6991946274190393,0.489502431982295,3.7244614253423114,4.856556907427937,-0.8560661480428884,0.19594728294634453,3.085254280481031,7.10423634539051,0.39838975567626417,0.837037364784578,0.040422995199054415,8.314058402538734,-0.5448768181700099,2.863151449988817,0.5335225639085296,7.150439292110429,0.14351558086982613,-0.047403499746745334,0.023715842066486248,0.44563453968740846,2.563249660712259,-0.6092904349050569,0.012077780784993181,-1.2033864637145666,0.9603955751006634,0.5522662189339601,-1.355462610490013,-0.268317457777448,-1.0850073164404619,0.7269251752861784,0.42676217585948845,-0.41491040385625894,1.2796031747511403,3.8704103726076005,-0.43493380982627555
001,seed1,28,97212,1156.5754413604736,0.34754997772161533,-0.04643988364227823,-0.1444346840237663,0.05986471063421585,0.10176711437192056,0.022216937082650764,0.7940371662856243,0.7932652960496537,0.8935563183914523,0.29154672470015836,1.4662438008044965,0.1874753156877853,3.7883477897920264,1.025457595344737,3.5272901739556968,0.017071406929903377,1.600650404044302,-4.757209231998056,0.4496945585737756,2.6094615587969052,6.324314068582008,6.384063108945032,0.5748180262722469,5.710691123629185,1.85498338059011,0.30195182814697463,0.8203049285757134,0.21848950321791627,-0.4157317121831312,6.652763543228919,0.6852395528143354,0.438052222061445,4.177399269049888,5.038980531332894,-0.8227582428427805,0.12828437804823953,3.181729511875004,6.94541005770512,0.21875919819554873,0.7936024708545882,0.00580503836566559,8.649756156565845,-0.6408944073827302,2.9482023349903708,0.5153284914061658,7.299550592298541,0.10157024549216169,-0.08498177244782412,0.02289616230471756,0.41176516998444257,2.882002079954564,-0.6658171727574975,0.018274491867204014,-1.3035035713474106,0.9759808077726339,0.5543621005234666,-1.272545847658531,-0.45753026620349513,-1.1899444306397973,0.7545619209002492,0.41840657275937854,-0.3791238811876582,1.3292126015504206,4.059115370222653,-0.486116045923376
001,seed1,29,100812,1174.5950679779053,0.35850019281088624,-0.0508164466731662,-0.14932024837848562,0.06474010433038391,0.11391909993427977,0.025990905061688076,0.76568565559257,0.7885908354436734,0.812869194409298,0.21421057660888762,1.3798131581686457,0.22144367160792322,3.4636556614809413,0.9564486797490607,3.208809929571572,0.0027895156924512146,1.4776450186759784,-4.998860575668639,0.44836073915910724,2.4534476946325494,5.9347035346666,6.082555862047403,0.5766241836253729,5.4344787012567695,1.634243109237056,0.4010367884814104,0.8121586787810191,0.24403380605314412,-0.29334674313129255,6.185109886366603,0.6731498627843603,0.3835513060054472,3.9347703389480735,4.742014210404836,-0.9124585428416933,-0.04328056575661256,3.161004273804325,6.333162353764207,0.1892763355369928,0.7480046843631153,0.0014256684591214836,8.250551580020257,-0.6796868705071962,2.6341732140596257,0.5187293461366523,6.705710921307675,0.001025734329938138,-0.07348812911980514,0.04222575744217855,0.41729111559314114,2.7956271272367315,-0.6771636831459019,0.09311988883875458,-1.3600964908262312,0.9169207270547165,0.5565462707535425,-1.2583226343794616,-0.46762638332010364,-1.2084023337040324,0.76052035746215,0.4322158124838518,-0.3825584383791898,1.0573508629053523,3.96593186374516,-0.39083055378993503
001,seed1,30,104412,1156.3830609321594,0.4098415221839884,-0.04948499336174382,-0.1497460295113925,0.06847602268395139,0.12969235684811367,0.02988348422026996,0.7521758377097997,0.7862583740779694,0.8461815516590677,0.25629380192881257,1.6106109873556522,0.252167910404786,3.7879544506866023,0.980135914809364,3.8931422963185702,0.0006939675018543472,1.5860155122353492,-5.6770415047643805,0.4496164429555007,2.6023060989400726,6.31704270175044,6.424945626093395,0.5726722251326131,5.866163238802918,1.8912787621836311,0.22257646792808844,0.8309652804451297,0.24439242276588802,-0.3464041588646804,7.000746769121484,0.6742901499131928,0.35915600036070056,4.464270962050476,5.3530683049051175,-0.8137604142527901,0.025947255201338375,3.2925235139941194,7.145185974868005,-0.017255542534642464,0.7063615185386068,0.020406127341478175,9.290447054333193,-0.5731869191619399,2.905127945760505,0.5093296113355871,7.706102255277567,0.08236215852543076,-0.11733381088262408,0.033932885926870104,0.4243430008132578,3.1740047823722364,-0.6863787936997741,0.05199874667413245,-1.477184785313454,1.000932861664493,0.5589968880632021,-1.3185583919597303,-0.6092475757406692,-1.1738527864135855,0.7813498473546667,0.40887591532085527,-0.4133337795879197,1.1121361192667687,4.146467264044911,-0.5825370196065481
001,seed1,31,108012,1159.6917910575867,0.44836882791432586,-0.0478271427976459,-0.1475999421387751,0.0748497908515549,0.15869883473655827,0.03625692178947488,0.7407229083541771,0.7811163505887414,0.7745504234446311,0.2048166854990704,1.443575668532289,0.30833247552832566,3.361549142036771,0.9245833431544708,3.3712688876958428,-0.008128602674578525,1.4463580520962236,-5.778382220626117,0.44106522144371285,2.4140996714619014,5.815678611691289,6.0031602891902835,0.5835811592287147,5.340519852966391,1.7388862856488898,0.2990251672496886,0.8164187773814148,0.26472606925926195,-0.2953103217289198,6.260768916446832,0.6777932914314329,0.324892804283331,4.028094363061609,5.073072426313284,-0.868345097777582,0.12914778714879752,2.948255067738746,6.314960495796145,0.12472792083084917,0.5904340951282472,0.009814699975156578,9.041878830092276,-0.6515999035922204,2.6592948868474187,0.5233618031753211,6.743647587421784,0.04680384619903656,-0.06544079170030279,0.03249371942951251,0.4092900878913842,2.9507744283894812,-0.7004103055888409,0.051465369233041715,-1.4257825947172547,0.9655329240494057,0.5621617800941052,-1.351656014338199,-0.4183443127529635,-1.1223775510299874,0.7948270948031522,0.4253992452012826,-0.33443327291236336,1.0165199219919263,4.039834423136837,-0.4496556465873665
001,seed1,32,111612,1158.5441856384277,0.4881450543854632,-0.04649964989892072,-0.15127262388706084,0.07384720502396475,0.17325646668368877,0.034198905255598044,0.723368381995943,0.7746394657634519,0.728310614452331,0.19494590782371993,1.4164356036976207,0.3259185435541789,3.239499998920445,0.8685430186320802,3.2740163797363704,-0.006685758670353712,1.4361870977418405,-6.045741687272663,0.4412715230795236,2.4308680391933173,5.718802574648808,5.987320005247335,0.5867818414676035,5.220017950008324,1.6441277765038493,0.3644563294966766,0.8157378120307816,0.22961786594784786,-0.3604752557838031,6.082130666423897,0.6744825357045323,0.3050491382799663,3.88232717801311,5.065911488449549,-1.0279749808438547,0.17058011831142667,2.9967491106333224,6.517073863881091,0.12296712404753478,0.6383765046838938,-0.04153223011919442,9.27251985151884,-0.6938167213753815,2.623146169733297,0.535691858860417,6.602424750740431,-0.036747153026866285,-0.06604726004826514,0.031870922841840996,0.3929600466599872,2.9354332303144974,-0.7273401163151503,0.03895664029440835,-1.4305407449653726,0.9827894818556047,0.5630756892138595,-1.1938713182045602,-0.3885024082505726,-1.119422713731429,0.796834162192551,0.4183659626870534,-0.26694126974172233,1.0855038570126552,4.069810197787778,-0.3403554256297152
001,seed1,33,115212,1159.009859085083,0.5331679442732807,-0.04548892257986209,-0.15587928679918817,0.07608231447693836,0.2003359581804435,0.036300219234355044,0.7117229467985735,0.7672174317622752,0.6844834072161763,0.18378907212588103,1.3698520370252196,0.35303532115053987,3.088544722077283,0.8391499717971612,3.119256084290884,-0.03188430620397028,1.3762337456191314,-6.248608391955282,0.4538058667202789,2.385465330135138,5.566020927137169,5.880846371642803,0.6132134770724572,5.0434416278557705,1.6421736082147944,0.37224553910857644,0.8154211505770877,0.24434964664600184,-0.33550453077707143,6.004271465224659,0.6605051935659917,0.27312143350778284,3.6681340762721986,5.096786770691008,-1.087773156651824,0.15192780449059087,2.9653666825842815,6.574944363230354,0.39593155895826926,0.7372546694573514,0.03126131278664053,9.545567437322312,-0.5262157307575983,2.578160417204187,0.5692928627784231,6.509636276514144,-0.003891286168116891,-0.05603836387896212,0.03226202703886776,0.3826518409776786,2.8712388996487173,-0.5994484594875518,0.028843535474983712,-1.3960491255464553,0.9934310711267789,0.5656045266795238,-1.2056638420477606,-0.13484707087808048,-0.9509691664737259,0.8105690542639499,0.4138706823345516,-0.23353094100243643,1.0317092489363857,3.88760303062007,-0.31332880444662825
001,seed1,34,118812,1158.654356956482,0.5767679593279897,-0.044931679688786114,-0.15880011283601542,0.07422048052977617,0.2040602722638479,0.033392571552169605,0.7035739362520139,0.7613858006766062,0.6772195098097384,0.18736952506425167,1.3395809174375883,0.3575569003637694,3.0553889052767222,0.8171454454630204,3.0201071617611857,-0.028823322298277904,1.3353909448584023,-6.606654255685199,0.43717573631829976,2.2513639786356223,5.417909670621968,5.733014902434649,0.5887899739953241,5.005277433902778,1.5074900087027023,0.38721870991871876,0.8092448924523463,0.2931983438218226,-0.2736217608627891,5.626683781350218,0.660478552335499,0.26185495861384234,3.721826249824366,5.130072081594595,-1.0069999399546523,0.06158104866674707,2.9221996657259948,5.901492828825685,0.2510797028721248,0.5447118765308494,-0.07074879864452763,9.538353943663562,-0.6603186318716799,2.613717113156259,0.5643529071921131,6.103948441152874,-0.07237612226459043,-0.07014742348938903,0.019498279626843234,0.37712179018886055,2.8628997611214833,-0.7120905803921216,0.03510028532962434,-1.4567819751697388,1.0058390038632945,0.5673041110935824,-1.153002938703576,-0.39426566389748674,-1.0742025787084981,0.8076023432566952,0.4019390774274232,-0.2895393458331386,0.9076778703462164,4.078784307048575,-0.3931148572841444
001,seed1,35,122412,1157.7469897270203,0.6186249134839295,-0.044371785920199865,-0.1601216894426482,0.07634545067623053,0.21633592609927968,0.03531061984741855,0.687395531246077,0.7562577493238196,0.6139720841961779,0.15663323210765875,1.1381774370502198,0.378209963218358,2.747287254833509,0.74998326847714,2.5053050399611814,-0.04505908333993553,1.2890190566852595,-6.45724188101206,0.43716769558396945,2.1381713774666298,5.018581558009755,5.439275917250938,0.5905023258965431,4.689438531978213,1.364655437295686,0.4046887429503821,0.7978384858370602,0.3318386269027081,-0.2054681095887226,5.083450349159964,0.6558083890435967,0.23732657677370633,3.1271245215402335,4.948607821933326,-1.1807681857431456,0.1413018459969853,2.51543799138222,5.542647380179525,0.1368320234504983,0.599090826238259,-0.05759368879930795,9.389638266546054,-0.6267943817339049,2.4804525732551026,0.5779360557809451,5.362116119149981,-0.07467647307081503,-0.037172824462316616,0.022735604018420362,0.3975222735948583,2.506508282323149,-0.680775111829712,0.0726841734331462,-1.529864373503855,0.9919933042070114,0.5689084179992641,-1.3095385882188728,-0.3313280524582643,-1.1435560932894298,0.80207126118545,0.4183173739123183,-0.2923203919986996,0.8257512921157089,3.813845648234723,-0.41801792046535713
001,seed1,36,126012,1153.2412176132202,0.6798387798659228,-0.03927582611062066,-0.15961451617656625,0.07518091634017704,0.22421121816722908,0.03267717463376976,0.6714680569182472,0.7517956022691789,0.5893345586103179,0.20323600499091682,1.2270367609005002,0.39348826925967967,2.816443440895389,0.7494963700634644,2.8174939797136003,-0.05440789015653098,1.31431006467064,-6.514890399851974,0.4322574117964317,2.1294627690779726,5.177455119708536,5.535320368234388,0.5897537139288942,4.818531157143032,1.3644927481180973,0.4175463917207597,0.8033779218521657,0.333942828176583,-0.19530068427800534,5.2660807393707465,0.6621868673173117,0.22419076874353575,3.318624617111702,5.188415142681176,-1.0603588355964613,-0.01387801691486508,2.6970233615496007,5.522624344044161,0.2223553295618381,0.5824492356919727,0.011236195660718738,9.537806185362305,-0.5443195289332353,2.610201786531215,0.5710554154550376,5.620614973900992,-0.023211855194425673,-0.06817005996591018,0.02384914006178003,0.40175882704565646,2.6429431778507744,-0.6616552959956925,0.04015236348251535,-1.5837420742365846,1.0295523825168724,0.5691182086319145,-1.2743574592483256,-0.3722520609322366,-1.0979584952597383,0.8054756289770395,0.39190564501068126,-0.3187552928330173,0.8800609208682633,3.8790896439886735,-0.31603056637171206
001,seed1,37,129612,1154.6189370155334,0.72074174224814,-0.03660720453829144,-0.1598138615601708,0.07511152878728045,0.2253624215873118,0.03322405408540369,0.6659842668303343,0.748401556815629,0.5666362393632255,0.2109070623877488,1.159573553196481,0.39670636884258303,2.72471842620362,0.7273923590008405,2.6847635801250997,-0.04711371611952832,1.3252724731473682,-6.581683051018397,0.42884260518385947,2.137758884986207,5.067634012716985,5.451490464233684,0.5953661946420288,4.658329545253748,1.3205627734079537,0.4851985848794324,0.8018697615838177,0.3343220352619449,-0.2060635167024283,5.143201973307908,0.6401335159267737,0.2153034320151519,3.2241614781195116,5.231696981309051,-1.1065183445375726,0.23595185248025333,2.6233761364404904,5.428809624198471,0.28221387990469265,0.5313050058930864,-0.03162686413806481,9.58299674350257,-0.5532328317926866,2.62587864643296,0.5767693177356106,5.495231825042962,-0.050254381728128,-0.047007944433314394,0.006738004015097271,0.350557150642643,2.5507154069785676,-0.6790665851156911,0.04037784569595046,-1.538787222244809,1.0616319958681992,0.5714676112826558,-1.0776096864780103,-0.3020002586252775,-0.9412008705573525,0.8023880604961977,0.3872719466931754,-0.26631727770748187,0.9154616638670264,3.912271290994669,-0.23658940651788748
001,seed1,38,133212,1158.1896600723267,0.7639803385598009,-0.03451572037003655,-0.1623891259929819,0.0780469591496916,0.24107235185700965,0.036051455427155904,0.6506102648679292,0.7445354456428165,0.5310173684971867,0.19894084795349606,1.0925484220286257,0.4208560260719506,2.588961642084751,0.7156868668461438,2.52028872261887,-0.08037626571780224,1.3272398011714595,-6.514704713556353,0.4319004691907962,2.0370207791312263,4.883780755994443,5.277488008498029,0.6132366874532311,4.503190792962186,1.3294810239047048,0.3611134846513605,0.7976926719556704,0.36289313537719975,-0.1556456312305856,4.927963377014622,0.6253344187943439,0.19490206626872952,3.004886598112972,5.172652169275027,-1.1192151214217723,0.16674503909305513,2.4139090110676324,5.306732736124368,0.39400693947940507,0.6871880016460644,-0.03070307605658159,9.548650548078028,-0.4829553088315601,2.5733753583245442,0.5631947787795358,5.212065560564303,-0.05049483254472847,-0.04320977190245996,0.019786168733674996,0.4021088331026857,2.4435979626954123,-0.6144352470236234,0.0737539196805789,-1.4927686631391277,1.051665335044207,0.572662095133675,-1.1626603943871032,-0.13376920785579005,-0.9694182603104884,0.8081370545380676,0.39902564898608295,-0.23839921970248165,0.8931441549962789,3.7204406959581453,-0.35133842637067897
001,seed1,39,136812,1156.608721256256,0.8105472451805404,-0.029814818734678502,-0.16224156072819876,0.08034094975644547,0.24708005456062776,0.03912429460294073,0.6458712049914284,0.7421793299596033,0.5320425511899065,0.21219837290366123,1.002394836423727,0.4340339340583171,2.4853380374629124,0.7045093032739189,2.3391004328571037,-0.07442870250368352,1.3276434805623072,-6.7050033346921,0.4194139070215992,1.9582422640697847,4.646027352162557,5.056196628346647,0.5964053799598459,4.384753364833382,1.0952387866176019,0.5172732029122303,0.7931820122899691,0.3365686328096915,-0.16959698342223867,4.6807233920452305,0.5964437594603305,0.18687099693066941,2.9408591364592787,5.0575977405218016,-1.0107964471532658,0.1379776708468762,2.341650480496248,5.012141657220926,0.24445789912022875,0.47914136792818096,-0.09797141446995011,9.335664809550495,-0.5718175132977052,2.5333500849324615,0.5604997008352381,4.907660050632137,-0.0646487749681045,-0.043718692739186035,0.008125331549099217,0.33655874001108854,2.298452984183633,-0.6838627139028164,0.049792879370469806,-1.5047016009667473,1.0385122649941794,0.5731087186635987,-1.1331832751115658,-0.2827076420529285,-0.9768332521059377,0.7952720520487017,0.38161692138054554,-0.2161589775621489,0.9078586791565154,3.7905236544196033,-0.32058761581431705
001,seed1,40,140412,1153.7491383552551,0.8675054201670894,-0.025902115099036643,-0.15969790014815832,0.08679199056622693,0.26296588506454904,0.04665287263937577,0.6325620695185201,0.7433189676544307,0.5187821571725026,0.21439955461220303,0.9207713570912461,0.46650319358968867,2.4094352252161055,0.6785274066464934,2.210932651052871,-0.10097570205656535,1.3290736707994961,-6.719310385904789,0.4193424245053916,1.9206056230911004,4.672258978889327,5.093680421874281,0.595241429844946,4.419885199279119,0.9468244092856956,0.5624630523098865,0.7904462527849256,0.27786128687339984,-0.19342417027372594,4.505043285538413,0.6269846758833167,0.17082994590323206,2.8585050509041534,5.111480166987566,-1.2674705670910613,0.1180164332776523,2.4621283764947903,4.693166338110322,0.20525232723366882,0.5694629429054272,-0.035843415610046905,9.319533633997201,-0.5431408445461832,2.5280815080003283,0.556615869765591,4.693508134080197,-0.06309044583883221,-0.06806262445885879,-0.003196323587891464,0.3514454302179154,2.1250346027366267,-0.6767788201123095,0.02609427612075462,-1.6083805949307548,1.036683831679578,0.5743047484971748,-1.1206069326698544,-0.2921918799434041,-1.0661881252043333,0.7991623980508556,0.3763583880030642,-0.2776880754564184,0.988210984473291,3.7444810972187343,-0.3870721584745753
001,seed1,41,144012,1152.1815404891968,0.9066275550651233,-0.023192436468078514,-0.15763498405968235,0.08646108242885346,0.2672074910866152,0.0464334393941717,0.6266524167354871,0.7443600731285032,0.4731067232627759,0.22107380433444257,0.8655749580357275,0.46796982771272333,2.281379904947867,0.5931008674730586,2.104572849470731,-0.11417583020782372,1.3314470997518162,-6.31472820516742,0.4199538447576396,1.8052203341182396,4.414005564409146,4.812632270048899,0.5977091044970321,4.197623849468781,0.9399810357870623,0.5504502005687812,0.787139655577197,0.36303173196235716,-0.11778829978973848,4.33992482172112,0.5802837585801484,0.16746453826581142,2.7513061720488436,4.94565648172521,-1.0952550050979735,0.06369607614289277,2.2684496192482984,4.596239602016501,0.21301990071700388,0.6132214711454435,-0.05446140009462774,9.244988460512767,-0.5321060677088462,2.4609172221563815,0.5438780889606449,4.468989579504709,-0.08921515636923406,-0.04344678910103352,-0.00716607926760403,0.35316175344182543,2.0528270351243325,-0.6279781610584345,0.012536771541091856,-1.5508147498206177,1.0242715076362796,0.5752414721047477,-1.1004890825311624,-0.26677082157991294,-0.9271284277281434,0.7904023150119017,0.38004977014291985,-0.2710369793969491,0.9072639216632012,3.616650150057339,-0.3313546648604089
001,seed1,42,147612,1151.5073852539062,0.9874666802117851,-0.012841430752252043,-0.15428022867874835,0.09281049868039143,0.2802438968574773,0.05533448127166195,0.6113262777433739,0.7483436210993574,0.4872324275552172,0.2956707966162958,0.9174104705956221,0.5026786609364835,2.426487854195603,0.5813990926777952,2.3143425663928126,-0.11901324136829046,1.3346268296806179,-6.57761919481594,0.41395728113388075,1.8140695669913205,4.555639734235031,4.920960327929232,0.5916742455281431,4.371581134926189,0.9447690544491482,0.5276766113732165,0.7925750817435737,0.3827613860731657,-0.09830619621469386,4.5702880427023995,0.5869980344518168,0.17010907324642296,2.9015746248571697,5.314330773159924,-1.135931207203581,0.04797146671214925,2.3053260619348412,4.688700918599861,0.18634885989192354,0.6180015983324078,-0.04127261893672452,9.67322158606028,-0.534512570482524,2.6896070134171106,0.5511273312391441,4.747312157714982,-0.04158466244465659,-0.07005076379660662,-0.0026608547475931634,0.36824069000831766,2.0932606885860032,-0.6195651316231545,0.02541768480477742,-1.5736487715949437,1.0767783146380197,0.5763817303072551,-1.0399250659774688,-0.37180482928006425,-0.9541908284011068,0.7944400450616464,0.3538856680765097,-0.24471874307352556,0.8719727373268779,3.7081574295901905,-0.37620408246677545
001,seed1,43,151212,1153.5651106834412,1.030365980624534,-0.007952167071181186,-0.1512779040984088,0.1039042708194161,0.2992926845459919,0.07170085952310527,0.6121012215427318,0.753019073567561,0.4517609872777744,0.2594239714116447,0.7253491983582803,0.5495169037395569,2.1382980139627765,0.5306518410314518,1.894646913648159,-0.12439129621231688,1.2851949597314873,-6.277734116092276,0.40162502434214475,1.7305404339575994,4.274506160512303,4.640062009399348,0.6043008395890483,4.068224777230661,0.7638646534037206,0.6670059990158643,0.7834092738260561,0.3708078889460385,-0.11051485338775494,4.126982228169085,0.569471261849377,0.16684222627250642,2.6056139002547343,4.960723327325809,-1.022695165964245,0.10744515316093506,2.180220386881627,4.3747785500074645,0.3109520451762748,0.4688500373826579,-0.0394959258069168,9.188697349121497,-0.556777764915572,2.503891637837501,0.5236835179126456,4.186022455492765,-0.08729816330421893,-0.034952518371008046,-0.02957787335415638,0.3119629432010004,1.8137394283429333,-0.6362199153559154,0.03589769231996687,-1.6067006263600474,1.040611225407027,0.5772627382225327,-1.0169853405191829,-0.23192005664718174,-0.9595007893840243,0.7772864917778873,0.3757544247758893,-0.24953986654588023,0.85962201261355,3.6016737055468746,-0.2718849139749451
001,seed1,44,154812,1159.3758873939514,1.0480203464161282,-0.006983589699672532,-0.150728432833995,0.09947954377609317,0.28269573026244904,0.06758973139032869,0.6028767352482309,0.7588869299633679,0.4654162533335025,0.2915369692687002,0.7230863749183996,0.5273204456158748,2.1517123345622653,0.49251541955050127,1.8730966754677525,-0.09489335710900824,1.2601257195632256,-6.565596642122548,0.40331399195088685,1.6830577566182003,4.233051956566884,4.595340579824752,0.5973612468254373,4.011813756450852,0.80109764677537,0.6470724768216586,0.7813525499239946,0.3574774907217893,-0.12268940482928241,4.0533260097857,0.5646081596667691,0.17269353215901073,2.6173112531474922,5.049070238266088,-0.9593832757832994,0.14069524603452546,2.162219631585143,4.201863001150236,0.2348533464158835,0.48604421184770247,-0.06297435425771704,9.270956006448266,-0.612605455263504,2.5948576343222554,0.5216622324830281,4.084300054075081,-0.11057844963474599,-0.02592218622739513,-0.02339224183746909,0.3159678632716631,1.8208356215521837,-0.6544591755445013,0.05354484115404671,-1.5649468931714856,1.0677382976607535,0.5769574667262519,-0.9254066525471423,-0.3024673916934933,-0.9500918744340735,0.7769911698077322,0.3868613684352701,-0.20567824870645307,0.884757199512167,3.6417083264371812,-0.24599400623474654
001,seed1,45,158412,1157.6255521774292,1.067946107645878,-0.005289213229902386,-0.15363111280939987,0.10029289475208615,0.277580280416949,0.07106946436054357,0.5963236240244143,0.7640563749969159,0.46188601634233295,0.3156468176217976,0.6775655244435922,0.5198114985221148,2.071287251436959,0.46556926582588776,1.7390214808417799,-0.10130119018326135,1.254963592865744,-6.603602484903727,0.3996599761750447,1.617492476604407,4.128822247882865,4.488087133801543,0.5985562498553367,3.9209086133112847,0.745769501896244,0.6873598065770111,0.7759339907393892,0.35420093501926697,-0.1037995476251261,3.780638471665701,0.545424244783903,0.17437232532615973,2.5125640345384213,5.023425767501627,-0.9495467157516063,0.12884490743012478,2.0371822564855044,3.8184557656580083,0.2392631848828399,0.4199420709023042,-0.08730911445679937,9.078026748103467,-0.614594774227775,2.619213583218205,0.5061303246875155,3.7913236377046284,-0.13076526031501856,-0.020076211193895438,-0.025207845841863176,0.3021389557735814,1.7364960757437264,-0.6477988100649584,0.036479602596074044,-1.5636851519948043,1.062938026901997,0.5770068829428359,-0.9288744265333415,-0.3025557488126838,-1.0142399336041765,0.77312086511238,0.3769251624537465,-0.2301330928507591,0.8768282941710365,3.603774951415747,-0.2265359396465079
001,seed1,46,162012,1149.2913393974304,1.1118824462114734,0.0031943808020068083,-0.15414596958746765,0.1018292277846156,0.275929502684629,0.07476602802815405,0.5900943885396213,0.7694356611384732,0.4637574646998638,0.3890705276935364,0.6944014728777826,0.521330975767933,2.161488714882556,0.4611607699444407,1.8813882877487353,-0.09826287281812332,1.2703132728795123,-6.742768923194997,0.3965317719587577,1.646707396008371,4.2611690328517415,4.628494155020408,0.6067509667641753,4.079956100595121,0.7919160228502022,0.6453400529974904,0.7817223558246305,0.35245783711717205,-0.09597338815698843,4.0776882724772685,0.5540237204531518,0.185170927432097,2.6008903934852023,5.280317739472594,-1.0387594474309938,0.14840552798848883,2.0657147615920453,4.1933172592437025,0.27500238836796703,0.4151496674508731,-0.0417705189630592,9.49333899108778,-0.5165222959201389,2.7700473768764464,0.49958601608916325,4.126069948747155,-0.009032816861167003,-0.03995133402799331,-0.03693856058194045,0.3166512576842902,1.7142082554537637,-0.6655488570235379,0.006766000025527167,-1.6903714266323016,1.1024773403716803,0.5770389229748991,-1.0037417179458632,-0.22958870442154983,-0.8579696627174396,0.7754851962775561,0.36216668273345204,-0.23873543807827893,0.9537819046596293,3.5922464680473674,-0.28960458503789194
001,seed1,47,165612,1149.665066242218,1.1214368471403022,0.0032764774957741577,-0.15272189977035652,0.0972674356922789,0.2621332565650416,0.0716747862785425,0.5864197534431501,0.7737895177473182,0.4614540055464409,0.4110554826807515,0.6678541027401854,0.4936831861377897,2.0752684136814414,0.41073631331522387,1.7784765966977882,-0.08870170411646591,1.2812832104481706,-6.81904699791273,0.3912091012435078,1.5825873265259827,4.116985071594978,4.499801107801512,0.5988946834470608,3.9465650387488553,0.7348870275434686,0.6960923487702243,0.7769263924955908,0.3515509405247413,-0.11515908996029967,3.840258640175651,0.5458344249264617,0.1865278522642239,2.4944151091657956,5.20391624724911,-0.8961287737445874,0.12748843424550427,1.9767995490824233,3.9758194649067238,0.20762561868973745,0.41381796568459517,-0.05495909486560476,9.483790244145547,-0.5376626532421326,2.791368118589989,0.48931087985119415,3.864335574209069,-0.010479002900416956,-0.01173251907953048,-0.04149003958533165,0.28247089385138086,1.6699782888225947,-0.6583678384938462,0.002338173154787373,-1.666871314966018,1.117829570175525,0.5759566479303128,-0.897693367047971,-0.30878405222357136,-0.9230548037985119,0.7585989691128491,0.35282455675548385,-0.21836258646008483,1.0000159548293168,3.575723434390692,-0.22693983916034288
001,seed1,48,169212,1148.1312217712402,1.1818963139288865,0.009488250195100745,-0.14839158929895255,0.1116565168910929,0.29419290792511055,0.09225424443647777,0.5767783180688444,0.7778122450708155,0.4571729131924871,0.43583080658357853,0.6090401961310342,0.556764250410312,2.085255065463215,0.43092820149159244,1.7318760120339254,-0.09496421247888329,1.239930676475946,-6.885970376228263,0.39216929568764436,1.556153743875199,4.137718906749755,4.55735757637468,0.5901705873144556,4.001684297247348,0.7024709513110282,0.699993821660768,0.7763674850024065,0.3452939622323298,-0.08216096499152746,3.8017002302318033,0.5892941137139891,0.19268135485798313,2.4955819586578185,5.232998413653285,-1.0359687615872923,0.1087806236391145,1.9730383376185994,3.8378388651681514,0.13654579303500883,0.3200740899491765,-0.10068732363838884,9.401357339246097,-0.6030332775163915,2.848815625351202,0.4854114464318817,3.830644938407981,-0.06837999316870548,-0.03158862511420879,-0.053090777298246336,0.2931840625480319,1.57076497008938,-0.7009492146847647,0.007288393089402707,-1.7715873546310792,1.1195351322011382,0.575928339438872,-0.9307816820652689,-0.41148104745502395,-0.9897406874495075,0.7557314967306463,0.3554233868488439,-0.2381183731514709,0.9638879525758006,3.6292332983987174,-0.24949071866630249
001,seed1,49,172812,1151.781678199768,1.1976472510857412,0.015582407390434481,-0.14947319985787974,0.10632300334888317,0.27211849160227053,0.08905262161104514,0.570377966384765,0.7821659536890804,0.45986402305309704,0.4970094096729559,0.6313738047420621,0.514886732552558,2.0406245590638252,0.401271586333746,1.7788628592448745,-0.0854239725902625,1.2729884155986153,-7.092834147891605,0.39335199584222136,1.5216375017471133,4.084879445022162,4.542657293267122,0.6031236591466009,3.935909231158466,0.7056544021047679,0.7275827517917208,0.775123495370377,0.35156166934825644,-0.09164150986793737,3.7694328616407637,0.595781444610974,0.19714092314354725,2.428827527707503,5.342695579402686,-0.983946540137298,0.13895562836774733,1.9391191336002847,3.8112437228116485,0.23649011996941866,0.3908686053951031,-0.0744680210858701,9.555094179167474,-0.5988007428134153,2.9610827841821816,0.48103488114977005,3.764448708923424,-0.02213680278437294,-0.023408940400959966,-0.050242215055189554,0.2756526314833067,1.5897821377203762,-0.6810540354459148,-0.0028891241042170606,-1.7535392090261428,1.1537885715072007,0.576014282219577,-0.9218313124847308,-0.28080586578622935,-0.9404100343565316,0.7554045533686462,0.35594998270019873,-0.23629229734387344,0.9845491540183541,3.59310337903899,-0.1914665391760308
001,seed1,50,176412,1145.067331314087,1.226835270488994,0.014032136772336388,-0.14639232233154587,0.11503564120014512,0.2866320034359572,0.10293830557084485,0.5646743280504379,0.7856166718132411,0.4426310332134192,0.4839522566597304,0.5893034534197253,0.5505260108407493,1.9499267137486598,0.3998779990571188,1.6942044154580058,-0.08335132519482229,1.2442822899568986,-6.928775892797986,0.3962747499306045,1.5133418961599865,3.9718697414579065,4.434577321307217,0.6040470810812459,3.8309496517669293,0.6714804496371103,0.7232686838522314,0.772311193009531,0.39259666346910493,-0.05270679204754356,3.5864616869589385,0.5849901951128273,0.19180373211227225,2.3900244488117908,5.229418343339301,-1.0170555162905384,0.21665890254578005,1.8099497101889683,3.8448126952960737,0.1972167103731441,0.35915745344742306,-0.08009678862584321,9.51490919570104,-0.648098470191468,2.9254494044441475,0.4673036877663313,3.595606819001676,-0.09350124610444885,-0.010572007940645459,-0.044737593365028104,0.27381713142515085,1.5516873386270833,-0.6736620273606575,0.002834848944402018,-1.799418071686381,1.144071082602866,0.5756052043867632,-0.9117783362664532,-0.27446984760428117,-0.9461275679114831,0.7536498912036595,0.3623662393082394,-0.22728264768166392,0.9339956020035685,3.502791993862635,-0.20997081230494327
001,seed1,51,180012,1148.665153503418,1.2647660336813706,0.02386719341014917,-0.14446445416142273,0.11398401962394074,0.28109551318912923,0.10342948309465574,0.5633115223998684,0.7888484057274112,0.46821744367496426,0.5664369752177048,0.6049647369986688,0.5409687143862028,2.0269738134346533,0.3928693801484533,1.7800436762425202,-0.06253607665247211,1.2532734135727548,-7.399507205513002,0.3935566198000046,1.5037701665381584,4.050152303446522,4.552937800276006,0.5989657793195347,3.88845060653863,0.686301568726114,0.752498949768389,0.7727126842045615,0.3196943779494773,-0.10884216080596769,3.6022583443534546,0.603246814272599,0.202662758132696,2.4682966238028374,5.467382326488087,-1.0811959180304225,0.20893057499355946,1.8636028072935826,3.769576029409517,0.24177515164841784,0.23799760580566157,-0.14395577485234595,9.747869417246497,-0.6791375868036488,3.1322335342645395,0.46622072566257355,3.625879017087978,-0.0494880146873888,-0.008033153645487137,-0.05957041468093302,0.261150077741235,1.5633837474584624,-0.7434341222542772,-0.025793012989323346,-1.7693899765584677,1.1916834147235775,0.5750540396976238,-0.7589468289002481,-0.34789501924308563,-0.9643530384283405,0.7471165959694878,0.34364239517229594,-0.23265257512373286,1.030956916545963,3.67454136210092,-0.14999318071817425
001,seed1,52,183612,1146.4210982322693,1.2777127919801938,0.026128307975678958,-0.1456004606804409,0.1099255540149489,0.271508272466716,0.09964627622464631,0.5605742359327878,0.7919511018844707,0.4612872288916932,0.6003250794578693,0.6088999332901419,0.5214455611706328,2.0298166045564194,0.3875896079514016,1.7921796614767467,-0.06793096476080418,1.260818552330761,-7.420042360775174,0.39264110792848067,1.4860608342567263,4.035081586670687,4.55804809207244,0.6050001474072827,3.912537575939914,0.7083228201109282,0.7140971429155405,0.774452129788516,0.3599982573630792,-0.0638230501294434,3.6913899122848277,0.6182639329912535,0.21073732334931847,2.4654589052988367,5.55368388779358,-1.0232209453177519,0.1678954702008974,1.874525953406714,3.867814663913641,0.24793476330158531,0.29609238530926396,-0.08665043742096583,9.963882776010323,-0.6280545395255173,3.209009524852931,0.4618655649249877,3.717751030436421,-0.03216751628262642,-0.014008108247966356,-0.061760478675771995,0.276821040084527,1.5623600316036712,-0.7233505947489534,-0.010690005724702993,-1.8122738918175738,1.2239551275377718,0.5753408029480436,-0.8558746750636627,-0.2856534025590995,-0.891111991072683,0.748343919383442,0.36046054314705867,-0.2287696427060485,0.9619443170096068,3.6259382497211186,-0.21496608615757629
001,seed1,53,187212,1149.1065511703491,1.2939599370782169,0.023373846864394324,-0.14158413763053557,0.11667509113128657,0.28191210208330353,0.11129849379852728,0.5614323947555417,0.7945369063244277,0.42822065310763907,0.5745366748846635,0.5421380947906413,0.5489282596959147,1.9036658257233159,0.3929624908286662,1.6082178170559869,-0.07637524082504654,1.2330624313149563,-7.0462324843650554,0.39778450803931975,1.4613917784009471,3.9655228978790045,4.473931515761024,0.6092429812907161,3.8234553699340403,0.6248066207502266,0.7617170201531507,0.7705787074580355,0.3925789397750717,-0.03488052664475205,3.4854684198044317,0.6311759614983042,0.20734208221873462,2.3728209402064064,5.378792907413994,-1.1281976944899743,0.20649078621032296,1.7973215993193796,3.7634351688806715,0.3124728304066763,0.24528318069545527,-0.10611894863003563,9.715711962042606,-0.683907575142948,3.119245673405541,0.4434170796401893,3.4978769185610057,-0.08245737636219937,-0.01493021547313927,-0.07195485127316698,0.26148462980510845,1.4788867100379024,-0.7014621183829431,-0.02133040153941085,-1.832226772123504,1.1959494911795356,0.5755466950154409,-0.8704403977329662,-0.2543628143479451,-0.9757472498275873,0.7442019942526584,0.35300788304577335,-0.23046519209899785,0.938154913203728,3.526008821590242,-0.19088903793422254
001,seed1,54,190812,1148.6973896026611,1.3515103038627108,0.0360013528031934,-0.13818628992861132,0.11832374200742288,0.28454690518018716,0.11671031340198819,0.5565877139682968,0.7968147089266981,0.4444155420782336,0.6867889859352637,0.5984018190865564,0.5560344308583767,2.0431816901473434,0.37516010852087656,1.8358271499854022,-0.05857818875868584,1.2764106678286855,-7.406071704142717,0.3911065549452126,1.4272159714852684,3.9668326992519516,4.558668547375037,0.5971691360826321,3.9437105707498876,0.6425383199077203,0.7262144412280251,0.7733200846162422,0.4335351727974905,-0.009320028412825726,3.637442988402132,0.63723196737938,0.22253844812777196,2.544464942478875,5.733656967315053,-1.0539851173354362,0.105641820549471,1.7790818012192353,3.7204891892682515,0.18881872816117234,0.24307946918563575,-0.08301033917090328,10.142485913182718,-0.6278000011098885,3.4094412797568534,0.4497089065394678,3.665136014370223,-0.007022543514387485,-0.018826058100402887,-0.06977012299688082,0.26383176552110027,1.5685472427730167,-0.7145230846340919,0.014168485940551465,-1.8811836808276237,1.27069862944366,0.5752626926781564,-0.9001484928111619,-0.38949758732687284,-0.9146658671099939,0.7477240930262294,0.35486275058100186,-0.26089291624989186,0.9013021864846646,3.6199346679840856,-0.26417950810974367
001,seed1,55,194412,1146.5435390472412,1.3886615088570542,0.03369139612623864,-0.1334661527264582,0.12847527916438112,0.31058713419843065,0.13352322796233848,0.5529021729433898,0.7999479569618083,0.4604517448508154,0.6732775792067235,0.48006783010177156,0.6106994043006322,1.9491142634674137,0.3949715525582924,1.5120935134275033,-0.06754709477372342,1.2332556763119513,-7.715258816511829,0.3897829679954389,1.4389156272866201,3.96942955683773,4.567443674727472,0.599779981830714,3.877455696788932,0.5731127844301318,0.7961819982225183,0.7685962120804746,0.39585095499720246,-0.03252740242733554,3.3709395906186232,0.6503499077284338,0.21862441302107932,2.4619189635351892,5.685019332793219,-1.1260695198591184,0.19145343959422015,1.7539168066110187,3.7005611371849447,0.24195413826307638,0.2327535288282457,-0.07958870355241501,10.224226857275907,-0.672604694196776,3.4147654025036527,0.4624900478408213,3.4094309169322767,-0.06019511576910844,-0.01034248340926754,-0.08260637126118979,0.2621306466669801,1.4244038451502412,-0.7348822375802593,-0.004299989737700281,-1.935471612271368,1.2750564066200805,0.5752157723635756,-0.8149629904444344,-0.3613963139481744,-1.057103658391058,0.7422439697411701,0.3606813227391208,-0.23868765184966118,0.9883877988414953,3.588992063594716,-0.1696785529555356
001,seed1,56,198012,1147.9997835159302,1.3962316504062828,0.04163299341381388,-0.13711289026823387,0.11747531378034823,0.27966818693633144,0.12062250040394153,0.5516103166772953,0.8034103284996835,0.4619019725368695,0.7602155555637268,0.572515701308964,0.5447529872104792,2.0277383250388605,0.37260631146543566,1.7270348728051987,-0.06959099025950312,1.2648145855054966,-7.900300752898745,0.39540647221909997,1.4371897346569922,3.9714582358202932,4.627314783279344,0.606883672124289,3.891659719446284,0.6850792475984042,0.7342557658937704,0.7733564112791417,0.41261967691986007,-0.019850669626204513,3.581138961203962,0.6500179682780521,0.23361282594774527,2.504338984706777,5.950640178045021,-1.0648754100622457,0.2317046106627647,1.7643696263793902,3.872850119912418,0.2116328072682105,0.2786578808706489,-0.08565409064035213,10.649890978752676,-0.7136648338392698,3.6285737891067926,0.4498492553942848,3.6542435887369455,-0.03423437192994113,-0.007101736970516442,-0.06955728505794753,0.25566629343288805,1.5486075197153475,-0.742136391257446,-0.0007199909919618865,-1.873118704124702,1.338636075462513,0.5755887740227069,-0.8322309444064151,-0.3215098155458489,-0.8928504855086142,0.754995378398242,0.374860989305505,-0.21171763747820813,0.9328641116427694,3.649422814482474,-0.20915924608314668
001,seed1,57,201612,1147.0293426513672,1.4487708789414642,0.04599606890196495,-0.13157390813903022,0.12708318114039754,0.30290548323883765,0.13709398555395746,0.5490217247905195,0.8055888348583251,0.4761389098505408,0.79667885766433,0.5034291986879219,0.5922536893098098,2.0552167896369995,0.38893039990836425,1.5965071794331867,-0.05240288070856672,1.2538659649323405,-8.196103318721043,0.3951470221839743,1.4063133706311335,3.9413534952763603,4.623512804646292,0.5979249426205067,3.932433032567559,0.5912818200607484,0.7999263037169942,0.7704761809945863,0.44137025018964327,-0.005251261617148076,3.429963877491444,0.6709738958884005,0.22734768808681785,2.639498832479648,6.040678937743765,-1.0286077498301704,0.15873369021490075,1.760412127633118,3.615733259306994,0.20519133628819605,0.24724381964071002,-0.1180678245500644,10.77118649664858,-0.7150666271356801,3.7547102309456006,0.4620456620979468,3.515739936429703,-0.03771189824943746,-0.011688123842350812,-0.08412405095069124,0.2535070813262625,1.4845978329297593,-0.7629692150245407,-0.01248913872110468,-1.9469000646376753,1.3633473869182162,0.5748902232194999,-0.8101897041431418,-0.4022574205057687,-0.994747439634578,0.7437238245116141,0.35283322180034404,-0.24566878217284407,0.9549175239496202,3.698426926724391,-0.1893059990558463
001,seed1,58,205212,1140.2279515266418,1.455984679303983,0.05152978419486943,-0.1327087454250775,0.11956267308419626,0.2840836865328447,0.12709505483672956,0.5497941848319462,0.8081270176705475,0.4653236759026004,0.8525136154150018,0.557923098292605,0.5524283735327934,2.0745906616942955,0.3716229183149781,1.7081516970721355,-0.05016033608782422,1.2738197406741283,-8.12580785549321,0.3959657981987893,1.425203543760409,3.972178483514126,4.682090211580746,0.6008212051998911,3.96055742577205,0.6017295277186787,0.7897851679393706,0.7728005950904907,0.4290212284913738,-0.010863554362495384,3.5334670651073883,0.6803353745016126,0.2412893463269098,2.5939282296636357,6.204090743368019,-1.068169680257606,0.19890938814965267,1.767530351884026,3.753187906661186,0.17040746376596855,0.20731201771111157,-0.11761108521758304,10.989771499154099,-0.6647852967461267,3.8700854883026765,0.4410581701826214,3.630062818719775,0.0008623202868382586,-0.013863107314985372,-0.08385091447762255,0.24813011331807694,1.5228126755482174,-0.7540130152517135,-0.042979095564006975,-1.9530182592384344,1.4051287976298976,0.5751451390449231,-0.8346738689793939,-0.3932405652938267,-0.950103278737172,0.7471949959536769,0.3499169522288579,-0.23653019742076914,0.9757057662989413,3.711870645832247,-0.19916384458892564
001,seed1,59,208812,1142.9587035179138,1.4747141542573858,0.047072948761885475,-0.12777718026994278,0.12540631828133614,0.30360949142102006,0.1377173814644894,0.5466437816087043,0.8102104667552209,0.4614945857599474,0.822669176765659,0.49846108757737234,0.5910161775379111,2.016578026760827,0.37565392047503765,1.5461321918068998,-0.05997449318669378,1.2425171728114368,-8.078328903846293,0.39832368705094895,1.4351430447883435,4.001793267137114,4.700216546789426,0.604043591124149,3.945446234491274,0.5787645160866579,0.8195851370293358,0.7703587634485065,0.4396975670515511,-0.01625190793831921,3.4069165767118497,0.6887223200320468,0.23705901689837133,2.5609282629001537,6.157190760037372,-1.1982909040178973,0.27325041900849795,1.7381518130461449,3.781195398025745,0.24511549505511696,0.2171469674393455,-0.09352913185001134,10.978315963788312,-0.7294109218730301,3.8386851202532517,0.4341732216730905,3.509056258916674,-0.009621470638927437,-0.022068128741706855,-0.08627855381112186,0.25103304830297274,1.4622460611490768,-0.7391306967503342,-0.021494476119640032,-1.968202988865648,1.3915702773767225,0.5750446616572518,-0.7611898722727766,-0.34210657158413776,-1.0033597919477169,0.7482891607649841,0.35280360522192045,-0.257652709875037,1.0105500191892367,3.633349726831568,-0.1618783797239686
001,seed1,60,212412,1145.1025199890137,1.4849809193386259,0.05011969436087693,-0.13038535787871372,0.12279200831420257,0.2963348326294267,0.13572675288112418,0.5471023234801919,0.811434420642615,0.4686145281524594,0.8539440654923616,0.5023376134615866,0.5756972079935686,2.004029243487344,0.36340713577933714,1.5652375203965883,-0.050148987049025595,1.241343781590799,-8.27719493685589,0.3935815433064804,1.399871760140184,3.9273342209451196,4.641649194089011,0.6024754495712594,3.8680582981983944,0.624547904311313,0.8085344304395474,0.7698629146729867,0.47518997598885987,-0.0008242231041320994,3.37948360697737,0.6809166452481409,0.2432791473331697,2.5853362446073787,6.196184286628766,-1.137740245577815,0.2600902498356897,1.7207622309314186,3.687778579796087,0.2534498545239391,0.20627314657255938,-0.11928546258194944,11.11082613622142,-0.7156154657342056,3.918073864290736,0.43195527879470863,3.48049799049029,-0.017602576444175927,-0.001687623686988781,-0.08348568406033693,0.24302717722220232,1.4999413421494527,-0.7533450064688517,-0.01094985142029268,-1.9228156191962456,1.4275418394138641,0.5748231506989118,-0.7886233382348474,-0.3631693023544726,-0.932972984106999,0.7409868939509733,0.3633047289342423,-0.23871463893935904,0.9671252727160994,3.6809526200468268,-0.1283949856635662
001,seed1,61,216012,1143.7316970825195,1.4883417545426405,0.05134101941435907,-0.13131204190729867,0.11750470010524414,0.2857481970699016,0.12982055533990286,0.5501479248306035,0.8132988032434089,0.4574284203722879,0.8796952154487693,0.527976243798705,0.5506443094392619,1.985927681660672,0.381497466320984,1.6079027545659916,-0.04625989034459668,1.262186134901914,-8.216468478689192,0.39727685892523035,1.3791099472427528,3.8467517389377166,4.592798875776428,0.6036996541792803,3.8270044899051987,0.5794715035144219,0.8186835248163905,0.7695017757604671,0.49508472814782284,0.006542516851482187,3.347716266492733,0.6867557543805223,0.24413510723492898,2.526032424124924,6.256676100304637,-1.066725543140574,0.24299266834230024,1.694067785079392,3.5830229949647716,0.200818112758048,0.17866232938830867,-0.11021511248577207,11.084766527223977,-0.7641682773653803,3.9748766024425195,0.4135199021035385,3.4510919135021343,-0.011116370499496651,0.006247384424795917,-0.08381883131331103,0.22980572582829834,1.5238373997698407,-0.7386335133032629,-0.0181128348843482,-1.8799286895292944,1.4426627565950645,0.5753522081239905,-0.7907501907043216,-0.34688004074477263,-0.9168700077559228,0.7473812946056412,0.3622899645860191,-0.22479678456079044,0.9530520661451037,3.6648299741896517,-0.1347185438293836
001,seed1,62,219612,1141.9546093940735,1.5278624742092943,0.06033515751065522,-0.1284902521210494,0.11884874448688568,0.28899829658491627,0.13363380244255055,0.5461455896414427,0.8156394824312015,0.4691564502601412,0.9502935868245356,0.5185629992520794,0.5546873758157055,2.0594475839024198,0.3701114901397813,1.62684605485734,-0.04078488622790158,1.2856838842727303,-8.44748227714467,0.3950594919949418,1.3580304565786792,3.874828006702972,4.659289331073858,0.602395058348749,3.8787519578276135,0.6215673918625513,0.8001162394257112,0.7703101078856958,0.5184106804352973,0.01557831759016408,3.3860497906072013,0.6895284666320229,0.2516661608209975,2.619610621480117,6.47436563795621,-1.0429041338156577,0.21264526566916636,1.721642412924721,3.5630385993807514,0.21230558199818014,0.16785162257694386,-0.11436685134399027,11.455483497860076,-0.7189673167138636,4.1721912684800015,0.4088934626201156,3.5042076827474884,0.021130714397558467,0.006383508133325852,-0.08284503695806188,0.242999466903807,1.527821189421088,-0.7469228548350086,-0.02634624440339116,-1.937506348148405,1.5026763545566695,0.5749197071509877,-0.7992272134743582,-0.37338670823400877,-0.9246968982061755,0.7455123887761611,0.35849371304100663,-0.23326916063698724,0.9423148405755049,3.716719670427366,-0.1584492623981188
001,seed1,63,223212,1143.8519659042358,1.5274484426953445,0.057473398720614376,-0.1295099440616544,0.11626005284989546,0.2856300016019539,0.13177211455598792,0.5488156619994552,0.8176315060522841,0.4626637649969759,0.9501559911659789,0.5287962579198189,0.5419449594979759,2.011187248873513,0.3819609122637118,1.6079464997218142,-0.04867158475575499,1.2775242413832677,-8.390990854504157,0.39161016092733864,1.380038411080414,3.9118206948190823,4.687323206843712,0.6079173012702479,3.8615018539498482,0.5555800290630055,0.8559172617597215,0.7697417671294902,0.5024819037671954,-0.009852752772568531,3.32057214977406,0.6955643978896657,0.25181659653229993,2.5750775955163396,6.48539509798249,-1.1001052022380717,0.26041775037427645,1.7897217571793347,3.5870810742722576,0.2808997534978286,0.15200088205877285,-0.10318530267794764,11.60120416870457,-0.7823539511817146,4.201309881514344,0.4013052702379244,3.4689215656426113,-0.013997901420304848,0.0027190144486455205,-0.08784372431725643,0.2133017820949717,1.5358964790015115,-0.770847405365574,-0.027522338092186228,-1.9185519579225938,1.5146648641056455,0.5750206932072861,-0.7266004343698933,-0.31936876316102825,-0.9487470994332103,0.7442765518945439,0.36217726009340684,-0.2213869573227729,1.0086278239358732,3.762016668633704,-0.093712096374154
001,seed1,64,226812,1142.2662329673767,1.534622499741867,0.05474069951180932,-0.1255420072956189,0.11941391584121236,0.2945073868342411,0.1370005198487269,0.5495863314427374,0.8185339682329906,0.4515044209563326,0.9288951253805737,0.5171409606851086,0.5615544565863271,1.9615956785277258,0.37264633110357165,1.5538478032817953,-0.0468991466326722,1.2615165778813904,-8.272391407723998,0.39774236502765253,1.3568364367857622,3.8097228074730904,4.601305159289602,0.6124710106830813,3.751682434914809,0.6120938909495665,0.8176550642727072,0.7684138861424115,0.5654596464505495,0.025819629470612043,3.2431347154371175,0.6801728331842914,0.2515408660381085,2.5413678057315985,6.370724908690305,-1.0942721030469815,0.29728295629424345,1.680971190289945,3.5946568997749564,0.30321815895599963,0.18997934554350251,-0.10994278194221162,11.429723942645627,-0.781098732433021,4.1389304535621045,0.3886988105539225,3.391794434679435,-0.05435262229368461,0.01594881589067105,-0.0807416176652628,0.22171917948058933,1.5456092943237292,-0.739754814080884,-0.014295667542030889,-1.8613794016620808,1.5035192865295903,0.5749235265454258,-0.7157408445541186,-0.2690830400344183,-0.8982863558054621,0.7429639371328997,0.3575769779957065,-0.21483759273700734,0.9190365591200922,3.652503628637732,-0.09034910063138125
001,seed1,65,230412,1141.49826669693,1.5587405666434457,0.05423751143047886,-0.12174716682668439,0.12521742538098482,0.31126017984404575,0.1462777811061522,0.5498696543235944,0.8194913678051421,0.4499674485903686,0.927013984407478,0.4851853558431662,0.5954536034310098,1.9400861968028298,0.39305838192841486,1.4991989400932375,-0.04137965988352921,1.2382805811135993,-8.26394955237612,0.3995410170585651,1.3484729728763807,3.811732790942179,4.606745426880839,0.6121955959789,3.7595117147311057,0.5791321847841564,0.8254799043262637,0.767686089464617,0.5836497041605816,0.035995510412608914,3.2038618623127904,0.6859301050772079,0.24887171578658135,2.5404191889626233,6.400970027606867,-1.1330499580535418,0.2913722368348461,1.6759689568642537,3.5534084808680495,0.3336146462199859,0.199573667626505,-0.10176052326738061,11.453088346997925,-0.7455542098383979,4.153746733515059,0.3864090216552355,3.3489935108901356,-0.0250917696889368,0.012013287438687202,-0.08872830655945538,0.22280040252664265,1.5103156855139153,-0.7223610456244813,-0.010820624517942511,-1.8899975726026492,1.5048165126146027,0.5751499683049801,-0.7372960229064309,-0.2675333050654414,-0.9152285147163967,0.7450116291679648,0.36113977888108195,-0.2244258392912256,0.9104568009859559,3.6150730902697874,-0.10274391376020081
001,seed1,66,234012,1141.958258152008,1.5923354664302058,0.06039891582631135,-0.11939267376346156,0.12723265831518094,0.31848664795376286,0.14979161694307916,0.548981911071606,0.8208223537936543,0.4661354101966969,0.9772753271217433,0.4840407761138536,0.6087766326688786,2.0190329429130047,0.4129986369581533,1.5174679517769338,-0.04216822396748019,1.2366434466898324,-8.559369619085942,0.3950110467369108,1.3626766015374827,3.8879386005482433,4.70251123555697,0.6040220497245804,3.8787256815075954,0.5407743421975612,0.8338396702595823,0.7692122972889411,0.5594632214329754,0.01945930445813732,3.262115492010502,0.7059227739137032,0.2594627442191344,2.6335576776168392,6.589555886154801,-1.1178819348607985,0.25517258405143395,1.728954713963693,3.6179077754173257,0.24890888422981408,0.14276239122169632,-0.13767572627892885,11.749660451458082,-0.8152290351522151,4.307129747446384,0.387000491467281,3.4383317667005193,-0.026776554640802426,-0.010096979705811325,-0.09864111478452091,0.22370941084838084,1.5002604078884576,-0.7806019493326789,-0.039054049730285346,-1.9536072503966504,1.5330181709833786,0.5750806189692436,-0.7377062138959762,-0.3590255348335223,-0.9832580906859992,0.7458207557094121,0.35039394625636805,-0.23237840080207978,0.9597933961909094,3.735832116185996,-0.15021891454389727
001,seed1,67,237612,1142.3555479049683,1.5807930745923282,0.05794188369876636,-0.11992327728050474,0.12271768999568136,0.3094844527519966,0.14393401892415916,0.5481312715749407,0.821804602554613,0.45555355248185797,0.9715429613313358,0.5011069467483944,0.5888803056413322,1.9723838602004269,0.38144841818574343,1.5097967525925466,-0.039571475241869075,1.237368680877614,-8.44682206795056,0.40018149045200424,1.3370496937902883,3.800445379720726,4.63056438909301,0.6094006117722652,3.7630320381306186,0.6175422725194079,0.8041437786211593,0.7679771706337901,0.5877308883909298,0.03280576808261363,3.218643207350216,0.6893685849007652,0.2628424317237563,2.538065070420553,6.55743275857201,-1.102360416566861,0.2842746935595662,1.6505350443336033,3.5967807943809267,0.2555246309222167,0.2092023099796933,-0.09242500948047024,11.68281397827786,-0.7585033394546628,4.289404458543816,0.37545534016896864,3.36895822746117,-0.0015205004752143368,0.018416743089230775,-0.08576170012311904,0.23293411693077312,1.529587965041034,-0.7239211223080132,-0.00990953581853884,-1.8711673334053431,1.5493560333711378,0.5748323944256474,-0.7380131330860812,-0.30237742335769796,-0.910928552118993,0.7459046679328039,0.356741024190539,-0.21069480579476965,0.9299757633405468,3.6268259164234613,-0.11027102386699209
001,seed1,68,241212,1141.8480343818665,1.5914818350595121,0.06145285279601059,-0.12050310240096304,0.12056495072957885,0.3048668646895333,0.1412209637585891,0.5490600401107105,0.8230845880106962,0.46228889013697416,1.0028459874009061,0.50635186408452,0.5793368767002434,2.0049857008682648,0.37658926613924165,1.524561414352786,-0.03493963095884302,1.2391335235335068,-8.599934284436246,0.3942648253757533,1.353827817495978,3.8742919028330776,4.705576986945448,0.6052117734111525,3.838150261753857,0.5704555065768943,0.8331239725962418,0.7691103199040892,0.5766916787110211,0.023282980637590323,3.2553422867762567,0.7000605574259443,0.2654013181283189,2.6115168049159894,6.684477060023261,-1.1225730358260644,0.2765648594680935,1.729748499342477,3.616789770851318,0.2748034920210011,0.14296477459097892,-0.10303924521286817,11.915821720964576,-0.7960269695836595,4.394121929615654,0.37285761948151447,3.42977752473512,-0.00886704141321307,0.006448473579712212,-0.09362936723663605,0.2187470658693287,1.5396381130351058,-0.7692432375922191,-0.024145855656904528,-1.9245385076877117,1.5692770802115343,0.5747954141639237,-0.7270564319169902,-0.3434732682907847,-0.9343489866191182,0.7469758281989305,0.3573098952717945,-0.23057007511999622,0.9606435245978802,3.7239141706213217,-0.10666781271401446
001,seed1,69,244812,1141.7745156288147,1.6115883728321356,0.0668277196926982,-0.11996021673242585,0.11951333797894352,0.3046097009609942,0.1404983813133653,0.5477523066232307,0.8236603267060726,0.467223658930961,1.046075446194767,0.5226709739422787,0.5759515087952822,2.040683903986466,0.38166689653275154,1.5600497820278667,-0.03877611425236202,1.252260521816188,-8.699428199172972,0.39884601045211315,1.334128212857756,3.850600998468377,4.721468284053807,0.6060614710345597,3.8407676574148497,0.5682065729649971,0.836383041029944,0.7694846165476266,0.5965461945916444,0.027924539643875396,3.2752524153085947,0.698247800951676,0.26759514630198655,2.6531775669455686,6.808402180218819,-1.1076048438809054,0.23946438942445836,1.7235511365580125,3.5862076785694823,0.26772719419752017,0.16125617432852057,-0.13095665275039803,12.12542688037358,-0.8155501076648151,4.502637173817978,0.3770333334449208,3.4534694701945177,0.01046174338703339,0.011281574340087178,-0.08881560714938241,0.22010708783507796,1.568398829854919,-0.7719287453284203,-0.034086856219679926,-1.9164488302054339,1.5999949149320072,0.5749686259038788,-0.6711510970061569,-0.33961086679512303,-0.9314304273896815,0.7492894975228258,0.35456202923623464,-0.22169001626965945,0.9463269145514083,3.766492005874468,-0.10355557734626263
001,seed1,70,248412,1139.7139835357666,1.6100929448410775,0.06263748257206694,-0.11862922277272568,0.12040050047493646,0.309090948929626,0.1429404956644827,0.549199172007159,0.8247350003767949,0.46617646314652283,1.0229370069665344,0.5042134105611928,0.5843733703928509,1.9951114464851976,0.3815923182202439,1.4847717554422346,-0.03985668675861623,1.231129584900955,-8.723192565631521,0.3999612793377401,1.325117574535984,3.809662872498382,4.6870793583917845,0.6063339017137845,3.8066569055527446,0.5607829361240606,0.8305287765122655,0.7682172840432717,0.6075045050078423,0.038999706145611546,3.2028291108314044,0.6999536847964802,0.26706230083758836,2.5849268989605605,6.750905092703449,-1.150975376834732,0.2432101008736502,1.6835657209581705,3.5426868987213513,0.23410687115462883,0.18523723829615782,-0.11554005484946975,12.101230082827284,-0.7772340878614012,4.470092695320333,0.3709079055438894,3.379570725630094,-0.012140458810778501,0.012768797226396445,-0.09210320929289861,0.2212050850115567,1.542373096788666,-0.7374680096434362,-0.02870881044319776,-1.897827049705634,1.5953221600236231,0.5751533582167191,-0.7203503894840929,-0.3373283120488721,-0.9506620033156882,0.7505202619109596,0.36460036891739434,-0.22848711645850833,0.9230805680754339,3.689976942259431,-0.11695998184601777
001,seed1,71,250008,1144.6362218856812,1.61266875810451,0.06792571438286242,-0.12088335427657756,0.11526522736466567,0.2957516139765409,0.13482259901080124,0.5500625062508485,0.8254204349328174,0.47092077966273127,1.065263394761463,0.5402172588195665,0.557293244296861,2.0479637572215394,0.3832367562662858,1.568770215237219,-0.036926832098669995,1.2507552463109664,-8.811473541644142,0.3971612621806614,1.3186532613719568,3.832561884201365,4.720182611026004,0.6077933668294577,3.8367219307140523,0.5858152980572041,0.8029884314873669,0.7697860245459847,0.6190634426330359,0.039764240366558845,3.2819852794837665,0.6985669403202368,0.27125237247200706,2.658408934580901,6.887266107091367,-1.1053488829981757,0.2373633135284884,1.7075145738157618,3.6024096019859604,0.28624949068705047,0.15916792734728089,-0.12572780941136216,12.309131622060244,-0.8089279517236725,4.5822712229830875,0.37144388224599056,3.469242282146452,-0.007802032101453093,0.0161800111413741,-0.09133305714059435,0.2247661627201974,1.5991429502165848,-0.7726284616056832,-0.024573614485671986,-1.8812309488117533,1.628871018936452,0.57518031046275,-0.6821243642165339,-0.32359688487007643,-0.9111411046846277,0.7500106678755071,0.36205942134035274,-0.23099453243063364,0.9146092836312077,3.7618738175003594,-0.14977001880610266
002,seed2,0,0,1212.5592331886292,0.9661407036817891,0.9310718133556043,0.9956659713327296,0.9588205147526859,0.972290465111706,0.9671643532099574,0.8566720736322825,0.9260639376857611,0.48659254590794704,0.4500637224607361,0.49323575211115356,0.5293568789324723,0.5850722736877942,0.47884097300787876,0.3876962111819899,0.4672976506165462,0.5999366403758867,0.5231035011518235,0.4467462307363413,0.5532102321332705,0.4796379042764798,0.5294903634269768,0.4976421844265869,0.5319873664091533,0.5480465022122408,0.3973033525907382,0.47461637280159336,0.5602472686531712,0.5513984578161729,0.5522887632425166,0.4678328619861714,0.5093845643182563,0.6821597985450525,0.4842183412424058,0.5721891355460532,0.4001681349391373,0.17452967066592928,0.2002384876860461,0.36968479474855337,0.3950945993277003,0.5359794513725427,0.4093970167606903,0.4433107344340016,0.4363194513158555,0.41536093059586215,0.5052725752261461,0.40338381104004645,0.570793804374424,0.513221191165416,0.5580028224419338,0.5788784363207596,0.4538289835605508,0.3639411104024077,0.498568464799664,0.6457203200495133,0.5198300668039719,0.5500150176292175,0.8858196990532172,0.6978116245656152,0.6247313028946776,0.531098672985545,0.5372710384046154,0.6927108358125489,1.110538059195191,0.47786798155143206
002,seed2,1,12,1211.874619960785,0.9657490401105094,0.9306108761533588,0.9952658817895409,0.958916544338014,0.9721886560886622,0.9667689484484681,0.8602321592437931,0.9260982179650638,0.5322701344141239,0.40116160632900366,0.486171080299166,0.5324340110915956,0.6003376067821427,0.47863369087264607,0.41899219131877086,0.412468934042028,0.5886417998729504,0.5091844988360371,0.44320829902838876,0.5531080617892314,0.48834021217092843,0.5268491386213753,0.49720410490860645,0.5289620180455413,0.5352844670612555,0.40881725739940855,0.4746757962809418,0.5580134482432968,0.5491953050864965,0.5495647106747222,0.46400709230163434,0.5339833546594566,0.7035288533309524,0.49046928136823914,0.5786815725048635,0.43382098073464004,0.16349387712304864,0.16972199426818607,0.36603809226518724,0.4254568980608248,0.5343876757315423,0.40740847542149566,0.4521120454905485,0.4582946246282563,0.4330175610699002,0.5079244168228554,0.4147449207192496,0.5736260598255438,0.5115543582656222,0.558176856813694,0.5845126608568768,0.46076753000727494,0.36462100308166295,0.5032497909846851,0.6519272679802748,0.5199850146362917,0.5664277696293545,0.8782958754853716,0.6990616433687983,0.6279799173481442,0.5333304756667191,0.5414246647536042,0.7383018399940108,1.085050946609059,0.47643995187742616
002,seed2,2,3612,1208.0228462219238,0.9317179858786584,0.9018653507201045,0.9656683295815357,0.9224076266635608,0.9355407915867338,0.9441761496822362,0.8650842378612856,0.932621126526052,0.466950923443582,0.048508403777512,0.203529480917565,0.4382004872452721,0.08055454385760191,0.29701286121990866,1.3852611984868302,0.4971616585253274,0.5258666303990496,0.6352154736679652,0.45512093957907546,0.5614493776425389,0.6018855073173687,0.505584933329309,0.5079457181219099,0.9704283624568414,0.650313698341127,0.410380998821787,0.47564993391934673,0.5862607552956702,0.5638556909334075,0.5583477407076426,0.6202850278999124,-0.099198822794939,5.120212245127638,0.3003881756936093,0.3905881995260302,2.365231782264152,0.1995956847780505,1.7203995499033975,0.07613506948928059,0.27985351008894926,0.24775601181328397,0.096342852661383,0.12512358492599865,0.00860366580693634,0.059493911633779685,0.44384119318326787,0.05792867993518212,0.4134558210177824,0.2771958991798318,0.31144515016802743,0.39710085316749755,0.07736693929843758,-0.04429545060977905,0.10199850656923903,0.540002208938706,0.5042033783184693,-0.20726005253559684,0.4276493931935787,0.6785915154369545,0.48832043672798153,0.17251693902036044,-0.3383857791074001,-0.2606569084855855,0.9530761733859773,-0.1692159536719295
002,seed2,3,7212,1206.370617389679,0.932229454741631,0.9021467127474916,0.9583654143621475,0.9269489294497988,0.9406210250898693,0.9376900564719655,0.8703737445419781,0.9284784598316063,0.23407981427258942,0.21377900756804114,0.6886901069114364,0.47423372781750245,0.24947019446348637,0.23993848061749368,5.185448443742726,0.14752440460623795,0.5496380346142603,0.6928790354733091,0.43054988680229156,0.7008867917025667,3.1104015546405224,0.5437646533245668,0.4956596145678916,1.5903243435467962,0.8985269115559613,0.46010043423631897,0.5152113645298124,0.6344784366057337,0.5872986216242743,0.9472613450079049,0.572950587598426,-0.16102291598813362,22.679581107638633,0.139070293914256,0.4046867229619894,11.923608434877401,0.17550790177807252,4.3407542008639215,-0.2890197769635671,-0.3143264031247961,-0.6202933781413557,-0.25876828779913513,-0.4430590255571622,0.067496299705602,0.0896723643619837,2.4318911331728676,-0.03467294290539866,0.4171852444642807,0.14128770955210315,0.19906288629289598,0.5270339968321709,-0.26847384803464774,-0.07193849028793323,0.2251473213104609,0.5381286881778172,0.5038090944290161,-0.44165253627818624,0.33877000354114795,1.9215551922230527,0.4827813119045621,0.155766040979286,-0.2638639111443742,-0.7535221755938236,3.8617377348746666,-0.40111769985737783
002,seed2,4,10812,1206.713800907135,0.9102042103322527,0.8771692429976629,0.9426470314040806,0.9038698835405632,0.9190483130880179,0.917031008636336,0.8687847598943466,0.9213815070282481,0.18599137446387332,0.20039624313706714,1.6035905635936878,0.5223776728445703,0.7318920149503649,0.16772474643293522,11.17529937220904,0.16569525661873252,0.5689118598032376,0.7686478925433563,0.43210921952831616,1.1235197559793464,7.0342261236310195,0.6671193488942002,0.47841044087150225,2.5758345052412612,0.7101177682780728,0.5755847047207083,0.5818877513296308,0.6964565904567537,0.6131283409482747,1.4742864008003458,0.4262565813248527,-0.23099933413661283,55.398607877913165,0.11255629564438864,0.539828643200715,29.962050934878903,1.2268620717655476,8.986882656512991,-0.7433071467685594,0.1245451088576767,-1.8615850381312815,-0.15043058513522312,-0.8423087865156,0.2266272720684264,0.17177971149902432,5.864644408372622,-0.1236338836535783,0.4034904013567972,0.08075935512665691,0.13699410562757672,0.9821239606039753,-0.5573202085874165,-0.03064844003840325,0.3548286924013503,0.558915404688461,0.5104383158581474,-0.890784518815136,0.36073383376952195,3.513186330866116,0.5126024141175293,0.18443319294308733,-0.4915343064007234,-1.4333893478447874,8.094259570635876,-0.28883956429986635
002,seed2,5,14412,1206.761953830719,0.8036451170630442,0.7531619772061203,0.8581850555292027,0.7947620341307247,0.8164466903406103,0.8105021184000307,0.8646166985636852,0.8970021169413727,0.4554419042530263,0.5227454597229338,4.621484000850475,0.6441182121224367,1.339049033665055,0.2585557993799561,28.228769615065396,0.1417139890064458,0.72530411542981,1.2645776574582572,0.4423727575099889,2.5620062890143527,15.828829392619665,0.9878148534947467,0.4299121509716251,4.537458705070667,0.856326298162371,0.7916128902348601,0.7175200270402315,0.8672578951151793,0.7219670301513937,2.6690818392825357,0.4397612011580808,-0.6409118853700437,144.4324490412527,-0.18517962600555654,0.7864308096204939,55.81982655631024,6.256111371911236,19.533309932793237,-2.2047667973059615,-0.487885915312545,-4.323295394028513,1.2633318465764647,-0.043820357089628115,0.7276694320212254,0.6602380064237814,13.090434578263842,0.05725174991303018,0.4970112311352848,0.024290137411833557,0.05505696668452523,1.520066271645892,-0.8458741411344793,-0.1728077932091046,0.8677537243316972,0.6717995800390832,0.5261105278097403,-2.408232515635506,0.4533610380990318,7.381442568214865,0.5587873212215536,0.2600628390798387,-0.39606027263457255,-8.436673639584324,18.701799296323426,-0.9872630807432025
002,seed2,6,18012,1206.3075046539307,0.35400678703462746,0.2541115438208706,0.5089751000362424,0.33231787152416686,0.39316370830140246,0.3606751466428922,0.8094779228039173,0.8098038706914282,1.2213986072671998,2.432727531400957,7.039283675375498,1.1305410484690348,0.9604158245279432,0.49481426475122864,39.85036211147056,0.8086293913024172,0.9366953922143715,2.0501338225410897,0.45397573612441766,3.672468106039824,16.489318993776727,1.0387473539404064,0.3860630083751703,5.585477216348697,2.3640938165869874,0.4531130677994563,0.7223382843112581,0.40403075543432815,0.23984586441303773,3.0320451399769976,0.6179440011379982,-0.7767736389285199,187.24467028322707,2.248818776874298,3.193461578127498,54.308218584990755,10.68016617389688,16.29827357704794,-1.390727698956057,6.781917080154801,-2.31581541462946,7.512234113252318,3.005857028027563,4.357131819626232,4.676125939172947,13.035106457831644,3.0658714663989097,1.4878243688024224,0.02986222341816269,0.1499611983110942,1.680040987390581,-0.1607675373373683,-0.29496413895976326,2.612231963392147,1.8296728355801162,0.5345123541661527,-4.369545076211305,4.845069666999027,10.339287554113547,0.9012950567155301,0.40774743910920125,-0.5520340423800448,-0.10816830277003259,23.147704860226263,-0.08808741885731353
002,seed2,7,21612,1205.1802611351013,0.07343545460818728,0.01807349284876813,0.1853460693850701,0.05442479603341261,0.10908730399359204,0.04604671730188033,0.8155866167673405,0.7366295201593464,1.510129349543836,1.911895622119684,3.363490516038432,1.0126742603196146,0.13733764869494192,0.6703905620069405,20.00829685858311,0.7036380916177578,0.7871277618832916,1.3230825087866271,0.4541720260603123,2.458957125113737,7.40915509103824,0.8391344978698839,0.48166234362392524,3.854843087854346,1.1832927216261853,0.033340981940085626,0.6001559104395181,0.6783666602760583,0.21175375559762669,2.3398668908153697,0.7265161219976224,-0.020828976883322615,107.41189230707849,2.6630829326196817,3.0913555806641884,26.402877337469977,7.830528955924214,3.899037041848397,-1.3022510596651755,6.351688868772883,-1.1425906906643855,5.650875601963891,1.4028734581239766,3.4587176664303176,3.4977683476637154,6.522498210242603,1.7245387939678722,1.6210384265195212,0.08806938074855301,0.2403238745164748,0.5335731151184396,-0.2554619910486796,-0.2646709329200914,1.9945564571865158,1.8593076300004805,0.5311627816672381,-3.0939940652108446,3.755138719717441,3.3256824639424383,0.9532519853596374,0.16726965495769222,-0.0741326804157707,-0.6504486116659862,13.26597423233717,3.0095898457859667
002,seed2,8,25212,1205.978181362152,0.05411588972834509,0.034533109590130236,0.10287457637723732,0.04021937764027246,0.06249485811759603,0.007370147286238081,0.7854533867971861,0.7200948283051097,1.177395616831508,1.5867932428575018,0.786208993981684,0.7552883295351662,-0.3229367218490227,0.6681855115124046,2.5664807732699946,-0.3309047446078316,1.1637454144583033,1.1049428031656465,0.5848142329423887,1.598077925748286,2.206458982798743,1.3110791842139942,0.5210935621125813,2.3524200128579813,0.47797482582465567,-0.3523976698149426,0.5555075774479519,0.7224534065657696,0.6033167381130866,1.512290884684978,0.5004028778289623,1.2784784326042422,25.960169431052254,2.6371215050662875,2.558423494621879,10.830916865655393,5.152614466864897,0.6175091065121524,0.4337223507061323,4.963580192787717,0.5356055910650815,2.6458058232594235,0.3013792957035136,2.782068029787932,2.581796013294278,3.4785010047895137,0.4016229608437017,0.9944044551834289,0.13050002082154386,0.34960426457229343,0.3952238986723578,-0.19370768436626615,0.0078053595414009636,0.9877527703889091,1.3806043264958057,0.5589208603806887,-1.4655244886350147,1.0813501964170622,0.003475074330379628,0.9177748344278017,-0.0762081980337303,-0.022205074616404637,-4.102528056409694,5.9813060664672575,0.9810591377213519
002,seed2,9,28812,1200.765037536621,-0.08604298427770991,-0.04158120715304078,0.013069621142463433,-0.12078271756627135,-0.13551540065993284,-0.12722736235173795,0.761461647863509,0.678406685805749,1.6237901026013934,1.2802186045101387,0.5771910223248319,0.13854310014078877,0.06587039706763825,0.5663235800053045,0.7272961578277999,0.3746837134684478,0.8221905594131517,0.7358865430888277,0.8344903242765267,1.365119546780107,1.644237835909887,2.1808253445077415,0.5205789564486112,2.1275583068494606,1.5759387326687797,0.39805973989669996,0.5386906496421583,0.567652066034974,0.6572642485297255,1.2809915758739128,0.5503636306533892,2.7942356515440037,2.325960963885583,1.875075581622088,0.7248444737899457,0.6798102856799219,3.0510362822776775,0.8433226222870347,0.9229254344157904,2.492906857585657,-0.05945145011983832,1.925694547940754,-0.5558638575788962,2.190098846024028,2.068149715004844,2.1978985887858418,0.39652366349670976,0.8433016177165724,0.17661842989304696,0.34221338893746006,0.6381119652493791,-0.4114898803961706,-0.5305990780075269,0.8557864834376326,0.6501127664173615,0.5562621586443275,-0.3189314744408044,0.6482982716376543,0.3072966820508284,0.5396169633547105,-0.1971674088876841,0.1323505525926746,-4.045230623503867,5.06297203995418,0.33859716601029266
002,seed2,10,32412,1199.5604062080383,-0.1315547653330251,-0.10113728079436965,0.0681576169329753,-0.1803163118812952,-0.19190349730057266,-0.13706227245725208,0.7554801072871079,0.6281266553670389,1.5170288195048525,0.596983722306923,0.5115592291438178,-0.08870704145318971,0.7821797674695762,0.6054532225886398,0.3463279449799139,0.18899042694662094,0.5099797902820151,0.3504745281771259,0.9374047144471142,1.66839317846772,2.055205311642346,2.309328207398678,0.5425882993554038,2.2081237771853788,1.5671369108507387,0.44616737308723947,0.530219205063942,0.5384404721276527,0.6433022784588448,1.4667285026968866,0.9782281116374092,2.1187034544732297,0.05985266272167203,1.4417538749166816,0.5133699912651049,0.27078407300957,2.8588817734568868,0.3695687564882883,0.6895716588528025,1.1922118046837054,0.27471851314582957,0.8746565189992355,-0.41514058832026635,1.485742568630459,1.0403552753267005,1.9977238638928945,0.5296636824629444,0.4768156753650771,0.19057929367853535,0.24929506766043358,0.5761944457953668,-0.14662979249737565,0.32456920042192167,0.20703614045325824,0.5194890942136984,0.5423835065574921,-0.38601290491627505,0.7595482821509855,0.1136786650953945,0.5212334322611363,-0.45706172162598196,0.1508150488744253,-2.7857926864386804,3.5653280110407786,0.23549308863474275
002,seed2,11,36012,1196.1473407745361,-0.1072132451415242,-0.03616777666458812,0.07452281441946879,-0.20527139647790985,-0.1672856137625458,-0.09452534226418091,0.6651140684477633,0.5906827315731084,1.6647082863519567,0.7042140467900581,0.451609865564791,0.042850425326260225,1.805309380430871,0.5222673913730854,0.0003041331528356512,-0.01954171647045583,0.6562685923407833,0.5831869962087745,1.2400300144131362,2.1680470550477366,3.158764345048745,3.262380173509287,0.5266515783683995,3.0543850720058954,2.1926912411560413,0.4812978830785606,0.5534527905061893,0.40335434199978226,0.5943768847457148,2.1573136713630268,1.168585275374835,0.5672173650662298,0.2295654196495828,2.486296436328173,1.1423088685094558,0.46668166675083433,3.943927773000231,0.4261788611367943,0.6826718389348954,1.6689443353819347,1.130535111176341,1.2754654454522998,-0.04920094649510328,1.965434009421374,1.431197321434984,3.2970547591189905,0.8551694194243733,0.24824976638403018,0.23352125977282506,0.3661113922278392,0.4307854198351924,0.2579981481728853,0.42648062343845927,-0.1404941131176195,0.5940848323672221,0.5482179775679079,-0.34291059997477447,0.49725084789912705,0.21524093733473096,0.5820333128233133,-1.2306572766967745,0.14140088869231796,-1.477734742357356,3.985842606565436,0.29225821108516514
002,seed2,12,39612,1196.9538264274597,-0.09464402605980834,-0.03895827627799242,0.044461831006108204,-0.2415935467259381,-0.12926148165988732,-0.07739227454880057,0.653003283675202,0.5471924054139131,1.62610656194458,0.680699555766439,0.48513623545432,0.08223039961777479,2.015545057864636,0.7402341562849508,0.22375170189182436,-0.02794747572146521,0.4221492078188774,0.6084266314110991,1.0568784573787744,2.2023650352603497,3.269323471147041,3.472027557516334,0.5212593132940001,3.256220740118127,2.5805553797193275,0.4079294871416246,0.557776623935892,0.2549044571229173,0.5385157161032127,2.4438017791706095,1.0368325855171856,0.45526972660268805,0.6250247602028182,3.0758982729749307,1.371274373991176,0.4421294861847779,3.9522862690233085,0.2718726113364292,0.6748237479019725,1.337667607876171,0.5564043131886053,1.806619054357807,-0.15325452408674467,1.9939359710150077,1.389813074449033,3.4155740661049685,0.9921127315931637,0.2588850517028875,0.18876589373313632,0.3266598651767183,0.5074127791400896,0.313736252498198,0.4358142593068491,0.008114466032688391,0.5875545516099111,0.5486707023657529,-0.3168680665079072,0.35927369444272267,0.17049503190571766,0.6253235570572306,-1.2797523463703901,0.03799981755538244,-1.171435604148771,3.580479411178252,0.10374387219308369
002,seed2,13,43212,1193.0628561973572,-0.04431687361768867,0.021910853469676115,0.0586396748070106,-0.2583508745298851,-0.047844259734624583,0.007571793992035045,0.6949168720120505,0.5140616162562626,1.5846221719433176,0.7743851860973329,0.4575524134578969,0.32436710428418275,2.3880565295071285,0.8292962188179874,0.22954913958414316,-0.06272973731291107,0.4738108023065241,0.596073066604333,0.8622278684420812,2.5061065410874486,3.6012729372876873,3.652958402830343,0.5183625369315292,3.5980065187228196,2.970316961698555,0.3888516358871552,0.573404678223776,0.16642460403222112,0.4856300880398953,3.08898322762335,1.0489070049648832,0.4289611999370689,0.6796380885563857,3.325397850453451,1.1229239158658908,0.5269654613217634,4.648369016605043,0.2712737407592876,0.6144761023254376,0.776519275584308,0.1472178598155327,2.2308841761060827,-0.5220059843117131,1.7835896743739852,1.3086443258302691,4.2453838733124725,0.9068174648660541,0.07104724716015617,0.06618076585023729,0.2002156514633494,0.3627064292348452,0.022320606568035355,0.3743251061678287,-0.17129677458933168,0.36468619540031927,0.5484052063667328,-0.47747753870151705,0.028445716278308456,0.00370750174357219,0.6158965095313816,-1.9572197457217333,0.06724182845758703,-1.0786980144835034,4.084806162102313,-0.05194990584731664
002,seed2,14,46812,1183.011534690857,-0.07925808790897765,-0.024539293446254763,0.00892426642809286,-0.2660803044689547,-0.07154864661651815,-0.008508736368034566,0.7990152449339329,0.4800507275915389,1.4978746070243336,0.5649225664732512,0.46523861798787347,0.1880783719785193,2.061671852082879,0.7812993172632352,0.20800634074455635,-0.05784863882921357,0.4517279852599583,0.3635322437243167,0.7778608764751701,2.254177579193262,2.9571265319711486,3.0640364914073324,0.5129462371285792,2.8363474812445064,2.9533086080517457,0.36292586617691924,0.5614375805208426,0.054142683466154806,0.35073899516312906,2.8633864102493094,0.9461121941252123,0.48034498590655733,0.4063239339636837,3.2009101278944283,0.8908706088128228,0.42650771022706624,3.7806329025443692,0.32266235048989234,0.560934527057306,0.5553196455603768,0.12038142226789635,2.380779851549376,-0.38212486352418884,1.4062302141097063,1.1139057548964173,3.463473442891579,0.7090820461097942,0.1124868880956477,-0.005727649082288917,0.03693082190129872,0.2079698190771889,0.23317457143015388,0.31794054554072176,-0.028652523321054547,0.26811109977210246,0.5445219277800804,-0.5343822997547022,0.0725864663551805,-0.04157682874944527,0.642265037509539,-1.7791514556871768,0.06820124568483545,-0.4667398357550674,3.5877886026071435,0.05881714714866958
002,seed2,15,50412,1175.8455696105957,-0.06361151297153228,0.011622560246908796,0.031148697321129862,-0.2712075555594715,-0.025419473905122503,0.09331395660355889,0.8054351335631015,0.44949846535538657,1.5274730981200038,0.6476823868029365,0.48064506586444883,0.39652540114566653,2.2179415841940453,0.6862997478896817,0.19187813104365228,-0.056137372830033484,0.5989708763492734,0.2860397024304199,0.7416669073637352,2.3103445111580476,3.215359551828297,3.213944253582254,0.5099434939041946,3.033744313077329,2.9387183262570025,0.3644813349861198,0.5691451315375383,0.146815530991697,0.3543195870314489,3.199422228091878,0.929332022846213,0.5122143929673667,0.6027103457222799,3.2356658274418932,0.5849119660444266,0.2824450397109061,3.630295836708761,0.3645925718048671,0.5623505897944968,0.39042878194003117,0.06980480510237239,2.4048569961949595,-0.4889404954383266,1.2217751327772908,0.9823935250850496,3.8527831983396883,0.6329328754958605,-0.027707406701454676,-0.05110474848090124,0.011433085883614292,-0.05623525444762596,0.2067582650006957,0.2644252924690926,-0.16160883048210867,0.17805526844441505,0.5431675056766734,-0.4913670945081466,0.00940352847960152,-0.07925008400564161,0.6046872425688775,-1.8235922174552905,0.05954589914167545,-0.5371312057604591,3.4769352790683863,0.11978727899363098
002,seed2,16,54012,1178.6471004486084,0.022085147687278206,0.17228665295616952,0.0922462864646233,-0.271635533840873,0.12101813172684889,0.3566260883562377,0.7530345177810106,0.43245266527497306,1.4513367674171718,1.1660745435762363,0.5280066804246641,0.9643318366080798,2.7632174967461305,0.47579148443613567,0.5382576920181878,-0.16487952903614783,0.6289508540242681,0.4223871199633266,0.8071377309816197,2.6690310593476636,3.8867935735572217,3.8714640254942734,0.5092248573753305,3.6824711174915463,3.514535405407253,0.39758515062649263,0.5845902180680863,0.11343622646223377,0.28171186881304083,3.7744213769998374,0.8637682578469928,0.6213492709635807,0.7302664938998303,3.9373222021942755,0.6729864854927192,0.528149710356585,4.193685266381087,0.3150059671757595,0.7280303545245492,0.4811524507540311,0.12882055809116788,2.6666752072638897,-0.3907930906068954,1.27645841311759,1.405617431370185,4.528331018332764,0.6763862582327029,-0.180576353764062,-0.02685254685055076,0.11678041955051668,-0.12165647214108474,0.238957170088607,0.25767826296076224,-0.12194139893380176,0.10466151282389544,0.5447199153405163,-0.4066039898529306,-0.06341814182482527,-0.11423921353097626,0.6702073436812337,-2.07129561358698,-0.08110117598429668,-0.42744538141806077,3.558679850230668,0.0787132097048717
002,seed2,17,57612,1168.6928877830505,0.019762230601949704,0.33184056878784296,0.1254694772469621,-0.2660161486718333,0.15873074043454066,0.4225625508280946,0.6942477846530429,0.42874400520551154,1.3589218862518802,1.4354028199387678,0.5628586137790332,1.1590887773761227,2.8734840717724763,0.369964092989155,0.4945187487219521,-0.13420916387159382,0.43062310474108606,0.3181066348434492,1.0041514502801439,2.4258551947021614,3.5871830166043024,3.74647760647898,0.5107771448393181,3.499094913125744,3.874157501661043,0.40681004212589883,0.5755052021964248,-0.14796358347446062,-0.032896294168131376,3.508319166492885,0.8042656767134868,0.7356423299294491,1.0645565507060786,4.192832878809913,0.7431832416716606,0.27659865390827776,3.4835279162443484,0.224609172275182,0.584709242022709,0.44480476710602984,0.13131008671696703,2.5884751458988164,-0.2842736362696353,1.1888962202710607,2.0485079326792834,3.8149613446787893,0.5694122974849117,-0.16352834283722528,0.024034187361728132,0.25187002857470486,-0.05206138004608198,0.5662355672238277,0.24515166449128928,0.17443945056286705,0.13341650044794728,0.5478607167854088,-0.3779262325946969,-0.028094875892366217,-0.16983502311623158,0.7053805096690438,-1.7150966216433765,-0.09841710115482917,0.1474797646662488,2.9932168328904663,-0.03010257511994599
002,seed2,18,61212,1165.1368622779846,-0.021021684634383562,0.3793971610828191,0.10348003124586605,-0.2701924248825292,0.07183346850214498,0.3272322616961886,0.6459735353052328,0.4118890622831718,1.408190495015255,1.4316511743524596,0.6239019810813692,0.9175039506201932,3.2701983257219283,0.8074551458957953,0.4252339461222929,-0.09373818308134645,0.7724104029699681,0.3438850679394197,0.9426408549767482,2.470179866875803,3.6765511363034657,3.890392274254527,0.5117402965981184,4.1499589959387055,4.056883156723272,0.2893050847851212,0.5914468363482872,-0.1497900077432855,-0.07306827711940571,4.071962226295053,0.646784080387674,0.6606618890578975,1.112390137817767,3.5087674189184574,0.5685630363683937,0.3392188485466388,3.7868224130685526,0.20910930728909824,0.35364690901281765,0.16580509149805925,0.09067538013334255,3.075609640542278,-0.2504490843281151,0.8275973480382105,2.1562121752482915,4.90009586430298,0.4359580892307182,-0.39165004636871475,-0.04198887551946021,0.2149863855345171,-0.10842814922701766,0.54534200537054,0.1572453546560825,0.151268106253774,0.0425154139596165,0.5507269215730024,-0.46053242996109306,-0.25818799314134006,-0.5492023786919229,0.6917080392283435,-1.991769216791312,-0.2092891978652794,0.23184133735956042,2.8793208740460434,-0.3526543651296828
002,seed2,19,64812,1149.725745677948,0.014190208251186331,0.49642016933717265,0.16570452642346065,-0.2745208082470207,0.11891777857242121,0.4458206840946671,0.602608727388492,0.3981535659695166,1.3562236823967624,1.631836618660157,0.6798447939492349,1.0902380401202807,3.693878509044752,0.8733712134433711,0.4551848971464658,-0.08343036538998011,0.6923254606352843,0.45657968249248243,1.0917496515417295,2.644000009149161,3.9345461831880852,4.143998631349301,0.5115293831534131,4.401233226250346,4.6472700124113056,0.30319670004679017,0.6047750802928952,-0.08164615099269733,-0.020248809038384025,4.658300874438059,0.5481547053083458,0.6412804083729371,1.2879210522631181,3.604509473748985,0.599413211719066,0.3950187584972681,4.164157112903291,0.23921014252310094,0.4515093276714267,0.2724979996646418,0.025425831468762677,3.5579090542316267,-0.212143677999798,0.7240262973581502,2.709495896366574,5.56746491388237,0.4149687086628133,-0.4466629666755298,0.005106211908144339,0.23975897758991496,-0.11799929540791684,0.7063050138116572,0.13959663555554205,0.252642379276484,0.018657475960771892,0.5530329409569512,-0.36453739397305107,-0.25820880261381113,-0.4342774357097404,0.7236633981147267,-1.9926142347587934,-0.2323234489269541,0.1527866928181359,2.9239884721253446,-0.19126701946174127
002,seed2,20,68412,1156.3342447280884,0.05737404921828267,0.6090601987071996,0.20840222745609632,-0.2784187527788718,0.12975031760525652,0.5194118580453143,0.5687253744247784,0.3875346187276722,1.3541174700318663,1.8267011229035057,0.7140853019452545,1.1752617149736229,4.068834047488502,0.9497174087329295,0.3603060861749209,-0.034669603303752544,0.7835818256039077,0.5740321721130974,1.2143371400781153,2.7541382313184455,4.061311814739196,4.3010152687788805,0.5117662272822944,4.644404641106294,5.195118114618834,0.28588987468130206,0.6117556524342869,-0.19790800622468666,-0.03829466549939755,4.953758755977487,0.5223887110833445,0.6571327082134962,1.257932886392446,3.7008009858868616,0.6172287863750552,0.33899859413811384,4.395747911660081,0.23211690960125,0.31777902696630916,0.18202004147895018,-0.10231298714281148,3.635100058177241,-0.25181526053648584,0.6099497457393173,3.149372124773206,5.875243721979097,0.39239373789169957,-0.515913624369309,0.01196386352892476,0.27984310443465144,-0.1676180909716985,0.7772021971144694,0.13433358961566616,0.31129667327256355,-0.020557228131636077,0.5552854765724551,-0.4502886394090465,-0.4136482721489135,-0.5335933487080622,0.7187982177410286,-2.026427115369021,-0.3259212615357022,0.4049608313857888,2.91334112694412,-0.2577871760786451
002,seed2,21,72012,1168.7742171287537,0.08091211716881555,0.6819189032353437,0.25894193768837237,-0.27994809324534875,0.14118810590242223,0.5980301325149068,0.5436332865417954,0.37523296683709023,1.3133696623858429,1.8996959489092085,0.742391506143834,1.267753461150736,4.3419632059609565,1.0570894594598612,0.160470920894119,-0.03446554267497056,0.7652581582949349,0.6521252951153531,1.3749842824743115,2.8734186629448675,4.220492734177273,4.515552795382963,0.5110338965093719,5.026198578800243,5.403886607600874,0.25454102969776765,0.6205873563588594,-0.3642019011226138,0.056320698613091975,5.299954276140805,0.5510439983156897,0.6984280155550588,0.8678769924757169,3.9643593793047716,0.6754756487888265,0.298527731944761,4.727162254784421,0.1704288052708145,0.3490333089640496,0.10242337616563443,0.02381350749050512,3.800861778550223,-0.2911133439472923,0.5973094016098159,3.4761170297246244,6.283575321907056,0.44561087935465493,-0.6143422531511822,0.004889114368907771,0.29769192801115313,-0.19986839515531052,0.8746761701925447,0.12257276131951053,0.23889796176069378,-0.0733647034288663,0.5563243791796836,-0.5562541803691344,-0.5375045762081365,-0.6769383964679705,0.709314053623463,-2.1256633358643335,-0.4027827262432617,0.588655642655298,2.878459864600604,-0.4121927552773028
002,seed2,22,75612,1157.9509286880493,0.046883090331929826,0.5925520106857162,0.23906043186909248,-0.2809913202201584,0.06756099826476572,0.519683401565137,0.5253814345804378,0.3617352849972847,1.3102973271815084,1.6360856949987896,0.74853925150916,1.0783245328223723,3.9834783088614225,0.9975978965271923,-0.1516052131817538,-0.034180156249240055,0.8137023775134027,0.5214875876448747,1.4822220454004755,2.665997607026723,3.8640432529510234,4.337871123714328,0.508081775609063,4.324585582839747,5.44479244820691,0.2420219467299848,0.6075436056192431,-0.39847118984387064,0.1276416938901169,4.678455371310646,0.43182944508480114,0.6110390187647098,0.7242147124238972,3.7806952109622376,0.5206472417544532,0.27980420839011766,4.294369898291398,0.22499383454268856,0.3767019534221173,0.23273732203921754,-0.07178238129840661,3.7366974183449964,-0.1361146844473828,0.516170587335796,3.4110256044093354,5.390380349028257,0.40071787518270874,-0.4309160384509657,0.030662731439793638,0.3445529660322554,-0.13585124228355505,0.9515956668303942,0.08176766918867506,0.29591189883902447,-0.00829095824259909,0.5595244830389005,-0.494223530095212,-0.3436649516557234,-0.5386450954885854,0.7220389694114955,-1.8307213922905752,-0.29376015066625416,0.7009116681334311,2.607987055656902,-0.23292546070656103
002,seed2,23,79212,1147.7080602645874,0.055161267063835076,0.5929548188742324,0.2764231745093233,-0.2810582698411557,0.06062176469769255,0.559333902487844,0.5050593236674737,0.3514168967726012,1.2532306373441315,1.561295502418142,0.7741038428452873,1.1122266497781719,3.9392388541555463,0.894620945109944,-0.05894427721367079,-0.034572389793322146,0.7702645399273247,0.5078842177061058,1.6150519080591181,2.596783114028058,3.821216411825788,4.396318248537823,0.5054872324624347,4.2292511229783045,5.4880751851460445,0.25631108465146735,0.6049652925660205,-0.2729835159269605,0.19561073984920102,4.521629466719462,0.44875581947445714,0.5835500720749799,0.9284805032721863,3.807832570406563,0.46684670024828734,0.3662368200740104,4.14312397483945,0.2044779411346134,0.370839965520488,0.28724966068333835,-0.06323155116208433,3.995509340395394,-0.1344333050316035,0.47428556273685873,3.54592831745904,5.1408633639058845,0.3628132239606577,-0.3973753336182918,0.040305390007935496,0.3688191466618603,-0.11639432847266316,1.0653660790113295,0.07610139857404068,0.24856231603711704,-0.02066838029864091,0.5607869397274035,-0.35445120405980085,-0.23542644186938394,-0.5847195288324154,0.744839301021917,-1.6616875849950603,-0.26968565939151556,0.5691102094340784,2.6377227947724293,-0.2187927792495764
002,seed2,24,82812,1153.2110588550568,0.04410900967653179,0.5643177038043684,0.2963554152913956,-0.28323955345317914,0.045031150280599064,0.5594158643542981,0.4911624693812288,0.3420774086981925,1.2532625845810248,1.4435002960575338,0.7895894356870226,1.0789326217624347,3.8467534946819204,0.9192503331418382,-0.08470586688763657,-0.03654393593283045,0.8249547150373907,0.460117873058041,1.6751594586334684,2.5499610446328984,3.8095449640665997,4.522538201787073,0.504288978866029,4.219399221395564,5.455981590175657,0.17694669780529307,0.6019147788567129,-0.2874329923836444,0.19844285772388237,4.316479285154234,0.4476452463633174,0.5631171054878032,0.5086060206170506,3.9577052607724186,0.47976673924251434,0.4984815438298202,3.973915090108411,0.25399695707291486,0.24272292715725136,0.3703744481297556,-0.06832005437571875,4.11092150014736,-0.08830537600547787,0.47513072779889753,3.5023998676134003,4.85854400365183,0.34676075239174253,-0.39703004111121853,0.05046352173653107,0.41339890255855793,-0.13046821607547268,1.129366797538503,0.044497251960639604,0.13415854074385947,-0.05510831263433515,0.5637727034288548,-0.331142825642947,-0.2857681112118267,-0.7381356030518763,0.7689176456408573,-1.58296154178144,-0.33669113459621963,0.6234569621595958,2.505118551357402,-0.3930344174269376
002,seed2,25,86412,1154.24409532547,0.034289402953211326,0.5556161976019526,0.32179843286364246,-0.2870710948081564,0.03784950711836494,0.5666533698640422,0.47740379211718237,0.3356866339354299,1.2520185088690199,1.3725887271062502,0.7970035340355376,1.0596093283754626,3.815597269785273,0.9390021448919448,-0.0842671935795303,-0.03948009145327567,0.9355463731958309,0.38126598534274897,1.7453778647516698,2.4711266242014984,3.6292137432480476,4.5055059206927766,0.5039669245167606,4.179177923670038,5.533619565089929,0.13662624880557667,0.6037699640918415,-0.4744125141384168,0.07506404332906214,4.3140464551055135,0.42726023610342573,0.5670969382766925,0.3066506060669538,3.958525967327218,0.43385688821440616,0.13935400659858474,4.154783516047296,0.08145949120313443,0.26281151106252837,0.3668027803835207,0.02616685431410349,4.397295410944285,-0.10663714429849895,0.482425495151504,3.5836736079773015,4.8552434764709895,0.3430495784142053,-0.39257613352605913,0.05551281450450915,0.43917494841277127,-0.1471045191854024,1.200802117522967,0.03594890232169281,0.12241043973260889,-0.05624564783515872,0.5648780643757841,-0.5357626752896696,-0.2889009680469642,-0.6727850119244234,0.7774965152385983,-1.5438126553763876,-0.3806845378476167,0.9328698793948572,2.3760059571703547,-0.40020192323373094
002,seed2,26,90012,1147.505653142929,0.058460798123365215,0.5985037194872648,0.3890962824743502,-0.2885084171510536,0.07144152757283587,0.6528894810652643,0.4632091642235988,0.3308989978897251,1.2336888601147051,1.3944466178534083,0.8101795744542265,1.1784434321899753,3.935664210316792,0.9621764226519878,0.015641089543925502,-0.05381854293433527,0.9862346148313463,0.37669584928540584,1.8456186386947127,2.53518744775284,3.711361863378195,4.716793252789414,0.5031947246002841,4.17946827659756,5.733685924192883,0.1402787036308147,0.6127580993108699,-0.24526436732210846,0.20742537746918469,4.520756222006714,0.41870507163386783,0.5396204124944197,0.529352703934117,4.009085322853214,0.4313267799413783,0.39643454535994427,4.366859537232863,0.13942964646674877,0.3391458030398702,0.30088651130116717,-0.051975206373161144,4.720491913942706,-0.115422551335796,0.4542953689542926,3.778197802985074,5.272211337044963,0.28312880957114295,-0.378414910034818,0.059888652992286226,0.4563384713773292,-0.14789261354499617,1.3104258373347981,0.03407096713811732,0.13185129453816083,-0.0761318624722765,0.5666632266704835,-0.25182897029116397,-0.26438275621604107,-0.44249981916115605,0.7994966624444156,-1.4756686968808843,-0.20061691231159692,0.6310012027140429,2.6171896529400103,-0.27003945311831423
002,seed2,27,93612,1156.8112268447876,0.05013444991450096,0.616861277526711,0.4289293572320529,-0.2909204394278622,0.08358907975249501,0.6840638325392174,0.4499778513856369,0.32681236979252504,1.1848217123590283,1.3813336224140196,0.7933288149325106,1.206975220978675,3.873146190220198,0.8097572612050425,-0.07228670008905866,-0.0463090739909868,1.1199040944042071,0.3259019005728599,1.8996234802938685,2.398010236818685,3.5604816174939486,4.606724197896721,0.5033560074651394,4.062867268368614,5.705086199999703,0.21416839680776684,0.6097170845378093,-0.20420080727881687,0.2305050118463924,4.3063002879208865,0.40541757736182565,0.5572098587672568,0.6712663288480459,3.956623243709094,0.44133401548594897,0.3310309759667983,4.177643052293283,0.24468808210189757,0.20775063732916996,0.4281579537878001,-0.11445609878221147,5.043016278213627,-0.12034551175257324,0.40941925651610844,3.914123980251971,4.975669512480452,0.26435476730200025,-0.34039585733305955,0.07448610695649314,0.4472193316222687,-0.13304267657598873,1.3730378004077732,0.04322183897080239,0.12173800376249053,-0.0698895140168043,0.5681324958995025,-0.2850280425408973,-0.252178799603186,-0.45654588203241697,0.8302492562160878,-1.2425782284246487,-0.22170340869665428,0.5954615948014556,2.5977594669192032,-0.17107815433895196
002,seed2,28,97212,1139.1152458190918,0.06788212592597402,0.7563100846879566,0.5611636200085016,-0.2856239383485205,0.15297550526801754,0.8489225173344104,0.4314444255363777,0.32731376406229573,1.1295284781757424,1.5850410641037347,0.7757789410238674,1.462022396801591,4.141925231565564,0.7797238295908253,-0.13035314635268908,-0.06784044509497887,1.434718842655276,0.4490265239948335,1.9577456308714787,2.4504089990865996,3.71291520722173,4.922783430127476,0.5023339420129466,4.3966828708642005,5.987545898214665,0.19015080212927782,0.617375926914187,-0.3732615390619147,0.07953829387980793,4.52487778550953,0.43334535101933996,0.5472484594324734,0.4694656902893056,4.383267926775958,0.44324539693711673,0.3001425927093972,4.550710206810105,0.07681282935130418,0.3153264030937772,0.4129244489541809,0.032322321037105944,5.755691088236424,-0.11660408955880625,0.4704335714487589,4.434502556938652,5.328794177036297,0.2660881664611775,-0.38270579819595674,0.08476630429678882,0.4910746550400682,-0.1480999187702922,1.4166610026540916,0.02071657510272777,0.0257481276521385,-0.11029051068029977,0.5713859797585834,-0.2701069872945579,-0.24169169935482898,-0.4996206366446388,0.8674733446476962,-1.2524018395135743,-0.2700123012553387,0.8775941195335542,2.5513254226350393,-0.23883780558593087
002,seed2,29,100812,1149.9595403671265,0.07482886646138619,0.8805486173215951,0.7268544255003289,-0.28698653011448294,0.25181189812683796,1.0428466131115635,0.41673005828385246,0.32740627047086,1.032172104960773,1.7396551410397632,0.7472410602385279,1.7576458084225384,4.310351544512396,0.6525837816384136,-0.0920471036199456,-0.05617333319952723,1.4946519843314212,0.6210023955453793,2.067717647456,2.4451104365996907,3.801971963403643,5.088244583847031,0.5028182938948774,4.543937841355126,6.0972928741582555,0.2564041132018451,0.6191618297539713,-0.337402376594074,0.06111331126263854,4.594616049744031,0.45374693653146564,0.6011659364259866,0.19290236044429604,4.671211542693147,0.47010889571955383,0.2812875145577552,4.674068813576252,0.05125726418883407,0.2756661326639065,0.42955718533946974,0.023832333698395353,6.251264092344507,-0.1107894563207565,0.5243270049591765,4.898451012492841,5.341818999064811,0.2771398457033779,-0.36041322131740505,0.07474599080294878,0.4720495043014047,-0.1398486481283018,1.4991104528801993,0.049974586438395224,-0.009469761974628704,-0.10013667113757738,0.5730588114022145,-0.3291450724151501,-0.29313733405255177,-0.595759838891444,0.8933754142530097,-1.2381844942345026,-0.23039346952152787,0.8696914141963141,2.6757666677926975,-0.11427047065140784
002,seed2,30,104412,1149.5918335914612,0.07728693759279236,0.9706669782303147,0.8465040560984141,-0.2855009487195954,0.29131454793470346,1.165883874096549,0.40586484677123413,0.32790084641061434,1.0165851715446454,1.852137690435852,0.7424411011885609,1.9430493376725424,4.400887168292182,0.610582667987839,-0.13987234468841936,-0.061408429096467064,1.605691278066234,0.7980582533020614,2.1303049408720907,2.3555622052071996,3.77563348613224,5.078502835854939,0.5034340371621253,4.467865045874329,6.361740062997553,0.24721113812338144,0.6187423960398755,-0.20239348319765715,0.13791244092913912,4.557547671404046,0.46921381501082765,0.5705804521888784,0.4886627374440584,4.700703504700575,0.46571139718601695,0.34042840161151383,4.595595463936397,0.15167554925408117,0.3659859266889704,0.47687111348983036,-0.11889410139479197,6.766866824587863,-0.1395306291917537,0.5031032991720217,5.30246090714648,5.228022746495083,0.2142430763452835,-0.3312747569423921,0.08073401765404836,0.48149364110182175,-0.10956171545388524,1.5619562121134007,0.04066042607485791,-0.014099465629650018,-0.08296266738253995,0.5742295062967709,-0.12381066187943174,-0.13973646007010634,-0.5476707211559417,0.9326589706533392,-1.1116025623785726,-0.25172636715407287,0.7009117111849958,2.796713035218883,-0.07457398541966627
002,seed2,31,108012,1149.0314841270447,0.04748577180447866,0.9518851971928024,0.8826674910927618,-0.28976526609440295,0.2627379222256962,1.1662770393699344,0.3873790664722672,0.33102873146090483,1.0016457983000873,1.780953102664513,0.7289730779681324,1.9292919831985968,4.1590762086704975,0.4485360456844016,-0.21560499886525478,-0.051301509584862307,1.5121638899946037,0.8237743619268111,2.2176261507422925,2.16289921641862,3.6590231033064677,5.016163782838308,0.5055641269657488,4.126273525734192,6.261779269505286,0.2932150833829296,0.6053432079139275,-0.17149776878233972,0.13739524899875188,4.106827487182724,0.4713782582740334,0.6147858599018391,0.4600247325298294,4.868006183286218,0.45669131027978355,0.42756841981259724,4.112782302275562,0.17781814264839008,0.30595149549001044,0.3855896921596769,-0.06280654211097485,7.158919249307596,-0.10610446091712797,0.5554289992305161,5.4177274883299775,4.33226495199276,0.24626071936751967,-0.21515772665392907,0.10649478749672125,0.5277161154862032,-0.04746644622964028,1.6329313841084567,0.042383871498198736,0.10831236034079043,-0.019850038058675246,0.5759122924135169,-0.10384950671686813,0.00348560216999063,-0.6317927375205097,0.9636202354738478,-0.9056589779484376,-0.21421726107516698,0.7006645942641934,2.7866353047297348,-0.022759200190646048
002,seed2,32,111612,1153.7517142295837,0.06956003487268009,1.090236669074519,1.0889222965306353,-0.28653105570378146,0.32905846642739084,1.3998536918403213,0.37368312301182005,0.3347242307307528,0.9773212032795635,1.9558194311724488,0.6995652690204959,2.2926915471552163,4.3890304375046565,0.5466519875496879,-0.2964253921750708,-0.0645605966463013,1.3878385434384548,1.1115266829330455,2.289591303838084,2.162361788636557,3.8100881716532653,5.251130718870241,0.5069607157471374,4.404421026929523,6.490459325327829,0.24789671101859265,0.6101574841425619,-0.22596248399120944,0.12051171430486872,4.294712131261121,0.5084020447062967,0.6271780099884696,0.02553839566448944,5.2404014746419545,0.4874801629457121,0.36147665200731904,4.273781884062544,0.11820707127909082,0.35261817546885904,0.5140880758304435,0.11252054749468746,7.758129744362421,-0.11049107526791506,0.6171780607088931,5.952645391690831,4.545240119271277,0.25245071626029747,-0.2374376827434846,0.09830777829596236,0.5287740530076823,-0.06407515957788257,1.6837452994622726,0.035333048718893124,-0.005071053131063423,-0.05011774528165722,0.5786518120751993,-0.21627814960659542,-0.039547019659700755,-0.6910162798349179,1.0112465899096654,-0.8997735712454269,-0.2244252460868214,0.8107561385421626,2.680147654918796,-0.11143946902944378
002,seed2,33,115212,1141.791425228119,0.08222391049834925,1.2014172304437,1.2567412711913675,-0.28976668513360776,0.3707504177531296,1.5690789823718527,0.35498784183270726,0.3383695761263166,0.94254055299905,2.0977379969990295,0.6893243036636546,2.5547343432308134,4.525459958650378,0.5407303040953659,-0.21694089468025293,-0.05393475511555203,1.381240670306083,1.347931906111604,2.401269807676228,2.152013055223643,3.82932669058956,5.308278098309493,0.5076421889956347,4.367779278303827,6.765090510387609,0.26202557230640805,0.613501732037422,-0.0776676599385879,0.21582664246833178,4.352153617406623,0.5130294929620154,0.689036838413675,0.5420455793994635,5.371055513827696,0.4723977678834487,0.4043609256206575,4.373618659159228,0.16981133302413254,0.38078345651854606,0.4758759326525344,-0.004079817855395695,8.46090248493935,-0.1307444472975876,0.6211127397854878,6.486734243601187,4.652037266297365,0.25103421067629034,-0.21518800751331627,0.10768531524305609,0.5349207704977699,-0.04059704967157394,1.7835356598517158,0.055844251826651675,0.07964051734481231,-0.04235512088349487,0.5798903202895079,0.01812871255016247,0.07329115709185759,-0.4930765642005393,1.0452166454812275,-0.8613238602077912,-0.125718561812368,0.602427115517705,2.8993019019738586,0.007493313795662667
002,seed2,34,118812,1148.1021757125854,0.12610661780619237,1.3778581702637054,1.5215341690760549,-0.2893628721762318,0.451502757880809,1.8449556495072374,0.3391905086013442,0.340811694943204,0.9075070532371262,2.332514344536326,0.6544664386607547,2.9930667712931855,4.809275648993393,0.6301423593660878,-0.1914933420160015,-0.03229053632823502,1.3642894622890571,1.7042260836486829,2.431273251167795,2.1663596852068965,3.971179120293764,5.5299117007570535,0.5088916891554807,4.808479146612582,6.936427433919497,0.21943987451144414,0.6204558084986267,-0.32865455348785483,0.061659912684116636,4.575321240703952,0.574574731723734,0.7951187568330886,0.2632214739753047,5.696159888381958,0.43199525822709045,0.3371491179611723,4.713687261581253,0.09612975978688433,0.3332012635496982,0.5371016828665958,0.043775576488916314,8.99393702116065,-0.10975061636255827,0.6560828041240068,7.0738858615000435,4.989944059811494,0.24192755904224375,-0.2719700041762254,0.08816288834257298,0.4965162130474192,-0.09450013024069191,1.7875300694024512,0.0370412217677375,-0.07656721933547864,-0.08940453204740215,0.5814639248727627,-0.12519542893554514,-0.1067904515090029,-0.6435549833079662,1.0652185407675152,-0.9653914056671644,-0.23351877374765798,0.9510204662463754,2.896551933996741,-0.12084742903827846
002,seed2,35,122412,1144.9997849464417,0.13084010447937536,1.4323695380851658,1.6812969018908837,-0.2852983798886438,0.48811827468949676,1.976319978336453,0.32148324428402314,0.34430164542183106,0.8994799297555814,2.3743240222328406,0.6436191949694988,3.20302509706966,4.771536455087263,0.5817651114147345,-0.18246026423551046,-0.0527568689385632,1.2503327981464807,1.861879412046262,2.541638728021805,2.144893230244008,3.943162976062231,5.574914007036897,0.5115381850422478,4.695843985990975,7.052747815971918,0.30348270384546516,0.6161969756110779,-0.1777204995119707,0.1742935836452399,4.397663282232758,0.5924804898729186,0.8025177556384527,0.31524776483528466,5.937674559029426,0.43017509023123573,0.2885000138167902,4.754168760489627,0.09748019602857501,0.3389629572447716,0.49009702949054545,0.04396603465544109,9.27625222051214,-0.15984182463217222,0.7224285553575682,7.3731360691182335,4.64855961903291,0.2733631450869135,-0.21902239510403454,0.10619435685085059,0.47365894579637313,-0.06722640451209638,1.8837978908892246,0.04016090121655709,-0.028295185243395728,-0.057293463807432055,0.5836199313997654,-0.08611856504569823,-0.025446866306682324,-0.5958028761173816,1.1071161252123545,-0.858207015944911,-0.3009535358446718,0.7500374236490546,3.099438853105065,-0.07478507993713034
002,seed2,36,126012,1149.9143285751343,0.14980825717026322,1.5105490994500834,1.8986865893409903,-0.2816113533160227,0.5484890930921172,2.1565911294521425,0.306352085480079,0.34790354265044515,0.8668835164762415,2.4506830817429495,0.6391223667082268,3.495927378768294,4.802106326086091,0.6105211420617884,-0.13285288522383337,-0.046369054156048216,1.1381886444679186,2.0556291558519,2.6540120515619736,2.1123026628626884,3.8947910737048517,5.5725316539538525,0.5137200467595274,4.639868846039356,7.271530960748249,0.309950454911458,0.6184971277789314,-0.1548467139055955,0.19209940422375735,4.411342519890043,0.5933700346759413,0.8236911645117547,0.5003648454733003,6.088485945773217,0.3872624509703715,0.4124255495784909,4.722453131019939,0.19542166615279916,0.3922814622579527,0.405707735662935,-0.04034325833086019,9.502623620117276,-0.147509337377047,0.7449563133169932,7.736980422998517,4.6923497933024185,0.3357648796012987,-0.19535556806280632,0.09984019069602866,0.4724038874806679,-0.04208807998696604,1.9774674758647057,0.05792433445264846,0.05407237738185049,-0.03501547472275893,0.5853690430280416,-0.09493134800029365,0.036694919408654894,-0.5031294454588673,1.132014821232109,-0.7841231719079645,-0.21216302979374224,0.7993936318207202,3.1324994601333844,0.024166267696447863
002,seed2,37,129612,1152.9115719795227,0.13282544056998835,1.4551178506090487,1.9403643362670187,-0.2763100716209035,0.5368924698375761,2.1398355954926807,0.2959575770707477,0.350016570922609,0.8997575380768041,2.333407712953059,0.6478033031664411,3.4692091799469025,4.556771686257944,0.580811561641711,-0.4273979363787553,-0.18398242266814976,0.9173380528179773,2.0737157652845677,2.757135771854617,1.993194508001492,3.820217705434853,5.548761209871506,0.517448336443568,4.365872688876445,7.194108761217182,0.3596764393705757,0.6100904306041622,-0.1933362524396519,0.15634154778340578,4.133148354794165,0.6116325927392352,0.7676731305786306,0.3849671034456058,6.148809675798052,0.3864128695471409,0.5018670063497803,4.459190886530663,0.24092569045144688,0.4451651826058079,0.4526527307656834,-0.029633290130194223,9.552413973415815,-0.1441790501841822,0.7814512106079747,7.75292782408189,4.0450017440821195,0.3203163908767744,-0.1430405677783761,0.12239240452663756,0.4607749615537972,0.024354038126139073,2.0659987998605107,0.05575779798877919,0.11450715816648216,0.0012714774072487434,0.5861723801772138,-0.04393987827559729,0.14368155899019422,-0.6112685521767716,1.1643390704762713,-0.7161720321315412,-0.22239401869056202,0.9221409467328274,3.1455169783548635,0.06614635254087456
002,seed2,38,133212,1145.823118686676,0.15683631154261168,1.6118474805870338,2.236143367092771,-0.27845584287632047,0.6156353251770076,2.411583588466328,0.2803209962332188,0.3532167827742671,0.8989672191466248,2.5356258516055217,0.629315000374759,3.911122274057276,4.747364150751397,0.6114919524207784,-0.22094869984011606,-0.07490796246221254,0.8711582160906685,2.285739623987171,2.8051114060233986,1.9641711146713554,3.8792510857844933,5.676582570016596,0.5184353796462303,4.6367097481424056,7.439629589882517,0.2522614608902659,0.6149294979454388,-0.2119786492687893,0.16702980707917361,4.300248302769914,0.6305464808211282,0.8777087122080296,0.21240458120242783,6.353659733293394,0.3698485543734332,0.43204353542293816,4.597428228484077,0.16548425733164998,0.5650815495795487,0.6092486237029396,-0.053327442184888364,9.856127201315743,-0.07315717965158865,0.8012820217953465,8.280749249274374,4.301269342354002,0.2861693950636339,-0.1938611805723051,0.10685331680443134,0.4864308537520812,-0.02266566102274542,2.104349531986248,0.044294861783368576,0.05930167266046442,-0.02466426341637659,0.5875830647570499,-0.01586925895272203,0.18124208944605377,-0.6219787471906632,1.20455963118286,-0.7446354396187207,-0.24258287080292185,0.9102061245643166,3.109748024123317,-0.050537715357503545
002,seed2,39,136812,1142.958640575409,0.1690304026695054,1.6845013646768978,2.4401227040000295,-0.2857616157698766,0.6517512932192597,2.5623087659889547,0.2627671075372,0.3567055231514574,0.8636783488019242,2.6140359965554762,0.6377602757996492,4.1573454300499675,4.859439849920926,0.6652434036609379,-0.06077292491768278,-0.0464647457741644,0.8912447512004685,2.428577104749469,2.8868435108030517,2.012637470740879,3.884286843625114,5.6865888798022945,0.5183959110209205,4.880744509756247,7.491485666014492,0.3358214479841264,0.6218281767843872,-0.2837393372650077,0.149442111428715,4.536821920472041,0.6732250771020574,0.9500134751255535,0.19765307772223667,6.509872912783846,0.432835786673469,0.3839646852222525,4.90413355739396,0.08963966015506335,0.43628741650054664,0.5109156124668399,0.0009715989226621348,10.145325435843736,-0.138529914682952,0.807178907617074,8.55932195173698,4.6449965242871345,0.3279429847037011,-0.23134140743419168,0.10143351856680846,0.441135788529321,-0.04634590425949741,2.1560522299257965,0.04811804490226288,-0.06688928536814183,-0.06646058719718666,0.5888747852185842,-0.13434691978017857,0.04371758733735413,-0.6527983378111717,1.196774763672841,-0.7778487697727912,-0.26419605864316065,0.9773907302623039,3.257540165617979,-0.02116327091983127
002,seed2,40,140412,1146.4059429168701,0.1629944151419619,1.6979400776934732,2.5711800171317423,-0.2865905938386347,0.6559095102030799,2.6254874624703275,0.2538275955875414,0.3580787609880215,0.8828446745689398,2.603534172776694,0.6329623197672963,4.26650822428927,4.694599246220972,0.6087307370570677,-0.2750484529822333,-0.10919733846394478,0.78477983048324,2.521748550702247,3.0289135401978076,1.9580285318209543,3.7911599197484223,5.609511644812495,0.5228944858811259,4.579530988723414,7.6329994819732825,0.3467299099408643,0.6164121604564596,-0.10382864279433343,0.24209792632870367,4.386128605276006,0.6636720342023263,0.8368810958830699,0.29436768013638837,6.526654579589369,0.35843365747335665,0.46412240543360583,4.788588728899301,0.24289631902279135,0.5827663177966245,0.5349023761847506,-0.09142949063611451,10.36927419579362,-0.14894333282435374,0.8260724435391191,8.788417679107596,4.190357156324963,0.2925252751213666,-0.16368836339852313,0.11545086284681966,0.46020651292074416,0.003327707255198528,2.276933170793108,0.05801902576367032,0.11691519400826143,-0.015146327311837408,0.5905301393974629,0.007693778080683283,0.25483813112014403,-0.6093600062454418,1.2499822734833157,-0.6792640588022364,-0.23152904905330865,0.8265935340202923,3.318643306265036,0.05694775727183779
002,seed2,41,144012,1149.9947023391724,0.17456345329877937,1.7795418838255723,2.809586559194678,-0.27726089081714217,0.6908025884421625,2.7923015299980274,0.24515229141905273,0.3591740882280311,0.8394248630621904,2.68956918667294,0.6354469987749148,4.540480164046193,4.8857615878531195,0.7053579527899865,-0.16305947692669392,-0.06870795720369263,0.8448291956253576,2.6596484728869303,3.0932612667591335,1.9971792715707866,3.856970229376641,5.694888017410813,0.521569433623031,4.946220665871453,7.731074036519856,0.3303933634949576,0.6269923371078134,-0.20588364575891743,0.1602673255033315,4.772579137075966,0.6894422644860388,0.9436077382976619,0.3461439262469092,6.77971556169884,0.45096694493937256,0.5795070755945994,5.173821341612126,0.12560594400004116,0.6018329565555951,0.48713283896260223,-0.05644339479874763,10.592789656539729,-0.17030943342200497,0.8491876279884865,9.092332213802909,4.771116808877916,0.355588361799082,-0.2115814681618553,0.10404931048188676,0.414273021132506,-0.03321283929954018,2.31316983658367,0.057997806163094356,-0.03377569964671916,-0.06513817932647589,0.5912334232253956,-0.002442831796506447,0.10743190511908055,-0.5595825970854582,1.241001842147057,-0.749935533555083,-0.24860203464933456,0.9906575240045847,3.4122147453428298,0.021705355966337252
002,seed2,42,147612,1143.3270258903503,0.15761997766954783,1.746823107828606,2.850050090016179,-0.27389018071588345,0.6526630708058527,2.7602633857571632,0.2317564804310395,0.3598324404525397,0.8454738668793066,2.617966464012422,0.6366860374586139,4.497056942857059,4.724064084494623,0.6792169711696423,-0.28748652361884325,-0.09129232497214014,0.7807049718852542,2.604739819162073,3.188799427498788,1.9645902527739059,3.7957263252797566,5.646559966364086,0.5240455190744121,4.821434474127267,7.676442419917382,0.3443730415741213,0.624171766763535,-0.16414025221641226,0.21605649125861098,4.701552623767539,0.6977781334396838,0.9707681337539513,0.3995681174089516,6.729743789327583,0.37198207005106143,0.5239593759312161,5.118267618371354,0.19256668828677898,0.6096916535607992,0.58119569353732,-0.05438203040589934,10.476418428161749,-0.22771684185558463,0.8463679365915777,9.102532261882837,4.5078435562631345,0.3061982992410015,-0.1760855929123725,0.1118023367936737,0.44906032725119277,-0.004922141886457586,2.381689837291623,0.06296085289628163,0.005715614845801811,-0.04560197662908998,0.5927714371741148,-0.014502274897910233,0.18233403804377443,-0.5946993297438239,1.2651096789486673,-0.7001362778913317,-0.25118073044902156,0.9223902884209896,3.3755420333687765,0.09572487714233043
002,seed2,43,151212,1144.9134058952332,0.16997327039332585,1.8176359715413923,3.0771549230614017,-0.2818129519731595,0.6791954472736423,2.902830339174518,0.2216800324597342,0.3642466708921763,0.8652929376263427,2.687169241807301,0.6245597580524003,4.736249799835373,4.788823962992028,0.652458967377973,-0.39402479788594924,-0.1018945091612975,0.7770939755156225,2.71994578803969,3.2485015603274516,1.919307717585054,3.774680822138443,5.681246398637606,0.5256209554423251,4.87724053283629,7.85113363892987,0.32073150047087123,0.6248565770639172,-0.3556078964091581,0.11800874212734794,4.746189390160801,0.7051189538350195,0.9275457139920792,0.29575237636145585,6.9956039257414755,0.3811705204779407,0.48486908118952743,5.141476613129929,0.16061534406601946,0.5792956932644272,0.7051319054725751,-0.05166076088626406,10.942832274655403,-0.1599099955073808,0.9044349222843137,9.457348276429839,4.48935122577032,0.38353362738134367,-0.18072352804643677,0.11481477307419938,0.4443843013864499,-0.014789770710198762,2.4266211743626087,0.046166038641246514,0.06728099906374184,-0.03274098942245992,0.5940515065669042,-0.03720898826991825,0.22671256977087925,-0.6282271986654004,1.302054343426706,-0.732802173183936,-0.22021207711587115,1.1690554333224668,3.372109405535445,0.007491701844523104
002,seed2,44,154812,1156.1771669387817,0.14949437692654372,1.8200574124881985,3.175069408176973,-0.27527609032297984,0.6653102140665927,2.9333646690051585,0.1993236331359484,0.377295748812417,0.8247858340265366,2.6660551629994127,0.6303894039759499,4.793403961126991,4.711049248917473,0.7012140973393968,-0.3463689107930723,-0.079164665107573,0.7688441111128432,2.7873779583079052,3.309863129746164,1.9372549783688064,3.8261865963384443,5.731599396556208,0.5241998968166706,4.88638217602214,7.8428901986620705,0.4109652529572909,0.6257457935011038,-0.29279900650448254,0.11848610192676974,4.854052697280268,0.7472360331264608,0.9325175558787281,-0.03467395553594138,7.106590562876851,0.42324783494653767,0.5918574336202378,5.2694646143035735,0.2930806316875406,0.5926254148073347,0.6047836308048014,-0.08046897297751016,10.85230213869079,-0.1339724344337178,0.8963445607375163,9.496495223256156,4.535340611398665,0.39461332099711943,-0.17141065586101742,0.1143233032353998,0.4375234077186143,-0.012113392410281143,2.4753002663442656,0.04930566229556819,0.025678304987704487,-0.03944232571488583,0.5939472805458056,-0.014876372048010626,0.19463111171381836,-0.6502750931385579,1.3018967108147406,-0.6868347745128757,-0.24671665179764318,1.1408887716263794,3.5294325112037086,0.10107819868454962
002,seed2,45,158412,1148.1535019874573,0.1539761165389438,1.8697434088487135,3.362942759662346,-0.26795178448172485,0.6707422433135528,3.039207442536542,0.18590162368487256,0.3885642930713432,0.8007519957602208,2.7080173097633535,0.6064845337698445,4.974021889328253,4.722436969758085,0.7374240892939271,-0.24653138292019777,-0.07839459560542643,0.7589214543208207,2.8482299874011328,3.3582839919290355,1.8797060352205346,3.816038122874067,5.73080147804819,0.5248878003694195,4.961900880644418,7.84362428270735,0.35740773158389555,0.6271989857657825,-0.2426067413004136,0.15793355844672557,4.944408759252129,0.7799742864404982,0.9210083363741044,0.06854053201307578,7.193858340687418,0.40266830744324733,0.6216065811281446,5.314580261502037,0.18720480058111003,0.7498728477042061,0.6424760424906109,-0.08776225288023685,10.81872529375022,-0.19401094283073472,0.9330459547252363,9.676385440888211,4.622590043173741,0.3410201538521578,-0.17383743086088663,0.11787093078420809,0.44202419120659175,-0.03658943924645043,2.496242220698883,0.06029694125292669,0.02986188856203465,-0.03599393751525703,0.5943508509884947,-0.009272160394996896,0.23061399818138106,-0.6136075486990203,1.3161251978247315,-0.6938546039570479,-0.23367295907368726,1.086381175491906,3.5089655644279727,0.07274289608610265
002,seed2,46,162012,1137.8219175338745,0.15615697007123294,1.897282297089379,3.50179947486477,-0.28076051197777835,0.6510299858392193,3.096970828932045,0.17774294919189676,0.39779495326897296,0.8189524080980203,2.724648363915648,0.584759982127952,5.079364492988082,4.601694064611623,0.6948740562529594,-0.3387578820506143,-0.05776742674721888,0.762881335588811,2.8487905592705762,3.3593599045615585,1.8141771974327767,3.802079742616468,5.727301551780215,0.5269873426873211,4.908916103002484,7.729634678591657,0.37734543335134074,0.6217317034212688,-0.1306419690071058,0.20182048714792045,4.842762288484456,0.8019152044394922,1.0332786066436275,-0.05314910455212343,7.216303666063743,0.4137084169674089,0.6387077763954523,5.144217112240566,0.22417693339983663,0.6466276448296628,0.6494442800088978,-0.06559727107127535,10.964653190035222,-0.20648680340782505,0.933473335888273,9.75339792233255,4.274095663028861,0.31732541824545146,-0.16266507029471383,0.11817875013813238,0.422294298653609,-0.03964120063334834,2.4837160754181578,0.05519892526746905,0.06010172255474487,-0.0367532944463409,0.5939722371304436,0.017377793345401446,0.2804591628543784,-0.7710688308878231,1.3224408637348626,-0.656829801881384,-0.24082890448262836,0.9914907303897178,3.4932269291318025,0.053106386015357485
002,seed2,47,165612,1152.2315230369568,0.1417888994992112,1.8827264271765018,3.5671427674901794,-0.26868000763903427,0.6128566889460635,3.0866214854455496,0.16531540734317843,0.40679798496751624,0.7877339111572428,2.6826593999739283,0.5809233139046879,5.07217896157377,4.5997025587914235,0.7479434019588767,-0.3905987759016444,-0.0383114131373922,0.776907147319782,2.7997636106590322,3.3373248341100625,1.8555628324322864,3.838803139426416,5.784396874092664,0.5236465200187636,5.101148566334394,7.6207336394113705,0.3430458764427791,0.6250411456790539,-0.343631377876819,0.07794117114105262,5.015753500782317,0.8334646910673393,1.0380037552318604,-0.21430536199448047,7.2352871422192155,0.3633061641102194,0.556251478564256,5.422814491838809,0.207853081845525,0.5419935996798881,0.755891843215327,-0.10522418679118173,10.615573644303254,-0.18033754954605766,0.9187666433400908,9.705258390340495,4.491637585086147,0.3369957942686595,-0.1976162902763725,0.11161068005466024,0.4228088897299964,-0.056561403075405116,2.458549282800383,0.05189808700703354,-0.05418658445368203,-0.06189203502465063,0.5935495694926144,-0.08522211781807244,0.07714904214832098,-0.8548374299607279,1.2978938164991611,-0.7093901309032653,-0.30330709823513075,1.2387365715761944,3.4643213523374854,-0.022411771347624662
002,seed2,48,169212,1156.9998006820679,0.13489241061995602,1.8704698641376631,3.641749788081643,-0.26036852661590637,0.5882788306914197,3.0854600589054613,0.15655189237791314,0.41479772038253443,0.7686922208898173,2.6437049587025987,0.6002163060672127,5.080250906275428,4.539219518324739,0.7373761109164462,-0.26154575995910184,-0.11662936042693132,0.7572660111728311,2.830643626184323,3.4569059032006453,1.7519113090128984,3.75419917539867,5.696283023170585,0.5240968552808795,4.965241029376625,7.666664510795357,0.38261407682493,0.6244896856943939,-0.309970042598059,0.08100928108831293,5.035126356862391,0.8366944598553567,0.9384345651473693,-0.11658662823363096,7.3655634051172045,0.44965492365331267,0.6027556059465063,5.259029685967375,0.271312176474154,0.533601382526386,0.6465077949308479,-0.14540247244830443,10.738805840804595,-0.1375725663431359,0.9495529740846015,9.793693117675437,4.438386364997326,0.4332722209641855,-0.16632308795205003,0.11942468896555769,0.43087842388336267,-0.01839747032766184,2.555504973160023,0.05687516669650386,0.04061544929008125,-0.010370570465629125,0.5931054000784066,0.0007519651447996448,0.19095952528413912,-0.7209128554471642,1.3193725967031857,-0.7057840586648104,-0.2227421947288451,1.2507248341435104,3.5950919149447387,0.031245674100156634
002,seed2,49,172812,1139.514910697937,0.14857117598661712,1.9580428963803833,3.900538143221481,-0.27875403769289425,0.600120129507056,3.2434600437757406,0.1486720738768847,0.42172677853681995,0.7826354270250518,2.7370971249473306,0.5834487827151792,5.347044925623924,4.717391948724484,0.8570512107863539,-0.24261798793422046,-0.08263936189727897,0.7560536150748915,2.901404026438226,3.519914861274276,1.7605290764233616,3.789214476757923,5.738319197686936,0.5223372900397382,5.152747637702998,7.848945006667719,0.4429855386380299,0.6314684244269316,-0.2341416893601435,0.16866286359370547,5.331656039814528,0.8637594882896147,1.0117306396051764,0.06100902183876439,7.39064347405754,0.4341456279005909,0.5317666653998472,5.647506292114646,0.17770154971422542,0.6059332123178672,0.8211993411309539,-0.21436944899517793,11.01710153970604,-0.2058668597654773,0.9444522422864962,10.166066614130251,4.887147854022166,0.3174658604675321,-0.1925703612757745,0.09832983074756028,0.3843130811846114,-0.07111977822263574,2.6029301053586056,0.06413183170914284,0.046812533079228336,-0.040291509381460824,0.593691639357922,0.07650816336940344,0.14655704161557676,-0.6436387991945062,1.3398795731785484,-0.7001609268050568,-0.21239580785008857,1.0945933945657604,3.634157341251075,0.08897400425152689
002,seed2,50,176412,1148.1520686149597,0.13225980068279006,1.8955689547393257,3.870748058093679,-0.2688253304663798,0.5529231454145093,3.1530513745643356,0.14121245227923812,0.4288685043938286,0.7833503580541415,2.633117425447554,0.5981762387847913,5.207856402336006,4.481914391330296,0.7343881019526464,-0.30555463283062484,-0.14696671078056672,0.7427718429821175,2.880191660309108,3.5922267680287603,1.6625442543177078,3.762294118910014,5.69893078433218,0.5245991250122258,4.914567101436404,7.738727732469299,0.445365223488525,0.6233591806511658,-0.1927132629635378,0.1775441373362165,5.131113169262387,0.8836071352716314,0.8882894205822528,-0.010027077266116999,7.366512771233937,0.38268414287342556,0.5496690591842441,5.312364710487767,0.2778195069227759,0.6813979718296326,0.5823333991032698,-0.21900900915162558,11.007274742313918,-0.22665221484783238,0.9455037772257641,10.049174577974291,4.372939499330964,0.33539030151077065,-0.12775754102388842,0.12585921592100435,0.3986604852075918,0.006751469737495203,2.6486126384757274,0.05771725441368497,0.10155860021630152,0.011542102690630548,0.5932367958067742,0.0648818007767786,0.2655977076613318,-0.7509777433241831,1.3426592790150957,-0.6249999650031808,-0.2573848119891512,1.0816731528723023,3.6311752663748327,0.15089566719014458
002,seed2,51,180012,1156.947573184967,0.13054187280336546,1.9056835953169469,3.986945150995207,-0.2695373368420123,0.5430648481127391,3.202893337053067,0.1374704908174637,0.43348616094191206,0.7813245564112253,2.6231808064071442,0.6001626932420012,5.293917428800285,4.583524834193566,0.7801159660854828,-0.30905149373249474,-0.06364144667128792,0.6918110302103467,2.810626860333239,3.6019035789746163,1.6416771386481854,3.7348451623466334,5.681222837363162,0.5224875012850557,5.139855948190104,7.7509569136113265,0.3564968136859019,0.627155961784768,-0.2489405889560751,0.19187992269440649,5.279303265540847,0.8915211594929151,0.9692110185680098,-0.03435359351616207,7.4655785194273925,0.45012948355510835,0.4444818921802802,5.553180186611528,0.22075461346852102,0.4720552883374207,0.7377730031680634,-0.10080916077380188,11.201159973093795,-0.21387916098154056,0.9600029139273158,10.146433211159318,4.634564122414713,0.3831068912461123,-0.17540771331203436,0.10954052757387607,0.41120379355919495,-0.038576306742978114,2.661906829017928,0.06309594939641035,0.04871987139066005,-0.023415372739112206,0.5927836894989014,-0.07334255773182402,0.08129530237635163,-0.8175336506685155,1.3296433599070283,-0.7164550131023594,-0.2531974131732896,1.0674021095640203,3.650801215488618,-0.03471973393256608
002,seed2,52,183612,1147.0188603401184,0.12700936815557276,1.8812250609508678,4.0060860747580564,-0.2713504973483329,0.5152435986486518,3.1742762470567394,0.134611428321624,0.43767611045991517,0.7690187430813497,2.5739504124612735,0.599633448096328,5.2525909378545945,4.506278278221778,0.7848624108131593,-0.40662738214821365,-0.07750288547017205,0.6825355590995811,2.7674794028343976,3.601872550714735,1.6220141906909975,3.705978218191892,5.6435232278081005,0.5220421775805425,5.012284743909809,7.768920102368282,0.35644242274662935,0.6269989778232166,-0.2520881545922766,0.19657766267576704,5.313813277605751,0.8894598119852476,0.9551894949129213,-0.059686799156562775,7.39105813426848,0.3922387158614795,0.5094610922484437,5.544957816246461,0.2451003523910484,0.5602870002073052,0.7401148417793104,-0.15571602631730752,11.039878287267626,-0.19398056369077307,0.9411484273954007,10.065502437989483,4.623103854030472,0.3442149901461783,-0.1533930396584063,0.11346015775869443,0.4169417227000717,-0.020177241636216627,2.6582666904527317,0.04664779870528917,0.11439353093786175,-0.01019659722413004,0.5932825062754622,-0.012636279289608412,0.14614950661350815,-0.7453181915712412,1.340190907748579,-0.6538323142685265,-0.2626732214199458,1.094443199499331,3.594063912128485,0.07016891578123012
002,seed2,53,187212,1149.0119953155518,0.11918053496288716,1.8799582629883402,4.067106852699344,-0.2719110141080806,0.49943806408254826,3.179460991879825,0.1294711068827057,0.4421775930919116,0.7693469062702498,2.5574667749833444,0.6015970216387814,5.271193669941767,4.417199981667104,0.7628268049182786,-0.3214778280444808,-0.12456367309661974,0.6843627278533679,2.7627540228605287,3.641603229022307,1.5805005572244608,3.7468402133782894,5.701290925039979,0.5235654546817875,5.012057688070929,7.7564969416795595,0.32025406102123255,0.6249969953910064,-0.34158030883138607,0.11911957489629178,5.319643973884264,0.9099718257403908,0.9314352588428069,-0.18335699533680622,7.496873593696454,0.3898417389079228,0.6208132597813582,5.468009041138552,0.21961035817471944,0.561960885167718,0.8713423782431594,-0.08863447876400077,10.931433779418201,-0.18905610244264642,0.9524496795738765,10.068671141088464,4.482028190596045,0.3468691589327205,-0.14130626030791202,0.11181620271858508,0.4308376944861401,-0.011722616168075267,2.683284675192873,0.05834421888820608,0.10364024665321477,0.0043880085358615675,0.5930736584277584,0.02412961939430179,0.1860135120965121,-0.8034645455809157,1.3668313580549651,-0.6538405701210427,-0.2668991859140951,1.2811113879999279,3.510164510638901,-0.01613845631373085
002,seed2,54,190812,1147.248236656189,0.12519163665956576,1.9072785899389584,4.203520001690924,-0.27087377816439157,0.4954369898350246,3.2418939804058575,0.12503807040167314,0.4469061603009714,0.7635330962644788,2.5757993252914346,0.601215052980369,5.382445253509816,4.417301292267586,0.7917871261202934,-0.10280080645461273,-0.08717540602675888,0.6765352752402632,2.767034046123759,3.6920736089366875,1.5204425009760871,3.6798035831039053,5.598830513274956,0.5224300394461835,4.9645752242119405,7.78506627665024,0.33674979761392054,0.6268315680570455,-0.23510041465668371,0.1998884950151803,5.373217718165121,0.9073496831349182,0.9341701016264297,0.05407341327215072,7.387394394034367,0.3795003130038865,0.5590866527721384,5.384689125144998,0.2865284372587241,0.5419851662186068,0.8065919402399441,-0.11971869018933395,10.907614055486206,-0.20686367249761864,0.9160723829980366,10.190809223830867,4.603808930636211,0.354376720244291,-0.13081717307860355,0.11984400748496786,0.42913906144922964,-0.009815548928368466,2.7267829706141895,0.0762448713343676,0.12705092385310995,0.01965341217843252,0.5929813070904757,0.013126910269120277,0.19031552483008637,-0.7328888617621057,1.3676672457856869,-0.6549690912483516,-0.22118466374781284,1.1081690046640391,3.584796464465941,0.04789336950782346
002,seed2,55,194412,1152.4357018470764,0.11118765338432393,1.8633686049593658,4.17723636030823,-0.26944451107480144,0.4628292595460185,3.177986925677715,0.12216665662883075,0.45082699051241265,0.7468877074188726,2.5036145909927043,0.5944352713712567,5.28218375823839,4.342591554954394,0.7423778652400441,-0.22656159205088316,-0.07897349809941558,0.6304596655806491,2.691905734257146,3.7013616910968987,1.4639899603981894,3.623598552525374,5.5561083460897045,0.5214215605110886,4.854131160248281,7.729270046788698,0.3418035450515637,0.6256341472872624,-0.11757240628173603,0.27768218258645094,5.317215753322397,0.910836223868816,0.967667834925016,-0.07134126365240817,7.446142677617248,0.40116686567040666,0.5912871729702758,5.402848192972614,0.26124103740908,0.5526039954154441,0.7362948740092116,-0.1849527477564571,10.872172325804065,-0.2281711871363189,0.9621586399119292,10.083792857620114,4.529428533521093,0.3532467188391133,-0.10912004156179769,0.13185137534894006,0.4408233074798076,0.007708595379977149,2.7330864733801925,0.061411112441589935,0.16833606565688602,0.027923555210632972,0.5926190476409895,-0.0010939258053555174,0.21655971239116356,-0.6384222309967797,1.3599819181408168,-0.5985781815672077,-0.20342292420378139,0.9325251560938559,3.7014927958820314,0.07401497775939277
002,seed2,56,198012,1145.2094836235046,0.12566754582720138,1.9524268086055416,4.43507066299809,-0.2687657477377414,0.47832216779665204,3.332288170319619,0.11670356706292118,0.4552867434275338,0.7711337437132282,2.6043201553054027,0.5834896618777101,5.5492583311646,4.473510383142295,0.8050487020911887,-0.3533673687656918,-0.10195638707384391,0.6852505523815309,2.80948675475012,3.729837109814249,1.4624435429417384,3.740211515389566,5.671921133450083,0.5217496793269568,5.126356263058084,7.828448178725066,0.3579188566635505,0.6289185510364448,-0.3178945500102286,0.16215069574118562,5.54234183072332,0.9488971047712461,0.979433289777082,-0.02101928345663602,7.577396707064581,0.43563974252624593,0.547418586482191,5.554708927459001,0.21854922142402614,0.48182623703827937,0.7971906805242573,-0.19426461636059317,11.109599589184963,-0.18339659443797762,0.9443941712188284,10.420044827634849,4.727686269970203,0.3598379821936517,-0.1534868598264292,0.11559469927668604,0.4063066453701525,-0.04076099057432204,2.7503178609529924,0.07541733902306004,0.0678235906352668,0.009508808095899383,0.5933197831186039,-0.0015972541615863547,0.07452639150027962,-0.8134157161612886,1.3588496983193388,-0.6696184224577996,-0.2620785559418507,1.2210305225699811,3.6793594887361296,0.02624321870796686
002,seed2,57,201612,1150.5089917182922,0.12034821143978247,1.9205772835950867,4.425967646023003,-0.2709589193251672,0.454363131338082,3.292574389973695,0.1123530875995672,0.4586923474245893,0.7596464931775154,2.5511321571448895,0.5984640497420417,5.489046461575363,4.404609589571432,0.7500696357549735,-0.2237397390018849,-0.058283004280840614,0.6253141965700697,2.7761512622248135,3.7562147600423863,1.4541560538928426,3.7439006066260254,5.674197699397482,0.5219171810545151,5.0460683945058875,7.866802582020732,0.37345148806045086,0.6294113689078981,-0.3746906352233047,0.1505607045264159,5.576917957470993,0.9533477450777972,1.0072753484153474,-0.07771882074697374,7.609205639114972,0.43538029073342127,0.5560821713439069,5.706152641462672,0.22106878887346093,0.6186512807259563,0.7358681528219675,-0.12029757540416498,10.854276584982665,-0.17227418182561705,0.944712314573756,10.311768685606786,4.7595073139880535,0.3955669262090419,-0.13149471880040411,0.11688617098849155,0.3991477902533018,-0.02327334930749953,2.770676210732813,0.06339750244946023,0.14867402000550384,0.007313958908877746,0.5931285142173911,0.0011849126681826166,0.141414749426336,-0.7294718914910948,1.354234800899683,-0.6468043960669153,-0.29590499377909985,1.263690574181351,3.670093069508822,0.06633669135414486
002,seed2,58,205212,1145.601520061493,0.12470494382108323,1.940991808043795,4.523513097829884,-0.2689040055113712,0.456253036509274,3.339827383449329,0.1082500406191442,0.46103528673757466,0.753633824524217,2.563332342893924,0.5831899177081541,5.568937334494507,4.431219774305564,0.7836812576507143,-0.19075010501570006,-0.06007030378272407,0.6259675527470554,2.8193498394391194,3.7378170579829444,1.4188832816413224,3.7668864267974658,5.715190232883953,0.5224172705601017,5.06285207130881,7.916049491178539,0.38355000837837705,0.6303305992396775,-0.3015034430726672,0.1737550362088119,5.618888493936803,0.9496374331037933,0.9964392622631378,-0.12078211151413654,7.6523143695908935,0.39519445528549335,0.6226797452496641,5.7315313629921,0.24822128710736446,0.5928932083360677,0.7570525146188715,-0.16732592339616162,11.112661120920713,-0.17213349426986127,0.939452477789196,10.416927140030424,4.8157103190797805,0.4190258976890626,-0.14186781987849972,0.11186254379085951,0.40207216297645265,-0.04273134769160079,2.7609838091438945,0.07259696314281536,0.13145458124217613,-0.0004146662823760125,0.5930922157854494,0.029404440159005535,0.21491220007546735,-0.7684350774175552,1.3636565801985925,-0.6585074682193676,-0.23286613914859275,1.2083756029864248,3.7590598095099903,0.05595934025918413
002,seed2,59,208812,1150.009554386139,0.10384643192777374,1.8914805261090126,4.452507583173272,-0.27305025677559175,0.4324858868363269,3.2602507349038095,0.10917697978150595,0.46301381744076353,0.7756881183888937,2.4921450904419387,0.5897062637052665,5.441020143254764,4.308142368856125,0.7027898793195364,-0.23858057345502523,-0.08154035797094006,0.5966820932771664,2.7265007683726448,3.7791971778789026,1.363010787300857,3.6988658099090426,5.622869131716431,0.5231555629601694,4.821442778213494,7.906842384101945,0.3716073574803582,0.6252897533129556,-0.22708957104377683,0.23102855732791697,5.432438053064379,0.9405695126383938,0.9426492884771966,-0.0269986466722609,7.5914183199803515,0.4255870571025144,0.5672137685389508,5.533040764382703,0.30247587710379203,0.658346175300907,0.8779441642248729,-0.1390050538680746,10.973254208625832,-0.14291926416956105,0.9407414565477056,10.320828428502798,4.505009501776808,0.4003976767299238,-0.0896528475656143,0.13096141771347528,0.4201155703109379,0.00456628469336404,2.805128655479588,0.07229407762554546,0.22823198600612446,0.04650809242671395,0.5929515659406099,0.07510226721540816,0.3123278178261553,-0.7279099404432016,1.3911430435755059,-0.5900431691828605,-0.21979506562834739,1.073687923618264,3.7514298960353387,0.08673179167241356
002,seed2,60,212412,1144.7976145744324,0.11707360324863064,1.9627470249175476,4.659831965379301,-0.2749978594885605,0.44751846059844713,3.387073061599336,0.10510477364235546,0.4653723721309066,0.7763638444804657,2.5714609882825323,0.577925225668464,5.6598910509735285,4.422441888461415,0.7675984002193114,-0.19899901636997647,-0.07378715327930586,0.6035299467877745,2.8106253748935157,3.797250281293177,1.37884637381756,3.7313994122304512,5.673659023120431,0.5210484005481743,4.976793477083597,8.01252990406673,0.37904335183906285,0.6301595440496084,-0.2958155172886544,0.20656932744767678,5.6151008253883505,0.9667568982383452,0.9621253446127386,0.03409673416422028,7.656036107071603,0.3929859481014017,0.5642959839095321,5.744687451293524,0.24081743842573877,0.6117824256126755,0.8717867941822552,-0.14478286766473264,11.128452296827334,-0.16248866586032618,0.941786644041497,10.566027108200627,4.800900955543271,0.39786348503779584,-0.11822141174240886,0.11996406844537659,0.41550704007020517,-0.0252086804473972,2.812442066010873,0.06570072942328216,0.17650489393551771,0.027658449811227323,0.5935732956345344,0.08394151999262012,0.22395897932397774,-0.6628029405396436,1.3889051580199672,-0.6205435783148285,-0.20382738532163042,1.161897691103461,3.7743257199410203,0.07277720926450026
002,seed2,61,216012,1154.187590122223,0.10808852344076075,1.9496835938886379,4.677720641326234,-0.27227649295387885,0.43191284950731346,3.3714149215405227,0.10422687188074081,0.4672161308010413,0.776723714558238,2.545085011782246,0.5751486709057876,5.638925409174024,4.356400020323536,0.7426447409394431,-0.1505275612724142,-0.05839828550584487,0.5696770113976499,2.8217431912774313,3.7972858243057406,1.3485541070306148,3.7612373441899796,5.701013051464006,0.5228941812843922,4.992882152311735,7.91208973638145,0.28869841456088813,0.6279896781770784,-0.3068096401681469,0.1760389312248675,5.572682048387867,0.988036855687954,0.9983205870702326,-0.1675977835645836,7.704945470729065,0.411818549396429,0.6835732821029197,5.655197644060821,0.27174154886003543,0.5721198952437931,0.9751682268145372,-0.1597267028841337,11.033238754605412,-0.16723307520485958,0.9388613921398332,10.508910738830759,4.665315423018882,0.4184116590979079,-0.1163235939029929,0.12266847150489353,0.43929407015785465,-0.01766066433025837,2.8126134328312924,0.0765745955933906,0.19181694936899507,0.01081348081607145,0.5928482601093581,0.030953864420283965,0.22194771929625476,-0.8029009218337148,1.3958603843019686,-0.6048460072402136,-0.2407527891714927,1.2524807065747887,3.751767678751808,-0.004152756199509033
002,seed2,62,219612,1144.7343535423279,0.11053196168251157,1.9666540727849553,4.749506393547702,-0.27553992898175345,0.42884441518198774,3.40143458845262,0.10316874032144062,0.4689216503655108,0.7914266481135143,2.55900257498726,0.5784437545513522,5.694888936569358,4.383609044708775,0.7541090882333124,-0.2119585619416705,-0.09217340926440813,0.5805332989396172,2.836633067961521,3.8382597248745505,1.3477784947839655,3.7975151509760097,5.754560708012122,0.5237975584941783,4.9893320611232586,8.020491025207795,0.3888036943277939,0.6292174441561661,-0.3927012702972185,0.14756740062039322,5.640164457524426,0.996285839688806,0.9750346859939811,-0.07429357585841519,7.806328368302946,0.4229936811906075,0.6305701565746868,5.783333142667873,0.26444354310412,0.6744616126748763,0.9421204260541558,-0.1537072035660947,11.073521353190715,-0.1696651109810353,0.9667688289475106,10.622281467892883,4.738806911135846,0.39812920088400366,-0.10955382484358824,0.12664124775985688,0.401128644053251,-0.014956909153006803,2.844280591985952,0.06670940830664221,0.2320530187140152,0.03063226347165674,0.5926968251348534,0.0975780733111434,0.2673472805869756,-0.757774928576969,1.406969150133436,-0.6262803155307681,-0.24404358458141742,1.3449139372857575,3.7619895790039664,0.03727856589702925
002,seed2,63,223212,1151.4876952171326,0.10507236092575248,1.9240938246278896,4.708583894536102,-0.271962900017033,0.40836300477650167,3.346983369328329,0.10095588838766024,0.4705434202090946,0.7639081389366986,2.4932531738364436,0.589058207689065,5.60557405028438,4.308915135351757,0.7467433215041334,-0.16019478517606855,-0.08867423494703719,0.5475424902536019,2.8104075969176696,3.8753586181363247,1.338157801008882,3.724237958433698,5.6627752034436645,0.5220118870846954,4.824785547394069,8.019134578184223,0.3980966383787595,0.6297114385396562,-0.2554092264768898,0.24421048876049573,5.623097451492219,0.9811307759558402,0.9684732307214291,-0.0932924091342254,7.714166931760717,0.42173126682663237,0.5960019611284876,5.816558063635083,0.29626354100016344,0.7065997408179019,0.8458599890779976,-0.14879493686601514,11.001274491966432,-0.1469344062575596,0.9539623890238738,10.50225672303039,4.769270482172765,0.40578307960392035,-0.07377710041658495,0.13413035435121506,0.4085933126560617,0.015175848939810211,2.8783878449178806,0.06971661181053754,0.35029360349937544,0.051970345169101734,0.593305783617296,0.05755883343832634,0.32163423949277126,-0.5997787085281774,1.4067264317302357,-0.5882860377270418,-0.20396277048575723,1.1109753005844407,3.7941762908915995,0.13239941339493871
002,seed2,64,226812,1146.3343391418457,0.11817053380522724,1.997631454635567,4.901734936816611,-0.27680873374854137,0.42482906108160223,3.469608725417348,0.09639373942284461,0.47249876773169536,0.7686384170859163,2.5806920506760225,0.5861219667961328,5.81648413408651,4.447391133751772,0.7755485578502124,-0.050431899567783864,-0.07620480180040139,0.6028728317616995,2.915754620165509,3.890490422375634,1.3325815504519354,3.809504575766419,5.781296920170556,0.522030623937439,5.050657220027977,8.140579353034205,0.3531815371848529,0.6335863922044491,-0.3810673917338991,0.17067483561602712,5.80068035208137,1.0086325144807875,0.9778793334830637,-0.1905308647009284,7.868543733422477,0.39678991440270095,0.6308093577743898,5.977261473362195,0.256361149659278,0.6034459275726344,0.8849098779687539,-0.17567512103688704,11.222342381255391,-0.16909709731822015,0.9717606426939372,10.770941125510593,5.0004552180409485,0.4141924352786499,-0.11221091266386127,0.1210238953012963,0.40103528030236385,-0.0157932704975087,2.8911029282542677,0.07270857337821988,0.30343576832718844,0.019995104855283687,0.5928534162667387,0.01513749293392995,0.1942743737881244,-0.7238283219212964,1.403682659764163,-0.6278886679658093,-0.2229234949132499,1.3020542808305022,3.838650748852237,0.06497051625563159
002,seed2,65,230412,1147.0198140144348,0.10657819132867341,1.9721341941267998,4.8651174648561755,-0.2755745280229185,0.4125715027764352,3.4310002771780974,0.09740846100543922,0.4731705305772717,0.774456311340396,2.5433322371660516,0.5886820781149289,5.754208371320794,4.403972616371951,0.7748398968230601,-0.09831916839335852,-0.10130477938218167,0.5796860353239113,2.88173484183073,3.879722748575642,1.3162022235848516,3.8221488395542895,5.792883114074712,0.5229249837252231,5.056394116387278,8.083403624583362,0.35880443293566716,0.6328092276333119,-0.45261892177823815,0.1380581024942397,5.778513141943339,1.0111129229510207,0.9609228527448049,-0.21057974798332782,7.894157219632953,0.4051286341812333,0.6009845528700024,5.948388590546937,0.2737749051031494,0.6044214348364448,0.8900057658327558,-0.15661727686652013,11.103813034677865,-0.14486329834486658,0.9709697752856441,10.688727491795396,4.955494116857558,0.4331797147970173,-0.11659543174354493,0.12027560744181105,0.390199766432485,-0.01644735875109337,2.8850392620732825,0.0740042397367616,0.306803605647728,0.02413780975176886,0.5928176965089139,0.00047560704935953584,0.1913368504425726,-0.7722347417536959,1.405679065431371,-0.6323285268887515,-0.2438629479369547,1.3906336386633482,3.7943280240386494,0.024127047778090757
002,seed2,66,234012,1145.3684577941895,0.10542061103369177,1.9897956626007303,4.930180595350546,-0.2746816388255223,0.413047608818324,3.467160041817821,0.09546228364355738,0.4741551074276882,0.7709181992278821,2.56019471276722,0.5862387303253906,5.816167217047159,4.4169002875894305,0.7651294913607161,-0.0682138590814846,-0.07183288801560961,0.5922520263545226,2.8958412662133144,3.884770408925573,1.290503576815893,3.793721476685008,5.752630841443328,0.5220543174747373,4.968203131793884,8.192225525594328,0.33098939741892547,0.6334894565154956,-0.41146938887060447,0.16468377894781344,5.777453821240286,1.003138224210211,0.9900759179881776,-0.11456660068166925,7.809422457487233,0.4085921187189754,0.6617389281708218,5.975372985552329,0.26569841027408536,0.6815124493038773,0.9782611522469319,-0.16637264864544662,11.111143786012196,-0.12996316398335414,0.94502448110083,10.754988300771387,4.99749215195504,0.40946549166012125,-0.10381392470538202,0.12422882946407478,0.4065647883442681,-0.007269078879354077,2.8949370394265808,0.07518716141459408,0.33588286331550726,0.032488937933746506,0.5927628225879421,0.09183406638363877,0.25891800314132624,-0.6712866057001359,1.4149724702331417,-0.6116331543819435,-0.22423770632994847,1.3284753139303214,3.803890553077659,0.06412504301104908
002,seed2,67,237612,1146.1783537864685,0.10089570808895021,1.9793485875407764,4.922887654329234,-0.27605105772483374,0.40461240023561784,3.4505532674209127,0.09417623149705134,0.4752540143316753,0.7827421024692471,2.542807016487591,0.5841279059051744,5.791730331126524,4.397890332946125,0.7698623478618485,-0.09080693264399961,-0.08648543102818229,0.5780805585796764,2.888281025492665,3.87328973945473,1.2911308436693907,3.8324669218239484,5.801263078109551,0.5231561660456592,5.046065812399161,8.1095162168047,0.35529685411911865,0.6326491903885683,-0.4490888935495702,0.13814782179775323,5.774157927629128,1.0117843390779082,0.96432143547043,-0.2547086720641494,7.884606761239268,0.4081867000867315,0.625015550808929,5.9604823601499115,0.25731759122898995,0.611582849896836,0.9647707206257712,-0.11098399716305063,11.162015722659977,-0.14218653286273075,0.9538161656994958,10.730518985349532,4.94732994072511,0.4283118411640794,-0.12262670758057445,0.11991584683168124,0.3989281980859373,-0.023277246185707333,2.883134887221136,0.07189951859241489,0.3111605037434863,0.027078714050603157,0.5929920441185574,0.01375563322542552,0.20998755317994647,-0.7976842074849801,1.414696394065563,-0.6518988576731993,-0.23992683283813754,1.394011839124549,3.802182846916543,0.0005565800097483291
002,seed2,68,241212,1148.028491973877,0.09578942025733483,1.966149663037863,4.913641442292435,-0.27800259159589846,0.39467520128603256,3.43444212248139,0.09378105024895964,0.4758949914152468,0.7925269260951842,2.521044887738992,0.5786660186822388,5.764303363695995,4.354035325350153,0.733258219599029,-0.1269939971693419,-0.0585060712032168,0.5622137595169202,2.8596282878411756,3.8833804334192203,1.2566222394453364,3.7839325621138498,5.731140888609953,0.5226915707300196,4.8712608212513295,8.15850723191848,0.37454702169287657,0.630942639571081,-0.396239121847946,0.17739706283291362,5.688362563054765,0.9963037012239268,0.9974845365555636,-0.13844202056913196,7.829224557629895,0.4344854941795588,0.6358125037815286,5.876631538177558,0.3301141611297341,0.6689395651382981,0.9758461885859843,-0.17922267511973086,11.144044696314884,-0.14432046148180327,0.9492684527585767,10.716219046179736,4.842895426733962,0.42611963835601013,-0.08482293552529659,0.12724662674255066,0.41018613256909175,-0.006266810370079319,2.8975147843842715,0.07665316804466206,0.3917429978662977,0.049903929445429804,0.592748007208145,0.03641132255321034,0.28172432527785835,-0.7001055675927046,1.4167986076963284,-0.612891117666312,-0.2051514875911082,1.3128717021539438,3.857265199435908,0.09713029925755937
002,seed2,69,244812,1143.360101699829,0.09619609581356386,1.969233882148045,4.93859946206715,-0.27460033696451763,0.39167181761177505,3.440309247162044,0.0916516992604588,0.4771098647898797,0.7932491557575901,2.5206906074304105,0.5837941273701366,5.77791005588045,4.342790116131937,0.7145688804845153,-0.08280847268963137,-0.09525423586181384,0.5623370493621134,2.8908326685601033,3.898628559180028,1.2518646487589082,3.7984965980887404,5.739785624008843,0.5236197107124702,4.884985059793395,8.156567482735015,0.3619773133305317,0.6309919064849016,-0.39842113472211377,0.17535875827175287,5.691858960894916,1.0044587888042202,0.9473996937715607,-0.08601989616264419,7.805794721533998,0.42671038018132096,0.625686860395214,5.901990856344344,0.3050709934145565,0.7060391249436749,0.9138944593385273,-0.1573071757133168,11.180838485852133,-0.15397875108910788,0.9322021214856577,10.74619868501773,4.84370576874734,0.41274621803242667,-0.0973682823252991,0.12881090049248362,0.4125661247574734,-0.001245125105934882,2.909283973316788,0.06858200319623892,0.39754156282533454,0.049984697016582195,0.5928291261415727,0.10709402861938898,0.3351460820371052,-0.7257068371574941,1.42349244620465,-0.6031372018042921,-0.20771655164170677,1.32564848355778,3.832702374821671,0.07161463396023088
002,seed2,70,248412,1148.6121487617493,0.09352377464613693,1.9713067699928382,4.961734300690391,-0.2751710921938333,0.3860165547122049,3.447684405121629,0.09056221681093828,0.47795100247290606,0.7898201074143946,2.5186214783771455,0.5770790404403755,5.791193270135087,4.33351359306305,0.7007017546611634,-0.10910496369460149,-0.07370952444125452,0.5538791129874158,2.8889080065032364,3.893607371843235,1.2320492598442416,3.786707731133589,5.737109874114886,0.523316057055708,4.868098027315301,8.161727140142728,0.34971501999737314,0.6311763003083584,-0.3765006416018552,0.1843681101132302,5.681679168939087,0.997357079940129,0.9739193358729635,-0.1450076144099352,7.80991465889341,0.3958098719769346,0.6128745632540162,5.84312083214632,0.3383228807787695,0.660717774068048,0.8646602199298807,-0.18290916816502165,11.178194882400367,-0.14875345691472616,0.9303671752844759,10.752884684432807,4.8537369927719025,0.4413030934880212,-0.09582907506279277,0.12713422591764276,0.41018406551044034,-0.008919200265685302,2.90783478279744,0.07573347539199077,0.3884654527147648,0.049678025335476314,0.5928051537748854,0.04127088327459887,0.3131148279595786,-0.6970548270733387,1.4156260666910214,-0.5955854421034114,-0.20017079584325223,1.2833883273651245,3.8793655155710973,0.06120150281259988
002,seed2,71,250008,1147.7179045677185,0.09257761184131186,1.9668946113036014,4.9588973961136595,-0.27708734262068774,0.38189455379146725,3.440518073565174,0.08990595258167934,0.47834201994982634,0.7872274539122925,2.5119797232257266,0.5836834078024938,5.780819925457502,4.351922112766245,0.723140080874394,-0.090407189006739,-0.07792302071061441,0.5646169369445844,2.8962517905307212,3.902334293578694,1.2550937901705135,3.8138506645628096,5.7738915271668265,0.5229690069959845,4.960106775398948,8.123287480160718,0.3179289443599021,0.6323572525160384,-0.4493011017117692,0.14063241189312134,5.739249938428751,1.0098967125118836,0.9694986807615437,-0.20760616733837983,7.860274152247166,0.39458314161689617,0.6245193616654605,5.966035520357294,0.2646011730986059,0.6163668589474909,0.8964326132241887,-0.14237154629377993,11.141969390318891,-0.13093573170382808,0.9413227475895422,10.742463046971618,4.929355681803137,0.43754241709086117,-0.1088514463953259,0.12544117309432143,0.4099668292837003,-0.011551216616093613,2.9136891719089477,0.07652564112620935,0.3429637884337199,0.03884507771535696,0.5927349055697431,0.030290208737281613,0.23148776898986462,-0.7514491172441367,1.4109581777854363,-0.6183697069400559,-0.2343292913984095,1.399740914371235,3.825239626838517,0.028968556505847037
