# PREVIEW DIAGNOSTIC -- NOT A TEST (n=6, critical rho 0.90-1.00; N>=8 rule)
# script_sha256=195a89b555bedf3a0ff00a4c4e0542eafa6370243fbf9ed954f5fe8fbf7f4082 value=mean_window aggregated over the 16 held-out items
run,label,chkpt_index,iteration,per_item_mean_loss,R1,R2,R3,R4,R5,R6,R7,R8,L1,L2,L3,L4,L5,Lawf1,Lawf2,Am,C2,C3,CT1(Lo1),CT1(M10),Mi1,Mi2,Mi3,Mi4,Mi9,Mi10,Mi11,Mi12,Mi13,Mi14,Mi15,T1,T2,T2a,T3,T4a,T4b,T4c,T4d,T5a,T5b,T5c,T5d,Tm1,Tm2,Tm3,Tm4,Tm5Y,Tm5a,Tm5b,Tm5c,Tm9,Tm16,Tm20,Tm28,Tm30,TmY3,TmY4,TmY5a,TmY9,TmY10,TmY13,TmY14,TmY15,TmY18
003,seed3,0,0,1212.549735546112,0.9880211973958101,0.9236825439147005,0.9013452709742257,1.0312784519928782,0.9409685853532879,0.9688081076692908,0.9455092992921633,0.861066994245775,0.4770838885754735,0.5576320944576111,0.3716340177244895,0.5686352978823461,0.49551824020433677,0.4644950739051238,0.35805469538554613,0.4821605075976131,0.5765956731692045,0.5715847397617085,0.5449912521260921,0.5031858755953755,0.5633233517899221,0.5506416119097755,0.47041836008313276,0.45544982387480193,0.48941447446936537,0.5221724328619844,0.484598434157605,0.5249143560953056,0.5229062292474902,0.5770707299478155,0.5675537885069826,0.4737029487363368,0.7069143552771007,0.5067694781568992,0.6976981597678702,0.42302705983369093,0.2330374526539391,0.22043572006880816,0.29536765660508046,0.41089945155261776,0.3617213515770181,0.4617300434842133,0.4099629906835434,0.40369328777757874,0.33742290991339075,0.5660688184311512,0.4979962606666334,0.5887693694335423,0.5023626938115434,0.5629820070088027,0.5233418972298617,0.45852714884630963,0.4143983025888521,0.5349471441538547,0.5408651662653314,0.474156153275878,0.6083307352804432,0.7720199470665312,0.625846365119244,0.7078985349519304,0.5046905669382412,0.4807608786709452,0.5687072691453385,1.145382415570045,0.47854543188780585
003,seed3,1,12,1211.7933373451233,0.988397158553692,0.924028551928898,0.9020302243526874,1.0329334709139726,0.9428647217040447,0.9695305886961284,0.9533527284494411,0.861828814910456,0.5419351272253984,0.42746613558327534,0.34236858944852944,0.5616772710770658,0.47460299360200287,0.4553171003831747,0.2766914268406637,0.3679045083389414,0.5788869788149442,0.5807119600707341,0.5450539044901502,0.5042800924871196,0.5279276217864866,0.5514217204237343,0.4710038576158856,0.4784025414312069,0.5017507452314949,0.521127739646078,0.48390122315092027,0.5274566420108524,0.524887842483865,0.5743675018399798,0.570449413476194,0.4480085455323601,0.6649226133669011,0.49586297701605064,0.6730425890125645,0.38032361520208857,0.24766940435762136,0.17902713312209428,0.2548430476479759,0.3850378707033193,0.33348276893144546,0.4314361871010268,0.3718752973350011,0.381238883451963,0.31920860883341934,0.5289019455722483,0.46801312411082563,0.5810845196291019,0.49391157043543643,0.5505450201080659,0.5157785034562162,0.44448723288927217,0.40760639669359416,0.5205678462949239,0.5361482463286217,0.47343502916878766,0.558099435883007,0.7220916001924447,0.5910336156251056,0.6973368539460696,0.4979453125610126,0.4638401284690523,0.5009617330531633,1.1321786274982362,0.44204973274313597
003,seed3,2,3612,1206.8331265449524,0.9582314025176669,0.899484251296127,0.8681876029342609,1.0042169538777368,0.9147178226928828,0.9445024433457933,0.9581660573596804,0.8822791696269707,0.1103548905305468,0.11169679692682859,0.18170020693659927,0.5624653209641512,0.43565732770383286,0.3787609202738063,2.4812858284610075,0.17180218272533265,0.7140427222175088,0.6535612531396433,0.5196869082821225,0.46736812625556995,2.763072090636327,0.5134301422747051,0.45743198876221364,0.424359087216541,0.519442908503128,0.5193484181750709,0.5215170640635967,0.5544771411266286,0.508627230112264,0.5668728604140316,0.8108574107220854,-0.22058064506273592,16.29730799357806,0.33635604717715767,0.5593317569185684,-0.5812884333431457,0.1949716342071831,2.9771189532688354,-0.30540986935591696,-0.3504983897499204,-0.4282615325081854,0.37045438805446174,-0.0784654791482983,0.17558492084586053,0.11950475391428389,2.41594280256023,0.09728525867030445,0.4468324795945957,0.2603163159212282,0.2788676147824205,0.3867317824513391,-0.09192338758586477,-0.04211641759305522,0.15824361314117996,0.4511539869851997,0.4523248736705921,1.04470850696464,0.5707231146891196,1.3444224812963594,0.5643140935066482,0.3316766607023236,-0.0167436030520773,-0.22722309976300673,4.6224725901268044,0.0015599849740633987
003,seed3,3,7212,1207.4437189102173,0.9496525784752922,0.8900044173181144,0.8533785718301343,0.9965283143336674,0.9057476192874248,0.9350220211180272,0.9555237861351469,0.8790462686341185,0.19882439518638095,0.43468133307379936,0.38346043099853216,0.7142897930412182,0.38230275286961174,0.30448758597334286,4.300750892323146,0.12733244684438902,0.7446787334629817,0.8121583511908221,0.537495220530954,0.46326049128314795,3.5563536399591134,0.5907121204353233,0.4652041252772873,0.8566301237220679,0.4237120377695531,0.660538678074413,0.5320531250245677,0.5567279418734071,0.5026902201148227,0.5259584838395289,0.8517761566692992,-0.37926055744497666,22.734607315821194,0.2584579676051392,0.48093417155422047,-0.9135957477131632,0.04914404492467507,4.197336404489536,-0.4014255757008559,0.033056591433130514,-0.23846267486676156,0.7686323848556825,0.921659745580573,0.6788127943549211,0.47768672899595105,2.8139869055721074,0.4756369074070337,0.4125457643884547,0.2174518768493575,0.2528187308185017,0.3875669340052139,0.022110340853964766,-0.5303444829097718,0.17052164054669278,0.4398020776120453,0.4530302401398271,1.1678436146603997,0.547417130779821,1.003384989218098,0.5476372856282514,0.14422833150847286,-0.4112842687567278,-1.1023688535427292,5.342519178206615,-0.18747158084728427
003,seed3,4,10812,1206.102132320404,0.9303358921764391,0.8628190304429738,0.8211872411519159,0.9823799431707644,0.8846224702117724,0.9117560513305315,0.9618146838458842,0.8767712136609777,0.24402828404350344,0.47636006294263755,0.7960667200226708,0.783180424689487,1.1020942466724168,0.20440812091516924,8.020764451225599,0.04486203717854813,0.6103680357389958,1.0371646632036085,0.5233040375881746,0.44821041356404046,7.879668079069899,0.7215761443176376,0.4776264283816419,1.4371801011933751,0.22318455100880313,1.035675799141763,0.5980644567839896,0.5618990131017032,0.4988373304860622,0.6414047062075365,1.0222901008352792,-0.5874663542274736,54.13431295085203,0.1756425076667833,0.4369315735416437,-1.7695754107211767,-1.633613181573487,7.293908103192731,-1.3650652803639787,-1.3703086123441708,-1.7375509226808157,1.6468211748421542,0.7751659846026875,1.006946030100142,0.6575111176768044,6.229664950407706,0.7808089062525709,0.3719346121431492,0.1306283212367693,0.19906034003569215,0.382285332981605,-0.5185315906188852,-1.1862434151753924,0.2794889398769471,0.4049159361727681,0.4619964215427833,3.930131236834715,0.9634382148277043,0.5981236254238947,0.5616622362148932,-0.02261785574177211,-0.5581559184082794,-2.8159169865396763,11.833795449833662,0.34187432767035963
003,seed3,5,14412,1206.294608592987,0.8812127077677537,0.7934493363703164,0.7451013602790437,0.9427643075460714,0.8253777292347805,0.8552357144702236,0.9234926881221475,0.8735369008091949,0.9404359599058395,0.7529252137727318,2.554502281201791,0.8846871028789907,2.1136894590006476,0.0013031220183058467,20.391651803803278,0.09135013415189795,0.6799107063522927,1.4733088174588131,0.6069858790849352,0.40977634583327316,20.58240977991347,0.7388184175758148,0.4612093730367224,3.6898073441572916,0.1631092032649396,2.4402778092984905,0.7262938293936467,0.6715780072656283,0.49591087848141835,1.3924892167348917,1.5889361611610062,-1.0495712998368352,149.22685799113788,0.33924771883438937,1.6520958979665747,-2.415018475327786,-3.961482032042953,21.37412790761183,-2.0032227261226767,-1.014358488891507,-4.10678779446523,2.5926007867754843,0.7802584754196751,1.7272091070535274,0.8847576135569263,12.940348754101143,1.4273961907134776,0.22031977712259052,0.04106928892303759,0.10683163835704482,0.3850245115323584,0.058480488647438406,-3.857610474628013,0.7154924187093858,0.3129526963082465,0.4840007316249444,8.98961672001941,0.9808171573583823,1.5500117967057094,0.6114800605858352,-1.0006127032914938,0.38500628945677334,-5.369325220047751,20.56425979241287,3.8228891366026136
003,seed3,6,18012,1204.1879563331604,0.7548684609566922,0.6358295346147492,0.5369713248835003,0.798561041098832,0.6508024042910134,0.7568623548402644,0.8525370738569817,0.8709245450413642,1.4285408623644118,2.8716243461097997,1.6337360028643155,1.7162963442078145,3.2073795522705977,0.4256352240359789,11.214482144064958,1.0457035586665466,3.205169183875197,3.63264854815188,0.813131237835281,-0.07860784728819148,15.531924784828846,1.3442232338759414,0.47223733294310877,5.241297893345211,3.083584670346016,0.6993296468998449,0.6625513308425789,1.6264498967987246,-0.7102675646193369,1.5033773924380374,1.2577897205845494,-3.269290471136901,76.10777673197988,2.0443388861052476,1.4875901991919318,6.776846422048784,-2.819392034122297,21.079082117474087,-1.161096997664501,3.5616759789287866,-2.6261156640378234,3.5480034569597962,0.9559174851976638,3.107863820174291,2.7747291420400693,8.904860753255637,1.1242157537529032,0.1708888818801992,0.09277354132071354,0.11949305720988661,0.045931528055764836,0.1460079555829305,-6.58691831970922,0.16822151106766242,0.3092158401782964,0.5307200411530973,4.996348371879548,-0.2822890116616506,-1.3629603848640353,0.727733291749779,-1.2022687737074382,-1.5467485440280835,7.238503015263438,12.53560674401767,-0.8353232154169608
003,seed3,7,21612,1201.7572689056396,0.5283240365795832,0.385945262257403,0.252674624921802,0.4307260197790143,0.3040296295187612,0.6945087021433111,0.8444847021415964,0.8431523218650847,1.8499242822428608,5.414330249915517,1.264558897433307,2.727692340843989,8.105383437884035,1.1059015637017575,9.135512862057704,3.0159421813401712,9.314177740010045,6.018663704483647,0.7226462204023503,0.08763330999610892,19.676943174251903,1.3477029593679513,0.46459798682371267,6.905291511187654,6.887722287243024,-0.19326847433812508,0.905259424296948,2.416405469056278,-1.9266597208359173,2.734537260555733,0.2143299952643326,-5.702825678851398,40.959614898021215,4.861950265788233,6.703043208806163,13.40970773089641,-4.2566301367821,20.103280744308957,-2.4949656853673816,5.2167319960167875,-5.791614116644049,1.5297680943684628,-2.3397118520743017,0.5445041796419856,2.760919483329721,21.039020209905807,3.161869568708172,-0.03311339458117398,-0.0324151411977236,0.058880632363690046,0.2580072891380754,-1.8811490191095868,-8.207392496232153,-0.7393252467455195,0.07542777069563285,0.6794025701206519,8.930621622115032,-0.9027430342034831,-1.7266862719883718,0.8458158688433727,-2.461169944049616,-2.7790328096533594,11.248386778374325,22.445483159966084,-2.428348930387715
003,seed3,8,25212,1190.051685333252,0.368233613714618,0.26145117083396596,0.22243444967481052,0.4141585254718804,0.35901149364307583,0.5775397404103801,0.8218053870927413,0.8211888883003885,1.9745750338260952,13.152083330327612,3.2508891714870187,7.647654426816577,16.045314321135262,1.5682091256092505,18.90480257997789,4.412217746521559,29.381900217670854,12.091951881279336,0.8039533835455992,0.4646979979579259,33.06402914140648,7.081858376226545,0.4398108065139993,14.91307547390295,6.8192285110216195,0.6977302847754773,1.1845837140151647,2.851479965039518,-2.796870862030162,8.254164260800735,0.8540117441331165,-11.82616358947851,18.628470286080805,12.907531901659256,9.078232948951186,20.30724095670476,-7.70244268003223,27.360687582569472,-4.905182387787299,13.235340794256985,-8.594477167189057,12.770842831613606,-2.746489019397653,0.642615205701717,10.19439460538436,36.68317742981304,11.232539889711921,-0.5581209643373026,-0.4011794827813001,0.23306176153634386,0.7692644458277224,-4.398273696630297,-17.221041783338627,-1.3633575941480245,0.10821709491766145,0.8408047127692435,-3.4207254455844573,-2.3035230936428377,-4.20289159011816,1.0730063126308793,-4.267975233578405,-3.917116946693061,16.63025307059152,32.94416811882457,-4.7487231288960885
003,seed3,9,28812,1184.5229482650757,0.42100247198138463,0.23908128591342187,0.22537152820344175,0.45445139622177944,0.48948712417802454,0.45597919228190104,0.7364429026866659,0.8088115841858142,2.208547817177603,13.160486525918735,4.33850855066632,9.088702919947218,15.994354647486457,1.9438314409797341,23.964564228887724,3.7628695729319084,31.89501123942393,12.425117858674444,0.7334790792976262,2.4658597738859127,37.1201001476161,13.068306531731281,0.4085611543957257,15.500191390326009,6.771009615992795,0.5927599958051004,1.1715527438387487,3.3242827478269135,-2.7590783998681516,11.435989300358713,2.4311620369972067,-12.090010271056837,8.549220850123755,19.295164708342227,9.269658279828052,19.78988226435129,-5.630980979035036,22.036292472848547,-6.1241809752,14.39749075244084,-7.732350210392999,17.336098377714283,-2.4951985747621013,-0.4287209855344842,12.517373000675148,35.37622343395843,12.174524602614056,-0.09893128342475518,-0.11808958019769811,0.40381387429182203,1.7473247731620478,-5.9128965042589705,-14.860717352748676,-0.639978586607917,0.2964764327316467,0.8131785592919372,-11.062121892960988,-2.591004967411607,-4.228123689417418,1.2568562850726823,-3.8759037815255994,-4.114258916417367,15.786354140467857,32.99956111333813,-4.5091434600378335
003,seed3,10,32412,1174.2850880622864,0.42417092258344835,0.2207279124655752,0.17389144415229693,0.46565396339740095,0.48136805530779325,0.3762861642703586,0.7777197237050966,0.7890795494412329,1.938163628444707,9.54031118194827,4.109664140969644,6.995973888378017,13.681564620527459,2.007450470663049,19.588590267576972,2.8062237009429345,19.849562412987613,9.027552251794459,0.8109120420167344,3.280003566972047,33.85574137308238,13.753903221683746,0.4080882546854487,13.797293852273352,6.905110153593589,0.9269184970384635,1.0614738446715237,3.1328386705331215,-2.0158870411982437,11.647687975033065,2.485576250089719,-8.576978844021099,3.2906322875809897,20.157354158149634,10.142122378955323,14.865642148794041,-4.009324427062646,16.88799475019715,-5.976028532014649,12.095269384527587,-6.494047071580727,17.18021710146162,-2.5964110390857797,-0.15947933243248183,11.13764989194247,29.25529888308917,11.121191333035645,0.04785783282551217,0.3235407844538496,0.5206784596318185,1.7994179328018978,-2.6321288093625577,-14.335285212729652,-0.5941060408373992,0.4438255188058422,0.7673595332180185,-10.46655501177964,-1.9045039433362214,-4.154613245700812,1.2363071967080366,-3.5349444434170154,-3.994135048480523,13.171180765217937,26.520269692923335,-4.778962305635506
003,seed3,11,36012,1179.1251831054688,0.34600139724522416,0.1881577293708839,0.10603109405198467,0.3710328910642257,0.3366811390224625,0.260527575922488,0.912312004408617,0.763648148937262,2.317871385553384,8.60304050181583,4.276772373222846,4.212817040982174,13.908648129372128,2.625826619273029,18.540662355423052,3.027067037109394,16.102892356307017,6.893793114054892,0.8453906280640899,3.449679354067583,33.266124734059574,13.042646324982796,0.4030994300150226,13.467677578237295,7.907639698634872,1.2712445973706101,1.0390218669510525,2.826972297418553,-2.7266818321896737,11.227602785612596,1.0135503009139177,-6.469898585636612,3.508060106398033,21.092803244493854,12.64776035707903,14.673365784887324,-3.012406329533943,15.785788293185888,-5.865772533301453,12.532929344560522,-4.71989877791496,20.757389755035533,-1.9870449247719688,0.6086298630139754,12.346697995620008,28.92436230432743,12.228872316722057,0.13764267498817576,0.32564534397479755,0.4320292660039888,2.3798567429551944,-1.4359027528963062,-14.181246834585915,-0.5428447603735397,0.6041898535553472,0.7669113161937487,-8.397847151695848,-2.137710610484705,-3.9500628754860676,1.1939446106004101,-3.39260926186843,-3.29134946028519,15.969275256952216,22.51081627581847,-3.6422331605843223
003,seed3,12,39612,1174.0102968215942,0.36793114484119305,0.25823392901646214,0.05705437619305414,0.3001611156607323,0.2792031263276735,0.1589690531835591,0.9447450581437491,0.7350043111383248,2.5084615516942965,8.314015422248373,4.566035981895281,2.5075685561604404,13.723170516298708,3.405808958526875,19.57062908330387,3.304241397789093,16.564166767684508,3.961606030125848,0.839669835786161,3.3692588268842756,31.153892986234386,11.05822295746398,0.4036296517024205,13.230443271068648,9.135722648640193,1.1594123682326445,1.0203342814716005,2.6692975066933124,-3.222806309273797,10.543658154463234,-0.12903963080729247,-4.864176013148887,3.1760814519035296,20.979677524207997,15.501252304709046,12.573623523114774,-1.5129653284228994,15.605689521327715,-5.677810206862541,12.801092907881436,-3.0329368947150077,25.570866870433193,-0.7785133725245893,0.997106226505841,14.01408025089253,28.566211331568592,13.667787284850196,0.22521168821807316,0.3088305925437322,0.5012961263288291,2.881069660192737,-0.9390823325631822,-12.893089349861219,-0.6564119598037446,0.6434224012897424,0.7636225611453259,-7.387223930622984,-2.47977975867528,-4.022181961245523,1.13488608565693,-3.7912812531862303,-3.026361817359919,17.887175169559054,18.96843423562915,-3.6454131489586112
003,seed3,13,43212,1179.816843032837,0.4000505730184106,0.38896153253311877,0.10271862883306417,0.247910728969913,0.29542897741260843,0.16999722751889104,0.9432379651420728,0.7103709237688143,2.538064751555176,7.573211171365395,4.212597837529709,2.4315263502353717,13.032238275838601,3.94850181925614,18.517020207367146,4.066393475754551,13.47786770191992,1.9531682249388869,0.9115602291784611,2.900297856282776,28.266806920661143,8.79644227911106,0.43140573725836173,12.725406449857028,9.390159323270652,1.022580804920661,0.9693473664639408,2.4084425988244784,-3.9631918048689943,8.373992572388586,0.28677094660358027,-2.0132896092591075,2.432844346396626,21.066939372163212,17.813482057962673,10.123252461103018,-0.15895919843418455,12.986926126334074,-4.452769328891736,12.162209883380303,-1.7539585576683299,28.112147843798468,-0.777417176373219,1.4423804619226175,14.840623524294193,25.641600248990752,14.698788545205261,0.3168559854276416,0.31283515045287147,0.6752876713574697,2.650220187675434,-0.35370724321565505,-6.666738728296872,-0.4480409815215202,0.7349521100964627,0.7383480433952039,-5.397247173059185,-2.268663541266408,-4.308843115665682,1.1734782386834677,-4.00396134551708,-2.923077045134255,19.0146444982468,15.96265711969397,-3.7411159400820435
003,seed3,14,46812,1168.8908982276917,0.41647963805205995,0.5056201820661415,0.11947500936994691,0.1944610075182525,0.26853148751780453,0.17835356605746375,0.9422040731397467,0.6903230332711651,2.5338210538389734,7.190360155118818,4.420534029996056,2.1571951695823306,12.741171613768612,4.240018109028791,19.32815940926472,4.2150281862281656,11.647058481325681,1.1218950388328346,0.8822805163808342,2.3579974224569686,27.55612030566599,7.196663698052146,0.4128920959143365,11.904462902207507,10.152313910794284,1.1110122153730049,0.9572527072150854,2.0969769321000347,-4.424357386596789,7.92711447475965,0.342801815517197,-0.592774428830912,2.0315631047741323,22.17341267578924,21.481572131727575,8.044208532334745,-0.24602445018010782,12.24971131007627,-2.840975652622457,11.535345843228693,-2.0275642839820365,29.37012035332919,-0.37146635582783394,1.9110285222719787,15.106114791199335,24.791117352310245,16.304622116193546,0.3760486947699686,0.34825262454201455,0.6252257304459943,3.077131467171789,-0.7080118571382985,-2.826859249399117,-0.11706131677975704,0.8523348156946502,0.7361367050591912,-3.3181510483969268,-2.300252570907195,-3.087090218892616,1.1692208863130866,-3.7842820171237515,-2.145083929878568,18.293177912856006,15.816441951339275,-2.254697257926943
003,seed3,15,50412,1179.0334749221802,0.4305184896289408,0.5772221921043754,0.14232766114910195,0.1437517026241506,0.25673579118466855,0.21492845701505656,0.9401318521614751,0.6690015944398761,2.4438934185144965,6.58714643091418,4.107135841508777,2.027620647244497,12.062635552834678,4.398817998109995,18.521732002551236,3.0387284803902084,9.753417919516995,0.5433721338173595,0.9309373259415201,1.8511780260131327,25.89363464762031,5.402664996500111,0.44944764297100653,11.850726601478241,9.962368791564346,0.506744471976246,0.9097304688327416,1.9437266975723273,-4.280742097146524,8.486818482285887,0.4267328456282648,-0.15780412425731072,2.147224772077531,22.717905044501926,23.599984528403343,7.922528892237085,-0.05789201585422546,10.50491739885606,-2.553513893865197,10.731831849819041,-1.6964537372681625,28.26044811062649,0.40787505667784113,2.256183396614195,14.375463038462831,22.108838804928354,16.95748155416195,0.23910843956763508,0.3631673762175655,0.823504575624106,2.994950514447268,-0.22211391757267085,-2.141869673417595,-0.38315702198055024,0.8560252879111143,0.7211984470118503,-3.1601326411897603,-2.0166792470041104,-3.7845075674482467,1.1855096503888127,-4.263624024086237,-2.232411141839846,18.665196825835167,12.833850700127014,-2.9247632850448895
003,seed3,16,54012,1171.3345532417297,0.4944099704377763,0.7111387832579477,0.16838154976572245,0.1306986169201275,0.25674255105329796,0.24793218170197434,0.9397970323541283,0.6537259601242905,2.476042028096402,6.772605452490208,4.63497831673384,1.9604590885031963,12.866313497442533,4.721636643661831,21.145871082151203,2.75933753239445,9.191522119377607,0.479501724353077,0.9612701811714048,1.6147819927949847,28.614146875955534,4.66703679720056,0.41552118033304064,12.21861250095947,11.21710823625326,0.7298971474183077,0.9449220175426013,2.162813418524872,-4.917083106332362,10.478681593565865,0.22816815733474682,-0.3843551735720536,2.724635287697508,25.982820842816043,28.190844296865507,9.072029459903924,-0.34715334229545386,10.996122385549771,-0.6401854440289617,11.336467975303115,-2.496191360072113,29.381097254368385,-0.25543208395815853,2.59155043084068,14.773110151089385,24.169581534075206,19.37929893681281,0.28134143695327973,0.3343975706573361,0.5485392944395922,3.536917599317007,-0.8522683279435187,-1.1312084829765352,0.1606427592792393,0.9925067207193844,0.7473432821945006,-2.1800680689878513,-2.137559285516814,-2.5867774450069607,1.2219158044945186,-4.558386826262365,-1.6537710269163526,19.163438763659922,13.862086682523994,-1.4902056316192847
003,seed3,17,57612,1164.6276831626892,0.5247343615562295,0.7583251873660299,0.1935093575898828,0.12852345402403728,0.2399875273291173,0.260434079448701,0.9416494131358222,0.6415578917502368,2.2814220195746433,6.166018869554243,4.161573742263975,1.9355004146864205,11.802392707718711,4.4036625103057725,19.58563530303659,2.3176966045442797,7.012652919411863,0.4309216037562199,0.9505884448536536,1.3329020600593053,24.69983736564287,3.507408496575758,0.44073693854713314,11.305176093908639,10.160351289056457,0.7053837472350185,0.8795036653675469,2.0159848543651266,-4.4940464639933095,9.83576418334675,0.33331660419293335,-0.25840741522955285,2.7373453576883247,23.91122475567347,27.224244093877388,7.846880271313373,-0.7202254555856741,8.792658493992226,-0.3100794973122607,10.017714661758664,-2.348231152614132,27.976658459913484,0.20416401477208435,2.2816037442732373,13.711215145075784,20.477179972569004,19.842712401881315,0.16694770179877286,0.31773468656129256,0.48755918873614623,3.282579743752474,-0.5199550592931244,-0.5471462096664544,0.15616809614397087,0.9642496320402866,0.7302667141467043,-1.5978838900104286,-1.8878073999258078,-3.002293039779377,1.1760728379136696,-4.374807020912536,-1.4848460734924587,17.982519464074457,11.64652427349607,-1.4758439716939555
003,seed3,18,61212,1174.0634298324585,0.6802945132789213,0.9440118749000692,0.27026420138696805,0.1499732132997708,0.2630918771103599,0.31636312653739346,0.9437239916064493,0.6305618851520212,2.2425955441706273,6.560069724391429,4.7709347187856626,2.0490128952627495,13.184499809396083,4.968701344136172,23.111298331121606,1.9566858156577505,6.73655888299588,0.5662595233478654,0.9618890277953526,1.2225636656587506,27.193636550415132,2.8180523789927605,0.4195095893178373,11.9236690967765,11.832838868481026,0.23911724165902615,0.907919203082872,1.8409190681002823,-4.89334143694224,11.274380514356398,0.2852442071692832,-0.5018970590559698,3.240228464023663,26.72540618606718,31.61655685558254,10.905209559155288,-1.0095663332291145,9.525044908035108,0.34910075444371785,12.129124711243369,-2.8839715902431644,30.236715049001077,-0.5850304368480713,2.189605462436473,14.26956377521405,22.421986820211544,23.340012316893525,0.03888521684063511,0.3176579003985766,0.5068143985744283,4.0066435826793585,-1.0720213764534274,-0.8205682919986691,0.46357228296508013,1.0894207980755313,0.7620254355741098,-0.3645963190729735,-1.8321136365889412,-2.541625096441261,1.3005647792660433,-4.543333987654181,-1.0992965501052272,18.849595619717434,12.941674717132102,-0.8150216680884771
003,seed3,19,64812,1165.982822418213,0.6934350080180648,0.9190875387448445,0.2768456099029665,0.1197226797440828,0.24745175567341388,0.32087687218585476,0.9446789368540152,0.6217747366055847,1.8612536500965668,5.55180559820352,4.0977925851718195,1.8538912415547082,11.422161758882687,4.5018879987619815,20.205797900750145,1.7452791362513975,4.689427530511846,0.30245375673589314,0.9649472256486875,1.0251964477070044,22.959945144373492,1.7890480872144179,0.43064156191212166,10.59030579088132,10.594658687836318,0.34768226540765884,0.8399327477803208,0.9939669590463236,-3.4015006329719957,9.86828177635976,0.2175206575888554,0.3704057164749523,2.9244916524665214,23.973125133929763,28.56089351728517,9.355981840381277,-0.34001104318871533,6.549595418583192,0.5440817338970731,9.882506031918647,-1.7651804060610636,25.94268360318882,0.4256390598187644,2.0381557682966305,12.485189694897809,18.53571574675801,21.140990416649807,-0.04754466356734662,0.3385796686117769,0.4928474449799816,3.700192699555138,-0.3617230891429299,-0.4846021473992729,0.3598141066252938,1.0813219912111816,0.7393188149006921,-1.0962032968438993,-1.8877802378090767,-2.701252053738597,1.2491881412698085,-4.129176847992122,-1.1561924370638421,17.365715498363162,9.963802577007744,-1.192744172974112
003,seed3,20,68412,1174.3907098770142,0.7207511661304834,0.9095940462481793,0.26451654010000786,0.07084717440395022,0.23565291325675405,0.2957712088260097,0.9441195212538391,0.6110973425382288,1.6011262128423465,4.886396969827447,3.5854107920295752,1.6531709092469942,9.613141506100042,4.056924242521371,17.909833636537677,1.571886672262195,3.2627688434541517,0.25731948609575106,1.0002373516001584,0.8148641399915556,18.52455918224416,1.3983286353323514,0.42968092728718216,8.40955161056053,9.673965914968022,0.019837061659906556,0.7723747522267933,0.6713818011813177,-3.104610202036032,8.24474742602723,0.2714942856574856,0.7219464339353505,1.6735255508728066,21.082779703379945,25.39807963836499,8.124557890354847,-0.156098646000433,5.133461738555412,0.4367332754866333,8.528487453963118,-1.5631996254595892,21.758132887148555,0.5588429911740234,2.014315744961092,10.937311263284782,14.537287310132259,18.79281552057047,0.09586084609617589,0.38775541688565557,0.6226770646456082,3.620257173774,-0.34928697846349055,-0.3133545445426752,0.4012695314466466,1.0659139249979999,0.7093313940858853,-0.7119145092491499,-1.2707220815507383,-2.0292563246903526,1.2182845840069116,-3.238442094488849,-0.6094015233256008,14.995171769346396,8.509235583935899,-0.4297897015519837
003,seed3,21,72012,1178.1887669563293,0.7877719429509661,0.9306877712374517,0.2958337919030706,0.05093683241256903,0.26551552784087995,0.2885078421215984,0.9422212205043815,0.5972830458842255,1.4343272588295044,4.482869621073304,3.1243282229169678,1.6212422344306112,9.053196531205149,3.8532927959852636,16.503871148285587,1.2894017752710853,2.69680912667902,0.20372772892713792,0.9821165495367407,0.7213762092691353,17.472306530914874,1.1186710953295886,0.4248659156712511,7.9943714790886595,8.964485485435318,-0.11932144679700556,0.7514657546735102,0.5688562436320983,-3.0417199558301156,7.9016838526486275,0.34006571393781493,0.912492120717216,1.7509679456265852,20.387566797932074,24.424382390413076,7.386914833579874,0.04509343255109259,4.8669728308379225,0.14949555355463254,7.004915438659602,-1.2423006517455353,19.048855447241117,0.6687001375700642,1.9850777845534586,9.83705617645071,13.106168458600848,16.74076793654363,0.01643040863434101,0.3598619857707559,0.5777266891403624,3.2792001843224092,-0.3434768897024805,-0.26860877450514553,0.09486774808606349,1.080494664440618,0.7071919840639108,-0.9325061047663888,-1.3600530406594626,-1.9258608618504174,1.1563323142349295,-3.2794293957317193,-0.6020747362411514,13.769810264244171,7.804889973144524,-0.4615531900274534
003,seed3,22,75612,1166.0801553726196,0.8032955623534057,0.8941609123764327,0.30149794044260697,-0.0014596062348240426,0.2726839641796122,0.25374605385641164,0.9440031043100773,0.583440225052708,1.2081732265873397,3.8471966650411904,2.601200932101829,1.499503832415075,7.442060981670814,3.4904361308349787,13.96275047584914,0.9587036341357148,2.063041540359526,0.18967226074126692,0.9128917224121367,0.4804125870526121,14.393422095199622,0.859347655270029,0.4084340137161748,6.160787435400653,8.345708625420837,-0.48430546633569427,0.7163052295133131,0.41521401517080486,-2.8169925205364676,7.094533367887277,0.24950375619029572,0.6112301874228968,0.9998827992939952,18.04903058436584,21.59304128499513,6.434997556884994,0.29061517298685635,4.079080731247501,0.7102425534139136,5.658865027782868,-1.2380397461997692,15.799128309598816,0.9237472322552551,1.663161837860525,8.343565179375046,10.743552805582542,14.087792658877666,0.18303780671390377,0.36440326577861903,0.574846106389896,3.053488771125817,-0.3561131294806237,-0.12901930119066457,0.2879510397516925,1.1297306685014814,0.6904670060552842,-0.6349680235945984,-0.9028610020474007,-0.9519129039902274,1.0899899811911475,-2.5600987381863662,-0.2209497621318094,11.68818557692999,7.109836281891932,-0.2111739662382316
003,seed3,23,79212,1174.6413078308105,0.940128957762352,0.9662846564222156,0.4237213386349085,0.040206642648917795,0.40220120668937887,0.28826601402365304,0.9439966258253185,0.5730362284634858,1.1602422989802836,3.7293320944904766,2.1508288624873226,1.7621462243448796,6.807563600033567,3.535332161511722,13.013263300340624,1.0112531033006544,1.6094340889432308,0.13933533666261683,0.904750670165459,0.6078289316365919,13.398195484292557,0.7909071864245069,0.4293901990194317,5.609743131742582,7.933623101903532,-0.3150629042167344,0.7091672863567121,0.31070962700429056,-2.5543563870397574,7.661101600134373,0.14640783840234511,1.0939188330708485,0.6300215816708602,18.29575008240899,21.28583565842975,5.75300211878325,0.3089165683915508,4.307175867878295,0.553053230866735,4.900350884127529,-0.9283753392284335,14.799426711181464,1.4116673183228907,1.746970215940669,7.9428961632548525,10.175921242677871,13.427801834552413,0.11502821594397959,0.3106621957585657,0.4411158791375965,2.6868391678104424,-0.10777024536469634,0.07498784092176301,0.10590182207063394,1.2270228335683806,0.6947320736141234,-0.8881189285900384,-1.1150901183389388,-1.0759765019524676,1.0173247477786302,-2.66487089717291,-0.1923864753145184,11.086112280097502,7.233005302241292,-0.1038420481370128
003,seed3,24,82812,1164.9092102050781,0.7945335620237051,0.7910423858732917,0.32719321368216425,-0.08100269345412675,0.34620207514686613,0.19763221345458784,0.9454066532063358,0.5626065584135354,1.0254521742212521,2.8714797513448374,1.5592665844047005,1.3770832257811865,4.4901477616157,2.717605482395199,8.922926711155824,0.7225248019044203,0.7436190348744635,0.12473164642638579,0.8544051690223459,0.6279221769212591,8.066327361625618,0.7104867644146234,0.4475672284490793,3.615212294029438,6.173009312354886,-0.07612612008958121,0.6497521421205557,0.27988768963634025,-2.0147661289626813,5.744385708458192,0.11963293764608182,1.0195840286152669,0.3244890292285999,13.865756146514196,15.778240687541674,3.595416924068233,0.650094175599727,2.5046365623943356,0.4803464028485628,3.118225747923627,-0.319639909490001,10.43809393358555,1.4213287395176752,1.4546876425509034,6.097133983093238,6.183187586843351,10.086700648018875,0.2601876721565094,0.34927192072516455,0.508323359728287,2.3784516608264097,0.19348536826329157,0.14940711919950697,0.07099176596137857,1.1568103178215319,0.6589167401389621,-0.6824744204730286,-0.43781749596127006,-0.7223084214428722,0.9402575810499304,-1.7308489891978251,-0.2272721668391176,8.155965842404786,5.668003989671508,-0.014213584124260149
003,seed3,25,86412,1169.4651465415955,0.8378657925252075,0.8111940456572206,0.38329117450760264,-0.07520472054470478,0.38388976153673837,0.18616987330622756,0.9413248895679118,0.5512235322963457,1.0110857426584796,2.779647765130621,1.6476430819465189,1.4400310392342812,4.905291017466949,2.887720365216719,9.175363582789963,0.5790252436049949,1.0753564614195688,0.10329629594681482,0.8805009057047813,0.8951921670732991,9.367092209869053,0.8239118649778002,0.46192954799685765,4.363307222355965,6.2130481364592995,-0.007202607532628153,0.6731571245352103,0.3470875668028336,-2.4239210656552275,6.8445603375300506,0.08398191534321106,1.153131240494068,0.34569383531232994,14.927953094278365,17.016343698953374,4.078555461230095,0.5928720824324543,3.246298706511241,0.4244995220055454,3.2678716937656125,-0.3921352149992326,9.637261439810137,1.6511946662478076,1.4543644433835474,5.54749033034943,7.536606436090682,9.840677788031083,-0.006647775623340776,0.3626164295024421,0.43171066161452837,2.4566970430672326,0.29194540365579885,0.0909276213049992,-0.35823675495314933,1.203210491409483,0.6843117182557672,-0.935041402695373,-0.6298483036019392,-1.0501273851575676,0.9098989201851716,-2.319035805607052,-0.28457060358384945,8.203498931115785,5.447994559131062,-0.25887039620292435
003,seed3,26,90012,1171.1676888465881,0.6321207985711806,0.6260788758577331,0.269116309823063,-0.19731989904622813,0.24229435847520617,0.10850912108261315,0.9452273518419934,0.5367474227957685,0.9580790668216712,2.159174840283243,1.4119655955800097,1.0064397774949339,3.177618095572741,2.3536691492146575,6.600437734736985,0.5930229825829011,0.4053610752182504,0.09042090444469912,0.8832521858174308,0.8342920552399927,5.515336777747112,0.6666127823530238,0.47543528285103176,2.8837919889851578,5.083828654928177,-0.172087846758177,0.6270798619201048,0.3875287045733733,-1.9806669630204758,5.038595398117681,0.06439382920740148,1.1361865129458026,0.17380472395855526,11.790335680985626,13.285124656705552,2.7804129717724138,0.6534865690888669,2.001548466909784,0.2384342653127003,2.8996460817914436,0.08113575493199165,6.940622721387954,1.763510448227571,1.4431602306135556,4.161613118735202,4.1468607902621155,7.737447804793453,0.22953024730988347,0.38505162667832826,0.45402626601780793,2.498287150149065,0.5970850585362275,0.18709972327986496,-0.10719815771988024,1.12255333752877,0.6508521306132135,-0.7208869188626124,-0.16073089421798376,-0.7570911829288057,0.859636699926785,-1.586861070186327,-0.1403898111820047,5.904083639381476,4.509190058324779,-0.1532571655183334
003,seed3,27,93612,1175.2162022590637,0.5609753909668179,0.5573801180341654,0.24839286495223,-0.23896853360456738,0.18809634215902563,0.08062345462922835,0.9428241106502625,0.5226272487778949,0.9497359254698097,1.9107024740731284,1.2890553013466512,0.8564007663085506,2.663706023292041,2.1785507501020165,5.514979589098074,0.6068053320893806,0.2703333872743292,0.05681984751507196,0.9342914158266538,0.8803743849954022,4.361858083406753,0.6509631474143935,0.4871507720282914,2.589450724935886,4.6232335938414595,-0.06819914671974756,0.6150751087539434,0.378722911633563,-2.1087914883159544,4.575708974363934,0.07262290771016708,1.2650666194135147,0.19172854727420213,10.915038283408494,12.235676650010337,2.477597651295051,0.5744164509179642,1.7019827988666496,0.2676969304546164,2.9041288768176385,0.10795094175360126,5.488094888372804,1.4570367920791996,1.513286276349336,3.540201755859934,3.0647532715702486,6.75599213949293,0.21790635123129473,0.40104954739373594,0.4419181068357337,2.5071952457144087,0.6972973382534075,0.21298049616749462,-0.1913854562873742,1.124519387028908,0.6443186039586867,-0.6575121782752058,-0.10119017805426542,-0.6986771016145218,0.8215396277929413,-1.4363299206397198,-0.11611637008342027,5.261200446246729,4.044982533276677,-0.20269721170399974
003,seed3,28,97212,1173.9762496948242,0.4895110109737071,0.4996441986333541,0.20172120713258657,-0.2950408831720151,0.11992852293107022,0.04334476981130288,0.9396004413069197,0.5124849035604918,0.9272964102089801,1.7055164085173444,1.1790243254274027,0.6449534110357353,2.384684312114416,1.9742117250520868,4.623971899503906,0.5117858770179504,0.44138832031195263,0.069140569876333,0.9344974452330009,0.8886298258531915,3.7851555459837263,0.6383227915795657,0.5063751001161347,2.3781113749391736,4.283576125727293,-0.13320971868645892,0.6071144163965062,0.38247323842598996,-2.0521807417680287,4.192367736139592,0.08187632823876226,1.0391756526800404,-0.17154156061637507,10.014406659054451,11.14773457674891,2.1796240502809803,0.6715202312706048,1.3371177341630125,0.43154422502023243,2.761500508171583,0.1542103290362899,4.624298930347901,1.429445848190641,1.4444040243578107,2.9893052615643834,2.437732092511409,5.970962753432437,0.20818389283811012,0.4283486518910254,0.40318713556968433,2.4469841249963475,0.7418743350989365,0.21802476051487304,-0.3394284183371997,1.0964579562707202,0.6394621140731759,-0.8229811291872435,0.018816443963219992,-0.7651388804566612,0.8049586231196391,-1.1213112582225253,-0.13863626842031157,4.554772718028385,3.5209645035137,-0.20833191589081607
003,seed3,29,100812,1168.656394958496,0.5373367773449323,0.521047877602211,0.2573325368137358,-0.26249586226935734,0.1368087688211162,0.05431016703709985,0.9394295577811731,0.5094986311689306,0.9118120351232927,1.7036681976678283,1.1427596283788277,0.7469362777018572,2.936930908710166,2.054331369871109,4.756622730089896,0.5642593294314927,0.926629104692083,0.0548411808923113,0.905801886936518,1.007130657563867,5.006310843837735,0.6401411272400678,0.512353378528355,2.7929455953282867,4.352264337880787,0.04136963150589215,0.6213378379763401,0.4438582002543241,-2.4882799747658892,4.808197411386898,0.09039478981691873,1.157044982939659,0.10537815590833666,10.312659428206928,11.627743966146353,2.7091330304246948,0.42312182229940354,1.8742822145967009,0.2098009995506636,2.964033481983104,-0.07805426199321341,4.776022604725681,1.063359043820011,1.3922987254289025,2.8189486483078396,3.4635604341152253,5.5950142966073475,0.06806871555798535,0.4205444828543987,0.29381258660570997,2.430583227508919,0.7506930932388403,0.1501733746940781,-0.616461995266191,1.1134070986005993,0.6554633955260669,-0.5926656601928164,-0.14686817837651078,-0.829699424621783,0.8048811845663525,-1.2800382961811783,-0.18128350111180783,4.598421491542557,3.731335086239458,-0.17183225594265836
003,seed3,30,104412,1172.8285517692566,0.5176325916226564,0.4953299192927739,0.23948339703748336,-0.283028630530567,0.1015748463214136,0.03747343094712225,0.9371997288935887,0.5088872372832514,0.8857121831925081,1.5704596406741111,1.04128823542866,0.6618925115033605,2.6962068674235633,1.8722915454164748,4.148084883448314,0.49942678351623876,0.857568061341,0.057859171267505255,0.8861697563099391,0.9603028835020907,4.285636729409678,0.5705071260172864,0.5203271093846086,2.5368059734345474,4.109042101851619,-0.06301556563948364,0.6122749711585783,0.44954314131101974,-2.39095156317486,4.385029867447296,0.10666672949407849,1.0373741670365282,-0.09964080437502859,9.509692809471133,10.70065225271118,2.4544701081244185,0.627143483012038,1.3644693275544046,0.2019646839149656,2.872225368658698,0.1497563416664479,4.215064825039569,1.2501695406979976,1.334611320088802,2.5455781881986823,2.8709951764671207,5.128424674974532,0.10239798178480332,0.45016879378762464,0.27837881464951,2.3877274124425214,0.7652436118453467,0.19688176753413741,-0.5009380303666904,1.0890758677926693,0.6492619737732159,-0.8465284340549664,-0.10499054540352604,-0.8315028703498981,0.8080301040377926,-1.153846173319098,-0.21626079060074627,4.019634097757305,3.281554074125714,-0.2982751821447947
003,seed3,31,108012,1163.5787825584412,0.5167312577542805,0.47707396482278974,0.2365953347851546,-0.2910801050997106,0.07963521547173966,0.02549189804609927,0.9359672959876505,0.5122473427827564,0.8390696915431206,1.4558434294925515,0.9949435077348527,0.6360118809348424,2.7202938068913003,1.8249150907036817,3.8288993641109457,0.5485536140240467,0.8019723653048997,0.03179020149887157,0.8458188727930778,1.0069340122286903,4.676858738572674,0.5638602901864979,0.5247110792097682,2.571746759935735,4.01368787362797,0.011427660644726566,0.6158838518446984,0.44316347283199853,-2.481062031872057,4.606050463321705,0.1316251515119733,1.1855722978493506,0.06451989708637208,9.400650751233183,10.72445874239464,2.540330102838342,0.5454142161417089,1.6715694461834247,0.4353017750364646,2.8760170588140657,0.1705306222223788,4.160000556975267,1.0702374478612553,1.233381436373729,2.310654288263353,3.0245114096515535,4.59705916045886,0.08976082402700408,0.465301184343998,0.24006313192250658,2.3704177998749687,0.7294140229700455,0.16486399815233435,-0.46704073180791683,1.1029743795626652,0.6566797961055943,-0.6793207467645299,-0.006009005318317807,-0.8324316891870612,0.8151970369714195,-1.2757983999822418,-0.20023894543244375,3.971062023451487,3.3219776240657635,-0.23614199177165282
003,seed3,32,111612,1161.7089614868164,0.5361064976015536,0.4754882150582996,0.2464904065475207,-0.293274652473283,0.07358009032870892,0.01866358664869968,0.9421045207805371,0.5167940600208849,0.8296339866245713,1.4093195440394588,0.9478550175645054,0.6442293973291734,2.684106531612423,1.734287701453493,3.6307931256588883,0.6285263953063619,0.7220810122435275,0.011668462978654127,0.8320789550309651,1.0137525480826535,4.547729843671287,0.5328111653397345,0.5227130092516811,2.4359821560531154,3.9418186362412984,0.00768476881154395,0.6147597690217517,0.4855690233437874,-2.396938516024627,4.5420069868773885,0.11969489218710452,1.3829267286364018,0.05412977972111409,9.177426542973354,10.400931399923993,2.5313991712762016,0.5544737446914334,1.8003081783873873,0.3560904449863594,2.8023870917577063,0.12946106926832124,4.170350298381265,1.0286968865024484,1.2117621178719196,2.1798062906120017,2.8467334272200677,4.304271987976133,0.1306027876632499,0.4760897982700234,0.18143074537779133,2.3789820279721225,0.7523663629954694,0.18957950008851276,-0.3894729344629876,1.115670124171115,0.6565955389159293,-0.564403094823888,0.03826029028625396,-0.6882872897879484,0.8164858082146611,-1.2888589187836845,-0.15527073972679345,3.6496507393595206,3.3701747583306423,-0.13255866931065713
003,seed3,33,115212,1170.3667035102844,0.5861275149575461,0.4993956804195164,0.26795928453037293,-0.2968207921624976,0.08516257682673066,0.01874476366531335,0.9320966617886919,0.527185117368213,0.7904561801064027,1.420624944999596,0.9406913292984288,0.7020504503675261,2.8966627914782186,1.7132635732676373,3.652949534259203,0.5699730848220463,0.800441392233479,0.023915842672649176,0.8353250949980686,1.0508852713939154,5.0687002375816785,0.5024036678108716,0.5212591273603969,2.4542395448078302,4.0995086727423615,-0.01772325491914465,0.6223571749478993,0.5023438250647262,-2.590037309602869,4.935341792748,0.1019476459228296,1.188634302828787,0.13173073852562633,9.30418911348465,10.595870618579776,2.8947773716356453,0.6258134358488983,1.7186208391510558,0.3944330692314995,3.0069321414792904,0.05736142995134529,3.8480148433256036,0.7107232736854296,1.155050846388127,2.1744575304946707,3.426227537290739,4.027426992627673,0.13189728985503313,0.49782636874793273,0.14698777192290766,2.420409884997225,0.7332345502444604,0.19289733325822303,-0.34405651041975416,1.1322429513540904,0.6652647290776655,-0.4837858282891442,-0.11686429629014673,-0.5584985524207843,0.8539103656105606,-1.4154657305891938,-0.06969827200944781,3.6763888829454094,3.426409173911221,-0.008682003843993797
003,seed3,34,118812,1174.6678643226624,0.6811286083438884,0.5394282951655448,0.3360826575742412,-0.27943571649051435,0.12274631968810483,0.038226296890479336,0.9235381523711702,0.538984896662295,0.7400902935958322,1.462796846370506,0.9390713544707021,0.8945093140161476,3.2704811382172325,1.7506519425825529,3.8570925795697,0.5396145905881726,0.8483634069288903,0.030284061506710952,0.8387893394220892,1.0674261091734913,5.752158115495558,0.5619232365618048,0.5271853343766421,2.7039667683595474,4.307234335673428,-0.1636996891184861,0.6306533224522892,0.4988070233076818,-2.7914205897576814,5.328597516790175,0.10574957406011438,1.073886291997197,0.04256029590291741,9.565386454955041,10.898741354083901,3.0636721040881074,0.6142722861825417,1.981379815404348,0.4250643315575756,3.0136716281893134,-0.04594106443158953,4.082801448022116,0.685715632938015,1.114046816843947,2.2115686266004895,4.147993577444878,4.042206051966144,0.07627929656149247,0.4940304140009415,0.12258057165001024,2.4144433732254686,0.719060024894947,0.15165121748695667,-0.33172229566962863,1.1681591979083936,0.6721530659531144,-0.45008102405580414,-0.17218807605792327,-0.7235855696520914,0.8525245269797948,-1.645993860004489,-0.13881319207293108,3.8286827249602307,3.4349430199578497,0.023348852454908454
003,seed3,35,122412,1170.5867352485657,0.7488437471456417,0.5583014733957731,0.3772826586223913,-0.27823794432234766,0.14498605107734763,0.04713342467395816,0.9240502823164864,0.5532908780565524,0.6824502931540604,1.456003559202772,0.9265766715278356,1.0085801626097146,3.4930851297716816,1.816858988599587,3.9046090338387662,0.5093112489673756,0.8622654986801761,0.022816692233438428,0.8516977693981151,1.1075006742455757,6.089369996528819,0.5319171762547292,0.5263797160941039,2.8196235915954784,4.485835176980544,-0.3419615831139969,0.6395827684721983,0.43976856601253733,-3.32406755309539,5.811224691443476,0.0697659604660407,1.0258109835748332,0.2583904821857309,9.671255375371262,11.175295232618733,3.2867922819746287,0.8590037486909265,2.0691117874022695,0.471773905146261,3.149809823533838,0.020779345064505725,3.926632225724814,0.5873537253160891,1.047627517082418,2.213564380603596,4.776980561595755,3.9281993178798884,0.049840274115627574,0.49918907540185115,0.08938962048450723,2.434964241511738,0.7023655923008505,0.06069323866526063,-0.3014558512991329,1.1627555148176631,0.681168295045728,-0.38409789364619296,-0.19839545985974916,-0.6339173658235077,0.8768649238480797,-1.751804823089534,-0.1496248649577644,4.227306055657106,3.358587212313521,-0.08287371127206548
003,seed3,36,126012,1167.1255741119385,0.8171802776564834,0.5726510920713687,0.4220063316765291,-0.2724860072756915,0.17071636332278678,0.06052544692205031,0.9157832896007526,0.5696621214881658,0.657492553734869,1.4505463531366765,0.864646844449475,1.1224960692428394,3.624444962143146,1.7676502938969139,3.8953614387588815,0.5598758114501673,0.8495421788830876,0.003531805821523131,0.8553979717007736,1.1391626179378467,6.44861937406496,0.5599285966463209,0.5305850155459831,2.84103018953183,4.590069444794285,-0.34569691437704353,0.64350338020309,0.3726932309226998,-3.6256139764967443,6.194353924010494,0.05373028338190859,1.2144596138992902,0.3463497219408715,9.831021324009601,11.308236937450399,3.4868235186324257,0.9444203534878981,2.184464040110074,0.44538995136522036,3.1564532795778883,0.05358259301346405,3.9679462161107595,0.6460858200922797,1.0037218878641712,2.235540292470816,5.078310339262769,3.8514493741865645,0.059400542916308745,0.5033055909072925,0.07290000760803142,2.3724276944694114,0.7107606793625278,-0.021185244527521418,-0.2521041980961367,1.1884441149281857,0.6835863577660519,-0.21792135352813596,-0.14517769088081225,-0.6621189712913893,0.8895074312404655,-1.8656603527870468,-0.15409198038106997,4.492256764921162,3.283743674431872,-0.0816416900648357
003,seed3,37,129612,1167.4171404838562,0.7834734550592617,0.533592139664553,0.3736848973075596,-0.30730988323873704,0.1353920371535683,0.040126732994909514,0.9091909285013444,0.5839873465450401,0.6412236172261058,1.3481154590016475,0.7885219525362464,1.0025319830750228,3.3128803964123996,1.517274100866644,3.243381498014882,0.4422370254955898,0.735309277688977,0.0181976198554307,0.8546876149268852,1.0749847402048571,5.936586686621373,0.5457156332937262,0.5350204866304096,2.5712923116434143,4.266647362984438,-0.16352371119577783,0.6321086818161169,0.34306688404535146,-3.3147143928255804,5.723766643249387,0.09431140326241073,0.970164440976043,0.3358766465364166,9.338583449214624,10.700767431128384,3.138106777709372,0.830830901463974,1.8666885111437959,0.35737034897808406,3.024254545786557,0.07484425490838911,3.477629285090015,0.6333496469261921,0.9755632552961673,2.054349532232577,4.4175317404074645,3.470943894627239,0.10083357526275447,0.514525333076364,0.06090587987156336,2.3187114548117256,0.7075582491929531,0.013572416476585351,-0.23346778321285458,1.1775045336671996,0.6734556394901731,-0.24194206237525256,-0.08989740243160921,-0.6576957156310511,0.9039894145447115,-1.6705043629834755,-0.1407299613736001,4.112159230684682,3.113498679818857,-0.05068162884024323
003,seed3,38,133212,1168.285635471344,0.854546955391009,0.5757079907964247,0.39978115774696243,-0.30672369804733446,0.14463650997839902,0.04535573158247036,0.9073291460620484,0.599503944265616,0.6222686534230959,1.4559067189041137,0.888787518461238,1.0574403449857153,3.7869351454480795,1.6013225059667167,3.8178125014259834,0.49486080954470885,1.0312691270786798,0.0015102735657445809,0.8687195106970093,1.1122430407110748,6.856459657035857,0.5669174828301488,0.5350807943256073,2.933500486016723,4.733422652573743,-0.18973013524695248,0.6487252838563448,0.4123964271786507,-3.49346646046832,6.708459610566845,0.05527013635724951,1.1978063600214783,0.4348650194037001,10.201763679307787,11.707735682023113,3.8447375202661527,0.746683494875856,2.3698930402820473,0.45581012470130194,3.387514502170073,-0.2276240625045022,3.799953077811779,0.3360682618190852,0.9827919624117085,2.181030498165379,5.495680954330779,3.446283956142381,0.013857228838588288,0.5089251093597096,0.013050654153472932,2.4304148084982415,0.7251605030304873,-0.07752024629923493,-0.23367998384515853,1.2558585821147759,0.6901834888452205,-0.03280353005854387,-0.15352919850778252,-0.6421777478047354,0.9289866134997113,-1.98587999062003,-0.10085905986060918,4.269926293529654,3.4683188503507028,0.043743753475502786
003,seed3,39,136812,1176.377079963684,0.8733519982904392,0.565758435483791,0.4004501022976764,-0.30228534182984906,0.14124936297671303,0.04555355195140708,0.9042553211756736,0.6158293724575127,0.6025656170544347,1.42443357204286,0.847699392010133,1.0643131949854874,3.7363521632705594,1.4778930159811423,3.5799556943712414,0.41981681581068636,1.0535882136167734,0.018574071911970975,0.8651530720217309,1.1002069894900293,6.759109885083468,0.5754123357477909,0.538080146488123,2.9274415707292682,4.684376660344966,-0.170001246099854,0.6460903499755962,0.36823251004504604,-3.468676769813863,6.6390032442327955,0.08198395200053099,0.9905840055799496,0.49437726988255243,10.113171984510297,11.553126481283408,3.6606197678064576,0.9518896400907426,2.166731055253128,0.41191035384538643,3.2258792090529367,-0.12121794297480487,3.571832135823509,0.39633679141032513,0.9437750629712152,2.1314947042911316,5.398537145492702,3.3080531195066785,-0.035558399831175966,0.5200366297402211,-0.014126406444844712,2.3568929543219648,0.7130490109662883,-0.06825621042760018,-0.2894842026827468,1.2732817571329869,0.6881501898057139,0.044645373138370484,-0.13396628748446454,-0.7153662747291518,0.9276317499509537,-2.0567804764814994,-0.16858216725500452,4.186142693085651,3.2234837562107996,-0.15414182630202644
003,seed3,40,140412,1163.0900859832764,0.8850654508360194,0.5528092293852673,0.3881319891694547,-0.3175797030727389,0.12578849864536368,0.038620560294157454,0.8894979200848403,0.6331050396894639,0.5859103850750369,1.3981408987483641,0.8682064686227999,1.0362083626571565,3.617863467462327,1.359071555206073,3.5218797116043947,0.4857531159425615,0.9994571909982867,0.0026702258137500947,0.8652658014505296,1.078308860949848,6.585559655222705,0.49898689089542514,0.538635556221631,2.7447207512348037,4.728954097106743,-0.0705604650806185,0.6437088758458646,0.30931373199299145,-3.3872882701342197,6.622860631586445,0.06325977145013484,1.2663800824742641,0.5515297838450886,10.012640806473533,11.478238456180621,3.4114735219049193,0.9730718051727546,1.993449908534391,0.5257698630156585,3.090498188843669,-0.1589092772709212,3.290482107442549,0.27167078089383156,0.9639490279775678,2.083907615264358,5.236826204316231,3.1566175878985163,-0.011439307173209845,0.5288963028457759,-0.025197615270072624,2.434679572207777,0.7175066886959279,-0.07746945766469074,-0.25142022362395455,1.3128042018535133,0.6848639897866516,0.01904015528815916,-0.13914666310168372,-0.60335474697974,0.9269068141868299,-1.9535694518540834,-0.1612967801252669,4.0819914940636135,3.261211714790792,0.02156560499245791
003,seed3,41,144012,1163.148293018341,0.8919808342904348,0.5429964827236531,0.3663876204692507,-0.3235223199279291,0.10903360803864612,0.027803916978551103,0.8867188698722593,0.6525143057784459,0.5613153872998875,1.3768262384230743,0.8735561024203818,0.9873996005243647,3.60988293016341,1.2580598140241883,3.410673558786965,0.45101341715337795,1.0536068083411692,-0.0008204504345977361,0.8656839199926079,1.0966720160142578,6.761357580702436,0.5280518777368477,0.5428426837048722,2.7045922926491057,4.798460921361505,-0.07103871077394948,0.644951823109505,0.27433595997050525,-3.365552618747392,6.777316660059606,0.07759018662984662,1.3241070274508369,0.6115559071247192,10.14954133687228,11.512050411187307,3.6105581972493566,0.8523538460995229,2.2394568641462125,0.6321998218738218,3.255595015997814,-0.3413739105263745,3.2804857105504173,0.13038393609058915,0.9286110244535024,2.064124751025126,5.303812957724948,2.9554968956105903,-0.022565468750288833,0.5310158707595453,-0.05415656401252318,2.4258216669896076,0.706230397530781,-0.1289597358234742,-0.23111072814835742,1.3241879440156425,0.6860258780297114,0.39173047946272427,-0.014902439415621985,-0.6137368717845791,0.9384748876869846,-1.935797452178657,-0.11326758721436876,4.108991785423996,3.299879121733248,0.06738866421545986
003,seed3,42,147612,1161.3737120628357,0.9868135715774327,0.5711875782153975,0.43606793696077467,-0.3031884012342876,0.1501420524047934,0.05558474324650979,0.8810811995970403,0.6733832958345553,0.5270743463291101,1.4285552208157495,0.8862488784592297,1.1535640255327742,3.738760947294307,1.1574674511548866,3.6811285921668713,0.49205060076414475,1.1946985175593543,0.002088755416533958,0.8635262607352682,1.098299936677656,6.848325694493886,0.5511341899645356,0.5459127270496784,2.7479096153917224,5.017356611681835,-0.10156482106211771,0.6503760792001119,0.283462881027377,-3.2419968095556224,7.190797159029817,0.07561412834184689,1.4420830047998454,0.6070829173693107,10.136610817527153,11.571912241998636,3.753080558141772,0.8727412154991857,2.119612926027692,0.5444383951185281,3.3411479260068484,-0.37740604202630307,3.2102585703353803,0.09494781933879529,0.8657001974165853,2.1211426055933327,5.59490088326682,2.841571104912208,-0.034959682277326355,0.5152854519785768,-0.07432173648323702,2.4221441173378135,0.7097905042848645,-0.17995681281365586,-0.19265058876233057,1.3333519888864493,0.6898415373081546,0.3102359712714343,-0.13252093624132677,-0.6376365959748664,0.9486699662950205,-2.0095470952679566,-0.17376158902639244,4.03846610406951,3.2430484096068035,0.09682465972694994
003,seed3,43,151212,1165.2207741737366,1.0988615035693092,0.6255467998924857,0.512369955397587,-0.277327463246248,0.18960403612804377,0.08980387446976887,0.8855384692465744,0.6896206153335824,0.5228823883798529,1.5451819681696821,0.8664392628136852,1.3279564402416546,4.067506689978269,1.1632644845179863,4.051241328939985,0.5047491519416998,1.3940005595563274,-0.0030976155635516456,0.8729727837506388,1.1304845009265196,7.445505551320334,0.7083806651946022,0.5482215746732148,3.0663568075564824,5.209675257573686,-0.011235389995433744,0.6617830736602653,0.28772091564856767,-2.9301093894096293,8.04671195698999,0.09510567318556566,1.5611158161141725,0.6390325334328981,10.91197706176286,12.337122338170627,3.9366690748374635,0.873395565254609,2.305269618422567,0.47146366019406283,3.3551767358763067,-0.5149898949122348,3.3375397951801693,0.04155431989215605,0.859240706505369,2.2561824805741346,6.207258046790504,2.7327472481299457,-0.10319892659911878,0.5069016278652285,-0.1391235649153022,2.3069263864960448,0.7305295863621527,-0.2738880964962171,-0.26285974818918645,1.4036094159998935,0.6982359455061375,0.144664103337704,-0.27385368940972094,-0.7432936025003793,0.9465314722849876,-2.3145589447396446,-0.16551478215897408,3.785164627251467,3.378394159319424,0.1308059951242776
003,seed3,44,154812,1165.6916580200195,1.0460098378169704,0.5918210544264098,0.45203030612261286,-0.31054220173170305,0.14601344700196991,0.06063302354559659,0.8821565100226948,0.694261503108033,0.5132560749315422,1.4708468631169551,0.8615216517118751,1.1863801576790123,3.8086054273517624,1.0434435021375,3.6339403272271387,0.4900463683261367,1.2153648150003489,5.48685677551663e-05,0.8748171235791223,1.076252020056564,6.990842540635764,0.7372627519978527,0.5503269171470456,2.8156948929693297,5.092548413756052,-0.06113835844977344,0.6533521634469716,0.22000461557980147,-2.895254356771729,7.6546275557235814,0.09544390669912033,1.5157012212441623,0.6476068275315139,10.561805613848396,11.844924624121637,3.556641312981841,0.9796351262276873,2.169765775730281,0.6538936522387983,3.1712765110675996,-0.4065187933780166,3.1673461695031193,0.18494637724631868,0.8900797171879251,2.2189138843866525,5.714130163579802,2.5170058083961884,-0.04612344539027308,0.5161850807016093,-0.12664210078280486,2.3579627351119927,0.7553518383303882,-0.2093386013402304,-0.1944116193936148,1.3947543666752855,0.6890131913509151,0.34580728773569536,-0.08765668993436823,-0.6322393572133457,0.9306260726065858,-2.0600841596989157,-0.07975259062197673,3.5942683646352234,3.244879478066042,0.1859958510888687
003,seed3,45,158412,1167.5395050048828,1.1102193583892284,0.6295932428723723,0.48955623569585616,-0.2974866565738336,0.16580565529992114,0.08313737655736554,0.8775539279579546,0.6994655510358997,0.5062056758338017,1.5536099299372548,0.8597344924016538,1.2629171799124645,4.00631520118403,1.0994762718465514,3.9251777904076457,0.507657437318516,1.39792823036449,-0.003694489746257099,0.88200442393849,1.083552084194363,7.261923551285501,0.823186257728679,0.5513454284905178,3.0025389232547433,5.241178215549801,-0.04423458494097701,0.6617765865633561,0.20416379630883782,-2.9210650587036002,8.27607598996459,0.08238258041053122,1.6253387810331563,0.7204811083621416,10.974886827113497,12.395380644140387,3.7141508423614567,0.8772279296866273,2.243556362279249,0.6122264897515713,3.2041298771488913,-0.5851195507682492,3.259168434063755,0.03816475889824762,0.8534319144683292,2.297919428868971,6.184616381191389,2.5490261162718078,-0.07427723455981665,0.504492777926478,-0.1447425023714198,2.3065482948787994,0.7459059566472516,-0.27620093105569965,-0.2053695514140927,1.4355046774717237,0.6956459845891596,0.33363827736231266,-0.20138933510840795,-0.6358932729381911,0.9320883921844867,-2.215874093390577,-0.0825010500461951,3.6032972389716287,3.2869138329207024,0.12471061629353716
003,seed3,46,162012,1181.6246256828308,1.135328153840868,0.6346840984521397,0.5097819388853392,-0.2854523640330403,0.17166826520380546,0.09190317199435122,0.8761672463558031,0.703974076993208,0.5009048036361486,1.5539899254911393,0.7914650153371661,1.2992979726615594,3.9404507744638666,1.0253747108286886,3.7545820388524622,0.46946409676702255,1.3787049589324367,0.010776081483269941,0.8857471433194319,1.051024389592955,7.123782661927814,0.8450296483823484,0.5548981953525318,2.955050396217415,5.203436553436131,-0.03179748458026904,0.6581043323851998,0.1859143563233597,-3.0238514136242305,8.187507718212546,0.10355938668367769,1.4940215029485007,0.8000132959327082,10.947495778800658,12.298083252003273,3.632935075655196,0.9375251347465254,2.2582446601994652,0.4803651288139955,3.2033819431543664,-0.5311220343708873,3.224856006990487,0.1269716623657326,0.8563523031043843,2.348067874987655,5.976301832680235,2.4619326784512263,-0.09202552059431329,0.5047192036645066,-0.14184654945567857,2.2111069461003203,0.7511403297908584,-0.25956417247969477,-0.2548920941069976,1.43430596823471,0.6915566607268628,0.31573820052941803,-0.20289340655579918,-0.6896064942124207,0.928221057018397,-2.1728314905846124,-0.1243185934122197,3.581792739556833,3.2078720730339465,0.08950223392928364
003,seed3,47,165612,1166.1481256484985,1.2145705203179986,0.6704672917071424,0.5797672240481154,-0.263222417372998,0.20517546724194127,0.12584789406867758,0.8738048400095666,0.7086519054352887,0.4863927033566449,1.6216126083424791,0.7723352743763752,1.4401295644272314,4.147239551224731,1.1751474319850719,4.077127713551631,0.5418910816762884,1.4621012451000504,-0.0005877369187651108,0.8948694076113939,1.0516586897041849,7.200099664535215,0.8499177700530575,0.55652405655266,3.149569268466839,5.405095688993273,-0.17143935579327027,0.6687407722234231,0.22868652902782238,-2.9977063799143253,8.9547982942736,0.113029066335289,1.6997359540612735,0.7914626851209732,11.181988602677224,12.674965196893128,3.8491786581622587,0.9382376458937702,2.412571078243384,0.4762142135872846,3.257134243598707,-0.5199963987030692,3.4196590318025155,0.08060926902179702,0.8499213337748698,2.466394589637146,6.605667094180205,2.487059081595492,-0.15771253830725954,0.49702302337541454,-0.13984193048157878,2.1344297271060206,0.7592017922593711,-0.3390178858666149,-0.3253687351302021,1.4542816798121518,0.6994560333739983,0.14682890979786917,-0.2408329613265648,-0.6567468214451553,0.9295446647231657,-2.3243863185437217,-0.15408799087083944,3.5621952786806528,3.2333686366433794,-0.019395536772793598
003,seed3,48,169212,1171.681719303131,1.1298168010607206,0.6188054571171442,0.4915858097460681,-0.30294907507312263,0.1477229189629099,0.08563506440250385,0.8692356238102906,0.7133725406244222,0.47932135868021875,1.5130397202261696,0.7930756475398137,1.2410684084483414,3.83895057640149,1.0892624310597803,3.594159029355004,0.5451986499627953,1.257358491019748,-0.007310471818089017,0.8889053335302248,0.9982809632974687,6.8188198923696755,0.8041499321937339,0.5589772094721195,2.918739192176762,5.238858479775499,-0.20255016436616774,0.6585346943353938,0.15871054040082727,-2.9165266277348976,8.455588430650185,0.09335226686517312,1.7666086714395206,0.8651347160906416,10.889544109157422,12.252205184589807,3.4953389882283634,1.0329547266034493,2.0419490004516083,0.5828414195971793,3.0742603192989417,-0.3606844428398065,3.001714618531916,0.1518360043113782,0.8674220504427256,2.3562594648685704,5.995347622242936,2.2784438631672033,-0.13061195834162026,0.5021268839491261,-0.12161188978662002,2.209451097611573,0.7523838203170448,-0.3639526684735479,-0.33396297120890417,1.4674393616614387,0.6903497127065596,0.15045218258831672,-0.2236832298496365,-0.6335541392705516,0.9175286351606228,-2.0640963544766584,-0.1909468298864765,3.431084080175245,3.00964455295234,-0.04833726031060608
003,seed3,49,172812,1166.0327243804932,1.0907450018064235,0.5929314081288681,0.44753013655195967,-0.3208404760299788,0.11736119918486326,0.06452726216810992,0.8649266698878212,0.7184855910208614,0.47356449350725655,1.4545054619842506,0.7883000149979296,1.1312238899970812,3.563946213725559,0.9515374686725616,3.2796965307125445,0.4971105277536684,1.1684074581804296,0.0033946388750698197,0.8829806235600803,0.9765591506725233,6.499976342932037,0.7885591894153108,0.5599814978300306,2.604890457308639,5.072690463609394,-0.045297579589137084,0.6484005907082857,0.13430693583664155,-2.8767941302978484,7.912677923103487,0.09833678803157211,1.6568034382431145,0.8520883386494614,10.58031990296193,11.700939094698915,3.1157323571543634,0.9468782522865385,1.9521139997530987,0.5827323438778284,2.85834813302295,-0.40477816430062125,2.8588327063102894,0.16348678224013583,0.8779469519712763,2.297000195877433,5.3929093706682645,2.1018849682197285,-0.0601182261103977,0.5052226749084755,-0.15166397510562415,2.2832797048239275,0.7483727551723512,-0.24863748129421065,-0.25914894814475314,1.4670697356663045,0.6800362307047433,0.4793267134642348,-0.08456264437406695,-0.5022520238362183,0.9007832973204741,-1.7926347745426627,-0.03969798299065602,3.28463024286997,3.000487729455777,0.15691881441693184
003,seed3,50,176412,1158.8479890823364,1.1027496537355241,0.5970285081165843,0.44628027156752537,-0.3246528679297429,0.1150993183449265,0.06609364783186812,0.8580516021861468,0.7221782867024923,0.46964766600817676,1.4684721250472599,0.8102344416970901,1.119708748810909,3.5626306949473885,0.9598046263196689,3.3873560418957385,0.5330249379027794,1.222290201139782,-0.005776380038392257,0.8863343928520788,0.9657811422827872,6.4819580466689315,0.7711165923271948,0.5627195792310793,2.6088608055695266,5.134679428679965,-0.04164837389050038,0.6491561279040549,0.11096904967599427,-3.00689443738659,8.046434715042928,0.07281819669269315,1.833380446802663,0.8738162163267206,10.611496351234068,11.776715055455538,3.1046832685513666,0.9045040579646569,2.0127060722410737,0.6252295153483396,2.8229839463210595,-0.504847016392508,2.85628291867065,0.1451540590828487,0.8496097209109585,2.2998427551665994,5.401729878587678,2.038253572379682,-0.08264993492637562,0.4978593042343158,-0.15992112558980356,2.315325549452953,0.7462015073550747,-0.27152816538335517,-0.20871766116915746,1.46546236925793,0.6805537751192504,0.4373366054970785,-0.09637518607873334,-0.5514732144302946,0.8990736388044637,-1.7503724608806195,-0.07951744792151558,3.3327699326222526,3.0019918783520696,0.17829081350024412
003,seed3,51,180012,1166.380862236023,1.0706975947243913,0.5799652316299352,0.40247124657702626,-0.3364243619434436,0.08971651233298464,0.046795087813573964,0.8589007659366382,0.7254239290467647,0.4657519999991628,1.435423169018902,0.8110555616790176,1.0191554393976858,3.4311613730531145,0.9155812502519712,3.170505116793906,0.4896253291438944,1.205420183266642,0.005371868682127368,0.8799455269782359,0.9353867812843755,6.241404050572259,0.7558904071383684,0.5645122326772928,2.4928306390895854,5.042778030758136,0.007665728592718565,0.6445684655418363,0.14183050171375472,-2.8475043918110545,7.78583502201964,0.09145001557967626,1.7346674895814753,0.7744192522684298,10.362492786064983,11.428351956242167,2.991630772666871,0.9609473186038402,1.803379357671747,0.5872802348858719,2.798100702527228,-0.41933695650289216,2.6766761730318978,0.16792669813224792,0.8295408704323696,2.2510517406159813,5.124109108964318,1.9600066349107559,-0.0591826835290233,0.5001145149678013,-0.16673718739778762,2.326072419122446,0.7480631444791794,-0.21697430615993923,-0.2135959054903439,1.4597817539075937,0.6756545417130913,0.44515265029819234,-0.08973393961507488,-0.5323918304352904,0.8956791399538919,-1.6549726345522908,-0.06179238464904095,3.1656462354911197,2.9108103458606216,0.16850327422869263
003,seed3,52,183612,1169.6822896003723,1.1168310772550494,0.5868799004574681,0.46033725325686753,-0.3187555164074117,0.11892276749288799,0.07448359852869492,0.8547791040454051,0.728567818298564,0.4653933773790233,1.4383055804093885,0.7452338530916193,1.135076779562855,3.4069440185659654,0.9324946917434,3.1582586810132867,0.5588154604690615,1.1393129715402615,-0.0036086050507268637,0.8899648180348999,0.9091374007935102,6.085643950043253,0.7293836016464337,0.5675527218271346,2.499463576912608,4.999383793029566,0.050774893984050815,0.6424767028766423,0.14471539097477723,-2.7977888726650306,7.723948507739914,0.10109374479539968,1.896005033385669,0.7592838171506627,10.359680453704181,11.481652788902876,2.86024444142038,0.9227334847123586,1.7360949392564216,0.4849162705308672,2.7099187509833618,-0.4612185676841622,2.618634433667489,0.22908582068587227,0.8850348262601803,2.3134279394291095,5.036542117342692,1.9203025504865978,-0.08496800925678975,0.4960339343101664,-0.16707765394516993,2.2167044306759975,0.7712953436075375,-0.2338294060176885,-0.295291164692066,1.4731066084241273,0.6743930497254539,0.34935820296230113,-0.11820099576581924,-0.6494811138507,0.896092099489466,-1.6442086969686422,-0.1364069618850552,3.070625417953633,2.909276544204774,0.13331467612555611
003,seed3,53,187212,1161.4555940628052,1.1361975222221323,0.5935404175292159,0.46917453948934273,-0.31114657563421366,0.12296955977326991,0.08025282636959513,0.8506728061589821,0.7315539696599369,0.4556884900651111,1.4536908125898826,0.7518135254815912,1.1484425561465361,3.444150872852094,1.0083576979860003,3.2637152179405553,0.5550764182531072,1.1927159407450625,-0.0028746248483541557,0.8882390316357467,0.9173070863761679,6.173545884945038,0.728496593025083,0.5685705860708574,2.5592410628806235,5.0627656795534,-0.049809385631614495,0.6466469907443376,0.12842088514433528,-2.8993524672343045,8.056712409206465,0.09285713081996917,1.9013941812089203,0.8365836246893024,10.531291007958147,11.685854251344331,2.892619624883964,0.8517776985488698,1.899145695121737,0.3814112410993246,2.683989871685857,-0.5070026854224646,2.759076415478729,0.15754564460076245,0.8660045476324206,2.338383234269147,5.254012868698645,1.925946742082142,-0.09392073088439543,0.4917565730689081,-0.162488890053386,2.2073167770721938,0.7520309884655941,-0.27894859093834934,-0.28223202176855156,1.4919322715268355,0.6776379967853685,0.37998334257080363,-0.14362556123335868,-0.5514757578848843,0.8982694634892585,-1.6672546690439831,-0.11401794007211978,3.1131971945409322,2.919297052349834,0.11715661708528968
003,seed3,54,190812,1162.5908780097961,1.0903776502748967,0.5666894385349368,0.420992875554545,-0.3322371087124056,0.09662109953084927,0.05877523972571687,0.8502938663254358,0.73457730284675,0.45144856994236654,1.3990196346472585,0.7543154912906708,1.0352547827946368,3.2739600542063676,0.96847692923715,3.03144489606602,0.5604172531635085,1.1291081303650607,-0.010883716427992358,0.8890646882125289,0.8887143213237109,5.876127875499469,0.717579568964371,0.5706919108279793,2.418659650027381,4.944572782756738,0.030349253013498546,0.6409868847488345,0.15148078801922682,-2.851080913251554,7.7008197705901456,0.09714879004400409,1.9838882526175958,0.7833848444956262,10.187492767549617,11.213364601969698,2.785513596975331,0.9067503487061818,1.7103365805590665,0.4605723876067474,2.6790856466702238,-0.4978381696652645,2.559266168950546,0.19165676489651431,0.8619534225914713,2.27237084833453,4.898418936957544,1.8458226743806136,-0.07122163499139789,0.4946186743164499,-0.16361648650626243,2.2343486107644996,0.7628352664357462,-0.2313496202040168,-0.2815582725462027,1.4627293750091321,0.6731454854968019,0.32057274242287603,-0.10030677279428146,-0.5872653515990559,0.9021133683687759,-1.5737023509665231,-0.09528912901483982,3.0005532326717947,2.796092515414365,0.07914419879856868
003,seed3,55,194412,1161.2927765846252,1.1162733765837933,0.5800314198685385,0.4277895652366072,-0.3278895715004283,0.09970328533551276,0.06245180319085153,0.8492689126479891,0.7377079275583307,0.44134168961019504,1.4354768461277179,0.7900222833275888,1.044978259800894,3.3388979484444237,0.9686591274897203,3.185569889226226,0.5398516794113716,1.2041858217188397,-0.0018308203104375218,0.8883266497452469,0.8825934446809959,5.916251947356959,0.7070281537876811,0.5718605210467911,2.4517130776236735,5.049798394633708,0.016504126029731267,0.6437532085004352,0.16528039951368562,-2.962502567005704,7.906569287942946,0.08798334071553376,1.9335636934696607,0.834633297869618,10.264823613208609,11.308758603572207,2.89603590966708,0.8190880120144002,1.7817963006346014,0.45456638939339755,2.7102351145656067,-0.558483616681608,2.6379719279640277,0.1622095478158537,0.8462652013364548,2.3243000314353957,5.055690169120989,1.832170955920048,-0.0849174830456173,0.4862391914995697,-0.18207364357884512,2.2892536250327327,0.7573808657853437,-0.26931077343442905,-0.2603274956347738,1.4779045256184837,0.6740964106171704,0.42228854115926934,-0.10280817658646499,-0.596841303410127,0.8993433257319478,-1.5711529274902067,-0.07661121136781918,3.0380550168157066,2.827326646478538,0.15492526492807593
003,seed3,56,198012,1152.6911792755127,1.112241912536593,0.5674438483463164,0.4268417260810216,-0.33135600992188285,0.09925016703161978,0.06355207325375611,0.8429067921725291,0.7407736346463385,0.4325057656704106,1.4079013835233165,0.7604425306208232,1.034969812292057,3.225444458241057,0.9475322212777346,3.103519084828156,0.5744435175457221,1.1710820383498246,-0.009422443274471275,0.8818229422356867,0.8648079580068677,5.756231115720636,0.6776052740301767,0.5737031968614673,2.3363224966271674,4.997044206719882,0.10943266142092047,0.6411145397760336,0.13116496966986718,-3.0911908878158814,7.7945233742301525,0.06829355237976835,2.089382060952435,0.8303217376120618,10.084120353201506,11.135393751491682,2.7644970323187525,0.7546199540269689,1.7653259490922513,0.4955193262598358,2.6189937512354144,-0.5696761971022297,2.57168795404689,0.103214836695657,0.835714820659039,2.2937013446898478,4.887894231612079,1.7573868253659608,-0.057851380127788815,0.4831879800113549,-0.17870200454728474,2.260450803284845,0.7414783536344794,-0.2559769175328872,-0.24936590079065893,1.4763813418608076,0.6720713309149275,0.4671391271334561,-0.07023462230405363,-0.516768654690033,0.9037441866739747,-1.4883438287470374,-0.054414213194913706,3.072513119580664,2.825507750411017,0.19043760266057808
003,seed3,57,201612,1163.238220691681,1.1226107959305525,0.5655900204652573,0.4314470688136396,-0.32509348230106977,0.10229570760213881,0.06744918589325297,0.8430573639933967,0.7433958058177665,0.4338271248357302,1.4065592697722096,0.751392428658103,1.0417527587402318,3.245313552883877,1.008213074283998,3.077443149622257,0.5615679630232169,1.1507747896770062,-0.005703645218065066,0.8875426001698244,0.8555188281481739,5.694965769349382,0.6583704284537615,0.5750494399009822,2.3913887317888034,5.018822052981317,0.03191588312352264,0.6419462175412045,0.17265244363933302,-3.0761076327830543,7.861300795974633,0.08669883132452348,2.0650988623810247,0.8532877099965761,10.091610135788024,11.157687207788031,2.8186668418197156,0.9348082485486529,1.6998121839821487,0.3912218592844447,2.702690083706744,-0.43340400523943046,2.551734265211476,0.19658926707646643,0.8449508348358864,2.3120205417265094,4.9530777919479645,1.8035931908643479,-0.08436540458676359,0.4797252526558773,-0.1719296966807,2.230640092103381,0.7529640150430835,-0.27899532342493827,-0.29310537088093547,1.4710334461996577,0.6722915317967855,0.3569174337762148,-0.1137864380600444,-0.5709003127594396,0.9055758095290848,-1.5241655682930344,-0.10618536770222278,3.039180535655822,2.70518075298331,0.12157737763551577
003,seed3,58,205212,1162.3037271499634,1.1335301468758596,0.5626414444365972,0.4429876132997441,-0.3209249559522674,0.1079896528688823,0.07394868106363754,0.8393378062315165,0.745390326662658,0.43222826265785824,1.3999745111534663,0.7443814126779845,1.0623901835927334,3.1906173495666974,0.9961938864805138,3.079990418839062,0.5902645574427381,1.1492414931972976,-0.010450692753383596,0.8860532300358177,0.8441376535564964,5.593049406266179,0.6514742122326258,0.5765710747419067,2.3334309063197356,5.0206535131033725,-0.0054727311521231455,0.6399269396282898,0.14834704452346395,-3.181399702722851,7.742432772946877,0.08078848443955552,2.1496885585501646,0.8406715286134412,9.989637542507467,11.054674390014442,2.7906895295245255,0.9675424155046946,1.6323553259812242,0.37574678929981997,2.7165198736508915,-0.37159959113987606,2.4813434445956046,0.22224670779824965,0.836968224488383,2.3008788839432093,4.836257292022443,1.8054144631210332,-0.088828783120666,0.47956730624545885,-0.16388076766840887,2.2338595159379477,0.7534445112405136,-0.26631881237417865,-0.26855330216760026,1.4611804213297588,0.67068723591972,0.3801418826515216,-0.12105804473621382,-0.5797455768268638,0.9086989425992058,-1.480280409914284,-0.11647562127668236,3.0845733464885403,2.666587177942356,0.12212197213901847
003,seed3,59,208812,1158.1977376937866,1.110598093754169,0.5503860590020443,0.4138603040878768,-0.3313641199279192,0.0914626542119548,0.059101011117442315,0.8394906163061278,0.7471031576652085,0.4262906684090213,1.379562412507331,0.7576943612890481,0.9970896576774717,3.123198415099603,0.9731969258242581,2.988186923992665,0.5617992962935802,1.1223951249683712,-0.004627268940239044,0.8851443176854004,0.8437504477315193,5.585336104312401,0.636044751111697,0.5770275484593573,2.273615235509812,4.971187510333915,0.13248397370631004,0.6389477521954839,0.16261073912549623,-3.1055679117164487,7.709477550757987,0.08483737927456049,2.080183219187646,0.8714523208084993,10.00252410658143,11.038124817514975,2.747799329776575,0.8220825272344727,1.6654726639625124,0.42647324869517056,2.6849425676968544,-0.5054587383036429,2.4341829030194555,0.13559464733639034,0.8395441750367457,2.2668933209366373,4.7632429808441925,1.7135398497086325,-0.060219139883448666,0.48005922132293755,-0.19301245365929257,2.2749531131916227,0.7545449114291592,-0.24117320027062217,-0.25348820386854254,1.4793921719676384,0.6697778262581608,0.4649821017166611,-0.07995080399783033,-0.5076109434334283,0.9092243345317416,-1.4097134734389458,-0.07237584507878354,2.9982054397439497,2.751227028598368,0.20335445337905095
003,seed3,60,212412,1160.7130451202393,1.1015355205531578,0.5346739355634373,0.4135320045533203,-0.33283687103367343,0.09135178058858552,0.05956660775436892,0.8374056870457502,0.7489527807873254,0.43126822667887144,1.3439853045904697,0.7252825373839792,0.9916559091360655,2.998218541165371,0.9436344805023087,2.8224344021723065,0.5780800636222067,1.0512130235690638,-0.008893746625368286,0.8868174715236284,0.8377699899246173,5.440542174521121,0.6094559741254907,0.5789182940756337,2.2004638802920993,4.86749921635713,0.11545523817416202,0.6337429543313844,0.13094656228137438,-3.083286559721544,7.39614351008374,0.09487909042768751,2.1353184269546106,0.9181845223339229,9.901318529447936,10.92540036822629,2.512377957165661,0.9252615300963192,1.5475192814008765,0.43873277629061047,2.5462407562950164,-0.42081051569635913,2.3317814817283002,0.2690637377569909,0.8564001893387319,2.2371045472784985,4.466572927763662,1.7269988325596208,-0.05019113649072286,0.479370971801129,-0.18305817192556842,2.249183351122983,0.7584241033254007,-0.23193887036154726,-0.2831448338917846,1.4750531594908338,0.6657161187252673,0.4564916365510615,-0.052889091497879404,-0.5567158017209916,0.9040946057931767,-1.3776033564591335,-0.08409863690187787,2.9766759699383294,2.645086708375648,0.14752761421305513
003,seed3,61,216012,1153.3346247673035,1.0782674999740578,0.5287409882960683,0.3745227704821708,-0.3505977499167038,0.07034877677335655,0.04135457635406,0.8334970609400545,0.7511160669833469,0.4235790604159711,1.3425209049469353,0.7773535961954344,0.9027805890418843,2.9666154469669506,0.9637996907933706,2.8778326683127364,0.5785831957328182,1.0886590723221305,-0.01487359919909082,0.8843758400547707,0.8263437292093347,5.399302731982827,0.6147351257857608,0.5805694289909787,2.158818453080184,4.931738433356031,0.05665647944844144,0.6345138645117351,0.13814750696220648,-3.0957453852316634,7.451833646254672,0.062450639053592605,2.196933183808147,0.8021133438602063,9.859727618625277,10.86385918677902,2.623171059733206,0.8756875109601601,1.51554807276473,0.576399983058,2.6500743731683256,-0.44005624894032663,2.3430434906180473,0.29758979589136797,0.833985298334131,2.2136196493459206,4.475334044739041,1.731487345234105,-0.05936685026362183,0.47775042132008183,-0.1694280710260855,2.324343736131391,0.7545713117633575,-0.220346920384771,-0.25358573356124214,1.4733143849385306,0.665885358956357,0.4350120759796529,0.008330860807762703,-0.5071377012337551,0.9146057291055839,-1.3507447175516827,-0.08042331327320204,2.9892458127036603,2.592391131643655,0.14984158714467466
003,seed3,62,219612,1157.4240183830261,1.0464406175986554,0.5076087839237382,0.34645227563688197,-0.35840650611339825,0.05611522710106062,0.028441394646671017,0.831533094054287,0.7529138300942461,0.41490050053689626,1.298256678668454,0.7799482152423376,0.8377747528027888,2.864014894237748,0.9262333713008121,2.7238749187579763,0.5529055701737694,1.038092109516772,-0.0068636326601302115,0.8767059594007848,0.8195418542379072,5.2816459171925185,0.5975007406049686,0.5814345718624946,2.0842205978567243,4.845790855662223,0.11266298402691681,0.6322997259289989,0.1550918719851171,-2.9619412492715145,7.316150347747286,0.08435999731658497,2.1124635610257028,0.7645420398045736,9.663815261548109,10.671998007929833,2.545237377688666,0.839290085430433,1.5615959807357451,0.4884629131102645,2.6092335835741207,-0.4164649154927905,2.2872279946735476,0.23653192646097282,0.8073660871090489,2.1553897277070995,4.32435452918265,1.604668015380942,-0.020540128450269708,0.479751954073585,-0.17335937025541118,2.327828000555873,0.7403135229340637,-0.21371287502614517,-0.2428563424175778,1.4702487536387543,0.6636839853573833,0.43497352823712754,0.0016199754831798252,-0.4882206483410057,0.9129880625032528,-1.3010444172655276,-0.08490707453650867,2.8815268435900796,2.592313132975082,0.20221188471459778
003,seed3,63,223212,1152.8706312179565,1.0838931817541204,0.5138760514822193,0.38808801341218596,-0.34466598368803325,0.07832969017102298,0.04919436928352003,0.8293504935815859,0.7545871126249137,0.4182530033129917,1.3081206085312151,0.741506689590304,0.9237700049265678,2.8943509112476082,0.953661789061176,2.777132590030977,0.6061840497970487,1.0226024527434412,-0.01365754577323309,0.8856108889459076,0.8216653632795821,5.288348085626727,0.5889451953959645,0.5828728819032162,2.1445812304467977,4.844256371585976,0.05670197253441951,0.6327716406653072,0.16338805220989946,-2.9342811317468107,7.372558103005586,0.08778697623760383,2.253576522218666,0.8460598747972796,9.71415604927865,10.770957416003563,2.531597410668346,0.8493802376725387,1.6125680066435648,0.4460152410519576,2.594074704336847,-0.4450679530110512,2.2754904357603136,0.26177315957942376,0.8290113904300922,2.1874355133722347,4.361925289830552,1.5818536327763422,-0.04943252349969532,0.4758549181328526,-0.16086158748355348,2.2625692541071696,0.7555270753021646,-0.22737742027969535,-0.29120294528559787,1.467066808699989,0.6641285844990692,0.39735147351173494,-0.042552867618869936,-0.5870335454500671,0.9105029093091286,-1.3449884355098853,-0.09308242572598008,2.825595542957591,2.6283371013696746,0.13669443370803613
003,seed3,64,226812,1155.581775188446,1.1037576554239847,0.5243365049495385,0.3945237979424291,-0.3415506731199552,0.0822280044735399,0.05232943735817938,0.8280468391249377,0.7562181729680617,0.4153845956601847,1.3373249343983264,0.7597725986833852,0.934851085543563,2.956621844270396,0.9810014081802275,2.9047883555701013,0.6033904654735501,1.0793015072361183,-0.010402793710629766,0.8885177520874904,0.8206510390334079,5.365595943680758,0.5906570573367086,0.5829107857791089,2.1875336684428697,4.947347485107188,0.08387779947432861,0.635531419991863,0.1485437049941322,-3.0769863760603546,7.575859241688949,0.08131687465878108,2.278177205720652,0.8230963068651685,9.843412592483688,10.957905406089973,2.615164478236938,0.9146030016224405,1.5662654763012953,0.46149053485671226,2.657886719287098,-0.4216438002347353,2.282797503387995,0.3004397693188813,0.8264336353092514,2.2242535526514176,4.542366443367108,1.6626640970348192,-0.052585302547420935,0.46843141133260197,-0.1722407914407286,2.270128955582505,0.75528938400904,-0.24741755885328134,-0.2852069391960316,1.479993219834694,0.6662513148919234,0.39511901997275206,-0.07573037271576144,-0.5515225571509591,0.9145841947829043,-1.3662217221762911,-0.11285346148527697,2.9257791811818867,2.5902429594163263,0.1507566428902183
003,seed3,65,230412,1155.234932422638,1.0869382500948417,0.5164383662819235,0.3739627042717835,-0.3496386055490029,0.07136274909952314,0.042762756628484874,0.8267307945646619,0.7571799541523243,0.4125031735502305,1.3237420220763116,0.7679361973238387,0.89070577487345,2.9193793433266784,0.9693033600352396,2.846419356043339,0.5928416520909499,1.0725579052466672,-0.00940728445341234,0.8855821014117145,0.8235792890462579,5.363130371848158,0.5780995275769719,0.5836208791784612,2.1535443810308603,4.911501953628653,0.082869181971501,0.6345878810934393,0.13955668741483376,-3.069763160399899,7.522911650735896,0.08169479495178533,2.259196850014038,0.8889149628124249,9.837095041595783,10.931515922679743,2.511517017657143,0.9260579281359823,1.6078007264220067,0.44726935774518206,2.603033842458086,-0.45381888072006243,2.3089903250051105,0.29655567062658594,0.8123085642510364,2.1996186680894154,4.473237117725162,1.645075112787846,-0.04864818216938606,0.4697876493845667,-0.17571635434376787,2.3056635958316805,0.7496635711982449,-0.2374134771816495,-0.2752561551969222,1.4845079817928484,0.6652734870239628,0.44823048273605226,-0.03703793268249935,-0.5282073721687078,0.9151381544017037,-1.342721604062802,-0.0690840363085482,2.9148209822274294,2.595371096630225,0.19570833732187604
003,seed3,66,234012,1156.2054290771484,1.0647572642580403,0.500441556116408,0.3590251789664868,-0.3586409727333471,0.06344837524300856,0.035939948673828964,0.8259957399243817,0.7580352797102566,0.4174399117812425,1.2887844473979309,0.7552680731667828,0.8562275554008195,2.8294540565963033,0.9417473910564302,2.7053593311691184,0.6012457119725129,1.0017682435996178,-0.011975419637143622,0.8839368657556449,0.8206017342714085,5.2983512384792455,0.5593461009650523,0.5847462790526047,2.0986194851263793,4.8263906715843365,0.0560727820085078,0.630710810408301,0.12750082934206364,-3.0558132573177015,7.268433361559275,0.07819187221578544,2.2771865661261286,0.9162174051802948,9.799415007683136,10.84908791846711,2.439378789271976,0.8957502069739747,1.5397016206188527,0.47360879736939576,2.5659284547498333,-0.41249332992498916,2.2237173745582104,0.33285803775909073,0.8311963782637538,2.158827938330224,4.23691056346036,1.6157260565547287,-0.041052318632263066,0.47138154268372634,-0.16860536201806672,2.306164026594321,0.7525837300874901,-0.22011764655013233,-0.2963264390982522,1.490770419390109,0.6622564263678001,0.4960539132953898,-0.005527250774296926,-0.5460919482253265,0.9147135296831329,-1.2995239396876859,-0.10002316311019539,2.908509751103262,2.5654450630015746,0.17646517424672084
003,seed3,67,237612,1150.9344906806946,1.0784404766480018,0.5025689276168693,0.373129013115568,-0.3516100779639846,0.07193943594501687,0.04395783073768714,0.8248888282269372,0.7589076900907666,0.41447273268564255,1.2917997192873023,0.748101791434624,0.8855609251287003,2.8405889937154445,0.9812116159715811,2.7460044897549474,0.6059407799849745,1.013533516837662,-0.01181791512944333,0.8846543373080195,0.8135508417715054,5.245769667089021,0.5825420627479627,0.5854602686714654,2.123382782941587,4.8349492080318495,0.021170821573775662,0.6325276297460286,0.15538005944780367,-3.039189113390293,7.377199663659789,0.09019038645601153,2.288337874237562,0.8312560449585444,9.713227538030788,10.828590038174635,2.536630978082794,0.8619041736897606,1.57242253912974,0.46288039285607074,2.6495259114267276,-0.43332927344762495,2.2495725184212323,0.3049459456259278,0.8094696658135471,2.1557290954264747,4.346570663239895,1.636715213360392,-0.04407475904137046,0.4697927610695829,-0.15977602984415482,2.269229618053552,0.7459068097416686,-0.23862247767597605,-0.31363124189273994,1.4776732179394017,0.6636135531730186,0.39717411021542154,-0.029391849748672406,-0.5433389387489352,0.9181143461826069,-1.3142414001003653,-0.10579780710704628,2.8975177202702325,2.5311145026894577,0.14624422813862423
003,seed3,68,241212,1153.4507145881653,1.089269295123783,0.5092788141521479,0.37376148157433897,-0.35065567878779896,0.0729519169231582,0.0449490381653245,0.8243051669937554,0.7597966179696665,0.4123484880352476,1.3102446854118408,0.7658854753848552,0.8869305590459405,2.870832808879644,0.9939279301858666,2.831388305091466,0.6077000153681696,1.0550067962804905,-0.010660763386974578,0.8863191944134943,0.8165263464046181,5.277860144550009,0.5779621504262044,0.5851274172220012,2.1228505173779464,4.894942403047367,0.01675015332920177,0.6338343399237123,0.14752764202065932,-3.1030776858472144,7.472043634236089,0.07967885815206556,2.300654632852576,0.8605405147075154,9.744154547388185,10.877200889797434,2.558705282790816,0.9108159512826924,1.5403968452666492,0.477228324773152,2.6842905294863137,-0.44732861778543526,2.240070985820528,0.332391707778438,0.8042626128199537,2.174798425686921,4.426465933009261,1.6571470812410982,-0.05262823039296048,0.46729375841276877,-0.1702413791187067,2.3061109376650752,0.745310067046103,-0.23167806033357652,-0.278485758095381,1.4748496728971734,0.6642124727921207,0.4580306955119601,-0.03383850115746964,-0.510327525098632,0.9200537019225815,-1.3136201531398348,-0.07369151157378664,2.947225596657121,2.5456656343346893,0.17746612967468522
003,seed3,69,244812,1152.9010920524597,1.0983958031155003,0.5075646731684479,0.38745830005803816,-0.34354519663035005,0.08098518197091208,0.05225822755042593,0.8243242848224693,0.7606517200159288,0.4155471206730361,1.3030642048369878,0.7337767408205531,0.9144182883355614,2.863336985576079,0.9830621854098782,2.7756594979797673,0.6124931662908727,1.0386967284916997,-0.01213661366178437,0.8851433192931333,0.8135041024689366,5.277639791993462,0.5764389336426923,0.5857354582965517,2.1561657000624037,4.829341978333302,0.06323950322246887,0.6327992931907369,0.14055078297630336,-3.1112160090723546,7.416886426652194,0.09531825150611138,2.3163425770915627,0.8975998594566175,9.778659636325534,10.918012796187625,2.5145782555172103,0.864564357825633,1.5850683416553601,0.4068829447884356,2.654213291401723,-0.4239957541555081,2.2707205860046997,0.3290781875069179,0.8067930332183298,2.1665403466896467,4.379383440928163,1.6742605989361499,-0.061903840560769564,0.46621245494191166,-0.1729973214126763,2.2477511973465565,0.7412259425405069,-0.24555827978233571,-0.331418643040058,1.4825297552258723,0.6635388002906577,0.47192471980573564,-0.04596562550790127,-0.5698085691046847,0.9194003485658576,-1.3325218836678974,-0.11463269565604259,2.9598851020218153,2.5286040355735095,0.1453796105349497
003,seed3,70,248412,1153.6783051490784,1.0891706269222794,0.5021075748988661,0.37653636380686334,-0.34772885526496056,0.0751029944531627,0.047207201080787076,0.8223997290678267,0.7613791240439924,0.4122259510801324,1.2939894609788147,0.748880152691725,0.8886062507511905,2.80537879294163,0.966550407629144,2.765991273396261,0.6142433396145883,1.0262141950267174,-0.01120644872319772,0.8852898001527458,0.8093579163200603,5.168433182703811,0.5622898146252429,0.5861371591986879,2.083136312378758,4.8149765227023575,0.04397037278665198,0.6312047569322735,0.14271662271423718,-3.0598453693145844,7.298080390634534,0.08230579672485176,2.3268570006225033,0.8939340397614493,9.651902737429472,10.794463133860777,2.4586147651601666,0.8835903179485382,1.520080488047121,0.42480014611782996,2.622680107058877,-0.43900391251668147,2.215957094867095,0.35907945133838565,0.8083091610840062,2.1521439287867064,4.2752598423581905,1.668911332737179,-0.04418056734376223,0.46811371023954634,-0.16832554408644546,2.290895605632288,0.7444861059867288,-0.22828936389491292,-0.2894715214943534,1.4714883545016777,0.6621536501514081,0.4631901558718128,-0.027591202464317177,-0.49737655769399614,0.9181599854442567,-1.2640936390410076,-0.0921004157594798,2.916972698284894,2.508968959338498,0.17674237762657916
003,seed3,71,250008,1155.770661354065,1.0639246509341254,0.49073342185544483,0.3531039366297729,-0.3590621515434039,0.06237903842509508,0.03577026665531098,0.8223555863278191,0.7618031339922045,0.41060327227922017,1.2703937620248766,0.7516935123681648,0.8366195008630157,2.7789676120600224,0.9652368240017252,2.681868803897604,0.6047924655661501,0.9936397004570695,-0.012510269914422166,0.8831092273966304,0.8099551730733822,5.177621998078694,0.5656123589892871,0.5864130259029071,2.0925987100697525,4.780924161940028,0.05088890546148265,0.6305791585954184,0.16315358740301572,-2.923464438322359,7.267557287555841,0.09248411488415957,2.3087605285415,0.8486224762135963,9.657871661672624,10.791267974095238,2.470161530627054,0.8687229908322373,1.529560636673535,0.4171136180719993,2.632380936364417,-0.42359880822864987,2.1890872881954215,0.37661028178579126,0.8109166777765858,2.119280817714389,4.227179469288687,1.608102018788372,-0.047103508789258716,0.46850772359490456,-0.16565327381572445,2.277311572889371,0.746097571328192,-0.23681470365320034,-0.3123901176959375,1.4779978557951998,0.6617871707700576,0.390217114537436,-0.03216405403277571,-0.5625190058799827,0.918139043969752,-1.272311686478183,-0.11195717616757217,2.8245341822539634,2.510121179885172,0.15790489187043344
004,seed4,0,0,1212.5379438400269,0.8666641717726278,0.9565014554063653,0.94280595726433,0.9437659314727661,1.027145942400149,1.0140458294256343,0.8772963461003701,0.9370447471444645,0.5527964850054502,0.4434847973022306,0.454511569182346,0.4871942531825761,0.48710918963018773,0.5561968884680693,0.35605993522406837,0.4633933344007898,0.5527525753106394,0.5024023891848366,0.5541790719345553,0.5944749231114416,0.5074993262192733,0.5486632717743608,0.5544735167073487,0.3766420433607764,0.5464345977711393,0.49690748824958847,0.4719947568622732,0.5269501949718606,0.616906280964923,0.6036182520699258,0.5086751303408198,0.3481134911979084,0.7599389261576437,0.5810768647369994,0.6181231006247542,0.21988692562749432,0.2136828208828846,0.1478903469658003,0.26525837319855283,0.2818306007573637,0.49169583248682375,0.3538293823670859,0.3310241465356676,0.4924301284690867,0.4672133534736595,0.5447679531586133,0.4112141262350446,0.6141398482843613,0.5837520364886369,0.5444886778799711,0.6214792862564232,0.4673355060343433,0.5135467910867871,0.6262957514602118,0.5861436455557059,0.5053784925550038,0.5143168772841402,0.6540496707176364,0.6135410071116189,0.6457758944247812,0.49235916846495087,0.47543680109270947,0.68083722183052,1.1849351667571715,0.34648179521806144
004,seed4,1,12,1211.5977621078491,0.8662388449652965,0.9559893338549651,0.9423609029448071,0.9425780624007203,1.0257322748847844,1.013586588888384,0.8720772506612973,0.9365448358034051,0.4781953968146452,0.5182474879953549,0.4758051654565485,0.49461676678975497,0.5129247521129068,0.5714117403445023,0.44270241996424836,0.5314111334987337,0.5450843589919024,0.48743661160906315,0.5514326624182181,0.5939478640633168,0.540594611550202,0.5456951124048514,0.553684034737682,0.35012924355375946,0.5296652411387125,0.4976970422044837,0.4728679714616564,0.5236083410536914,0.6144205895494075,0.6052052974939893,0.5011612209127171,0.38579266321659345,0.8254738022587501,0.5960912197807625,0.6452685143107526,0.27452466828853855,0.2479067652782066,0.1928358291708522,0.30008000007542507,0.3204553776848208,0.531948812795356,0.39045977434001333,0.3709821492476819,0.5305296829153736,0.4967805647714279,0.5903035954855144,0.4501203911006321,0.623864026920516,0.5899715847511429,0.555846495210773,0.6341996387389958,0.4822358795499814,0.519535752884067,0.6436630280322851,0.5953592005276203,0.5062269299881385,0.5653667282016014,0.7056630785333514,0.6427659170193166,0.6583536371973637,0.49973421462549317,0.4915556045086349,0.7624597904645682,1.2112931559359639,0.37700214711200036
004,seed4,2,3612,1206.0792880058289,0.8712027073448363,0.962023635643267,0.9486704109484606,0.953857544174317,1.0415010984696385,1.0229586733183496,0.878650417274391,0.9476509679914886,-0.5471314745278635,-0.0039765191374427165,0.403874312028232,0.4303587765715132,0.4657329567219809,0.4484738539548485,1.316721742191329,0.2792805554057845,0.6231013375690306,0.6017477592257021,0.603189499358467,0.702912477167884,1.4442958465652045,0.6073030452152272,0.5502291819455306,0.6482690839417248,0.5265358539121212,0.3812874667929685,0.4911942408007443,0.5892730626222082,0.6279071992670087,0.5708515501861434,0.5867782602807436,-0.16966891997063016,9.048957634791886,0.3625147605481482,0.3705349448342367,0.3033943554918638,0.64768719290688,0.5149230367925804,1.2613847865054617,0.6743310063818956,0.18927592615680283,0.1237758060751329,0.27965294988506223,0.13901034077334293,0.236123726019557,1.449554914741127,0.17787138594954818,0.44454645385304353,0.361861447497993,0.24550114572590706,0.4399625317069564,0.15950607057887042,0.08720016787011194,0.25372017882218595,0.4740210539689119,0.48887110396692646,0.1049821668289223,0.9196206740893542,0.9807469145404549,0.47877086685865794,0.2700582098340469,-0.14595526803558503,0.16696844585742693,2.352317191838144,-0.06163149971876768
004,seed4,3,7212,1206.3118977546692,0.8491397144003601,0.9437719237380989,0.9202450351748259,0.9291700292255307,1.0122929005405703,1.000583514063419,0.883487062176222,0.9496074575356669,-0.6693058162244958,-0.4444354373448082,0.07367907239104572,0.36898543489451074,0.24495215657807823,0.4134717973297447,0.6580368125743072,0.16537681101905652,0.7066667119477681,0.6099338590487806,0.6315747385879464,0.7136727606150455,0.588057357267846,0.5845029714909976,0.5621729290794876,0.5696534848048631,0.5748144302741287,0.14568056534939844,0.4809848969694403,0.5939260645972336,0.6544998202332128,0.5714854559521404,0.5423988883205961,-0.18023737943925006,4.233551363575035,0.2743631040700356,0.2863909445178595,0.009993926061923642,0.2843368376697595,0.19674442653256358,0.5120386381253421,0.535555476511665,-0.013525416072417449,-0.048656972804762715,0.09592468110843108,-0.23174991237147863,0.06026281703514558,0.766253861803794,-0.02737198431174459,0.40628885833879774,0.2050405719109611,0.16572815679837513,0.36371114496345114,0.12107794028748785,-0.012154281179182571,0.1549280991800221,0.45139857153085305,0.4750897288322449,0.10153185954944659,0.6016909496198006,0.5280530367400522,0.4525695105608367,0.20417972084201982,0.05430004426483534,0.04712101781171357,1.5860944145613565,-0.038608870364794476
004,seed4,4,10812,1206.7002182006836,0.8469906176639987,0.9420416959861084,0.9128131222141966,0.9280784456231135,1.0117596446301391,0.9968102124833531,0.8724578770993588,0.9504430125700634,-0.6631302849920989,0.18598814573829464,0.060430856440298476,0.3853205124686774,0.15867234729784227,0.33114681359554643,0.933308640467306,0.010150653599757725,0.7226115106477113,0.662965312236907,0.6100718029602928,0.6747011865684234,0.7628728144818622,0.696721271056315,0.5618413877417688,0.6085039390732849,0.40312912831161735,0.26698274057550325,0.48438139326312435,0.5803057525233314,0.6654772233228288,0.5452320443475347,0.5311215112456631,-0.21952833970311136,5.641859109989069,0.20160696731620997,0.22927363339689497,-0.25924351332311374,0.10173968496180112,0.2864108260074101,0.8302726160475501,0.43840150964991936,-0.21116428690026806,-0.005840967339128418,0.1945181125559789,0.2654615741367153,0.04474478990877166,0.8145333248881,-0.028076892542008795,0.3865344313785806,0.18315819813867473,0.18787258069729912,0.3539842934078691,0.039339975568579766,-0.016902486554396745,0.1850228653646939,0.4393658599901516,0.4696027636528015,0.15254492958370325,0.8849151186653428,0.4219490283833436,0.45113783542515035,0.1281121343382164,0.10438471278186288,-0.4271938470082219,1.9080098551537858,-0.0027457857103169057
004,seed4,5,14412,1205.5813388824463,0.8508331936207985,0.945211836102066,0.9165407808699055,0.9328723849030532,1.0172277332279682,1.0006505702319974,0.8658743932374964,0.9525873603752649,-0.6652777177837275,0.04737612507405379,0.060376725007830645,0.37809258117799066,-0.05760869620324975,0.34485590774603797,0.7372639027075857,-0.6049393613384223,0.756959656467881,0.63134000351234,0.5686848128497363,0.7008349593522107,0.9276449427846949,0.6631154360805074,0.5647581256094198,0.5270104790400278,0.29439105788554526,0.2713482151895112,0.4869975093649455,0.5712285931216973,0.6541916034332944,0.548381405322323,0.5003152286413612,-0.19400196268908482,6.5259739670710015,0.16208358107567736,0.22173866466163747,-0.4239333691712823,-0.2638621254022456,0.7568751996508608,1.0158542948679732,-0.0008448315826965922,-0.39734665061656954,-0.05152960221128651,0.3118015137645974,0.12466721610229205,-0.04538933442623553,0.8218089533621,0.043777991475401686,0.3851759347642917,0.17266262299671023,0.18384022847155912,0.2859401076701088,-0.04055145059469762,0.06840218857337726,0.15596634188871839,0.4339764228657058,0.4631216358328845,0.24490265062640082,1.052902266668251,0.3060798163593252,0.4455060488177559,0.08355667785831657,0.2022092097060718,-0.6916765090779997,2.2272630197835643,0.1238105276175442
004,seed4,6,18012,1206.9631543159485,0.8603404714941627,0.952903186676613,0.9294036637172076,0.9415307120327034,1.0280739325102568,1.0125393920362344,0.8511606141370714,0.9551120566060164,-0.6755883299017257,-0.01900333872906025,0.02795178784164971,0.3663901019800744,-0.11542299960197244,0.3092053859719886,0.4595043973048876,-0.6408187441370254,0.731688958322358,0.6059699544579762,0.5760587691547719,0.7965956431384692,0.8216417959977805,0.645705867522679,0.5671554324379896,0.5761845047357034,0.2696688325181487,0.304452415087604,0.4866779763201167,0.5647527460181948,0.6439004537679163,0.5573690726133722,0.47208144228567006,-0.17254951084022965,4.724967771242198,0.16456767870357064,0.17967393660248449,-0.37905206415802034,-0.3626950722243443,1.3956573419797977,0.7418365961145699,-0.015814759817177365,-0.27111928862238127,-0.2034235692387545,0.18394613956024866,0.06864812988499966,0.04812572096384848,0.6700540267049894,0.0678358100090638,0.36802668863501853,0.1683266381644153,0.19219057887641053,0.1611558452550916,0.023946391269266724,-0.011310106661304213,0.143260395603557,0.4162399683429262,0.45743074164359,0.05858994071784314,0.892838357352095,0.2128860869181075,0.4385107438313166,0.03054191932053625,0.13003823706694234,-0.7001453442910363,1.7690427574091403,0.06543070459748869
004,seed4,7,21612,1206.3359775543213,0.8708070061400135,0.9633221066073772,0.9421935045709331,0.9488969983268871,1.0370093039345467,1.0207965411170903,0.8274752260557144,0.9619317990156788,-0.6854220250912718,0.14206746773908738,0.0865789958253048,0.36572188009719786,-0.014897388924383633,0.10884343564370266,0.28301881695633785,-0.6572406040040689,0.6865090542320479,0.6482527490768545,0.5416216509664706,0.9239615178371208,0.6472032080620176,0.728004627304485,0.5743223872066741,0.6274454833450114,0.3386717141978208,0.3366791103109767,0.48815088792375955,0.5716351556884907,0.6542392673810502,0.6345962395900588,0.4640964639624361,-0.20280684746944588,1.7764197257816294,0.12442204010185733,0.07331896788260936,-0.23622194039912486,-0.35571837690503866,1.7443304293695963,0.6451158455433801,-0.07188598917339539,-0.2780941595183448,-0.1750144872084033,0.1523081039506372,0.16297953447698388,0.08048984344453915,0.6136460813593594,-0.010633987930030772,0.3617532789519885,0.16504168895087928,0.19536338412610912,0.09875056085704699,-0.04193506312176964,-0.11491736801608884,0.13263394198346987,0.40248973959451084,0.45658142122358664,-0.2751315948661443,0.9062074349892819,0.09491689193303308,0.44427772150123074,0.0363799394691918,0.11800763516355794,-0.5670473081570824,1.384207775617915,-0.005440792863373643
004,seed4,8,25212,1203.2849373817444,0.8722633008599726,0.9631960106836619,0.9436893411454761,0.9494118294306617,1.0366424778239973,1.0211403496507891,0.771921370735188,0.9661534175607435,-0.6831638113724071,0.07613678432270826,0.11198047706826242,0.38663342532833544,0.008394472908899187,0.04749141933052892,0.44869849616661667,-0.6482587706884233,0.7250713174622738,0.6415223537674289,0.5325958109885743,0.9978224474687425,0.5003621715420324,0.7283302754118535,0.5688567267373028,0.5756628148218981,0.37177264596740545,0.47095159661088093,0.4902642802100878,0.57997984730118,0.6580985672542005,0.6767780774035304,0.41185644385979686,-0.19543012680903066,1.0308876982762192,0.07284142093930504,0.0553945150628722,-0.1356757341332552,-0.33517384507216064,1.5757375948774355,0.49891987426456574,-0.09374698011596391,-0.26102565961747676,-0.1743784098633682,0.06620842872917956,0.13055707563616198,0.06527521531307898,0.5968013693384785,0.02558854127929002,0.36912398410130465,0.1706690052250286,0.21921826411604886,0.09170101510666888,-0.02851117352306605,-0.17841727722210304,0.12896905974474485,0.4029202458758072,0.45581585212763076,-0.2751648003225691,0.7117992032759136,0.17991293356491914,0.443870787513888,0.13429247432895716,0.22324147004758602,-0.5388783016600431,1.2084440612438265,0.104450050799888
004,seed4,9,28812,1200.13951253891,0.8616358526442432,0.9538225846855943,0.9267815166511463,0.9372963622662571,1.0173468096214044,1.0030534550639312,0.7171977094103338,0.9714119473653076,-0.6623629236888837,0.2786380192811489,0.1392281493178064,0.5040542238703237,0.11329658361025861,-0.04097444998224386,0.9434011686502433,-0.613955551788134,1.1652854711343064,0.6506550499900722,0.524427341265945,1.1385627734919186,0.5563739370146343,0.8004485607729778,0.566130499590909,0.7035148240569022,0.44004574904947563,0.5392335505605819,0.49432324098633673,0.5588873986994406,0.6555235525156564,0.6873072073403514,0.3420108328359305,-0.20867286290541995,1.519300520714907,0.07867098462411629,0.01576055044988632,-0.11039581343831478,-0.31761380070672307,1.7779479670107114,0.7471864112048802,-0.09002576247330328,-0.23765159689381876,0.05582729596269999,0.13977418281700643,0.31593604059490665,0.11350537126312044,0.6946074864880704,0.03820937922953895,0.333762673942544,0.17974552036881938,0.24580428755505335,0.15623085207651283,-0.045626422593237036,-0.34776264963149717,0.14899066309284753,0.4025058957361248,0.45580366204645173,-0.1576661579262818,0.9441983648110829,0.20576046154283012,0.4495468744107144,0.05837262358934879,0.22372944086926944,-0.5857138997351357,1.1013748806744978,0.12397328450783038
004,seed4,10,32412,1199.8397073745728,0.8505877754100742,0.942290323894489,0.9053542979257299,0.9265478254944971,1.0077797910701045,0.9919687848185522,0.6607318716580967,0.9867696996726583,-0.6443804706504954,0.41865954875586686,0.1489736966888392,0.6071614319359142,0.20016101260101465,-0.050277304887815136,1.2792460969482677,-0.711598968664449,2.569589079765735,0.7373228699773622,0.5341629007131109,1.2158310722345267,0.935340653628501,0.9633566350455239,0.545485321232331,0.7139806446692274,0.6200482073174348,0.5997072619789031,0.5038881122533118,0.5404502578029323,0.6466817384355814,0.6837573563464339,0.3099296398159251,-0.30679234270663247,1.9403535105175,0.14085838704110976,0.029846633101756014,-0.031180045463345137,-0.31985196944931005,2.423733424052439,0.9140515274172328,-0.08623728372810789,-0.2704675223599274,0.35043296418423203,0.15287599031617347,0.4266826558992751,0.20300543456649245,1.081274412524203,0.019676033067326456,0.3328876259155447,0.18964627910740112,0.2489031468138679,0.22488401544040168,0.010075517217962888,-0.32034869198934424,0.16999007973506083,0.41704658888055635,0.4578186321346122,-0.10401099875023434,1.3157636273138866,0.4200773350723218,0.45157296350852294,0.043243979730777135,0.1279631783461835,-0.6796550655906374,1.1988413543056762,0.0819404725219201
004,seed4,11,36012,1193.6561489105225,0.8401531682599689,0.9295582375308983,0.8682462925065554,0.916230241603692,0.9975406190846761,0.9810801723399737,0.5732610235348521,1.0075509293675269,-0.6234687417122421,2.1304516688225466,0.1557472038626346,0.989171300672031,0.468696317823901,0.025416724258944833,2.389561096789331,-0.8605465094862123,8.764325002970462,1.4645622085840617,0.6358024518841286,1.7758205274750327,2.531167644937878,2.0011551974744286,0.5082115719791104,0.9211438126226448,1.0039976991955366,0.7161588673368768,0.5402690088054122,0.514896077886818,0.6662778785977973,0.584684322574841,0.43230645007979585,-1.0024888147534765,3.454726641949773,0.40498533540407916,-0.01178638551768656,-0.18544748480572948,-0.526502115012117,5.2562167229688885,1.396776851495994,-0.17173384744305828,-0.5104430926340963,1.38082361530665,0.05647043273200932,1.7202432705869715,0.5783467960692558,2.8552306913730696,-0.005353495538601719,0.3163818526510185,0.21504758026399365,0.2791262212672279,0.28670360200629763,0.03941285062721612,-0.582570379305064,0.48039676568717293,0.44871721645712526,0.4650787488208637,-0.08528853527391111,2.7227128468599844,0.8473549625880836,0.46186672684196617,0.06761559098636444,0.15005191675680785,-1.2534258765163326,2.364418300638949,0.1425035795746271
004,seed4,12,39612,1199.5359325408936,0.8318585800739384,0.9194189685698464,0.7192521544439452,0.9061495143967977,0.987707896242706,0.9701833107087621,0.4793571446066395,1.0170638306701916,-0.8981994018277049,9.14231616526161,0.3391241828897565,3.5613047006848717,0.8232349255958173,0.19131886095648093,7.756781077327403,-1.2057557605351314,25.816669171340195,4.650381156158906,0.9268498108146166,2.866703842984882,6.0082883486113445,5.851004332759199,0.4608879549412028,1.5509864926162684,2.0925742272086745,1.0285375538136132,0.6307732901503637,0.4883251828609109,0.7744478783009628,0.549161478242709,0.8126205948641299,-3.776556429529146,5.1828204870298915,1.9877587813329871,-0.19024559991225853,-0.26112350028241454,-0.9400495714729564,11.067243423993373,1.9601862345339742,-0.2725545115666461,-0.961177777207224,3.660250653151097,0.1641767930273266,6.511680852235608,1.542560487096398,7.433060876176215,-0.016584181000684275,0.5283529500338722,0.25087139032250394,0.3579835429448603,0.23193836448972524,0.07288161189571939,-1.1600087710123077,2.325307676066903,0.6512165697367059,0.4956522412480587,-0.6391366719423833,5.174986876009727,1.8428947630397832,0.488929941345926,0.0582955770031896,0.3616022928283537,-1.1192613761118302,5.656083954922627,0.42723718873207306
004,seed4,13,43212,1191.8077058792114,0.8301064503529652,0.9149126428219484,0.6249856817240738,0.9022296972097454,0.9837437130940946,0.9636753530431431,0.3937143368345695,0.9881255372143228,-0.8656465773223982,12.761617517183142,0.4416332178394692,6.232024845438938,0.2915003059382892,0.34229503700044,20.6917272238288,-2.5330909097909506,40.26762307319951,6.396678079107465,1.0043141078043745,3.3891986079038676,8.311040561281445,8.859105112297708,0.590844597597768,1.8110527213194418,2.8224250337854047,1.2655347703168123,0.719234574046606,0.460821066351269,0.9481899252676776,0.5552188976457272,0.9176871332426488,-5.439208614265858,4.190732073689119,3.8241067025655155,-0.13184473005907502,0.17712947997856968,-1.284392080052557,14.959665271271428,2.156104631758448,-0.2786490800262099,-1.0926819171582973,5.658389284235171,0.14857027424921135,7.159288931662854,1.894695343433856,11.965214329590083,-0.062115315816049683,0.6864375868154359,0.32917584330468386,0.5050335692780754,0.18274565948543,0.13977828583457758,-1.039570203674197,3.2499876364562694,1.0859891908976993,0.5641340892480353,-1.2237267236289164,6.378417479519404,2.517031751219428,0.6603881555460858,-0.14073201414115255,0.642655819317631,-1.7533276667590236,7.879418360733332,1.178737406600664
004,seed4,14,46812,1193.7603025436401,0.844662618913317,0.9250330753872448,0.5860788722320324,0.910145102041979,0.9937788052787944,0.9718774786798979,0.3476398926948575,0.9160465744894317,-0.8642452079003669,14.827156348116342,0.3207123132230062,9.85244853434304,0.008680575172242466,0.27407882381003434,33.61068504869453,-2.876165024288923,54.64151849192199,7.296805639822041,0.9386917249675475,3.969608834804386,10.50719517341992,11.33988591056012,0.8423101566521379,1.6406078330754919,2.7165438714650234,1.5787452959088706,0.8184815926809282,0.4379173496685116,1.08813032332056,0.4629079469976284,0.830004458006952,-6.441336845768675,4.510108835827145,4.95035326570213,-0.19666394204502424,0.20048491546261743,-1.2683065497779054,20.98132471746136,2.737435564528094,0.07724925533892349,-1.373167154662376,8.516333842497634,-0.07317585632460605,5.2072860649282955,2.2417924984981505,17.070301094517916,0.16163759741468106,0.9992216868232741,0.3845278318044513,0.6932208495222978,0.0695206556693715,0.06974835937453439,-0.38754398497200154,3.478175684360097,1.343984110673293,0.6584769185653135,-0.458504127030799,7.841856809755356,3.76817797961894,0.8546184159728766,-0.06506211106949936,1.4022647204091323,-3.4561306524313156,9.836438275322102,2.3664065832135894
004,seed4,15,50412,1188.8332495689392,0.8704934610487265,0.9414964409818906,0.5398641656105091,0.9265788637473018,1.0226732856767116,0.9899596142718226,0.34311246395672323,0.793221709649395,-0.8741487613185496,15.540361717948636,0.35150102526785054,16.032180201186538,0.061951244765482125,0.11287748165564929,46.97159054643981,-2.9821846334274014,64.32987810189883,9.002014281758303,1.025903415827574,3.115929889507739,11.373098870396777,13.272468753695879,1.3059482439709167,2.5216338204695603,3.7161366519478882,2.0167718016629035,0.8985101338119431,0.4151240438401141,1.2837604663572464,0.45413782563197447,0.6037254326914188,-7.956138698312865,4.056717475555723,5.645271157853605,-0.4112442684901922,7.020645716471207,-1.6437201821649639,23.323083810076298,3.438921135004307,1.8246121620165623,-0.4434557035200105,15.644250540867782,0.16085470539157473,3.5102603355969224,2.602193378196673,21.137027889454995,1.1965766434768528,0.8850757323065362,0.37286419648093094,0.6799293575205905,-0.005883429860221443,0.26108548949118515,0.04913232674352028,3.027387718925885,1.365395942078154,0.7778241615807029,-0.4855181016486969,11.416511241740054,7.193971106009475,1.112921300483932,-0.4264520150550582,1.48382729504441,-4.920188914829301,8.899276942221885,3.641931301766901
004,seed4,16,54012,1192.885269165039,0.9310672257038094,0.9818066222078442,0.5811792091323852,0.9997756777726496,1.23172730191749,1.078475984305159,0.32654002159732193,0.6578907116517443,-0.9977407321048093,10.578627708000315,0.21752553964358665,17.2212473746871,-0.08342522302208845,0.1816485576686067,24.238967705566466,-3.0426670675683924,56.42974607922478,9.727386531448724,1.0518113519238173,2.346440093145943,9.429886247093652,11.578702611095904,1.2884699244869824,2.4390962970204386,2.404297601029277,2.9435441884161824,0.8871832069971868,0.5605444741076254,1.2972190435771698,0.3097200174115846,0.7797645912680067,-8.413110910454344,2.3376751629842247,4.153479834879528,0.24217206169271066,17.051244133117194,-0.4341380885460552,23.284523473429942,3.8011222587370748,3.3988723545652544,-0.08829717835139445,15.539819918074304,0.1984815392316411,0.6406871417172739,2.2200893755483726,20.334649707155812,1.690466169290102,0.9054623737715254,0.4286457848991074,1.004982511987186,0.025079376346709217,0.28436831281423225,0.07329003790899011,1.5691321575041426,0.9580646114088673,0.7782579969842085,0.7596414941700536,11.048056381956762,10.900189773122106,1.3896433024937171,-0.4916741929795222,2.536981381080081,-5.0129681093626335,8.104156447251569,6.649028714982879
004,seed4,17,57612,1204.4670662879944,1.1340601572677773,1.1101146655790144,0.961910086524306,1.1740371997295083,1.538177297254908,1.399440517503608,0.34792516443445054,0.51959792218173,-1.3685490357202583,6.767128347567889,0.43212929624607915,16.246200645673664,1.1138620127687047,0.2721158590947176,15.351870556045476,-3.3937114150494585,55.69384221477685,8.14655213863169,1.3203509303988519,1.496945442743028,9.007990750519562,13.113881448916729,1.09529163490428,3.9258369581520625,1.9175157866571537,3.638573960317156,0.8877174079668774,1.1847789718260557,1.145309860559746,0.1547191121556368,0.949695124524554,-7.186989305459799,1.6279442143211147,4.780188603248917,-0.3547019702775186,17.360181714250253,-0.26773715696064915,22.70635036909113,3.0783601473114124,3.122747390591904,-0.005356995222549805,11.485079183000375,0.02969387037800731,1.2580852395099815,1.2356715636941467,20.47745975979272,1.6389912738070074,0.5859210762573639,0.4360993961722076,1.2696995602973773,0.0315925579711164,0.44931636737650205,-0.6245011201331889,1.1397628102150674,0.7718003794220133,0.7520242798511565,0.5764910294471499,7.558626736504503,10.82411990425205,1.5748542806579269,-1.6197628755708902,2.3924024839207076,-4.12099149404881,5.4388971242208894,8.057362269733911
004,seed4,18,61212,1188.999969959259,1.176381148512368,1.1321696142213944,1.0423855723908764,1.1906470672374696,1.5162873755025725,1.4176121055791815,0.42316820211966893,0.3895617055194865,-1.4009017221322195,3.299913936980873,0.07487936666654406,11.493536635532447,-0.13484022635481546,0.7156595032696225,12.199047898914575,-3.0645561109130353,43.95257424306378,6.274311284628154,1.4900348102921896,1.0671882683996368,7.753323959070678,11.810491151721235,0.6716070366295794,2.729785340827761,1.410396690026117,3.82160222274374,0.8783657434656079,1.940169055060317,0.9926069914312947,0.09543197464344456,0.6725161207478815,-5.529550496983405,1.3349098506939963,4.796253272583101,0.14288770155993294,19.19958704454455,0.21559022631181013,20.3804906736739,2.5688907677392163,3.3628264645030743,0.24705855434365426,9.97530996858655,0.49810372696521066,0.8409192501550972,1.174468070044285,19.817807312432713,1.5930575434874155,0.6424592306970971,0.38174350458570594,1.4126580539326268,0.1158508548058261,0.5395512609466073,-0.5247762542655939,0.8046475023029702,0.6348946422878884,0.7141429984753488,0.7154037822989765,6.190759221287908,11.355089147376276,1.5468065275149305,-1.0664436623145255,2.685646352941107,-2.155559802163203,4.038424406390787,7.356251267602359
004,seed4,19,64812,1186.5254864692688,1.1932521786709962,1.1364848455286298,0.9635178061020684,1.1912772152229276,1.4850963924906826,1.3851304765339894,0.5013591729565661,0.2670087261770271,-1.3617323195782651,2.2575434488953467,0.007587866488679151,9.895874229932511,-0.49139883441476206,0.7706220091850595,12.78019451294246,-2.869540396386218,39.78713540482166,5.622921396007995,1.8524907232356493,0.7433903300599898,7.384541751178247,12.267650961276562,0.2044779571840516,2.8240071610716977,1.205867666164989,4.026653127120898,0.8915892698561797,2.8132046364599788,0.8838318434587826,0.10919686844449732,0.6755997274168503,-4.920488006851911,0.8173988045948583,5.274579001421976,0.07634443165081288,18.562253741008046,0.03380352020547929,19.8999504069458,1.9486848905871352,2.9225653282876105,0.34699737154634874,8.687969902233478,0.3435420085155496,1.2835974223949471,1.1796057160632283,20.569652041089142,1.5659572498487546,0.7212206999879881,0.347816534426248,1.266999046277173,0.2188554227540083,0.7319501720793149,-0.30788012181930874,0.8781376891162043,0.6886365444753494,0.6369379056627952,0.5537401423144515,4.201315656562438,10.96487205848059,1.5211903320511753,-1.1632469699371637,2.8905350220933723,-2.711302900969653,3.890200796309397,6.4587794357748
004,seed4,20,68412,1181.1302561759949,1.2480610585613912,1.1614411738684374,0.9976687879003222,1.218250757491606,1.4865589564427184,1.4112382707374629,0.5430950782700324,0.18876928518026606,-1.4017580900268292,1.4555412623254742,0.1193094650528033,8.140358762476005,0.39729166260953896,0.8180006766623658,9.325927721082072,-2.657883270594696,33.89178875334117,4.090185400802932,1.9285879902947232,0.3751208555796146,6.708787014866804,11.978171035117274,0.13451434683888638,3.758441268598167,1.3217319690197378,3.6837817663918457,0.858797781555894,2.520483984340411,0.7876228148459319,0.05793003984215445,0.756672392693321,-3.6417014059343287,0.9568954300793662,5.589407410861823,-0.06406208627979816,12.2442009334477,-0.23933556670742495,17.25272298216427,1.4648555600872548,2.0833871391388126,0.35716151978980654,7.281723677744996,0.35022465704231265,1.695825545925748,1.1095639838898688,18.85258212266451,1.2695733637745485,0.5449305386220864,0.32833402892461633,0.9162157297352779,0.13036428735724037,0.7000988621537568,-0.7170070194128958,0.9396556684409475,0.5051640213125873,0.529360524208857,0.31465232089720857,2.5972947376247135,8.305534664549723,1.314749785860285,-1.5020310243527808,2.419264297357493,-1.624895148780765,2.8135195413469436,4.884937526023689
004,seed4,21,72012,1183.9025974273682,1.2896842141913434,1.1713905507783908,1.0514814415479004,1.2305965573971267,1.447700814796216,1.4161954540773534,0.5448511218511979,0.16028157324503867,-1.4273052265519472,0.7761962044495817,-0.009287158683984319,5.9445809599948625,0.4156040314635024,0.8793588353222523,6.018985349464616,-2.5624585149814885,30.453639093584453,2.6725234080289444,1.7628703538208281,0.17023929759310674,6.407834132549957,11.070224059901708,0.14771925715748185,3.1299250935345766,1.026772484451878,3.6103481416842396,0.842292193297023,2.07495967372296,0.7046465086562743,0.061565378463880605,0.7968101055717842,-2.503957838455445,1.5603286161399723,5.732882636917391,-0.061871741537696395,7.231859640567984,-0.005158885746377924,15.79901742460193,0.803920999176446,1.4541867564483346,0.24796468390047066,6.698265427148382,0.3116751733933497,1.1834380208214228,0.9159699360018254,17.822186295052116,1.0251512010504127,0.716091705722852,0.37009184293407915,0.898606649788123,0.11789839190983405,0.6401546121771037,-0.8359255773805686,0.894200754259266,0.4245170599929108,0.5009461361741784,0.14843386930974872,1.766144409008188,7.16525341154788,1.1637459991122603,-0.8581184788377219,2.3133416563593228,-1.2311798416089712,2.7319423907458145,3.9996200108936835
004,seed4,22,75612,1191.7330327033997,1.3721486290476328,1.2087708193914715,1.0947480077291458,1.2833919987829088,1.5083238452148524,1.494499377975816,0.5378409243374159,0.15616706462170743,-1.5149380007182633,0.8942899893686671,0.09519463462287485,6.004154075051808,0.9384261639929381,0.9718611132800278,7.047877697722336,-2.6164953393418595,30.42745158139012,2.4643135242515486,1.6549955951451645,0.12908696208770498,6.646866557086803,11.622048039622245,0.18634148920720583,4.076345581275601,1.1238029075880889,3.563694604358864,0.8626746812387113,2.1016640743168375,0.6558475561947634,-0.03464431414289457,0.8731670278235598,-2.346354950128069,2.2562641653977593,6.524577504383263,-0.09741750776785654,6.034623732351298,-0.16795284722349768,14.175042989372109,1.0994904422514578,1.0787283158258558,0.27307681559788716,5.840202532108707,0.1056204728608563,1.2645027375826468,0.7394637235504495,18.868520113014085,0.9231143085009919,0.6491119414804654,0.4088750445772216,0.9619954630376427,-0.008387742962019471,0.5276731568642664,-1.3403217721596616,1.011590695664929,0.31043510040505784,0.5009451195068048,-0.20292678922674334,0.969468776435397,6.253020261503739,1.031526674245886,-1.0990989724324383,2.121799632471285,-1.0001566645646598,2.0803853406239043,3.056474179612107
004,seed4,23,79212,1172.1330962181091,1.3876829286753072,1.2003691213480592,1.0842783777865397,1.2805979805408194,1.4702804838534542,1.4718481292538652,0.5285456488047818,0.1604999341490498,-1.5006191596508947,0.5823072772583122,0.06222987273744638,4.973400950620155,0.9688755247726558,1.0102255235751711,6.789703196106948,-2.398013486225809,25.041874835551326,2.04122906270477,1.5523595601308644,0.11905188757821587,5.91224852538514,10.321135819726335,0.22845220965752747,3.7721123734404474,0.9110444932355807,3.040988530778945,0.8322219111504559,1.9498815817476847,0.6185111357168465,0.015792645755196816,0.8470502224143713,-1.8895902916741258,2.3592736706406336,6.05430507621897,-0.2193405658145608,4.994264426091027,-0.317705780722252,11.298956183466839,0.9100867079978624,1.0280571834573518,0.24117222511424372,5.0639437735232535,0.07596192706852471,0.9819699310609052,0.7531336493704817,17.149500160473664,0.8863130076147031,0.6311424709102678,0.43099445753641064,0.945130407565481,-0.021080870124498306,0.4874165195303429,-1.3474606832959957,0.8880970784407041,0.2848563244042813,0.503149903365947,-0.07161398450684142,0.7317723620693933,5.607255093917264,0.9511235665712099,-0.8733059200041572,1.9716878845062298,-0.7846246625443685,2.0766982478065814,1.861971657099979
004,seed4,24,82812,1171.6937546730042,1.4165662734292641,1.2013004031723389,1.083654641416815,1.288672552542082,1.455298334001415,1.4690929220861466,0.514129132740768,0.16844872086262958,-1.5054141390880105,0.49291390320646566,-0.0059093589084854205,4.3726628113116925,0.5653120675188491,1.1182275007494036,6.510074408277414,-2.360507947053817,23.787370012764107,1.780723846119269,1.6665289511518546,0.14911302394672815,6.2875633560847,10.785319136174579,0.24972137971519,3.3110484181785114,0.8215115034472606,3.149633005560323,0.8613561377315505,2.1118585102221363,0.593935912596023,-0.018515627793131977,0.7952946926219112,-1.647067310812789,2.8245388763890844,6.842493998973362,-0.14745701027843724,5.035640862268938,-0.3145520778358353,11.127458118248716,0.6301877224259974,0.9946486575374498,0.2412941491341238,4.927409267870012,0.005751424236614648,0.9909153893832491,0.8889781789170773,18.60206482998624,0.8625976212198628,0.8980073905249699,0.48386511920238284,1.1758151179711571,-0.004104557097195319,0.5645659356163756,-1.0360661589099585,0.9866939879961772,0.31408926519305863,0.5022171147878123,-0.172651795654821,0.583989692432814,6.026552192623945,0.9840769872256656,-0.5044114765715003,2.237176658641066,-0.9486151516464271,2.443844827238362,1.5929004585498059
004,seed4,25,86412,1174.75235080719,1.4852480674586188,1.2254454932362875,1.1056925042421943,1.3335582178207463,1.5210468425721588,1.5379944185860681,0.5026751892311802,0.18107560721799273,-1.5771741024668018,0.6876372631116114,-0.0012967219686902884,4.702641899199399,0.5627647078722198,1.2215995103514534,7.283542523456633,-2.300925450702682,21.237107661239875,1.746032465315694,1.674565421244783,0.18863166287586147,6.399765395010652,10.910771889715932,0.25216295956088053,3.5917636463001372,0.7857068959051147,3.0981783558163754,0.8836450792532595,2.258127242558986,0.5865457262971081,-0.0010730372860048628,0.7166551453676256,-1.5422766387167137,3.4231609706243757,7.48401007922728,0.09985643108212293,5.860566541430735,-0.11066137172102357,10.886687115000125,0.843074287161073,1.022717276320864,0.29980150581279463,5.109736484186156,0.05529596732963903,1.1621493023028362,0.9691324814387203,19.77494121674402,0.9335961774581008,0.911195568490959,0.5090876939633199,1.2872421840298789,-0.07966647362700138,0.5563329857145944,-1.2719725810768405,1.0799339034138786,0.27530711245858375,0.501642107963562,-0.09043335313659699,0.6953993974682908,6.361191051177347,0.9918511085413738,-0.5784012447542255,2.3013914013276944,-0.5223673186920957,2.323286204294744,1.319635676067428
004,seed4,26,90012,1174.6880702972412,1.5021912645188196,1.212494031797149,1.1019207030826026,1.335670004736622,1.5105303673789257,1.5302943034726615,0.489721726472412,0.198407892107661,-1.573688006042677,0.5588834228410837,-0.03559646788094387,4.143251329444959,0.44455938197000033,1.248201006494947,6.632046963029154,-2.0735725137983785,15.518077332460312,1.4616085443094802,1.6717076028143698,0.26892346214132656,5.657746509917017,9.566862578707362,0.32106248871094845,3.3553050197104204,0.6089951950473108,2.843604707635226,0.8540769648313232,2.1151047179962403,0.5731487170472772,0.178742117997215,0.6061433729106603,-1.1740430812973688,3.4464719246584674,7.003155323746517,0.01794334928208515,5.975540178258557,-0.043409689109441096,9.399379177210948,0.730338660939309,1.120577273036774,0.31365547765216467,4.668211749482857,0.1061663533180846,1.0754729481174188,1.0178278908426561,18.0885690943533,0.901687223330494,0.8424914117520172,0.5268560178436459,1.2815242186668243,-0.09787582607296412,0.5755602469337356,-1.0517598624038282,0.9608685472876725,0.28758366683083847,0.5068770576056594,-0.06991733586267182,0.6439073534076782,6.012706142587227,1.0326335446830275,-0.5160998181524382,2.23714268385542,-0.4369190910886532,2.1206173549120684,1.243179991058956
004,seed4,27,93612,1170.5908370018005,1.555443772599721,1.2151992185780167,1.1290782943281412,1.372371537382385,1.5669496362857092,1.5916586224790588,0.47455639087910856,0.21722376710922678,-1.6326054787481572,0.6095959212154844,-0.015496301484475394,4.253023230213278,0.5116949451981768,1.3427901036136336,6.874177805981713,-1.9951366764158736,12.606857839440627,1.3378423624823124,1.6956962073546025,0.23765982526580906,5.698147584676701,9.528543663493792,0.3666104096132573,3.5942344109156403,0.6701452547333897,2.7912769524959256,0.8727041060157926,2.0647423276611847,0.5625315605833269,0.0025856090337797047,0.5090383433709735,-1.0003488465978432,3.594539930910936,7.5246808578702,0.11742746016675387,6.566012707050896,-0.02508776416843365,8.918349447034961,0.8807841524658335,1.1093814753100233,0.37688128719380076,4.730418919001731,0.12056645840890325,1.1900626038385949,1.0286416318577674,19.00519832499563,1.0056509680769745,0.8138909283492317,0.5517023478770609,1.4126503573071814,-0.1339100125005584,0.5775201352392642,-1.2008952568711675,1.001756046441511,0.25432989570481684,0.5053087095947015,0.10473747175548874,0.7005209028443904,6.2354182018555395,1.0500971440126379,-0.5132744405062931,2.3238728646519973,-0.24712996509624413,2.0468231252421623,1.0553297506466583
004,seed4,28,97212,1168.6568570137024,1.584889376407745,1.1845630960615194,1.156558134657978,1.3909466368059695,1.591018324534844,1.6221276661094366,0.4539316471889241,0.23995062400181102,-1.6578965556030205,0.49594487370716567,-0.045113154104396626,4.066260971667583,0.4407064799247102,1.4225010561332772,6.999531568976013,-1.8714870645783468,9.309577146406067,1.0921454609819945,1.737637208007669,0.26711634631573894,5.616315492167913,9.094088786419082,0.431847713474153,3.4119202285075634,0.585626313120942,2.727521644451303,0.8789706462788837,1.8877020447384487,0.5349479589257365,0.133698612184335,0.4107430394760225,-0.8152530834749334,3.671387718499595,7.6449649981266985,0.10743835493467718,6.939436787911193,-0.11681720093151794,8.71072401747123,0.6798568583056084,1.0514495982419196,0.333633217869688,5.04646529580461,0.13733866858097415,1.0871455323909813,1.1690592167818845,19.233805323695965,0.9626665758918914,0.8237316874321953,0.5722283656567777,1.4928250083717258,-0.1371355104195363,0.637817539568625,-1.0205755353308652,0.943237734274303,0.27276302178125544,0.5092409339818674,0.035648855816262245,0.84807925557206,6.0041229413184185,1.1071193321699717,-0.373403434882321,2.378465197815485,-0.06038419211672594,2.463125586997959,0.9735926359319383
004,seed4,29,100812,1170.787145614624,1.6397469504137008,1.1207869074050332,1.1852524614755977,1.4349672948710372,1.6741359833524603,1.7116141667935723,0.439749943753756,0.2610530675413052,-1.7133122758797776,0.6106176878471609,-0.04309187293426719,4.301058713159163,0.6119574715455566,1.5676588302781065,8.36264505401496,-1.8173511455826272,7.346265235557976,1.041942400285837,1.847971672698889,0.31639376428745664,6.33778411913379,10.057856293735655,0.4644064118094272,3.9506605902506515,0.5896666109481673,2.9337652703189137,0.9365813044027713,1.923446304458303,0.5312449599083399,-0.009376412078557534,0.3255313805898654,-0.9883560521404122,4.179755044932995,9.004763276143265,0.14381014485015978,8.644929414696929,-0.12256796349754046,9.226110210522025,1.0257374554249707,1.1570271245181751,0.40269275069546034,5.624708625299978,0.06712333499585958,1.3699585975023538,1.3040617855282368,22.27254345009566,1.1067264017394365,0.8171898782655956,0.5989631991808907,1.7405563809483633,-0.1847542748530401,0.6844692624828834,-1.2654997495820939,1.1255279628972892,0.24267480539250294,0.5091980444218307,0.055423934381757425,0.8927528562080062,6.621369912514632,1.1802813391069444,-0.4095739793823015,2.7013067829497572,-0.10056351118692577,2.6700276825857037,1.0409288166022506
004,seed4,30,104412,1168.4853777885437,1.6234590764621195,1.0455349476984734,1.1809878073622382,1.418770826917953,1.6437478550806661,1.688830446964711,0.41840236020499216,0.283463004869723,-1.6730724759634983,0.39202406096446285,-0.07288144191120807,3.7481368552194585,0.4989703153453245,1.597897059807357,8.703073874732283,-1.6805787186560721,5.073963958684396,0.7666307524304862,1.839393636208846,0.35069436825568073,6.34351917490358,9.670636480216624,0.5121267233255405,3.5238211680697114,0.5486019800006402,2.8442146948768645,0.9448095601112755,1.7028445514152148,0.52899410471397,0.0940416883934254,0.25807479425448404,-0.07715155834624277,3.9867746927709566,8.953499665026827,0.11525194746117275,8.614900486669844,0.02595651386114033,9.19651463387751,0.5949394501686,1.0753241287362238,0.3716093436951887,5.625814478570503,0.039671879949022486,1.1494380622982583,1.3291383293451595,22.549992823167784,1.068401237201272,0.8375215340352218,0.6219185986666877,1.8289833641564537,-0.14712741235756166,0.714288819559848,-0.9551066832273493,1.016580489211672,0.2914868216489407,0.5100763473029399,-0.10196242632755532,0.9839726669754787,6.47104516718187,1.220945296406968,-0.14685403126094623,2.7833419155858583,-0.19855388650642117,2.7805045657239713,0.9162174305364359
004,seed4,31,108012,1169.1170167922974,1.6690051750715271,1.0279636722929961,1.206269888978596,1.4624151427610086,1.728509934146174,1.7855843973862742,0.39726642147794844,0.3071061408780678,-1.7411298488995295,0.4992927069340799,-0.04411024458198435,4.098102662198106,0.7777392207467916,1.7047000406711263,10.445687167955244,-1.6711255586154548,4.03165279703225,0.7726170953391758,1.8785623048578772,0.37596787429872464,7.254765101785199,10.762128847164727,0.537744121059183,4.265966379854779,0.660902117722455,3.0673293821322476,1.0158337308645466,1.649228748365889,0.5148514723719128,-0.038781469272894116,0.21230829947278676,0.08222694949090445,3.760800673078549,10.476484456045059,0.1711442554687733,10.449901402474804,-0.047745327147306095,9.559091120014477,0.9165224856206698,1.148410157964087,0.45167202879059154,5.78102234085912,0.04033856076281551,1.3518965756250139,1.3244419728451788,26.29451413388143,1.2526743259162971,0.7556548368196738,0.6526581776821495,2.099525490297352,-0.25138497400304194,0.6877106032195934,-1.2339147428296628,1.2299917475871232,0.24090423726615923,0.5109140397340122,0.10488709567727705,0.8047011029229635,6.938470395874244,1.264735260700236,-0.24670730992640957,3.0569728368013775,-0.16710893885566755,2.5217528282925,0.7998352692091257
004,seed4,32,111612,1164.0210518836975,1.6720845390427677,1.0137761671028918,1.2171584052231355,1.4695467038010344,1.7391139589450306,1.8081904913088236,0.3800967219897614,0.3281607960331233,-1.751409463072906,0.4031672917196827,-0.08806493011250446,4.0611050846318655,0.6787231505319634,1.7311462069316426,11.074966196296357,-1.6377260242335643,3.3621417922870713,0.6605906360166215,1.8063001116574324,0.4448808826275954,7.5628402305539595,10.75765053137527,0.5848819598488659,4.081785339901376,0.49775205352111523,3.1423571675721345,1.0427033630677662,1.352242089482424,0.49118133158692323,0.05043936770130175,0.17634172463539638,0.08770702624649801,3.4038065691672306,10.754332717336279,0.13537361307069498,10.89797384459293,-0.08458417539326404,9.294216953650578,0.8706627509271849,1.0426839761492013,0.4164347178557617,5.672239524286957,0.035245958221929365,1.1564193302126373,1.3879381983687964,27.65334599877446,1.2636351702524118,0.7231918136571347,0.6745865171070594,2.2108654725531647,-0.25410634786142156,0.6622494132342038,-1.01317563774974,1.1808704829329157,0.2176751610521896,0.5132379028160802,-0.08751660405788407,0.856125270651193,6.950556620440564,1.2655395655726158,-0.127531558491794,3.232040961356927,-0.17788394483301523,2.701134813033656,0.5734336156139433
004,seed4,33,115212,1178.2951564788818,1.6512725027462778,1.0043559204351709,1.2235898075645968,1.45643940258115,1.7116842928069973,1.7887954205505796,0.35321320596160094,0.34965544236432683,-1.7334499131926902,0.24678185346794618,-0.14011155081368623,3.78543107615404,0.7722069730453068,1.6652008160471734,11.785355056398284,-1.5796976470152087,2.668633634447225,0.5005264190427793,1.7635508898935628,0.5112499078362964,8.06313524184653,11.076137907161337,0.6509340716635224,4.132495681311412,0.5176890295219242,3.347888876841082,1.0702010542695537,1.031629800884971,0.4610702182092328,-0.10624534101041366,0.1374747820331582,0.1078345308914304,3.472668023579257,11.324939581993632,0.166839997569784,9.884651220292268,0.10712304615991897,9.125038909677405,0.49131627011855367,0.963852649931749,0.40347550527721693,4.996483298740946,0.02766384051994587,0.9356927207812227,1.347699764727091,28.927012675289635,1.2544958963729527,0.6953767491744324,0.7123398963548628,2.4501483285795747,-0.17123607416203507,0.6615799556144046,-0.8225246901002109,1.091902375150705,0.26925705726586613,0.5141778276925817,0.055491202620672496,0.9679120713476961,7.031563383211245,1.2728820740335705,0.04171084637488704,3.398299414536975,-0.038283420136295924,2.79313018534325,0.5825537854907512
004,seed4,34,118812,1170.6738066673279,1.6223321008202767,0.9977282134807007,1.2293105496592232,1.4358563819273673,1.670346894554391,1.7547884275289396,0.3229059178752879,0.3683976894075843,-1.7004131806319402,0.26975392707700513,-0.12325669630367385,3.4231665961594215,0.9009856310852685,1.0892770871875914,10.481860091561467,-1.537118551375063,1.9553468250488701,0.37125377769028217,1.704911343067634,0.4690997030905771,7.810625774607621,10.580177550423947,0.7633785975566741,4.548199336680656,0.50785799463961,3.241482409567994,1.0253427445854935,0.8003442661672897,0.4671638818097659,-0.11854545799386831,0.10956450975382984,0.12466468387859626,3.755738603984408,11.181923185525548,0.15147489891934074,8.302009861753032,0.10828965263234208,7.7089042242390615,0.4591339412720692,0.8411933951984727,0.4714260606690471,4.455327788304421,0.06344793399772639,1.0374978845389335,1.3088599069837668,26.489319174853506,1.14774363869408,0.5884443316358116,0.7408614217248795,2.5188251644290274,-0.22426895776841219,0.628333998087332,-0.7902139729712414,1.0038406403014182,0.2562299971064147,0.5117927596676995,0.1811322410678823,1.0004982499255015,6.050193978442208,1.281876980802677,0.08251848155608396,3.2213200335701124,-0.18728713089141474,2.7456787913000142,0.9191869104634753
004,seed4,35,122412,1161.0396723747253,1.6117633927303487,0.9946377914934967,1.244190048434786,1.4385074580833574,1.6729315729181435,1.7689572482223874,0.29089909088659,0.39052162790688266,-1.7039188986046088,0.336097162235137,-0.10265151136217722,3.3664752766936914,1.0227123675215157,0.6099543438251396,9.628948726255176,-1.539468484342708,1.7613317266036852,0.31657675361453036,1.7372136782393652,0.4466844457645173,8.330760733061439,11.077697851552774,0.8762888542077428,5.120393119838434,0.6341084091345022,3.368880659010876,1.0355441808714771,0.4958917705783091,0.38507510418590324,-0.16541674463117131,0.08749689900737878,0.12831656889338144,4.71251538171925,12.322059916137574,-0.16449017847520675,7.641009143868077,-0.16360431027158046,7.0898814015915,0.35594635862924434,0.5919512972768711,0.3818612328383296,4.183918458195432,-0.04958449289190258,1.2293570853154239,1.3745605462362092,26.979183833511872,0.9843074778694079,0.5694813039366946,0.7900812643029225,2.783716087508624,-0.18807322021668937,0.6684099381456102,-0.8736161367704053,1.1015733720641188,0.21640434449011264,0.5126365486629328,-0.33959395286488087,0.7986809263827542,5.443084827073783,1.3187123626318145,0.06366153585124858,3.257440397005966,0.12095304281453513,3.154484043620431,1.03873469786832
004,seed4,36,126012,1166.7337765693665,1.6051109458124795,0.9929750703270037,1.2607377810497997,1.4431680204912545,1.6784766601509677,1.788978752717712,0.25886591903349615,0.4123598891711782,-1.711248855624121,0.43292606160189256,-0.05458687091844955,3.3907670449977028,1.2761201635388264,0.1838009130071027,9.36236276438051,-1.5416328006564803,1.5556170773702764,0.3293286657674838,1.6586910976777074,0.4035680209465566,9.004129726202555,11.717288986884897,0.9645615975834281,5.962928580503843,0.7690115464613324,3.5735594217121682,1.0606516813257407,0.54483000599216,0.39165321484917903,-0.2508956175702005,0.07220080048421863,0.13660775896107058,5.200628705359685,13.73398975599402,0.0375321650373909,7.615819957865797,-0.15933639346617892,6.667573936010626,0.6459125711787136,0.5495009843917369,0.3870115520332686,4.046871488523292,-0.0415651699894096,1.389820150488689,1.286982397725431,28.29268935767213,1.0225457053952858,0.4940078876742129,0.8377881400303298,3.0705897631095884,-0.272527344979287,0.6034786135397165,-0.9224887406279026,1.2035924321718536,0.1642056823274932,0.5144464138370839,-0.010473706481871565,0.8775520361485715,5.519416229775723,1.309136783405906,0.029861997369808903,3.3793365272412874,0.04285309233634213,3.188810920678304,1.224803435893832
004,seed4,37,129612,1159.711697101593,1.5506030610433148,0.9932650178729011,1.250794983195624,1.3917991220461523,1.5784061247396353,1.6869590020132732,0.22980221538564213,0.4312688616847955,-1.631917624103213,0.2594245799706845,-0.09452095559187282,2.7999254016585433,1.0416063611821398,0.10220751302819356,7.941189997935501,-1.4888409430396208,1.407286557944197,0.22168719130688092,1.5553780635767815,0.37532972256421976,8.37216341505641,10.601340495158976,1.0038056084865525,5.433459362287161,0.60814962575923,3.384814281566081,1.0135724798312484,0.5424713604873662,0.39758990323702237,-0.22536372383420686,0.06289278087611055,0.14088106667461062,4.873746494135733,12.940513436034863,-0.049209345532849245,6.375635913680933,-0.26848264249683007,5.368074249553159,0.14208229256506208,0.4178683005494992,0.2787663022960419,3.1398536512691275,-0.13332285121949594,1.0910061557801245,1.2427333561603857,25.6009521131325,0.8469747981429471,0.5201630557001871,0.8616329153862765,3.041765377021442,-0.2381892611375538,0.5912106682539614,-0.5839832299528531,0.9411490061838946,0.19372074795126606,0.5131451619429909,-0.19804498327570408,0.7138817284004214,4.902207855989882,1.2761487811168297,0.09813824924046978,3.2233378795560323,-0.016491522404099866,3.4141371227400015,1.045799320706755
004,seed4,38,133212,1164.9900527000427,1.5204389093885515,0.9925052504463382,1.2593650924577926,1.3809818883724874,1.5535164199458193,1.6746201381574277,0.19987942671705874,0.45118627424009006,-1.6121202654008924,0.29192730856962235,-0.0735547784616187,2.70387602329794,1.078019210192183,0.060624169317505694,7.582271329199941,-1.4804816701946761,1.466845271767772,0.22565649536578317,1.5810447442442845,0.35022785806245965,8.712041338040764,10.78163806404996,1.0600084767578397,5.8577750962002835,0.6709612830191773,3.5541430808459094,1.026916191075514,0.5704807322821015,0.40787662902977967,-0.07955440867249175,0.05861147368402793,0.1563819583760666,5.080398608317106,13.930593374402532,0.2247007207289931,6.762123416579651,0.040889087959779476,4.833437542805778,0.1750749804154008,0.61056414485768,0.37925556646778646,2.959782563751753,0.017890153142033294,1.1346665121865442,1.187660372201229,26.25390532159049,0.963231187204791,0.46820698215659445,0.906182580488965,3.3378815607883388,-0.24062653248846017,0.589331745698923,-0.5483739052982901,0.9184798668956615,0.18469228738152027,0.5113391762285464,-0.013768384515529202,0.9674197974363158,5.566752413532619,1.3530796247893548,0.12218375016855085,3.337651073246443,-0.14188658203914897,3.2522147688401923,1.0033214954754244
004,seed4,39,136812,1157.7596096992493,1.4878372617605844,0.9925784321016167,1.2798183918331238,1.3793826149413606,1.54292369690787,1.6816984946249196,0.16935878718029979,0.4769681024115546,-1.6073028225874741,0.32668990323769864,-0.06851726281329497,2.704501164740729,1.2371525553317968,0.07469197620776846,6.781250448146366,-1.4848410303314346,1.4455176955952482,0.25598241863491933,1.510425076101314,0.28376818574098667,9.079312802149028,11.088316044122518,1.1065317035233861,6.449749735415487,0.7143152611823789,3.725370438929632,1.0341202489814714,0.4722269316275259,0.35763011005763673,-0.16943149480213227,0.05812700780742681,0.13666296250422355,5.322445871111976,14.766106767058837,0.04598250335097589,6.598380932926192,-0.13427816866209208,3.857123327570335,0.23765973312048105,0.5936148974322021,0.4011059686399671,2.6243957576622643,0.035377146510928686,1.123379060510414,1.1640759148295008,26.58652995341198,0.9894110082543581,0.4304815409859524,0.9407302378341631,3.54173573466417,-0.2744218308445149,0.547340711553272,-0.5892968480710258,0.9721020297774418,0.1539737949613317,0.5107894817922631,0.07650097353783039,0.8416055255558699,5.636972077321329,1.3459277386060207,0.06482460206415216,3.37178061017103,0.0017843237737727698,3.4539764015746246,1.0339924924139101
004,seed4,40,140412,1165.0009036064148,1.4416074830531072,0.9918145335254861,1.2783435962520717,1.3550486812346074,1.48655432362391,1.6376618042521065,0.1439936714329781,0.5014834427286632,-1.5625812979687608,0.24979653036965077,-0.10941956234062815,2.4632983560048705,1.152976148318042,0.03762977732514878,5.889510163360434,-1.4563462098530815,1.3865763748269373,0.23761639392726414,1.379451775870734,0.2714408884020089,8.974835902423019,10.657822954428903,1.1645008279948437,6.381232921402234,0.7097848310054292,3.7275563885120677,1.0214381827554315,0.46563735647591964,0.36100430928116023,-0.16372706419805655,0.05617390479624462,0.13285994194225578,4.856496206294982,14.747647962393176,0.03852198940141342,6.501150152950848,-0.10792297065310016,3.1252506066606847,0.2021041724255651,0.4278557321940172,0.24379096601323727,1.706387066979637,-0.0702618288405607,0.9094442330427557,0.9855960693325083,25.791847901817167,0.8214363491080877,0.4452642337063589,0.9578919110904951,3.6251143717386562,-0.30057930500053387,0.5032646096743344,-0.44131133926909794,0.8952490887600215,0.10789657041199546,0.5093305110931396,-0.1040996423907907,0.6608477908718315,5.272742090707727,1.3002925828327883,0.1373965539979918,3.2395665136285725,-0.05391604644240518,3.416019548994041,1.018972030903228
004,seed4,41,144012,1164.5612087249756,1.414259948577065,0.9911067790621776,1.2912373300990538,1.35593988192765,1.4701565824557565,1.649171297736311,0.12868666850038818,0.5238197710785185,-1.5577494748330052,0.24243941669977698,-0.14785899033839153,2.5020410345438426,1.3653302126927056,0.05192311878114506,5.414009271952043,-1.4528888658739254,1.288788250938443,0.2776532635753,1.2996416763359893,0.23330379885534258,9.176901974391589,10.725815304970157,1.212545745959118,6.857296946625666,0.7077736406634819,3.8249213813547045,1.0205837334334418,0.4268493333208502,0.34130714420807157,-0.16213690101063857,0.057666116604871226,0.12346457522573989,4.902287276853495,15.189055045882185,-0.033601015330962034,5.946795769886792,-0.22294371185002262,2.565104699302696,0.224603402316689,0.4630368126339755,0.27422765358337453,1.4707059605293087,-0.04180033153169866,0.7930446899738012,0.9682137219644612,25.697871425660033,0.8370277955450538,0.43782146770694236,0.9727172800929426,3.718632643395872,-0.32411049872709125,0.4587490346134901,-0.43242993629399473,0.9194253378646987,0.09626223298836771,0.5106155143541784,-0.10380296123825775,0.6359448624026752,5.233804239199735,1.279381193819452,0.11193276836246838,3.2687101864607224,-0.04730269182312935,3.5007423705782377,1.0443407378705252
004,seed4,42,147612,1157.657009601593,1.382284546565993,0.9912860595723213,1.3085226736604993,1.3581268865684883,1.4497210192473424,1.664979008858411,0.11387409421283655,0.5444178333130585,-1.5531147258390445,0.2617706686662439,-0.16209523822344002,2.5471916447406513,1.5651416533155789,0.0900899749210888,5.134567961868322,-1.4495072522360815,1.3045298610555573,0.28427521994664573,1.3037824048623237,0.24008434775791224,9.399201100730904,10.837796010638636,1.2702266996153522,7.455544529140677,0.7069698545447329,3.9328918145127316,1.0259386273653823,0.44227461979957217,0.3494820159499931,-0.3545641345506158,0.05654451895221962,0.12757089753020778,4.994281231928823,15.737090355579465,-0.033824407494185804,5.736967265260522,-0.13778868373035358,2.2155155196003276,0.2320096550802027,0.5904798718725855,0.38822663870806245,1.442238255567439,0.13044458459014438,0.7187050740098158,0.9982790982421107,25.931798330725435,0.9069874806447878,0.3642700598759969,0.9833337410157431,3.8763826128774825,-0.31798429511003945,0.444640368444775,-0.38737428816361225,0.8882055444453342,0.0842558527220072,0.5087586527597289,0.04745421977622478,0.6588235544559743,5.347655393294578,1.3233626201930977,0.1271281926319986,3.4691969951713637,-0.13000529287095552,3.459729475736068,0.9879689001810549
004,seed4,43,151212,1158.9330096244812,1.345253757676355,0.9912741003233821,1.3162070297191741,1.3510536021266222,1.415740061881881,1.6623018299185524,0.10871412060263079,0.5589830462411355,-1.5346508263576717,0.2247467153962444,-0.16796625546308805,2.506323112707053,1.762185246337673,0.10811101621725766,5.16741196440866,-1.4256330165695577,1.1611103150809516,0.2784533807693769,1.266811446215048,0.1963366264738663,9.53719317692018,10.908767408946847,1.3093460143907074,7.972061666589482,0.7415100465717942,4.055806735658633,1.0270493612149356,0.4041092390478712,0.33148488463452785,0.14528960912813266,0.05238366431553453,0.137811095342958,5.125816061845677,16.154594565348777,-0.0063827777798410295,5.37933428158206,-0.1830227891004376,1.9442554609294977,0.03470062877873545,0.5437503639879638,0.35803058736336535,0.8332927978505797,0.052540957821767514,0.6311329469868121,0.9268498844996623,25.9243390164701,0.8754385915690138,0.3693068218308599,0.9888540917845383,3.948945488900478,-0.26244495867739387,0.4434795900321578,-0.30340918679161377,0.7966628406325198,0.07447889181884054,0.5051838123876389,-0.0400501085521415,0.510799515726218,5.237181332380081,1.3265858960659573,0.1566666798086465,3.5455787818607796,-0.1264120395450539,3.6773080345564084,0.8528820870177966
004,seed4,44,154812,1153.7937259674072,1.3270555623255453,0.9917818761464267,1.3317512447228874,1.3538688024021586,1.4047201610844575,1.6800952261782685,0.10640435573185895,0.5645105579016559,-1.5371569316330442,0.27360335937997043,-0.2224382384398538,2.5590414417521368,2.1430599852366923,0.07900703550710124,5.167166258934583,-1.42236991982039,1.0607000416179604,0.28951192804919285,1.1788041340731645,0.20217287665936537,9.731941502136223,11.201348548040995,1.3555593102611085,9.082063697202546,0.8085465970536079,4.190345497049867,1.0321363638737722,0.4104744563000585,0.33949948694178644,-0.04141151418942692,0.049955075638814336,0.148254970112744,5.04605165877045,16.769824586983578,-0.06353683291456337,4.988308254020978,-0.111249058751742,1.5417365835208932,0.16958105977020457,0.4669937752727833,0.29481481462874887,0.6328415582735093,0.014986293589841285,0.6807614256765466,0.8410299706523453,26.20435003454845,0.8371594592853321,0.28181237192507536,0.9890111850260727,4.047020718486187,-0.3343435436484658,0.38277422702012587,-0.3246552370992007,0.7716968248188361,0.04419219825920034,0.5016573879276189,-0.1315744920638577,0.2730923587429421,5.153644768365596,1.273397734678827,0.11966240204942227,3.6462079130740417,-0.2020681420531142,3.566741540140699,0.8056098653375667
004,seed4,45,158412,1159.5166401863098,1.3087285426963282,0.9931803744288882,1.3449859373181046,1.3584331827172325,1.3991103797968885,1.7020313472915878,0.10473983385282065,0.5697991173921395,-1.5421873383855658,0.32915309780666163,-0.21077728946728766,2.624195500305142,2.563214644979318,0.10826864487768863,5.496643908748903,-1.4192122367413487,0.9347221711270082,0.33227571901166086,1.1876407995420908,0.1690183846054379,10.10899652203651,11.71535132193832,1.412241132973839,10.364737611192687,0.8401807664038434,4.369886645847019,1.0477694713298733,0.37348464971719714,0.3201667702391873,-0.04673459481771024,0.047728286353299565,0.11297615191606344,5.293262654117434,17.75987473726092,-0.06052569560044616,5.178150715141838,-0.26988073967349746,1.6873740175899967,0.12620967167715658,0.4530166651440234,0.2802631621052034,0.5715842281805001,-0.008396622610212075,0.7943708003657535,0.838360334587966,27.06895545938681,0.8526176506086611,0.2313664010435402,0.9860946111202797,4.135275416186237,-0.3690132627841328,0.37960804746552923,-0.3582941745031992,0.8261516431002982,0.017812162890782645,0.4978196918964386,-0.1457571741089066,0.25397371730652796,5.212542973413368,1.2915641038781924,0.05590775376209995,3.8306190591631006,-0.15631554646496118,3.7005271278393637,0.8916328027280195
004,seed4,46,162012,1158.1917581558228,1.3010156524122207,0.993852323741134,1.3525959647923254,1.3516462001267529,1.3790341547441036,1.699067953321566,0.10186921199738473,0.5748105573403486,-1.5350890924362268,0.3164917613826912,-0.23111732637396842,2.5788220363523138,2.7032065114316413,0.05661867742305545,5.559640407916613,-1.408631286011872,0.862371515479693,0.30619657922412374,1.2330508829636988,0.16219625421219858,10.091923307863048,11.679974420896722,1.4681531044751428,10.88863178757168,0.8950074915054603,4.412587210250278,1.046376707145735,0.36673223938990407,0.32469431446744834,-0.06939184773965558,0.04133958644060171,0.1358372263290988,5.3440325986317525,18.074749608248496,0.01927498823751748,5.264903158766066,-0.1210747933706938,1.7431135001507154,0.17868805359260664,0.4933108580150579,0.3137120297635407,0.489718228074725,0.010624072760097004,0.7707636405523085,0.8418772956302395,26.982831665765026,0.8456231501684786,0.2978214154215525,0.992992955171432,4.240262167835828,-0.30233353021824233,0.4114064502510061,-0.3394402041931342,0.8225413869597797,0.03541341687622339,0.49418607354164124,-0.27067670839123886,0.22933713395543132,5.3172955184869855,1.3177058008892124,0.05676769460167158,3.98505375343856,-0.21409762531851692,3.7199270693731727,0.7871439809394107
004,seed4,47,165612,1163.4019284248352,1.2977058288220173,0.9939319736483132,1.3582694670353372,1.346718132090671,1.3615915007398425,1.7025830303778648,0.09976402990828882,0.5798232892311652,-1.5313619455276768,0.32252933268139455,-0.26380666551215626,2.574749438178399,2.8831106557751047,0.1613738908546473,5.756922158698846,-1.4008511983088103,0.8021469293044035,0.3086228051487479,1.2314952796909588,0.1737732125113041,10.069384223245985,11.665079807862123,1.5293197723365184,11.507243638499105,0.8780424339323158,4.474030079382591,1.0443228497233206,0.35794941292775034,0.3250935579091925,-0.08833667958395774,0.04098189012984978,0.12141797676267188,5.26515405657798,18.381465172606948,0.018413375427861846,5.259162343698508,-0.10513680284848823,1.6969036552654173,0.23884411986824258,0.5888585633921478,0.3925197823793448,0.6017737327619106,0.10204645221172631,0.7631460427550766,0.8487856571316276,26.872321308099362,0.9312624939235142,0.2833825855035583,0.9971399486967817,4.289182608847309,-0.32243242354191815,0.3950173440607353,-0.4067630257428593,0.7911389142817092,0.02974424662187897,0.4916376307311542,0.004425317397360188,0.3508674779139795,5.602096514798668,1.3271316530903734,-0.014863853139960073,4.05749530801016,-0.2584357225887877,3.696456834088951,0.7831717291337333
004,seed4,48,169212,1164.2379908561707,1.29503211054225,0.9933406705437189,1.354451295919329,1.32935425025823,1.3301587306160674,1.6732398027466315,0.09607960464668251,0.5846639471222876,-1.509640190451782,0.21581976423751079,-0.2717823507076192,2.419480206567443,2.7028184574045717,0.22616109452101524,5.968571516627644,-1.375394434739814,0.7197328675131414,0.24055507709273416,1.2908766546519148,0.18534983140942582,9.698625621006368,11.107988724902004,1.5797523356255934,11.158462239055794,0.8030474723552345,4.386415397397782,1.0265586993250164,0.33235033945620546,0.3173160989752859,-0.02205700922399583,0.0366131844276221,0.15710546912217896,5.088085349132895,17.96072004697468,0.10723254296043176,5.052875466486659,-0.0665502611914877,1.4838196906061807,0.023007137342134908,0.6143132790739856,0.4548432976716892,0.4713352472096437,0.09765000347618091,0.5853620372520308,0.9106068968204779,25.887613177203395,0.9402832683036377,0.42774275960490715,1.006959638834754,4.3244937395227465,-0.259590357891658,0.4440898176578526,-0.2632675067026019,0.7295914959438577,0.02962662366162227,0.48800853480967266,-0.0867023910132696,0.24137140787098008,5.629563424644797,1.3872200554784457,0.06133613704256333,4.086142557832981,-0.2661949791201177,3.9620602965106952,0.8068657765699981
004,seed4,49,172812,1165.6907305717468,1.29210884756397,0.9940045522797164,1.3641811353737041,1.3280518706623161,1.3177579226634943,1.6854728481225956,0.0986320870494129,0.5890625713842608,-1.5115921041310794,0.25723457971221086,-0.290754230806972,2.4561462978410034,2.9560827251048387,0.1548533439305914,6.10611263586708,-1.3740365467482505,0.6828348776801578,0.25490613557125363,1.2544959897874892,0.19639840581517212,9.828318109995738,11.313069908442325,1.639485269666284,12.128780761552298,0.8460413280386365,4.507670125893826,1.0317827646730366,0.33215856646618636,0.32571790737860284,0.01461701952980592,0.03319681454714339,0.13008032079120668,5.1023235860469285,18.555018019649342,0.09613726225353994,5.182412451670484,-0.1810442848872744,1.5503072375882725,0.2035722677390734,0.5932407783832332,0.425533100777323,0.5046460086144037,0.05203171400545857,0.6511937934356637,0.8461716061000161,26.173006878437764,0.9600193101987575,0.3686161305765186,0.9999832230979828,4.388855049823476,-0.25826008624309377,0.41107046243851475,-0.22068525039905426,0.7269796922569368,0.017773038923786327,0.4835670910443692,-0.07479871776941992,0.23461819015991572,5.832469466638788,1.3400763911549027,-0.021849626371325048,4.219658171739164,-0.3801118490648322,3.843410989009981,0.7533872092168737
004,seed4,50,176412,1164.7707753181458,1.289859253010259,0.9946025478485688,1.3841179501800056,1.331622251804696,1.312150243841546,1.7093670466177207,0.10079356323710151,0.5928637192003304,-1.5227493576496842,0.2865947003268578,-0.28063981270671634,2.5403843844092444,3.1841872872782147,0.29015820249635915,6.324471163477114,-1.3779836488795958,0.6932936699028242,0.23997742578790476,1.2152984956947213,0.2079327936915577,9.995522420548017,11.537205424961657,1.7001851521082996,13.036441342445832,0.8465613443037834,4.648641075712632,1.0418022760334742,0.29972509382183715,0.3145957138497207,-0.032116113906311604,0.03146626115933319,0.1524387942305396,4.949093626885081,19.257882489575312,0.10370928168168612,5.20734459959105,-0.10627020590200091,1.546164703471733,0.0548244950509935,0.5947301890372477,0.3933446825240886,0.3977031112607897,0.06642091363653424,0.675867671742249,0.7968965479326077,26.714503998946963,1.0079673077350453,0.3169993549526973,0.9932463783666172,4.477639282226367,-0.3058909778848468,0.3768738877053697,-0.3085695706903851,0.6803525408233811,-0.0028984987912045947,0.4806406193440612,-0.0778879288128747,0.21591725996527134,6.040608175087452,1.3112652611653945,-0.051312996854983986,4.382422428361954,-0.3304655965283492,3.940602865984074,0.555086918685466
004,seed4,51,180012,1162.0928745269775,1.2890895082740612,0.9947329550256871,1.3935691907759058,1.3311924731553932,1.3045024327180723,1.7169296006613957,0.09550096901858143,0.5962301772344862,-1.5255321157901789,0.2804297521789412,-0.30120637640239956,2.5556098522960715,3.2619686192891018,0.233822783832514,6.187640804886758,-1.380456457482638,0.7024432577421417,0.22432600722307558,1.222656039869666,0.1854439893012907,10.000351248527055,11.555331878789833,1.7707752639773315,13.406188086485402,0.9355657021892737,4.699909365986797,1.0439249660853354,0.27923365140591067,0.30837811156345646,-0.025754700629183495,0.027830741189968148,0.15318831539422292,5.002145337567234,19.509778972926206,0.005998013711075231,5.093597917945927,-0.10540858741552406,1.6761108238696405,0.049188296405035685,0.5039013468478807,0.3482051501491146,0.44154313993629335,0.027876779320024133,0.679489927650019,0.7595681422535603,26.8008387319103,0.9206083897196065,0.31688694030839815,1.0009779768614888,4.5281982310847395,-0.2460404917999388,0.3926049846388534,-0.24360579868576593,0.6630844169439544,0.007918795134338484,0.4772683408806919,-0.16667484109994413,0.20999239737962522,5.867449494944475,1.3031513592016455,-0.09010832833020266,4.463578989505609,-0.3334356636547666,3.8171835662458906,0.6914813591279386
004,seed4,52,183612,1158.0983757972717,1.2885780979525272,0.9951812942292744,1.4032545923090045,1.3312036704520043,1.2978382001543125,1.7247078452298057,0.09499158889432915,0.5995636391736007,-1.528655515133885,0.30186182747361867,-0.321620409941473,2.573182347265748,3.4491457335105817,0.26863786429744135,6.411761130736308,-1.3790937011794095,0.6997899076650785,0.20970211951364623,1.1922804687999515,0.1694084665469225,10.261184611844206,11.854221197772105,1.8329906465524444,14.143291521451632,0.9670684682182774,4.863210251502145,1.0601635106730738,0.26931392283583494,0.30772232672210664,-0.04838703750350464,0.02649405253978582,0.16349033332891127,4.831754403410094,20.37410735609591,0.007992595481118258,5.074151017135022,-0.07236858749203187,1.7914866246623344,0.21169771348291652,0.4976967064005279,0.3112368815576179,0.4199529709925012,-0.020955780904890906,0.7211737200607012,0.6914328546469548,27.65558703923688,0.9353920910941373,0.3589137282846446,1.015901361943459,4.672555370698586,-0.31507351583435805,0.36823537095026665,-0.2871393974478975,0.7114086086679537,0.01204989586322609,0.4785629171435043,-0.12913950753096143,0.1575117746159278,6.116420874150317,1.294570564498011,-0.12998516849898017,4.6714616600537076,-0.36456806267669595,3.7582917740599355,0.6489529203105072
004,seed4,53,187212,1158.7704019546509,1.288619918921438,0.996553033634235,1.423095707022992,1.3394408959580193,1.2988360689313572,1.7547919352948353,0.09377725550029092,0.6027100609059688,-1.5451826151817565,0.3743105089294635,-0.3266101915709926,2.6894630473182017,3.8474904201074853,0.21203655130636875,6.668457033304966,-1.3894804604192639,0.7342353206289345,0.22045938542610458,1.1932088996193937,0.19873661995143965,10.756766343129158,12.52540179868584,1.9264917187814459,15.583390108952699,0.993508633339409,5.118236071740932,1.0905972584256651,0.277225929688913,0.31122771056247683,-0.028014756943899734,0.026156325222933416,0.1498511073532624,5.043658914174186,21.757783544146235,-0.07929983638672948,5.339172688636015,-0.228179108677989,1.6610189771983905,0.3134651725428213,0.46422998469225885,0.33184403281000674,0.3636869596445073,0.031108446400577895,0.8526558716830644,0.697552133428389,29.264640769312848,0.9919489391095131,0.33120105183737747,1.0167954467660676,4.871328400539418,-0.3398628456346719,0.35366194446835736,-0.405035234584892,0.813258315531491,-0.004366056582415907,0.4721935987472534,-0.04402312810711812,0.1067773317602641,6.298346095706734,1.268991570678719,-0.21967824552586493,4.887603355609167,-0.4242935444870955,3.8333359108857907,0.7632673766083707
004,seed4,54,190812,1155.6889190673828,1.2870210943494287,0.9973305493160493,1.4340715045145562,1.3420723287608272,1.2930241086943937,1.7708005044043538,0.09400217346796198,0.605724374605401,-1.5514395943026469,0.425530199073758,-0.32469398469022986,2.7481956592244297,4.112400766983679,0.219641832934931,6.604403417901235,-1.3965052714159303,0.7775742675353423,0.2323552126598837,1.105591581184055,0.17484643323032478,10.995449872129957,12.81618913532275,1.9988307519525872,16.576388652550364,1.0828445721178819,5.2604689564439635,1.1080557089966778,0.2954410026152401,0.3210127167969588,-0.004251846276753582,0.02633656055440548,0.13763848172478366,4.847791933376037,22.596973302433895,-0.03166141152686578,5.528231093045143,-0.1511154333461414,2.0006515779820324,0.5512482382536346,0.3949291695707327,0.21002668930763285,0.4327005425956121,0.0038663212770420844,0.9411749816073587,0.5898903359960388,30.192124311532957,0.9578298658300312,0.3119764317073816,1.0256786776379774,4.991526540693143,-0.4321004445695262,0.2892352667908429,-0.41463786205753167,0.8375887716801742,-0.02397153666238268,0.47036948990627053,-0.13687678230992595,0.08215444264034923,6.355686673052197,1.2021712311760528,-0.28131230224819076,5.019052138205076,-0.523633897322417,3.6346869695901116,0.7969131087482102
004,seed4,55,194412,1155.9826335906982,1.285379047610832,0.9945281753425026,1.422267418280218,1.3277659372852832,1.270017531295223,1.739683802371093,0.09516023599378629,0.6083917958879244,-1.529107549242112,0.3249190513214153,-0.31188097235646334,2.6109377432859997,3.836303456039291,0.36339490811787245,6.709838207447674,-1.3758122225496117,0.7537461736683839,0.19270588738482966,1.2548768379196558,0.21916216248782355,10.62033998902975,12.234013922716104,2.031648704916143,15.885709273687015,0.9437769446430045,5.173858620636888,1.09251056743964,0.25823954993437676,0.2967028521997651,-0.0009668891226229204,0.023672832411062605,0.15949906945159473,4.662512088315523,22.045572663171683,-0.008313121335001606,5.5530701020936615,-0.14839854797254085,1.6552990402507515,0.25643889849011947,0.5875727505604371,0.4038460297732969,0.3434221793962358,0.058159727644196746,0.7633125143671683,0.7068845040583884,29.362429519487492,1.0543151803187938,0.39574760779488244,1.0346402684754297,4.979747542291209,-0.3364789996098959,0.38257467657619576,-0.3169890185791434,0.7466108435902596,-0.006018055539477757,0.469881797793816,-0.03372885993185832,0.16347772126695503,6.743657789181908,1.333329638938488,-0.14666185509066332,5.131842297447788,-0.4183878454249107,3.8846856854224283,0.6311518677660887
004,seed4,56,198012,1150.093454837799,1.2845047237091904,0.9934170850260691,1.4224126727342212,1.3220563574058575,1.2551785105274895,1.7312300002897332,0.0957238627803879,0.6112291305112793,-1.5211550985029596,0.296476456646427,-0.3144905262525308,2.565929876229288,3.8134167092429903,0.43671936670699674,6.77519951578896,-1.3668636801730114,0.7328841545618424,0.17015177070304027,1.2843378595661648,0.2165158155861962,10.58945273368228,12.134204806790958,2.076953773343569,15.940525544093772,0.9303074411159329,5.212730727431813,1.0951012141923788,0.25462056454206083,0.2938292131810047,-0.0008060972261999511,0.02036623067096634,0.16971488240893137,4.523788850646899,22.211373930391645,-0.12505886222601734,5.6128103266300915,-0.1872292801214159,1.869283735909233,0.24098956308885228,0.5722616235116299,0.4224779263161498,0.3829951510054245,0.02528408010045891,0.7095149502065079,0.7448349690869847,29.485715986908144,1.0144195786048966,0.4438765880739164,1.0359668136350861,5.022702510306166,-0.3034093029724613,0.40395493413245465,-0.2693783472322803,0.7366812671223577,0.002064518256575714,0.46650592281499903,-0.2776010415633855,0.13718770428587074,6.735317292314766,1.3521107427921821,-0.2078504240323903,5.254671004635755,-0.4453246062348317,3.893473471571821,0.5535671487516235
004,seed4,57,201612,1156.3830876350403,1.2863292852500596,0.9935599053423236,1.4301305892031215,1.3216279717155792,1.249019581442841,1.7335570491052101,0.0918978656357882,0.613989381515776,-1.5227727560691364,0.29897366689544375,-0.32394337040367266,2.5606764989961897,3.8811477863329276,0.5496463033124593,6.987073691019681,-1.3653096320992402,0.7538322382065339,0.14250572194802763,1.2834893364479942,0.2394864684093007,10.694246911774188,12.165307448932515,2.1586577540673653,16.38087530211544,0.9490479167363162,5.298741695050527,1.108925252479608,0.23034003746310167,0.27672724582360403,0.008597807769300985,0.019594189027749093,0.18735953914021766,4.345187790687332,22.78128424618192,0.0922022405658295,5.801792196654836,0.1029475719903708,1.8890020169175246,0.08242722920862815,0.7080881434517268,0.4600874890822179,0.39110224157738627,0.09063002817817863,0.7158139851687538,0.6820961793702424,30.19957083674683,1.123286137481407,0.44849084125783373,1.0482216646861873,5.158187349130697,-0.34233237994261173,0.3884254526562556,-0.2871961675917415,0.7383222532000004,-0.007691493090552454,0.46371183696205515,-0.03837208411642273,0.2277512538571473,7.2477577454186575,1.3589486787785436,-0.14908581655496736,5.393081599181937,-0.38164970614198546,3.7897077604605633,0.49121963921618295
004,seed4,58,205212,1155.4480638504028,1.2847620051139745,0.9944156453971867,1.436600497420671,1.3252785100075888,1.2489147489121888,1.7454773219375923,0.0883098060853638,0.6157550499797443,-1.5285317421230085,0.3321434017888524,-0.3283586420424702,2.595702828481488,4.026746153804098,0.5620647477411961,6.825611029488102,-1.3731169413006639,0.7614153518060535,0.164269880316496,1.1767938448714892,0.20696391353549556,10.75680639620834,12.272871457034109,2.1885565934412763,16.908459063641075,1.026595502185769,5.336538439093936,1.116060607554585,0.25186275846832507,0.29067745605599427,0.00877425408119742,0.018865823906673032,0.15219197302799828,4.216270932259656,23.09113555816409,-0.01954816893863992,5.715150713702037,-0.08630381668083066,1.9669312371092535,0.36336536224241306,0.5316515316931277,0.3287813882840496,0.38804965774668426,0.07175485779755006,0.7841879863339651,0.5843681971054029,30.57886166600059,1.0296527650678593,0.3836605463540904,1.047457029588518,5.170294471329851,-0.42974910128434735,0.32617442985056394,-0.32131262828947765,0.7625107588572098,-0.026998216345515726,0.4622951149940491,0.011232903653361173,0.2193961544604299,7.184927955198072,1.2716029639634847,-0.24045100677294248,5.382380859573536,-0.4545948207069072,3.6223488427685537,0.7487262191736725
004,seed4,59,208812,1155.9805941581726,1.2846713739794766,0.993825948978264,1.4335777617019605,1.3203624174007875,1.2413092459492572,1.733837296381908,0.08684788599531858,0.6173487105896702,-1.5210586521678298,0.2893538796308195,-0.3426956549371611,2.532355977579739,3.8958705575142094,0.6021988432850627,6.719855456387367,-1.3689689680046548,0.7667523725146244,0.14831293559051603,1.261906943987892,0.2330414222918019,10.560171107250302,11.940959526986482,2.1907052440741897,16.57058575529393,0.9008540696613326,5.266945434714333,1.1086899209874792,0.247071836155418,0.28649899104408094,0.03891058622875727,0.0190180572395805,0.1494413602353781,4.259167915480225,22.841856045252154,0.04095925222059432,5.794576385757278,-0.08573908405475339,1.9547419498412826,0.21247767712336,0.6012821359716838,0.444158940691968,0.46331643597110844,0.06635636380123944,0.7118023105679397,0.7280816117125185,30.192483482837424,1.0640603339937906,0.4070365821647653,1.0411976816478843,5.141111416765456,-0.35134910315485257,0.37834692032593253,-0.29265389512489215,0.7054608359187987,-0.01683143509263546,0.46139809489250183,-0.07371375401458805,0.19891678233083265,7.252769072106331,1.335622188304493,-0.23426152889068783,5.460018375997214,-0.4681650699140233,3.893048325134506,0.7280041799295177
004,seed4,60,212412,1150.1047282218933,1.2839847480865316,0.9940169217952382,1.4364413681279884,1.318234357316481,1.2356567759017734,1.7309699439209847,0.08650347322114806,0.6189671264495056,-1.5189950795777676,0.28880861501845845,-0.3217069220612959,2.5060188082358104,3.9204195989505104,0.6529594358257435,6.831225035186645,-1.3654068393298218,0.7642378662670246,0.12733465971643515,1.2962452257697272,0.2546986748820182,10.660457576817516,11.984505953454256,2.2315318349491156,16.759755045318155,0.9196232945595479,5.314480339164035,1.1194633643243632,0.24555694227796804,0.28663871390043083,0.02815332686900415,0.017979393594710593,0.1658471121099466,4.280197704032362,23.251650938520342,0.04765512471302993,5.968561602235047,0.07270652050257048,2.0041136138198246,0.20882118098803018,0.6402988733089651,0.44305620471129165,0.38529477931214295,0.039312336883269815,0.7144539280150763,0.7120144498229253,30.7471520749152,1.0384800482941916,0.5017774059090029,1.046631012894549,5.236902515364143,-0.32793472981186794,0.4051187146818827,-0.30944713537805546,0.7781544481904178,-0.011854145976063464,0.4609781073850041,-0.11186610779533036,0.1798132292604958,7.3533593535239286,1.3884271238674766,-0.22289046648016747,5.600853476993684,-0.49235013218190976,3.8665113812165357,0.8190987892290668
004,seed4,61,216012,1164.9290308952332,1.2840414592071376,0.9970032743665281,1.4563954331520712,1.3304069347873368,1.2425379974580266,1.7664082336119389,0.08333691099786812,0.6205180572660061,-1.5393754842211256,0.3988925739458675,-0.32235092261628356,2.6347530271671973,4.372987388170502,0.6487215577450589,6.939894160632861,-1.383361754234849,0.8164877441412047,0.15979020342113093,1.1716366932600166,0.22114341679319305,11.02062645502874,12.546993572932468,2.2985762024136203,18.40551613098664,1.0484918775466727,5.46424850580772,1.1447002492471754,0.23397343862282605,0.27406751554112263,0.017685343885033625,0.017951339273675936,0.1196739318941419,4.28529475018532,24.326452421764074,0.07371826219204043,6.000720997541192,0.03228273456049961,2.2483633356126664,0.3779683495321536,0.5596583861208891,0.3383270910105934,0.48340374745250797,0.08609434233409795,0.9488614694532754,0.5774813134007264,32.119230702265206,1.0807847719737065,0.2981235777611596,1.0483924183656104,5.383550301397376,-0.46782511932121884,0.2961795575018141,-0.39325453835597163,0.8254905267619969,-0.03431126862262252,0.46045019923206865,0.1805231782576491,0.2686589126987722,7.68506010906326,1.2752174999683723,-0.35788126074246085,5.782711802780512,-0.4178035010939059,3.607763645403468,0.926165845274033
004,seed4,62,219612,1150.235381603241,1.2835730370721843,0.9966432548224948,1.461306288815394,1.3275305320800703,1.2364306183920686,1.7608551206317795,0.08520224055429682,0.6220827295774292,-1.5374834898256038,0.3680461387675493,-0.31803314427710516,2.5947843505298245,4.269672004657897,0.6834116116760497,6.908137490854758,-1.379020540248448,0.8019054353793234,0.11205746349353449,1.1697225142561607,0.23779559209396342,10.761968374836172,12.209338446838288,2.2919938862680276,18.177271007674122,1.0508194988605548,5.3641551961497145,1.135724013149299,0.24025264058831106,0.27977865585272504,-0.001662419777970319,0.014224817667100358,0.1674020089409577,4.073246303124898,23.945585205659647,0.03506835221322467,5.905435015152668,-0.009935146354595185,2.019450089398734,0.4324707764569973,0.6139505393434216,0.382624588005842,0.3784767643079083,0.1322319740440581,0.891008128674943,0.5399098933061237,31.585767960786075,1.097212752003136,0.28618485097208735,1.0400853070578358,5.293454691754647,-0.4891112275818405,0.29980285225266395,-0.3740927937596306,0.7647492068718422,-0.04320369972165773,0.46039052766414507,0.13996473089481826,0.22348108355599106,7.75552281505115,1.2958356719803783,-0.3327050191187365,5.7259909851859545,-0.4509448739865198,3.48675648748512,0.8146892674800607
004,seed4,63,223212,1156.4332551956177,1.2836861749922395,0.9958055154849282,1.4605179212067723,1.3243970940725287,1.2300064114237597,1.753904748102973,0.08710767333457135,0.6239327534442917,-1.5326526187613465,0.3366862067072391,-0.3323777416668713,2.5563238593906,4.1965840975659665,0.7903066840181808,6.988112987570344,-1.3734163128791554,0.779645225677275,0.0969016530579091,1.164817642914028,0.21686437379232695,10.821594765265672,12.128594413586736,2.324729770825124,18.014607767160367,1.0418254299350744,5.406755193186494,1.1462053339651965,0.2506659396619356,0.28948564390732134,-0.001887046470590667,0.01422961851797137,0.17650750648021138,3.9809781128304236,24.243099102798734,6.529487224312021e-05,6.070422676718185,-0.002891331987483578,2.2066854469704142,0.3893166985711449,0.5352388893961554,0.33231189683596885,0.3322074063418382,0.03366844629016821,0.8200357729781967,0.5434445517398329,32.132044905620454,1.0314305942463942,0.40061890595292965,1.041318320467598,5.348613850187366,-0.45750099470007255,0.313664541388723,-0.3476762618286175,0.7825793577317921,-0.040348909717512295,0.4591497260341536,0.039810939763093654,0.1769189675277291,7.812024263610592,1.2762770429199328,-0.3096889371418665,5.785052327938112,-0.5245596209704542,3.6157274164974433,0.7547441118245366
004,seed4,64,226812,1151.3412857055664,1.2842005451765275,0.9960661717496773,1.464698673871019,1.3264092067160982,1.2310035715555196,1.758397093316186,0.08681124417861598,0.6251915383772684,-1.5359308456751455,0.3273137328425129,-0.33700351780853666,2.559054926690877,4.193326336432935,0.8510229440599045,7.015078918329946,-1.377150047091501,0.7968548447301873,0.09753008185837692,1.2224420878439417,0.24014030853958535,10.835840922424598,12.066270289801569,2.34839088078782,18.119234869806885,0.9863356131388681,5.430220888361809,1.1507296779487495,0.21938274507696212,0.2679693198692516,0.017460744891618606,0.013232243350218133,0.15711112338357303,4.048526581760816,24.440323504426058,0.022345340633146447,6.088324085201155,0.06193622196791208,2.233072435130489,0.2707960794664805,0.628497633079116,0.40587243759825736,0.4020860492131309,0.07085154093960615,0.7998060700771148,0.6171199638835764,32.379786975677646,1.0888329379491917,0.41910944572961034,1.039469070993971,5.400453276203587,-0.4037155416221907,0.3396501020836692,-0.3516207418614583,0.7885577754310943,-0.0295703277057747,0.4578812028811638,-0.013132723007947286,0.18472121295242022,8.038721394453292,1.324754304676504,-0.2795194423533624,5.902828458853765,-0.4332290905473789,3.7520056668959585,0.7252940838224218
004,seed4,65,230412,1154.4685759544373,1.284440405866139,0.9960762437856685,1.4658184832522592,1.3260064015536985,1.2310128412878556,1.7564944409922887,0.08610079712171469,0.6259573496105706,-1.5358200491304623,0.30907020439371935,-0.3373268301099724,2.539151432199324,4.116955197634544,0.8871813454472165,6.965696900150155,-1.3772918394846834,0.7859569866399457,0.08763597712840518,1.2331171304824529,0.25485136966863403,10.722107207242932,11.878024521579606,2.359695316934067,17.886306461358075,0.9565670048659981,5.380421166862885,1.146562617093624,0.2237793266575633,0.2718522673009967,0.016550011733087004,0.011848208568043623,0.16288142112614468,4.040433637013506,24.268553765703007,0.007502261567019608,6.161332998345198,-0.05060507182950434,2.230684011297318,0.14075057977286876,0.5988065154961604,0.40686550864158816,0.35107050298818615,0.03650474630570476,0.7652018780147819,0.630094141361188,32.15095464784584,1.0656825545585575,0.4145613548080498,1.0444750562930885,5.401964263771577,-0.3620728674480421,0.3542760641951306,-0.3101328766398502,0.7424127600714475,-0.01687007194288428,0.45672402307914306,-0.004690331278269367,0.21177684105821304,8.05005158186272,1.3285711578745782,-0.2521937180909276,5.9072838197592885,-0.46128489316543086,3.8228547612606825,0.682706939989574
004,seed4,66,234012,1156.1328721046448,1.285477573498851,0.9963608072375705,1.4711997636303245,1.3276953280323422,1.232090169496979,1.760546768446493,0.08442702917493532,0.6268221923970035,-1.5395240712426501,0.31480103441049334,-0.33209325165145365,2.5463337049590895,4.162300685291461,0.905823309399657,7.084797843082286,-1.3783051091752658,0.7855494145198044,0.07243047908745964,1.26069598806203,0.24635748713159336,10.828379612066753,11.958810999636096,2.4070911510525876,18.141391695027295,0.9877720492699584,5.432624032478599,1.1562316512709663,0.20043616397227612,0.25606023290408264,0.043156285415913445,0.010851973357590262,0.1753990888601434,4.029048951112261,24.6332017804983,-0.0007789949898287765,6.1348607963160315,0.05454038431543903,2.3415246713043754,0.2505961807629043,0.629156799976084,0.44353638414634855,0.39411302789966596,0.07944148942843839,0.7768183200732375,0.6239629777701379,32.65440155215841,1.081739338858277,0.46482415119076725,1.0526014174009195,5.508162105308998,-0.3706836232944112,0.36284837210465326,-0.2916054780706495,0.7842202591581633,-0.024273793742706377,0.4567501137260446,-0.024346737018403706,0.2677272449505437,8.253961259465704,1.3464477750355182,-0.23022413812083645,6.0513195206448565,-0.39161615913764203,3.765479225660345,0.742172488601396
004,seed4,67,237612,1159.1522188186646,1.2865101250673898,0.9975890361693598,1.4829364023288911,1.3341363445906056,1.2372179723373158,1.777553788302841,0.08546858040892664,0.6275577290477709,-1.550971583022843,0.34763332733506175,-0.32608521472923935,2.6028407616584706,4.324336489543948,0.9409150502000881,7.133961942996375,-1.3874469681863832,0.8060631937760699,0.0752582183943833,1.200853740439741,0.23530016835719758,10.962411308508683,12.1229497761764,2.42520264619096,18.750273263578443,1.0024579371620688,5.495998419242576,1.1680694823436202,0.23534605578558476,0.27816739973471494,0.012905461101696035,0.010847424591934144,0.16761159080350896,4.048713555363563,25.104280490441123,0.07591470308842758,6.235089399876144,-0.07126192226164733,2.272368375809877,0.3009989571588723,0.6178103403532611,0.40031487825218437,0.36269620353599236,0.0853104777021026,0.8455297600885024,0.5838705495629755,33.276179770238684,1.1097390847587643,0.3981687382743653,1.047930673238577,5.54343406596013,-0.4058777053147012,0.32010979212884466,-0.3774385448497182,0.7909447445537923,-0.03783783061782992,0.4555540382862091,0.07343198954682839,0.24008111154402884,8.407555941093243,1.294988595722721,-0.30719947658739816,6.108265117169861,-0.5151187696803355,3.71232975224323,0.7427431180542255
004,seed4,68,241212,1156.4282960891724,1.2871457333106873,0.9969193373866195,1.4775410966278568,1.3308636041103648,1.2348112720687423,1.7673090834884895,0.0853168238948026,0.6282737239405071,-1.5452192889383753,0.31036222770410876,-0.3355659368748201,2.552178756871497,4.163549697390614,0.9712691641132521,7.018203428746542,-1.384443402472605,0.7869090337066004,0.07261889433444171,1.2255445891424197,0.24572049596129703,10.802670764695753,11.853065509673582,2.4154052338658496,18.22524183668021,0.962790412533665,5.433232754143148,1.1608969839859429,0.23841330869020083,0.28245502280276596,0.028758693727586014,0.00994982326767131,0.16313614428369763,3.996036507882921,24.792921812104865,0.048563463763560244,6.184054114794856,0.008322559246393302,2.362481736939152,0.2345083506196613,0.5884607390615001,0.39006176150831234,0.37469183159576863,0.05411204401231786,0.7748519444319829,0.6262188306545591,32.8965664219385,1.059167580323968,0.4631784090172757,1.0465630676089717,5.488428809982045,-0.36661485390743187,0.3472569617683044,-0.34643402655846944,0.7650119451244942,-0.018385469809243063,0.4573429848795987,-0.023713455702546002,0.2208488657170485,8.385478733207618,1.3237583715202552,-0.2626512587658919,6.059062850898831,-0.552169859692178,3.8342831958791055,0.7975559372418672
004,seed4,69,244812,1152.1362147331238,1.287505740473685,0.9961745238251954,1.473647043327239,1.3273398806247987,1.2314505416437487,1.7573680949610513,0.08520445179589152,0.6290034760538896,-1.5395193791872048,0.27921210344329295,-0.337955585969042,2.506781575139922,4.030352014335242,1.004140274890706,7.081893299692651,-1.3785255818870614,0.7663016653088816,0.05689632150862808,1.2629549053560258,0.2607248750496786,10.66495821271479,11.615230949320177,2.4351865096558942,17.85263669678267,0.9254796630275216,5.377727940154937,1.1549778060771876,0.20731769219675342,0.261837127021843,0.022010229420435658,0.008207510956699242,0.17793441155691914,3.875819589587344,24.526691478168424,0.06972443153818517,6.235078425228276,0.002426899208316874,2.4106600379242,0.15821776591351072,0.6643338892233962,0.4583890828733607,0.39426850760597637,0.08828689113311225,0.7027602871638949,0.6568083981162564,32.58479817762413,1.0926716866709574,0.4884950050669966,1.0477547582147848,5.490600065458903,-0.3611655740030021,0.3670541328268145,-0.29678634810103194,0.7373291682520707,-0.02478098375581541,0.4548575786523644,-0.06066555356814806,0.2740782737879956,8.432117352701134,1.355279699737276,-0.217545560361616,6.062474107948644,-0.44310874480241497,3.865242194264277,0.7457761063360963
004,seed4,70,248412,1151.6805338859558,1.288319200611106,0.9973187250012839,1.4841854474336769,1.3331635559776,1.2359853445711166,1.7728912340247185,0.0853799325008082,0.6297918303176985,-1.5500321062826181,0.31036367867606857,-0.3459795133073475,2.55766749985312,4.175599904443123,1.033635726339388,7.0560226960986,-1.3877737303755289,0.7857633511515801,0.06207133857208187,1.2096763409383533,0.2345676684671257,10.80047123404982,11.794228707215698,2.452715281054543,18.402965034674672,0.990682504182251,5.438172213132293,1.1670484345518672,0.22368678694977473,0.2725474810100397,0.02983649106486022,0.00803076721118807,0.1653134904787677,3.7966958470465597,24.956896998001657,0.022075148698353586,6.215335682074277,0.04105499514866873,2.3100820714748274,0.22833787062389932,0.6123859210582746,0.40757774173115136,0.33897498517845837,0.08875513353645231,0.7650503528020022,0.5850544087399148,33.20602989643192,1.0695718075429788,0.4303920540758548,1.0416224202194124,5.514509403530957,-0.42972070760871106,0.33505313489592575,-0.3233425585280095,0.7531579549384632,-0.034552947109244184,0.4542422592639923,0.02601172407075372,0.22110288500808914,8.467451273927944,1.3152852132207302,-0.2775331121196647,6.088967534883292,-0.4866603849616623,3.6991850839062748,0.7036542300750963
004,seed4,71,250008,1156.8284373283386,1.2887407308744059,0.9966060742693236,1.4790065239563364,1.3296314745992888,1.23344005221532,1.762463239507282,0.0847698887261861,0.6302719457365312,-1.544065709962883,0.27692372351085187,-0.34750460726938803,2.5117400445847484,4.053460208923348,1.0447405536068466,7.132064392505501,-1.38180900881643,0.7653798375495717,0.051670996492822086,1.2365036703593222,0.2608030819832502,10.723969959724958,11.615437288626758,2.4589983606556025,18.01357478236524,0.9374505959292864,5.411956966641242,1.1636935440867353,0.21554060828705396,0.26857889303996485,0.03003246748390292,0.00697169383938432,0.17370849252061582,3.800587726569503,24.80806407309066,0.09899801979226999,6.234564851895336,0.09139515750814772,2.4000083641795142,0.24567782427126558,0.692886021997693,0.45439546437923634,0.3540869816652229,0.09638911154398555,0.7009925330202532,0.6258277334668366,33.02997730367723,1.1069081991504288,0.48299948144708543,1.0460307428434406,5.51393076662651,-0.3827604629336321,0.3529813501759204,-0.3089507969229026,0.7358145172963617,-0.02942254854804425,0.4552271911049011,0.04515936199207365,0.28965718555516057,8.714816570622268,1.3557507432446956,-0.25149936196653416,6.132199954415604,-0.4800857777817253,3.815963610326652,0.7562749477120468
