run_label,netdir,run_id,seed,individual,individual_label,role,is_replicate,replicate_of,night,chkpt_index,chkpt_iter,solver_iteration,stop_iter,side_by_chkpt_iter,side_by_solver_iteration,conventions_agree,penalty_active,pre_weight,weighted,n_central_below_baseline,n_central_above_baseline,n_central_at_baseline,n_cells_total,activity_baseline,activity_penalty,below_w,above_w,reduction_path,deterministic
seed0,C:\Users\mikha\Documents\dpc-research\connectome-seed-data\results\flow\9991\000,9991/000,0,0,seed0,canonical,False,,1,0,-1,0,150000,before,before,True,True,19.692142334800554,1.9692142334800555,1040,0,0,1040,5.0,0.1,1.0,0.1,gpu,False
seed0,C:\Users\mikha\Documents\dpc-research\connectome-seed-data\results\flow\9991\000,9991/000,0,0,seed0,canonical,False,,1,1,11,12,150000,before,before,True,True,19.56148111038647,1.9561481110386472,1040,0,0,1040,5.0,0.1,1.0,0.1,gpu,False
seed0,C:\Users\mikha\Documents\dpc-research\connectome-seed-data\results\flow\9991\000,9991/000,0,0,seed0,canonical,False,,1,2,3611,3612,150000,before,before,True,True,18.873381619494307,1.8873381619494307,1024,16,0,1040,5.0,0.1,1.0,0.1,gpu,False
seed0,C:\Users\mikha\Documents\dpc-research\connectome-seed-data\results\flow\9991\000,9991/000,0,0,seed0,canonical,False,,1,3,7211,7212,150000,before,before,True,True,18.380098960895527,1.8380098960895528,987,53,0,1040,5.0,0.1,1.0,0.1,gpu,False
seed0,C:\Users\mikha\Documents\dpc-research\connectome-seed-data\results\flow\9991\000,9991/000,0,0,seed0,canonical,False,,1,4,10811,10812,150000,before,before,True,True,17.91057843335437,1.7910578433354372,950,90,0,1040,5.0,0.1,1.0,0.1,gpu,False
seed0,C:\Users\mikha\Documents\dpc-research\connectome-seed-data\results\flow\9991\000,9991/000,0,0,seed0,canonical,False,,1,5,14411,14412,150000,before,before,True,True,18.51929865196814,1.851929865196814,941,99,0,1040,5.0,0.1,1.0,0.1,gpu,False
seed0,C:\Users\mikha\Documents\dpc-research\connectome-seed-data\results\flow\9991\000,9991/000,0,0,seed0,canonical,False,,1,6,18011,18012,150000,before,before,True,True,41.71526263516718,4.171526263516718,850,190,0,1040,5.0,0.1,1.0,0.1,gpu,False
seed0,C:\Users\mikha\Documents\dpc-research\connectome-seed-data\results\flow\9991\000,9991/000,0,0,seed0,canonical,False,,1,7,21611,21612,150000,before,before,True,True,18.25241139632218,1.8252411396322181,909,131,0,1040,5.0,0.1,1.0,0.1,gpu,False
seed0,C:\Users\mikha\Documents\dpc-research\connectome-seed-data\results\flow\9991\000,9991/000,0,0,seed0,canonical,False,,1,8,25211,25212,150000,before,before,True,True,19.947647762838095,1.9947647762838097,785,255,0,1040,5.0,0.1,1.0,0.1,gpu,False
seed0,C:\Users\mikha\Documents\dpc-research\connectome-seed-data\results\flow\9991\000,9991/000,0,0,seed0,canonical,False,,1,9,28811,28812,150000,before,before,True,True,20.646887184149712,2.0646887184149714,787,253,0,1040,5.0,0.1,1.0,0.1,gpu,False
seed0,C:\Users\mikha\Documents\dpc-research\connectome-seed-data\results\flow\9991\000,9991/000,0,0,seed0,canonical,False,,1,10,32411,32412,150000,before,before,True,True,17.717831998518683,1.7717831998518685,806,234,0,1040,5.0,0.1,1.0,0.1,gpu,False
seed0,C:\Users\mikha\Documents\dpc-research\connectome-seed-data\results\flow\9991\000,9991/000,0,0,seed0,canonical,False,,1,11,36011,36012,150000,before,before,True,True,17.285380306261246,1.7285380306261247,834,206,0,1040,5.0,0.1,1.0,0.1,gpu,False
seed0,C:\Users\mikha\Documents\dpc-research\connectome-seed-data\results\flow\9991\000,9991/000,0,0,seed0,canonical,False,,1,12,39611,39612,150000,before,before,True,True,16.94868437143488,1.6948684371434881,830,210,0,1040,5.0,0.1,1.0,0.1,gpu,False
seed0,C:\Users\mikha\Documents\dpc-research\connectome-seed-data\results\flow\9991\000,9991/000,0,0,seed0,canonical,False,,1,13,43211,43212,150000,before,before,True,True,16.6651093450795,1.66651093450795,843,197,0,1040,5.0,0.1,1.0,0.1,gpu,False
seed0,C:\Users\mikha\Documents\dpc-research\connectome-seed-data\results\flow\9991\000,9991/000,0,0,seed0,canonical,False,,1,14,46811,46812,150000,before,before,True,True,16.550556894361854,1.6550556894361854,850,190,0,1040,5.0,0.1,1.0,0.1,gpu,False
seed0,C:\Users\mikha\Documents\dpc-research\connectome-seed-data\results\flow\9991\000,9991/000,0,0,seed0,canonical,False,,1,15,50411,50412,150000,before,before,True,True,16.48700610828607,1.648700610828607,868,172,0,1040,5.0,0.1,1.0,0.1,gpu,False
seed0,C:\Users\mikha\Documents\dpc-research\connectome-seed-data\results\flow\9991\000,9991/000,0,0,seed0,canonical,False,,1,16,54011,54012,150000,before,before,True,True,16.042664100376367,1.6042664100376367,886,154,0,1040,5.0,0.1,1.0,0.1,gpu,False
seed0,C:\Users\mikha\Documents\dpc-research\connectome-seed-data\results\flow\9991\000,9991/000,0,0,seed0,canonical,False,,1,17,57611,57612,150000,before,before,True,True,15.874798160385556,1.5874798160385557,897,143,0,1040,5.0,0.1,1.0,0.1,gpu,False
seed0,C:\Users\mikha\Documents\dpc-research\connectome-seed-data\results\flow\9991\000,9991/000,0,0,seed0,canonical,False,,1,18,61211,61212,150000,before,before,True,True,15.66364642551329,1.5663646425513291,891,149,0,1040,5.0,0.1,1.0,0.1,gpu,False
seed0,C:\Users\mikha\Documents\dpc-research\connectome-seed-data\results\flow\9991\000,9991/000,0,0,seed0,canonical,False,,1,19,64811,64812,150000,before,before,True,True,15.970575765021717,1.5970575765021717,883,157,0,1040,5.0,0.1,1.0,0.1,gpu,False
seed0,C:\Users\mikha\Documents\dpc-research\connectome-seed-data\results\flow\9991\000,9991/000,0,0,seed0,canonical,False,,1,20,68411,68412,150000,before,before,True,True,15.627526692658474,1.5627526692658475,894,146,0,1040,5.0,0.1,1.0,0.1,gpu,False
seed0,C:\Users\mikha\Documents\dpc-research\connectome-seed-data\results\flow\9991\000,9991/000,0,0,seed0,canonical,False,,1,21,72011,72012,150000,before,before,True,True,15.810812622600986,1.5810812622600987,893,147,0,1040,5.0,0.1,1.0,0.1,gpu,False
seed0,C:\Users\mikha\Documents\dpc-research\connectome-seed-data\results\flow\9991\000,9991/000,0,0,seed0,canonical,False,,1,22,75611,75612,150000,before,before,True,True,15.864292486363361,1.5864292486363363,900,140,0,1040,5.0,0.1,1.0,0.1,gpu,False
seed0,C:\Users\mikha\Documents\dpc-research\connectome-seed-data\results\flow\9991\000,9991/000,0,0,seed0,canonical,False,,1,23,79211,79212,150000,before,before,True,True,15.81292531756339,1.581292531756339,898,142,0,1040,5.0,0.1,1.0,0.1,gpu,False
seed0,C:\Users\mikha\Documents\dpc-research\connectome-seed-data\results\flow\9991\000,9991/000,0,0,seed0,canonical,False,,1,24,82811,82812,150000,before,before,True,True,15.763554264979753,1.5763554264979753,908,132,0,1040,5.0,0.1,1.0,0.1,gpu,False
seed0,C:\Users\mikha\Documents\dpc-research\connectome-seed-data\results\flow\9991\000,9991/000,0,0,seed0,canonical,False,,1,25,86411,86412,150000,before,before,True,True,15.707747649256532,1.5707747649256534,891,149,0,1040,5.0,0.1,1.0,0.1,gpu,False
seed0,C:\Users\mikha\Documents\dpc-research\connectome-seed-data\results\flow\9991\000,9991/000,0,0,seed0,canonical,False,,1,26,90011,90012,150000,before,before,True,True,15.988116812428878,1.5988116812428879,907,133,0,1040,5.0,0.1,1.0,0.1,gpu,False
seed0,C:\Users\mikha\Documents\dpc-research\connectome-seed-data\results\flow\9991\000,9991/000,0,0,seed0,canonical,False,,1,27,93611,93612,150000,before,before,True,True,16.07161172265709,1.6071611722657089,909,131,0,1040,5.0,0.1,1.0,0.1,gpu,False
seed0,C:\Users\mikha\Documents\dpc-research\connectome-seed-data\results\flow\9991\000,9991/000,0,0,seed0,canonical,False,,1,28,97211,97212,150000,before,before,True,True,16.111070802201652,1.6111070802201652,899,141,0,1040,5.0,0.1,1.0,0.1,gpu,False
seed0,C:\Users\mikha\Documents\dpc-research\connectome-seed-data\results\flow\9991\000,9991/000,0,0,seed0,canonical,False,,1,29,100811,100812,150000,before,before,True,True,16.225445989100876,1.6225445989100877,901,139,0,1040,5.0,0.1,1.0,0.1,gpu,False
seed0,C:\Users\mikha\Documents\dpc-research\connectome-seed-data\results\flow\9991\000,9991/000,0,0,seed0,canonical,False,,1,30,104411,104412,150000,before,before,True,True,15.987487134702336,1.5987487134702336,887,153,0,1040,5.0,0.1,1.0,0.1,gpu,False
seed0,C:\Users\mikha\Documents\dpc-research\connectome-seed-data\results\flow\9991\000,9991/000,0,0,seed0,canonical,False,,1,31,108011,108012,150000,before,before,True,True,16.15556248330982,1.615556248330982,900,140,0,1040,5.0,0.1,1.0,0.1,gpu,False
seed0,C:\Users\mikha\Documents\dpc-research\connectome-seed-data\results\flow\9991\000,9991/000,0,0,seed0,canonical,False,,1,32,111611,111612,150000,before,before,True,True,16.38485536067511,1.6384855360675112,902,138,0,1040,5.0,0.1,1.0,0.1,gpu,False
seed0,C:\Users\mikha\Documents\dpc-research\connectome-seed-data\results\flow\9991\000,9991/000,0,0,seed0,canonical,False,,1,33,115211,115212,150000,before,before,True,True,16.258500346515827,1.6258500346515827,900,140,0,1040,5.0,0.1,1.0,0.1,gpu,False
seed0,C:\Users\mikha\Documents\dpc-research\connectome-seed-data\results\flow\9991\000,9991/000,0,0,seed0,canonical,False,,1,34,118811,118812,150000,before,before,True,True,16.262586605048426,1.6262586605048428,892,148,0,1040,5.0,0.1,1.0,0.1,gpu,False
seed0,C:\Users\mikha\Documents\dpc-research\connectome-seed-data\results\flow\9991\000,9991/000,0,0,seed0,canonical,False,,1,35,122411,122412,150000,before,before,True,True,16.384309645182416,1.6384309645182418,903,137,0,1040,5.0,0.1,1.0,0.1,gpu,False
seed0,C:\Users\mikha\Documents\dpc-research\connectome-seed-data\results\flow\9991\000,9991/000,0,0,seed0,canonical,False,,1,36,126011,126012,150000,before,before,True,True,16.41162221530985,1.6411622215309851,909,131,0,1040,5.0,0.1,1.0,0.1,gpu,False
seed0,C:\Users\mikha\Documents\dpc-research\connectome-seed-data\results\flow\9991\000,9991/000,0,0,seed0,canonical,False,,1,37,129611,129612,150000,before,before,True,True,16.41601868521267,1.641601868521267,909,131,0,1040,5.0,0.1,1.0,0.1,gpu,False
seed0,C:\Users\mikha\Documents\dpc-research\connectome-seed-data\results\flow\9991\000,9991/000,0,0,seed0,canonical,False,,1,38,133211,133212,150000,before,before,True,True,16.464698203225307,1.6464698203225308,919,121,0,1040,5.0,0.1,1.0,0.1,gpu,False
seed0,C:\Users\mikha\Documents\dpc-research\connectome-seed-data\results\flow\9991\000,9991/000,0,0,seed0,canonical,False,,1,39,136811,136812,150000,before,before,True,True,16.2959001225737,1.6295900122573699,922,118,0,1040,5.0,0.1,1.0,0.1,gpu,False
seed0,C:\Users\mikha\Documents\dpc-research\connectome-seed-data\results\flow\9991\000,9991/000,0,0,seed0,canonical,False,,1,40,140411,140412,150000,before,before,True,True,16.226804094022718,1.622680409402272,926,114,0,1040,5.0,0.1,1.0,0.1,gpu,False
seed0,C:\Users\mikha\Documents\dpc-research\connectome-seed-data\results\flow\9991\000,9991/000,0,0,seed0,canonical,False,,1,41,144011,144012,150000,before,before,True,True,16.44244125010682,1.6442441250106823,930,110,0,1040,5.0,0.1,1.0,0.1,gpu,False
seed0,C:\Users\mikha\Documents\dpc-research\connectome-seed-data\results\flow\9991\000,9991/000,0,0,seed0,canonical,False,,1,42,147611,147612,150000,before,before,True,True,16.24802219463129,1.624802219463129,930,110,0,1040,5.0,0.1,1.0,0.1,gpu,False
seed0,C:\Users\mikha\Documents\dpc-research\connectome-seed-data\results\flow\9991\000,9991/000,0,0,seed0,canonical,False,,1,43,151211,151212,150000,at_or_after,at_or_after,True,False,16.23689582940628,1.623689582940628,933,107,0,1040,5.0,0.1,1.0,0.1,gpu,False
seed0,C:\Users\mikha\Documents\dpc-research\connectome-seed-data\results\flow\9991\000,9991/000,0,0,seed0,canonical,False,,1,44,154811,154812,150000,at_or_after,at_or_after,True,False,16.15018402566032,1.6150184025660321,934,106,0,1040,5.0,0.1,1.0,0.1,gpu,False
seed0,C:\Users\mikha\Documents\dpc-research\connectome-seed-data\results\flow\9991\000,9991/000,0,0,seed0,canonical,False,,1,45,158411,158412,150000,at_or_after,at_or_after,True,False,16.28050049436895,1.6280500494368952,937,103,0,1040,5.0,0.1,1.0,0.1,gpu,False
seed0,C:\Users\mikha\Documents\dpc-research\connectome-seed-data\results\flow\9991\000,9991/000,0,0,seed0,canonical,False,,1,46,162011,162012,150000,at_or_after,at_or_after,True,False,15.947627650173633,1.5947627650173635,935,105,0,1040,5.0,0.1,1.0,0.1,gpu,False
seed0,C:\Users\mikha\Documents\dpc-research\connectome-seed-data\results\flow\9991\000,9991/000,0,0,seed0,canonical,False,,1,47,165611,165612,150000,at_or_after,at_or_after,True,False,16.065882118275564,1.6065882118275565,939,101,0,1040,5.0,0.1,1.0,0.1,gpu,False
seed0,C:\Users\mikha\Documents\dpc-research\connectome-seed-data\results\flow\9991\000,9991/000,0,0,seed0,canonical,False,,1,48,169211,169212,150000,at_or_after,at_or_after,True,False,15.893279606190928,1.5893279606190929,937,103,0,1040,5.0,0.1,1.0,0.1,gpu,False
seed0,C:\Users\mikha\Documents\dpc-research\connectome-seed-data\results\flow\9991\000,9991/000,0,0,seed0,canonical,False,,1,49,172811,172812,150000,at_or_after,at_or_after,True,False,15.982458620602785,1.5982458620602786,939,101,0,1040,5.0,0.1,1.0,0.1,gpu,False
seed0,C:\Users\mikha\Documents\dpc-research\connectome-seed-data\results\flow\9991\000,9991/000,0,0,seed0,canonical,False,,1,50,176411,176412,150000,at_or_after,at_or_after,True,False,15.940876961448584,1.5940876961448585,940,100,0,1040,5.0,0.1,1.0,0.1,gpu,False
seed0,C:\Users\mikha\Documents\dpc-research\connectome-seed-data\results\flow\9991\000,9991/000,0,0,seed0,canonical,False,,1,51,180011,180012,150000,at_or_after,at_or_after,True,False,15.962768638246944,1.5962768638246945,939,101,0,1040,5.0,0.1,1.0,0.1,gpu,False
seed0,C:\Users\mikha\Documents\dpc-research\connectome-seed-data\results\flow\9991\000,9991/000,0,0,seed0,canonical,False,,1,52,183611,183612,150000,at_or_after,at_or_after,True,False,15.927725726453453,1.5927725726453454,938,102,0,1040,5.0,0.1,1.0,0.1,gpu,False
seed0,C:\Users\mikha\Documents\dpc-research\connectome-seed-data\results\flow\9991\000,9991/000,0,0,seed0,canonical,False,,1,53,187211,187212,150000,at_or_after,at_or_after,True,False,15.909762056766354,1.5909762056766354,940,100,0,1040,5.0,0.1,1.0,0.1,gpu,False
seed0,C:\Users\mikha\Documents\dpc-research\connectome-seed-data\results\flow\9991\000,9991/000,0,0,seed0,canonical,False,,1,54,190811,190812,150000,at_or_after,at_or_after,True,False,15.98382457255298,1.598382457255298,939,101,0,1040,5.0,0.1,1.0,0.1,gpu,False
seed0,C:\Users\mikha\Documents\dpc-research\connectome-seed-data\results\flow\9991\000,9991/000,0,0,seed0,canonical,False,,1,55,194411,194412,150000,at_or_after,at_or_after,True,False,15.854225632049737,1.5854225632049737,939,101,0,1040,5.0,0.1,1.0,0.1,gpu,False
seed0,C:\Users\mikha\Documents\dpc-research\connectome-seed-data\results\flow\9991\000,9991/000,0,0,seed0,canonical,False,,1,56,198011,198012,150000,at_or_after,at_or_after,True,False,15.960717090635615,1.5960717090635617,937,103,0,1040,5.0,0.1,1.0,0.1,gpu,False
seed0,C:\Users\mikha\Documents\dpc-research\connectome-seed-data\results\flow\9991\000,9991/000,0,0,seed0,canonical,False,,1,57,201611,201612,150000,at_or_after,at_or_after,True,False,15.956978018164888,1.595697801816489,936,104,0,1040,5.0,0.1,1.0,0.1,gpu,False
seed0,C:\Users\mikha\Documents\dpc-research\connectome-seed-data\results\flow\9991\000,9991/000,0,0,seed0,canonical,False,,1,58,205211,205212,150000,at_or_after,at_or_after,True,False,15.991063105690674,1.5991063105690675,933,107,0,1040,5.0,0.1,1.0,0.1,gpu,False
seed0,C:\Users\mikha\Documents\dpc-research\connectome-seed-data\results\flow\9991\000,9991/000,0,0,seed0,canonical,False,,1,59,208811,208812,150000,at_or_after,at_or_after,True,False,16.085448782530715,1.6085448782530716,936,104,0,1040,5.0,0.1,1.0,0.1,gpu,False
seed0,C:\Users\mikha\Documents\dpc-research\connectome-seed-data\results\flow\9991\000,9991/000,0,0,seed0,canonical,False,,1,60,212411,212412,150000,at_or_after,at_or_after,True,False,16.01191310777561,1.601191310777561,935,105,0,1040,5.0,0.1,1.0,0.1,gpu,False
seed0,C:\Users\mikha\Documents\dpc-research\connectome-seed-data\results\flow\9991\000,9991/000,0,0,seed0,canonical,False,,1,61,216011,216012,150000,at_or_after,at_or_after,True,False,16.014907773911432,1.6014907773911433,937,103,0,1040,5.0,0.1,1.0,0.1,gpu,False
seed0,C:\Users\mikha\Documents\dpc-research\connectome-seed-data\results\flow\9991\000,9991/000,0,0,seed0,canonical,False,,1,62,219611,219612,150000,at_or_after,at_or_after,True,False,16.07012416400255,1.607012416400255,933,107,0,1040,5.0,0.1,1.0,0.1,gpu,False
seed0,C:\Users\mikha\Documents\dpc-research\connectome-seed-data\results\flow\9991\000,9991/000,0,0,seed0,canonical,False,,1,63,223211,223212,150000,at_or_after,at_or_after,True,False,16.00503439817552,1.6005034398175522,930,110,0,1040,5.0,0.1,1.0,0.1,gpu,False
seed0,C:\Users\mikha\Documents\dpc-research\connectome-seed-data\results\flow\9991\000,9991/000,0,0,seed0,canonical,False,,1,64,226811,226812,150000,at_or_after,at_or_after,True,False,16.093961480844303,1.6093961480844303,930,110,0,1040,5.0,0.1,1.0,0.1,gpu,False
seed0,C:\Users\mikha\Documents\dpc-research\connectome-seed-data\results\flow\9991\000,9991/000,0,0,seed0,canonical,False,,1,65,230411,230412,150000,at_or_after,at_or_after,True,False,16.04765619160678,1.604765619160678,930,110,0,1040,5.0,0.1,1.0,0.1,gpu,False
seed0,C:\Users\mikha\Documents\dpc-research\connectome-seed-data\results\flow\9991\000,9991/000,0,0,seed0,canonical,False,,1,66,234011,234012,150000,at_or_after,at_or_after,True,False,16.15144134054833,1.6151441340548331,930,110,0,1040,5.0,0.1,1.0,0.1,gpu,False
seed0,C:\Users\mikha\Documents\dpc-research\connectome-seed-data\results\flow\9991\000,9991/000,0,0,seed0,canonical,False,,1,67,237611,237612,150000,at_or_after,at_or_after,True,False,16.159690316442425,1.6159690316442425,930,110,0,1040,5.0,0.1,1.0,0.1,gpu,False
seed0,C:\Users\mikha\Documents\dpc-research\connectome-seed-data\results\flow\9991\000,9991/000,0,0,seed0,canonical,False,,1,68,241211,241212,150000,at_or_after,at_or_after,True,False,16.16812454595589,1.616812454595589,931,109,0,1040,5.0,0.1,1.0,0.1,gpu,False
seed0,C:\Users\mikha\Documents\dpc-research\connectome-seed-data\results\flow\9991\000,9991/000,0,0,seed0,canonical,False,,1,69,244811,244812,150000,at_or_after,at_or_after,True,False,16.20864571077726,1.6208645710777263,933,107,0,1040,5.0,0.1,1.0,0.1,gpu,False
seed0,C:\Users\mikha\Documents\dpc-research\connectome-seed-data\results\flow\9991\000,9991/000,0,0,seed0,canonical,False,,1,70,248411,248412,150000,at_or_after,at_or_after,True,False,16.17306238798596,1.6173062387985961,931,109,0,1040,5.0,0.1,1.0,0.1,gpu,False
seed0,C:\Users\mikha\Documents\dpc-research\connectome-seed-data\results\flow\9991\000,9991/000,0,0,seed0,canonical,False,,1,71,250007,250008,150000,at_or_after,at_or_after,True,False,16.189955392979503,1.6189955392979503,931,109,0,1040,5.0,0.1,1.0,0.1,gpu,False
seed0prime,C:\Users\mikha\Documents\dpc-research\connectome-seed-data\results\flow\9991\900,9991/900,0,0,seed0,replicate,True,9991/000,1,0,-1,0,150000,before,before,True,True,19.692142333120692,1.9692142333120692,1040,0,0,1040,5.0,0.1,1.0,0.1,gpu,False
seed0prime,C:\Users\mikha\Documents\dpc-research\connectome-seed-data\results\flow\9991\900,9991/900,0,0,seed0,replicate,True,9991/000,1,1,11,12,150000,before,before,True,True,19.561481115166092,1.9561481115166093,1040,0,0,1040,5.0,0.1,1.0,0.1,gpu,False
seed0prime,C:\Users\mikha\Documents\dpc-research\connectome-seed-data\results\flow\9991\900,9991/900,0,0,seed0,replicate,True,9991/000,1,2,3611,3612,150000,before,before,True,True,18.802748659502292,1.8802748659502293,1024,16,0,1040,5.0,0.1,1.0,0.1,gpu,False
seed0prime,C:\Users\mikha\Documents\dpc-research\connectome-seed-data\results\flow\9991\900,9991/900,0,0,seed0,replicate,True,9991/000,1,3,7211,7212,150000,before,before,True,True,18.46234866146813,1.846234866146813,986,54,0,1040,5.0,0.1,1.0,0.1,gpu,False
seed0prime,C:\Users\mikha\Documents\dpc-research\connectome-seed-data\results\flow\9991\900,9991/900,0,0,seed0,replicate,True,9991/000,1,4,10811,10812,150000,before,before,True,True,17.87923791946493,1.7879237919464932,946,94,0,1040,5.0,0.1,1.0,0.1,gpu,False
seed0prime,C:\Users\mikha\Documents\dpc-research\connectome-seed-data\results\flow\9991\900,9991/900,0,0,seed0,replicate,True,9991/000,1,5,14411,14412,150000,before,before,True,True,18.955367556766745,1.8955367556766747,932,108,0,1040,5.0,0.1,1.0,0.1,gpu,False
seed0prime,C:\Users\mikha\Documents\dpc-research\connectome-seed-data\results\flow\9991\900,9991/900,0,0,seed0,replicate,True,9991/000,1,6,18011,18012,150000,before,before,True,True,58.626832683283006,5.862683268328301,824,216,0,1040,5.0,0.1,1.0,0.1,gpu,False
seed0prime,C:\Users\mikha\Documents\dpc-research\connectome-seed-data\results\flow\9991\900,9991/900,0,0,seed0,replicate,True,9991/000,1,7,21611,21612,150000,before,before,True,True,20.873158854636266,2.0873158854636267,880,160,0,1040,5.0,0.1,1.0,0.1,gpu,False
seed0prime,C:\Users\mikha\Documents\dpc-research\connectome-seed-data\results\flow\9991\900,9991/900,0,0,seed0,replicate,True,9991/000,1,8,25211,25212,150000,before,before,True,True,25.582479768503358,2.558247976850336,780,260,0,1040,5.0,0.1,1.0,0.1,gpu,False
seed0prime,C:\Users\mikha\Documents\dpc-research\connectome-seed-data\results\flow\9991\900,9991/900,0,0,seed0,replicate,True,9991/000,1,9,28811,28812,150000,before,before,True,True,25.610887873417713,2.5610887873417716,759,281,0,1040,5.0,0.1,1.0,0.1,gpu,False
seed0prime,C:\Users\mikha\Documents\dpc-research\connectome-seed-data\results\flow\9991\900,9991/900,0,0,seed0,replicate,True,9991/000,1,10,32411,32412,150000,before,before,True,True,23.910720992018998,2.3910720992019,727,313,0,1040,5.0,0.1,1.0,0.1,gpu,False
seed0prime,C:\Users\mikha\Documents\dpc-research\connectome-seed-data\results\flow\9991\900,9991/900,0,0,seed0,replicate,True,9991/000,1,11,36011,36012,150000,before,before,True,True,23.73606507631366,2.3736065076313664,731,309,0,1040,5.0,0.1,1.0,0.1,gpu,False
seed0prime,C:\Users\mikha\Documents\dpc-research\connectome-seed-data\results\flow\9991\900,9991/900,0,0,seed0,replicate,True,9991/000,1,12,39611,39612,150000,before,before,True,True,23.228517264917695,2.3228517264917694,733,307,0,1040,5.0,0.1,1.0,0.1,gpu,False
seed0prime,C:\Users\mikha\Documents\dpc-research\connectome-seed-data\results\flow\9991\900,9991/900,0,0,seed0,replicate,True,9991/000,1,13,43211,43212,150000,before,before,True,True,22.842833654797225,2.2842833654797228,745,295,0,1040,5.0,0.1,1.0,0.1,gpu,False
seed0prime,C:\Users\mikha\Documents\dpc-research\connectome-seed-data\results\flow\9991\900,9991/900,0,0,seed0,replicate,True,9991/000,1,14,46811,46812,150000,before,before,True,True,24.01916162169231,2.401916162169231,735,305,0,1040,5.0,0.1,1.0,0.1,gpu,False
seed0prime,C:\Users\mikha\Documents\dpc-research\connectome-seed-data\results\flow\9991\900,9991/900,0,0,seed0,replicate,True,9991/000,1,15,50411,50412,150000,before,before,True,True,26.388718845212217,2.638871884521222,732,308,0,1040,5.0,0.1,1.0,0.1,gpu,False
seed0prime,C:\Users\mikha\Documents\dpc-research\connectome-seed-data\results\flow\9991\900,9991/900,0,0,seed0,replicate,True,9991/000,1,16,54011,54012,150000,before,before,True,True,27.20754750419703,2.720754750419703,706,334,0,1040,5.0,0.1,1.0,0.1,gpu,False
seed0prime,C:\Users\mikha\Documents\dpc-research\connectome-seed-data\results\flow\9991\900,9991/900,0,0,seed0,replicate,True,9991/000,1,17,57611,57612,150000,before,before,True,True,26.513950359068886,2.651395035906889,720,320,0,1040,5.0,0.1,1.0,0.1,gpu,False
seed0prime,C:\Users\mikha\Documents\dpc-research\connectome-seed-data\results\flow\9991\900,9991/900,0,0,seed0,replicate,True,9991/000,1,18,61211,61212,150000,before,before,True,True,28.174523624734675,2.8174523624734675,717,323,0,1040,5.0,0.1,1.0,0.1,gpu,False
seed0prime,C:\Users\mikha\Documents\dpc-research\connectome-seed-data\results\flow\9991\900,9991/900,0,0,seed0,replicate,True,9991/000,1,19,64811,64812,150000,before,before,True,True,30.94578196094561,3.0945781960945613,703,337,0,1040,5.0,0.1,1.0,0.1,gpu,False
seed0prime,C:\Users\mikha\Documents\dpc-research\connectome-seed-data\results\flow\9991\900,9991/900,0,0,seed0,replicate,True,9991/000,1,20,68411,68412,150000,before,before,True,True,25.7527332478675,2.57527332478675,750,290,0,1040,5.0,0.1,1.0,0.1,gpu,False
seed0prime,C:\Users\mikha\Documents\dpc-research\connectome-seed-data\results\flow\9991\900,9991/900,0,0,seed0,replicate,True,9991/000,1,21,72011,72012,150000,before,before,True,True,22.06405887881085,2.2064058878810853,809,231,0,1040,5.0,0.1,1.0,0.1,gpu,False
seed0prime,C:\Users\mikha\Documents\dpc-research\connectome-seed-data\results\flow\9991\900,9991/900,0,0,seed0,replicate,True,9991/000,1,22,75611,75612,150000,before,before,True,True,20.463374003007385,2.0463374003007386,806,234,0,1040,5.0,0.1,1.0,0.1,gpu,False
seed0prime,C:\Users\mikha\Documents\dpc-research\connectome-seed-data\results\flow\9991\900,9991/900,0,0,seed0,replicate,True,9991/000,1,23,79211,79212,150000,before,before,True,True,19.910732046658843,1.9910732046658843,796,244,0,1040,5.0,0.1,1.0,0.1,gpu,False
seed0prime,C:\Users\mikha\Documents\dpc-research\connectome-seed-data\results\flow\9991\900,9991/900,0,0,seed0,replicate,True,9991/000,1,24,82811,82812,150000,before,before,True,True,19.00985610842278,1.9009856108422782,819,221,0,1040,5.0,0.1,1.0,0.1,gpu,False
seed0prime,C:\Users\mikha\Documents\dpc-research\connectome-seed-data\results\flow\9991\900,9991/900,0,0,seed0,replicate,True,9991/000,1,25,86411,86412,150000,before,before,True,True,18.95506350650713,1.895506350650713,813,227,0,1040,5.0,0.1,1.0,0.1,gpu,False
seed0prime,C:\Users\mikha\Documents\dpc-research\connectome-seed-data\results\flow\9991\900,9991/900,0,0,seed0,replicate,True,9991/000,1,26,90011,90012,150000,before,before,True,True,18.56729169215829,1.856729169215829,833,207,0,1040,5.0,0.1,1.0,0.1,gpu,False
seed0prime,C:\Users\mikha\Documents\dpc-research\connectome-seed-data\results\flow\9991\900,9991/900,0,0,seed0,replicate,True,9991/000,1,27,93611,93612,150000,before,before,True,True,18.4656601570661,1.8465660157066102,831,209,0,1040,5.0,0.1,1.0,0.1,gpu,False
seed0prime,C:\Users\mikha\Documents\dpc-research\connectome-seed-data\results\flow\9991\900,9991/900,0,0,seed0,replicate,True,9991/000,1,28,97211,97212,150000,before,before,True,True,18.46990031359496,1.846990031359496,815,225,0,1040,5.0,0.1,1.0,0.1,gpu,False
seed0prime,C:\Users\mikha\Documents\dpc-research\connectome-seed-data\results\flow\9991\900,9991/900,0,0,seed0,replicate,True,9991/000,1,29,100811,100812,150000,before,before,True,True,18.339181918437063,1.8339181918437064,821,219,0,1040,5.0,0.1,1.0,0.1,gpu,False
seed0prime,C:\Users\mikha\Documents\dpc-research\connectome-seed-data\results\flow\9991\900,9991/900,0,0,seed0,replicate,True,9991/000,1,30,104411,104412,150000,before,before,True,True,18.647955125603655,1.8647955125603657,813,227,0,1040,5.0,0.1,1.0,0.1,gpu,False
seed0prime,C:\Users\mikha\Documents\dpc-research\connectome-seed-data\results\flow\9991\900,9991/900,0,0,seed0,replicate,True,9991/000,1,31,108011,108012,150000,before,before,True,True,17.926223642586013,1.7926223642586014,824,216,0,1040,5.0,0.1,1.0,0.1,gpu,False
seed0prime,C:\Users\mikha\Documents\dpc-research\connectome-seed-data\results\flow\9991\900,9991/900,0,0,seed0,replicate,True,9991/000,1,32,111611,111612,150000,before,before,True,True,17.578439033286994,1.7578439033286994,832,208,0,1040,5.0,0.1,1.0,0.1,gpu,False
seed0prime,C:\Users\mikha\Documents\dpc-research\connectome-seed-data\results\flow\9991\900,9991/900,0,0,seed0,replicate,True,9991/000,1,33,115211,115212,150000,before,before,True,True,17.677108863577924,1.7677108863577926,833,207,0,1040,5.0,0.1,1.0,0.1,gpu,False
seed0prime,C:\Users\mikha\Documents\dpc-research\connectome-seed-data\results\flow\9991\900,9991/900,0,0,seed0,replicate,True,9991/000,1,34,118811,118812,150000,before,before,True,True,17.274443390480716,1.7274443390480716,837,203,0,1040,5.0,0.1,1.0,0.1,gpu,False
seed0prime,C:\Users\mikha\Documents\dpc-research\connectome-seed-data\results\flow\9991\900,9991/900,0,0,seed0,replicate,True,9991/000,1,35,122411,122412,150000,before,before,True,True,17.28550659349051,1.7285506593490512,838,202,0,1040,5.0,0.1,1.0,0.1,gpu,False
seed0prime,C:\Users\mikha\Documents\dpc-research\connectome-seed-data\results\flow\9991\900,9991/900,0,0,seed0,replicate,True,9991/000,1,36,126011,126012,150000,before,before,True,True,17.488991507996314,1.7488991507996314,822,218,0,1040,5.0,0.1,1.0,0.1,gpu,False
seed0prime,C:\Users\mikha\Documents\dpc-research\connectome-seed-data\results\flow\9991\900,9991/900,0,0,seed0,replicate,True,9991/000,1,37,129611,129612,150000,before,before,True,True,17.135408422109528,1.7135408422109528,821,219,0,1040,5.0,0.1,1.0,0.1,gpu,False
seed0prime,C:\Users\mikha\Documents\dpc-research\connectome-seed-data\results\flow\9991\900,9991/900,0,0,seed0,replicate,True,9991/000,1,38,133211,133212,150000,before,before,True,True,16.968625892140217,1.6968625892140219,833,207,0,1040,5.0,0.1,1.0,0.1,gpu,False
seed0prime,C:\Users\mikha\Documents\dpc-research\connectome-seed-data\results\flow\9991\900,9991/900,0,0,seed0,replicate,True,9991/000,1,39,136811,136812,150000,before,before,True,True,16.97726021606852,1.697726021606852,826,214,0,1040,5.0,0.1,1.0,0.1,gpu,False
seed0prime,C:\Users\mikha\Documents\dpc-research\connectome-seed-data\results\flow\9991\900,9991/900,0,0,seed0,replicate,True,9991/000,1,40,140411,140412,150000,before,before,True,True,16.88499943880294,1.6884999438802941,830,210,0,1040,5.0,0.1,1.0,0.1,gpu,False
seed0prime,C:\Users\mikha\Documents\dpc-research\connectome-seed-data\results\flow\9991\900,9991/900,0,0,seed0,replicate,True,9991/000,1,41,144011,144012,150000,before,before,True,True,16.81768996323947,1.681768996323947,841,199,0,1040,5.0,0.1,1.0,0.1,gpu,False
seed0prime,C:\Users\mikha\Documents\dpc-research\connectome-seed-data\results\flow\9991\900,9991/900,0,0,seed0,replicate,True,9991/000,1,42,147611,147612,150000,before,before,True,True,16.835798098320065,1.6835798098320067,829,211,0,1040,5.0,0.1,1.0,0.1,gpu,False
seed0prime,C:\Users\mikha\Documents\dpc-research\connectome-seed-data\results\flow\9991\900,9991/900,0,0,seed0,replicate,True,9991/000,1,43,151211,151212,150000,at_or_after,at_or_after,True,False,16.861657254110213,1.6861657254110214,837,203,0,1040,5.0,0.1,1.0,0.1,gpu,False
seed0prime,C:\Users\mikha\Documents\dpc-research\connectome-seed-data\results\flow\9991\900,9991/900,0,0,seed0,replicate,True,9991/000,1,44,154811,154812,150000,at_or_after,at_or_after,True,False,16.897728990840793,1.6897728990840795,817,223,0,1040,5.0,0.1,1.0,0.1,gpu,False
seed0prime,C:\Users\mikha\Documents\dpc-research\connectome-seed-data\results\flow\9991\900,9991/900,0,0,seed0,replicate,True,9991/000,1,45,158411,158412,150000,at_or_after,at_or_after,True,False,16.785180864255402,1.6785180864255402,830,210,0,1040,5.0,0.1,1.0,0.1,gpu,False
seed0prime,C:\Users\mikha\Documents\dpc-research\connectome-seed-data\results\flow\9991\900,9991/900,0,0,seed0,replicate,True,9991/000,1,46,162011,162012,150000,at_or_after,at_or_after,True,False,16.641399542549046,1.6641399542549047,839,201,0,1040,5.0,0.1,1.0,0.1,gpu,False
seed0prime,C:\Users\mikha\Documents\dpc-research\connectome-seed-data\results\flow\9991\900,9991/900,0,0,seed0,replicate,True,9991/000,1,47,165611,165612,150000,at_or_after,at_or_after,True,False,17.00163123402359,1.7001631234023593,818,222,0,1040,5.0,0.1,1.0,0.1,gpu,False
seed0prime,C:\Users\mikha\Documents\dpc-research\connectome-seed-data\results\flow\9991\900,9991/900,0,0,seed0,replicate,True,9991/000,1,48,169211,169212,150000,at_or_after,at_or_after,True,False,16.700256043415497,1.6700256043415498,838,202,0,1040,5.0,0.1,1.0,0.1,gpu,False
seed0prime,C:\Users\mikha\Documents\dpc-research\connectome-seed-data\results\flow\9991\900,9991/900,0,0,seed0,replicate,True,9991/000,1,49,172811,172812,150000,at_or_after,at_or_after,True,False,16.660826393179207,1.6660826393179207,835,205,0,1040,5.0,0.1,1.0,0.1,gpu,False
seed0prime,C:\Users\mikha\Documents\dpc-research\connectome-seed-data\results\flow\9991\900,9991/900,0,0,seed0,replicate,True,9991/000,1,50,176411,176412,150000,at_or_after,at_or_after,True,False,16.45998087135408,1.645998087135408,847,193,0,1040,5.0,0.1,1.0,0.1,gpu,False
seed0prime,C:\Users\mikha\Documents\dpc-research\connectome-seed-data\results\flow\9991\900,9991/900,0,0,seed0,replicate,True,9991/000,1,51,180011,180012,150000,at_or_after,at_or_after,True,False,16.58135444586247,1.658135444586247,824,216,0,1040,5.0,0.1,1.0,0.1,gpu,False
seed0prime,C:\Users\mikha\Documents\dpc-research\connectome-seed-data\results\flow\9991\900,9991/900,0,0,seed0,replicate,True,9991/000,1,52,183611,183612,150000,at_or_after,at_or_after,True,False,16.48860545135442,1.6488605451354421,840,200,0,1040,5.0,0.1,1.0,0.1,gpu,False
seed0prime,C:\Users\mikha\Documents\dpc-research\connectome-seed-data\results\flow\9991\900,9991/900,0,0,seed0,replicate,True,9991/000,1,53,187211,187212,150000,at_or_after,at_or_after,True,False,16.52026419819077,1.652026419819077,848,192,0,1040,5.0,0.1,1.0,0.1,gpu,False
seed0prime,C:\Users\mikha\Documents\dpc-research\connectome-seed-data\results\flow\9991\900,9991/900,0,0,seed0,replicate,True,9991/000,1,54,190811,190812,150000,at_or_after,at_or_after,True,False,16.653918429615047,1.6653918429615047,831,209,0,1040,5.0,0.1,1.0,0.1,gpu,False
seed0prime,C:\Users\mikha\Documents\dpc-research\connectome-seed-data\results\flow\9991\900,9991/900,0,0,seed0,replicate,True,9991/000,1,55,194411,194412,150000,at_or_after,at_or_after,True,False,16.403597686411874,1.6403597686411875,834,206,0,1040,5.0,0.1,1.0,0.1,gpu,False
seed0prime,C:\Users\mikha\Documents\dpc-research\connectome-seed-data\results\flow\9991\900,9991/900,0,0,seed0,replicate,True,9991/000,1,56,198011,198012,150000,at_or_after,at_or_after,True,False,16.522607723810143,1.6522607723810143,827,213,0,1040,5.0,0.1,1.0,0.1,gpu,False
seed0prime,C:\Users\mikha\Documents\dpc-research\connectome-seed-data\results\flow\9991\900,9991/900,0,0,seed0,replicate,True,9991/000,1,57,201611,201612,150000,at_or_after,at_or_after,True,False,16.37850249894702,1.6378502498947023,836,204,0,1040,5.0,0.1,1.0,0.1,gpu,False
seed0prime,C:\Users\mikha\Documents\dpc-research\connectome-seed-data\results\flow\9991\900,9991/900,0,0,seed0,replicate,True,9991/000,1,58,205211,205212,150000,at_or_after,at_or_after,True,False,16.429458588107508,1.6429458588107508,833,207,0,1040,5.0,0.1,1.0,0.1,gpu,False
seed0prime,C:\Users\mikha\Documents\dpc-research\connectome-seed-data\results\flow\9991\900,9991/900,0,0,seed0,replicate,True,9991/000,1,59,208811,208812,150000,at_or_after,at_or_after,True,False,16.405314322983646,1.6405314322983646,852,188,0,1040,5.0,0.1,1.0,0.1,gpu,False
seed0prime,C:\Users\mikha\Documents\dpc-research\connectome-seed-data\results\flow\9991\900,9991/900,0,0,seed0,replicate,True,9991/000,1,60,212411,212412,150000,at_or_after,at_or_after,True,False,16.43255934413111,1.6432559344131112,840,200,0,1040,5.0,0.1,1.0,0.1,gpu,False
seed0prime,C:\Users\mikha\Documents\dpc-research\connectome-seed-data\results\flow\9991\900,9991/900,0,0,seed0,replicate,True,9991/000,1,61,216011,216012,150000,at_or_after,at_or_after,True,False,16.404488808431225,1.6404488808431226,839,201,0,1040,5.0,0.1,1.0,0.1,gpu,False
seed0prime,C:\Users\mikha\Documents\dpc-research\connectome-seed-data\results\flow\9991\900,9991/900,0,0,seed0,replicate,True,9991/000,1,62,219611,219612,150000,at_or_after,at_or_after,True,False,16.35980598154,1.635980598154,851,189,0,1040,5.0,0.1,1.0,0.1,gpu,False
seed0prime,C:\Users\mikha\Documents\dpc-research\connectome-seed-data\results\flow\9991\900,9991/900,0,0,seed0,replicate,True,9991/000,1,63,223211,223212,150000,at_or_after,at_or_after,True,False,16.375364055955696,1.6375364055955697,840,200,0,1040,5.0,0.1,1.0,0.1,gpu,False
seed0prime,C:\Users\mikha\Documents\dpc-research\connectome-seed-data\results\flow\9991\900,9991/900,0,0,seed0,replicate,True,9991/000,1,64,226811,226812,150000,at_or_after,at_or_after,True,False,16.3323772319101,1.6332377231910102,850,190,0,1040,5.0,0.1,1.0,0.1,gpu,False
seed0prime,C:\Users\mikha\Documents\dpc-research\connectome-seed-data\results\flow\9991\900,9991/900,0,0,seed0,replicate,True,9991/000,1,65,230411,230412,150000,at_or_after,at_or_after,True,False,16.31352600074067,1.631352600074067,845,195,0,1040,5.0,0.1,1.0,0.1,gpu,False
seed0prime,C:\Users\mikha\Documents\dpc-research\connectome-seed-data\results\flow\9991\900,9991/900,0,0,seed0,replicate,True,9991/000,1,66,234011,234012,150000,at_or_after,at_or_after,True,False,16.31531235779558,1.6315312357795582,843,197,0,1040,5.0,0.1,1.0,0.1,gpu,False
seed0prime,C:\Users\mikha\Documents\dpc-research\connectome-seed-data\results\flow\9991\900,9991/900,0,0,seed0,replicate,True,9991/000,1,67,237611,237612,150000,at_or_after,at_or_after,True,False,16.409157285797107,1.640915728579711,843,197,0,1040,5.0,0.1,1.0,0.1,gpu,False
seed0prime,C:\Users\mikha\Documents\dpc-research\connectome-seed-data\results\flow\9991\900,9991/900,0,0,seed0,replicate,True,9991/000,1,68,241211,241212,150000,at_or_after,at_or_after,True,False,16.390584958311948,1.639058495831195,849,191,0,1040,5.0,0.1,1.0,0.1,gpu,False
seed0prime,C:\Users\mikha\Documents\dpc-research\connectome-seed-data\results\flow\9991\900,9991/900,0,0,seed0,replicate,True,9991/000,1,69,244811,244812,150000,at_or_after,at_or_after,True,False,16.3670655350563,1.6367065535056302,850,190,0,1040,5.0,0.1,1.0,0.1,gpu,False
seed0prime,C:\Users\mikha\Documents\dpc-research\connectome-seed-data\results\flow\9991\900,9991/900,0,0,seed0,replicate,True,9991/000,1,70,248411,248412,150000,at_or_after,at_or_after,True,False,16.36137211185777,1.636137211185777,848,192,0,1040,5.0,0.1,1.0,0.1,gpu,False
seed0prime,C:\Users\mikha\Documents\dpc-research\connectome-seed-data\results\flow\9991\900,9991/900,0,0,seed0,replicate,True,9991/000,1,71,250007,250008,150000,at_or_after,at_or_after,True,False,16.346501325047775,1.6346501325047775,846,194,0,1040,5.0,0.1,1.0,0.1,gpu,False
seed0primeprime,C:\Users\mikha\Documents\dpc-research\connectome-seed-data\results\flow\9992\000,9992/000,0,0,seed0,replicate,True,9991/000,5,0,-1,0,150000,before,before,True,True,19.692142334981124,1.9692142334981124,1040,0,0,1040,5.0,0.1,1.0,0.1,gpu,False
seed0primeprime,C:\Users\mikha\Documents\dpc-research\connectome-seed-data\results\flow\9992\000,9992/000,0,0,seed0,replicate,True,9991/000,5,1,11,12,150000,before,before,True,True,19.561481057481775,1.9561481057481775,1040,0,0,1040,5.0,0.1,1.0,0.1,gpu,False
seed0primeprime,C:\Users\mikha\Documents\dpc-research\connectome-seed-data\results\flow\9992\000,9992/000,0,0,seed0,replicate,True,9991/000,5,2,3611,3612,150000,before,before,True,True,18.91299602131359,1.891299602131359,1024,16,0,1040,5.0,0.1,1.0,0.1,gpu,False
seed0primeprime,C:\Users\mikha\Documents\dpc-research\connectome-seed-data\results\flow\9992\000,9992/000,0,0,seed0,replicate,True,9991/000,5,3,7211,7212,150000,before,before,True,True,18.479888013006036,1.8479888013006036,986,54,0,1040,5.0,0.1,1.0,0.1,gpu,False
seed0primeprime,C:\Users\mikha\Documents\dpc-research\connectome-seed-data\results\flow\9992\000,9992/000,0,0,seed0,replicate,True,9991/000,5,4,10811,10812,150000,before,before,True,True,17.97025376527744,1.7970253765277442,950,90,0,1040,5.0,0.1,1.0,0.1,gpu,False
seed0primeprime,C:\Users\mikha\Documents\dpc-research\connectome-seed-data\results\flow\9992\000,9992/000,0,0,seed0,replicate,True,9991/000,5,5,14411,14412,150000,before,before,True,True,19.222357013632625,1.9222357013632625,928,112,0,1040,5.0,0.1,1.0,0.1,gpu,False
seed0primeprime,C:\Users\mikha\Documents\dpc-research\connectome-seed-data\results\flow\9992\000,9992/000,0,0,seed0,replicate,True,9991/000,5,6,18011,18012,150000,before,before,True,True,129.77244697996545,12.977244697996547,745,295,0,1040,5.0,0.1,1.0,0.1,gpu,False
seed0primeprime,C:\Users\mikha\Documents\dpc-research\connectome-seed-data\results\flow\9992\000,9992/000,0,0,seed0,replicate,True,9991/000,5,7,21611,21612,150000,before,before,True,True,19.0859883387777,1.90859883387777,941,99,0,1040,5.0,0.1,1.0,0.1,gpu,False
seed0primeprime,C:\Users\mikha\Documents\dpc-research\connectome-seed-data\results\flow\9992\000,9992/000,0,0,seed0,replicate,True,9991/000,5,8,25211,25212,150000,before,before,True,True,20.585068959618805,2.0585068959618806,820,220,0,1040,5.0,0.1,1.0,0.1,gpu,False
seed0primeprime,C:\Users\mikha\Documents\dpc-research\connectome-seed-data\results\flow\9992\000,9992/000,0,0,seed0,replicate,True,9991/000,5,9,28811,28812,150000,before,before,True,True,18.20599899406069,1.820599899406069,865,175,0,1040,5.0,0.1,1.0,0.1,gpu,False
seed0primeprime,C:\Users\mikha\Documents\dpc-research\connectome-seed-data\results\flow\9992\000,9992/000,0,0,seed0,replicate,True,9991/000,5,10,32411,32412,150000,before,before,True,True,16.98051357910385,1.698051357910385,855,185,0,1040,5.0,0.1,1.0,0.1,gpu,False
seed0primeprime,C:\Users\mikha\Documents\dpc-research\connectome-seed-data\results\flow\9992\000,9992/000,0,0,seed0,replicate,True,9991/000,5,11,36011,36012,150000,before,before,True,True,16.914451718812487,1.6914451718812487,827,213,0,1040,5.0,0.1,1.0,0.1,gpu,False
seed0primeprime,C:\Users\mikha\Documents\dpc-research\connectome-seed-data\results\flow\9992\000,9992/000,0,0,seed0,replicate,True,9991/000,5,12,39611,39612,150000,before,before,True,True,16.617561052774,1.6617561052774001,782,258,0,1040,5.0,0.1,1.0,0.1,gpu,False
seed0primeprime,C:\Users\mikha\Documents\dpc-research\connectome-seed-data\results\flow\9992\000,9992/000,0,0,seed0,replicate,True,9991/000,5,13,43211,43212,150000,before,before,True,True,17.137839065581545,1.7137839065581546,763,277,0,1040,5.0,0.1,1.0,0.1,gpu,False
seed0primeprime,C:\Users\mikha\Documents\dpc-research\connectome-seed-data\results\flow\9992\000,9992/000,0,0,seed0,replicate,True,9991/000,5,14,46811,46812,150000,before,before,True,True,17.83549696672092,1.7835496966720923,740,300,0,1040,5.0,0.1,1.0,0.1,gpu,False
seed0primeprime,C:\Users\mikha\Documents\dpc-research\connectome-seed-data\results\flow\9992\000,9992/000,0,0,seed0,replicate,True,9991/000,5,15,50411,50412,150000,before,before,True,True,20.571075650703364,2.0571075650703365,702,338,0,1040,5.0,0.1,1.0,0.1,gpu,False
seed0primeprime,C:\Users\mikha\Documents\dpc-research\connectome-seed-data\results\flow\9992\000,9992/000,0,0,seed0,replicate,True,9991/000,5,16,54011,54012,150000,before,before,True,True,20.977559254823895,2.0977559254823896,679,361,0,1040,5.0,0.1,1.0,0.1,gpu,False
seed0primeprime,C:\Users\mikha\Documents\dpc-research\connectome-seed-data\results\flow\9992\000,9992/000,0,0,seed0,replicate,True,9991/000,5,17,57611,57612,150000,before,before,True,True,20.93251921820402,2.093251921820402,689,351,0,1040,5.0,0.1,1.0,0.1,gpu,False
seed0primeprime,C:\Users\mikha\Documents\dpc-research\connectome-seed-data\results\flow\9992\000,9992/000,0,0,seed0,replicate,True,9991/000,5,18,61211,61212,150000,before,before,True,True,21.918647621292376,2.1918647621292378,678,362,0,1040,5.0,0.1,1.0,0.1,gpu,False
seed0primeprime,C:\Users\mikha\Documents\dpc-research\connectome-seed-data\results\flow\9992\000,9992/000,0,0,seed0,replicate,True,9991/000,5,19,64811,64812,150000,before,before,True,True,24.830728147850355,2.483072814785036,665,375,0,1040,5.0,0.1,1.0,0.1,gpu,False
seed0primeprime,C:\Users\mikha\Documents\dpc-research\connectome-seed-data\results\flow\9992\000,9992/000,0,0,seed0,replicate,True,9991/000,5,20,68411,68412,150000,before,before,True,True,27.30151876594729,2.730151876594729,664,376,0,1040,5.0,0.1,1.0,0.1,gpu,False
seed0primeprime,C:\Users\mikha\Documents\dpc-research\connectome-seed-data\results\flow\9992\000,9992/000,0,0,seed0,replicate,True,9991/000,5,21,72011,72012,150000,before,before,True,True,26.152452037912447,2.615245203791245,688,352,0,1040,5.0,0.1,1.0,0.1,gpu,False
seed0primeprime,C:\Users\mikha\Documents\dpc-research\connectome-seed-data\results\flow\9992\000,9992/000,0,0,seed0,replicate,True,9991/000,5,22,75611,75612,150000,before,before,True,True,21.63680214888741,2.163680214888741,776,264,0,1040,5.0,0.1,1.0,0.1,gpu,False
seed0primeprime,C:\Users\mikha\Documents\dpc-research\connectome-seed-data\results\flow\9992\000,9992/000,0,0,seed0,replicate,True,9991/000,5,23,79211,79212,150000,before,before,True,True,21.64684568355887,2.164684568355887,764,276,0,1040,5.0,0.1,1.0,0.1,gpu,False
seed0primeprime,C:\Users\mikha\Documents\dpc-research\connectome-seed-data\results\flow\9992\000,9992/000,0,0,seed0,replicate,True,9991/000,5,24,82811,82812,150000,before,before,True,True,20.34471226162757,2.0344712261627573,803,237,0,1040,5.0,0.1,1.0,0.1,gpu,False
seed0primeprime,C:\Users\mikha\Documents\dpc-research\connectome-seed-data\results\flow\9992\000,9992/000,0,0,seed0,replicate,True,9991/000,5,25,86411,86412,150000,before,before,True,True,20.698902619707123,2.0698902619707122,780,260,0,1040,5.0,0.1,1.0,0.1,gpu,False
seed0primeprime,C:\Users\mikha\Documents\dpc-research\connectome-seed-data\results\flow\9992\000,9992/000,0,0,seed0,replicate,True,9991/000,5,26,90011,90012,150000,before,before,True,True,20.22451099745029,2.0224510997450293,761,279,0,1040,5.0,0.1,1.0,0.1,gpu,False
seed0primeprime,C:\Users\mikha\Documents\dpc-research\connectome-seed-data\results\flow\9992\000,9992/000,0,0,seed0,replicate,True,9991/000,5,27,93611,93612,150000,before,before,True,True,19.36603686969516,1.9366036869695162,756,284,0,1040,5.0,0.1,1.0,0.1,gpu,False
seed0primeprime,C:\Users\mikha\Documents\dpc-research\connectome-seed-data\results\flow\9992\000,9992/000,0,0,seed0,replicate,True,9991/000,5,28,97211,97212,150000,before,before,True,True,23.438010748608196,2.34380107486082,695,345,0,1040,5.0,0.1,1.0,0.1,gpu,False
seed0primeprime,C:\Users\mikha\Documents\dpc-research\connectome-seed-data\results\flow\9992\000,9992/000,0,0,seed0,replicate,True,9991/000,5,29,100811,100812,150000,before,before,True,True,22.162983779372553,2.2162983779372554,705,335,0,1040,5.0,0.1,1.0,0.1,gpu,False
seed0primeprime,C:\Users\mikha\Documents\dpc-research\connectome-seed-data\results\flow\9992\000,9992/000,0,0,seed0,replicate,True,9991/000,5,30,104411,104412,150000,before,before,True,True,22.258511866812814,2.2258511866812816,698,342,0,1040,5.0,0.1,1.0,0.1,gpu,False
seed0primeprime,C:\Users\mikha\Documents\dpc-research\connectome-seed-data\results\flow\9992\000,9992/000,0,0,seed0,replicate,True,9991/000,5,31,108011,108012,150000,before,before,True,True,20.775825319016082,2.077582531901608,718,322,0,1040,5.0,0.1,1.0,0.1,gpu,False
seed0primeprime,C:\Users\mikha\Documents\dpc-research\connectome-seed-data\results\flow\9992\000,9992/000,0,0,seed0,replicate,True,9991/000,5,32,111611,111612,150000,before,before,True,True,20.341301807980205,2.0341301807980208,724,316,0,1040,5.0,0.1,1.0,0.1,gpu,False
seed0primeprime,C:\Users\mikha\Documents\dpc-research\connectome-seed-data\results\flow\9992\000,9992/000,0,0,seed0,replicate,True,9991/000,5,33,115211,115212,150000,before,before,True,True,19.77253487446533,1.977253487446533,742,298,0,1040,5.0,0.1,1.0,0.1,gpu,False
seed0primeprime,C:\Users\mikha\Documents\dpc-research\connectome-seed-data\results\flow\9992\000,9992/000,0,0,seed0,replicate,True,9991/000,5,34,118811,118812,150000,before,before,True,True,19.42938769571442,1.9429387695714422,748,292,0,1040,5.0,0.1,1.0,0.1,gpu,False
seed0primeprime,C:\Users\mikha\Documents\dpc-research\connectome-seed-data\results\flow\9992\000,9992/000,0,0,seed0,replicate,True,9991/000,5,35,122411,122412,150000,before,before,True,True,18.46152942490769,1.846152942490769,756,284,0,1040,5.0,0.1,1.0,0.1,gpu,False
seed0primeprime,C:\Users\mikha\Documents\dpc-research\connectome-seed-data\results\flow\9992\000,9992/000,0,0,seed0,replicate,True,9991/000,5,36,126011,126012,150000,before,before,True,True,18.64795943860082,1.8647959438600823,760,280,0,1040,5.0,0.1,1.0,0.1,gpu,False
seed0primeprime,C:\Users\mikha\Documents\dpc-research\connectome-seed-data\results\flow\9992\000,9992/000,0,0,seed0,replicate,True,9991/000,5,37,129611,129612,150000,before,before,True,True,18.27621740530632,1.827621740530632,764,276,0,1040,5.0,0.1,1.0,0.1,gpu,False
seed0primeprime,C:\Users\mikha\Documents\dpc-research\connectome-seed-data\results\flow\9992\000,9992/000,0,0,seed0,replicate,True,9991/000,5,38,133211,133212,150000,before,before,True,True,18.375354518048415,1.8375354518048415,767,273,0,1040,5.0,0.1,1.0,0.1,gpu,False
seed0primeprime,C:\Users\mikha\Documents\dpc-research\connectome-seed-data\results\flow\9992\000,9992/000,0,0,seed0,replicate,True,9991/000,5,39,136811,136812,150000,before,before,True,True,17.87144958292231,1.787144958292231,770,270,0,1040,5.0,0.1,1.0,0.1,gpu,False
seed0primeprime,C:\Users\mikha\Documents\dpc-research\connectome-seed-data\results\flow\9992\000,9992/000,0,0,seed0,replicate,True,9991/000,5,40,140411,140412,150000,before,before,True,True,18.265963636551632,1.8265963636551632,773,267,0,1040,5.0,0.1,1.0,0.1,gpu,False
seed0primeprime,C:\Users\mikha\Documents\dpc-research\connectome-seed-data\results\flow\9992\000,9992/000,0,0,seed0,replicate,True,9991/000,5,41,144011,144012,150000,before,before,True,True,17.35247445616058,1.735247445616058,785,255,0,1040,5.0,0.1,1.0,0.1,gpu,False
seed0primeprime,C:\Users\mikha\Documents\dpc-research\connectome-seed-data\results\flow\9992\000,9992/000,0,0,seed0,replicate,True,9991/000,5,42,147611,147612,150000,before,before,True,True,17.658802794961147,1.7658802794961148,780,260,0,1040,5.0,0.1,1.0,0.1,gpu,False
seed0primeprime,C:\Users\mikha\Documents\dpc-research\connectome-seed-data\results\flow\9992\000,9992/000,0,0,seed0,replicate,True,9991/000,5,43,151211,151212,150000,at_or_after,at_or_after,True,False,17.659062158260816,1.7659062158260816,775,265,0,1040,5.0,0.1,1.0,0.1,gpu,False
seed0primeprime,C:\Users\mikha\Documents\dpc-research\connectome-seed-data\results\flow\9992\000,9992/000,0,0,seed0,replicate,True,9991/000,5,44,154811,154812,150000,at_or_after,at_or_after,True,False,17.66394699571365,1.7663946995713653,787,253,0,1040,5.0,0.1,1.0,0.1,gpu,False
seed0primeprime,C:\Users\mikha\Documents\dpc-research\connectome-seed-data\results\flow\9992\000,9992/000,0,0,seed0,replicate,True,9991/000,5,45,158411,158412,150000,at_or_after,at_or_after,True,False,17.6646256278138,1.76646256278138,784,256,0,1040,5.0,0.1,1.0,0.1,gpu,False
seed0primeprime,C:\Users\mikha\Documents\dpc-research\connectome-seed-data\results\flow\9992\000,9992/000,0,0,seed0,replicate,True,9991/000,5,46,162011,162012,150000,at_or_after,at_or_after,True,False,17.33452406472395,1.733452406472395,792,248,0,1040,5.0,0.1,1.0,0.1,gpu,False
seed0primeprime,C:\Users\mikha\Documents\dpc-research\connectome-seed-data\results\flow\9992\000,9992/000,0,0,seed0,replicate,True,9991/000,5,47,165611,165612,150000,at_or_after,at_or_after,True,False,18.1208913067003,1.8120891306700302,789,251,0,1040,5.0,0.1,1.0,0.1,gpu,False
seed0primeprime,C:\Users\mikha\Documents\dpc-research\connectome-seed-data\results\flow\9992\000,9992/000,0,0,seed0,replicate,True,9991/000,5,48,169211,169212,150000,at_or_after,at_or_after,True,False,17.309751670806264,1.7309751670806266,793,247,0,1040,5.0,0.1,1.0,0.1,gpu,False
seed0primeprime,C:\Users\mikha\Documents\dpc-research\connectome-seed-data\results\flow\9992\000,9992/000,0,0,seed0,replicate,True,9991/000,5,49,172811,172812,150000,at_or_after,at_or_after,True,False,17.432353351554767,1.7432353351554768,795,245,0,1040,5.0,0.1,1.0,0.1,gpu,False
seed0primeprime,C:\Users\mikha\Documents\dpc-research\connectome-seed-data\results\flow\9992\000,9992/000,0,0,seed0,replicate,True,9991/000,5,50,176411,176412,150000,at_or_after,at_or_after,True,False,17.07311346364444,1.707311346364444,794,246,0,1040,5.0,0.1,1.0,0.1,gpu,False
seed0primeprime,C:\Users\mikha\Documents\dpc-research\connectome-seed-data\results\flow\9992\000,9992/000,0,0,seed0,replicate,True,9991/000,5,51,180011,180012,150000,at_or_after,at_or_after,True,False,17.3447603578576,1.73447603578576,795,245,0,1040,5.0,0.1,1.0,0.1,gpu,False
seed0primeprime,C:\Users\mikha\Documents\dpc-research\connectome-seed-data\results\flow\9992\000,9992/000,0,0,seed0,replicate,True,9991/000,5,52,183611,183612,150000,at_or_after,at_or_after,True,False,17.414968083326823,1.7414968083326823,792,248,0,1040,5.0,0.1,1.0,0.1,gpu,False
seed0primeprime,C:\Users\mikha\Documents\dpc-research\connectome-seed-data\results\flow\9992\000,9992/000,0,0,seed0,replicate,True,9991/000,5,53,187211,187212,150000,at_or_after,at_or_after,True,False,17.20241013579951,1.720241013579951,796,244,0,1040,5.0,0.1,1.0,0.1,gpu,False
seed0primeprime,C:\Users\mikha\Documents\dpc-research\connectome-seed-data\results\flow\9992\000,9992/000,0,0,seed0,replicate,True,9991/000,5,54,190811,190812,150000,at_or_after,at_or_after,True,False,17.14738608692328,1.7147386086923282,797,243,0,1040,5.0,0.1,1.0,0.1,gpu,False
seed0primeprime,C:\Users\mikha\Documents\dpc-research\connectome-seed-data\results\flow\9992\000,9992/000,0,0,seed0,replicate,True,9991/000,5,55,194411,194412,150000,at_or_after,at_or_after,True,False,17.732777063700436,1.7732777063700436,796,244,0,1040,5.0,0.1,1.0,0.1,gpu,False
seed0primeprime,C:\Users\mikha\Documents\dpc-research\connectome-seed-data\results\flow\9992\000,9992/000,0,0,seed0,replicate,True,9991/000,5,56,198011,198012,150000,at_or_after,at_or_after,True,False,17.49646535329994,1.749646535329994,795,245,0,1040,5.0,0.1,1.0,0.1,gpu,False
seed0primeprime,C:\Users\mikha\Documents\dpc-research\connectome-seed-data\results\flow\9992\000,9992/000,0,0,seed0,replicate,True,9991/000,5,57,201611,201612,150000,at_or_after,at_or_after,True,False,17.383030401548183,1.7383030401548183,795,245,0,1040,5.0,0.1,1.0,0.1,gpu,False
seed0primeprime,C:\Users\mikha\Documents\dpc-research\connectome-seed-data\results\flow\9992\000,9992/000,0,0,seed0,replicate,True,9991/000,5,58,205211,205212,150000,at_or_after,at_or_after,True,False,17.31540517709344,1.731540517709344,794,246,0,1040,5.0,0.1,1.0,0.1,gpu,False
seed0primeprime,C:\Users\mikha\Documents\dpc-research\connectome-seed-data\results\flow\9992\000,9992/000,0,0,seed0,replicate,True,9991/000,5,59,208811,208812,150000,at_or_after,at_or_after,True,False,17.144002939567354,1.7144002939567355,800,240,0,1040,5.0,0.1,1.0,0.1,gpu,False
seed0primeprime,C:\Users\mikha\Documents\dpc-research\connectome-seed-data\results\flow\9992\000,9992/000,0,0,seed0,replicate,True,9991/000,5,60,212411,212412,150000,at_or_after,at_or_after,True,False,17.35395290114868,1.7353952901148681,801,239,0,1040,5.0,0.1,1.0,0.1,gpu,False
seed0primeprime,C:\Users\mikha\Documents\dpc-research\connectome-seed-data\results\flow\9992\000,9992/000,0,0,seed0,replicate,True,9991/000,5,61,216011,216012,150000,at_or_after,at_or_after,True,False,17.221663560864187,1.7221663560864187,797,243,0,1040,5.0,0.1,1.0,0.1,gpu,False
seed0primeprime,C:\Users\mikha\Documents\dpc-research\connectome-seed-data\results\flow\9992\000,9992/000,0,0,seed0,replicate,True,9991/000,5,62,219611,219612,150000,at_or_after,at_or_after,True,False,17.190731540254216,1.7190731540254216,798,242,0,1040,5.0,0.1,1.0,0.1,gpu,False
seed0primeprime,C:\Users\mikha\Documents\dpc-research\connectome-seed-data\results\flow\9992\000,9992/000,0,0,seed0,replicate,True,9991/000,5,63,223211,223212,150000,at_or_after,at_or_after,True,False,17.240248950239515,1.7240248950239516,792,248,0,1040,5.0,0.1,1.0,0.1,gpu,False
seed0primeprime,C:\Users\mikha\Documents\dpc-research\connectome-seed-data\results\flow\9992\000,9992/000,0,0,seed0,replicate,True,9991/000,5,64,226811,226812,150000,at_or_after,at_or_after,True,False,17.287943421015957,1.7287943421015957,797,243,0,1040,5.0,0.1,1.0,0.1,gpu,False
seed0primeprime,C:\Users\mikha\Documents\dpc-research\connectome-seed-data\results\flow\9992\000,9992/000,0,0,seed0,replicate,True,9991/000,5,65,230411,230412,150000,at_or_after,at_or_after,True,False,17.233179052555027,1.7233179052555028,792,248,0,1040,5.0,0.1,1.0,0.1,gpu,False
seed0primeprime,C:\Users\mikha\Documents\dpc-research\connectome-seed-data\results\flow\9992\000,9992/000,0,0,seed0,replicate,True,9991/000,5,66,234011,234012,150000,at_or_after,at_or_after,True,False,17.09379757259076,1.709379757259076,795,245,0,1040,5.0,0.1,1.0,0.1,gpu,False
seed0primeprime,C:\Users\mikha\Documents\dpc-research\connectome-seed-data\results\flow\9992\000,9992/000,0,0,seed0,replicate,True,9991/000,5,67,237611,237612,150000,at_or_after,at_or_after,True,False,17.286873424709356,1.7286873424709357,796,244,0,1040,5.0,0.1,1.0,0.1,gpu,False
seed0primeprime,C:\Users\mikha\Documents\dpc-research\connectome-seed-data\results\flow\9992\000,9992/000,0,0,seed0,replicate,True,9991/000,5,68,241211,241212,150000,at_or_after,at_or_after,True,False,17.41170291185986,1.7411702911859859,792,248,0,1040,5.0,0.1,1.0,0.1,gpu,False
seed0primeprime,C:\Users\mikha\Documents\dpc-research\connectome-seed-data\results\flow\9992\000,9992/000,0,0,seed0,replicate,True,9991/000,5,69,244811,244812,150000,at_or_after,at_or_after,True,False,17.233363007152164,1.7233363007152165,795,245,0,1040,5.0,0.1,1.0,0.1,gpu,False
seed0primeprime,C:\Users\mikha\Documents\dpc-research\connectome-seed-data\results\flow\9992\000,9992/000,0,0,seed0,replicate,True,9991/000,5,70,248411,248412,150000,at_or_after,at_or_after,True,False,17.27671140955123,1.727671140955123,796,244,0,1040,5.0,0.1,1.0,0.1,gpu,False
seed0primeprime,C:\Users\mikha\Documents\dpc-research\connectome-seed-data\results\flow\9992\000,9992/000,0,0,seed0,replicate,True,9991/000,5,71,250007,250008,150000,at_or_after,at_or_after,True,False,17.349283687643304,1.7349283687643304,793,247,0,1040,5.0,0.1,1.0,0.1,gpu,False
seed1,C:\Users\mikha\Documents\dpc-research\connectome-seed-data\results\flow\9991\001,9991/001,1,1,seed1,canonical,False,,2,0,-1,0,150000,before,before,True,True,19.757421205828066,1.9757421205828067,1040,0,0,1040,5.0,0.1,1.0,0.1,gpu,False
seed1,C:\Users\mikha\Documents\dpc-research\connectome-seed-data\results\flow\9991\001,9991/001,1,1,seed1,canonical,False,,2,1,11,12,150000,before,before,True,True,19.937211405060225,1.9937211405060227,1040,0,0,1040,5.0,0.1,1.0,0.1,gpu,False
seed1,C:\Users\mikha\Documents\dpc-research\connectome-seed-data\results\flow\9991\001,9991/001,1,1,seed1,canonical,False,,2,2,3611,3612,150000,before,before,True,True,19.26795905681113,1.926795905681113,1024,16,0,1040,5.0,0.1,1.0,0.1,gpu,False
seed1,C:\Users\mikha\Documents\dpc-research\connectome-seed-data\results\flow\9991\001,9991/001,1,1,seed1,canonical,False,,2,3,7211,7212,150000,before,before,True,True,18.347520923628547,1.8347520923628549,998,42,0,1040,5.0,0.1,1.0,0.1,gpu,False
seed1,C:\Users\mikha\Documents\dpc-research\connectome-seed-data\results\flow\9991\001,9991/001,1,1,seed1,canonical,False,,2,4,10811,10812,150000,before,before,True,True,20.967489352604314,2.0967489352604316,880,160,0,1040,5.0,0.1,1.0,0.1,gpu,False
seed1,C:\Users\mikha\Documents\dpc-research\connectome-seed-data\results\flow\9991\001,9991/001,1,1,seed1,canonical,False,,2,5,14411,14412,150000,before,before,True,True,22.57306559065754,2.257306559065754,854,186,0,1040,5.0,0.1,1.0,0.1,gpu,False
seed1,C:\Users\mikha\Documents\dpc-research\connectome-seed-data\results\flow\9991\001,9991/001,1,1,seed1,canonical,False,,2,6,18011,18012,150000,before,before,True,True,41.932017174554254,4.193201717455426,800,240,0,1040,5.0,0.1,1.0,0.1,gpu,False
seed1,C:\Users\mikha\Documents\dpc-research\connectome-seed-data\results\flow\9991\001,9991/001,1,1,seed1,canonical,False,,2,7,21611,21612,150000,before,before,True,True,27.56510469397794,2.756510469397794,826,214,0,1040,5.0,0.1,1.0,0.1,gpu,False
seed1,C:\Users\mikha\Documents\dpc-research\connectome-seed-data\results\flow\9991\001,9991/001,1,1,seed1,canonical,False,,2,8,25211,25212,150000,before,before,True,True,38.29706194650658,3.829706194650658,756,284,0,1040,5.0,0.1,1.0,0.1,gpu,False
seed1,C:\Users\mikha\Documents\dpc-research\connectome-seed-data\results\flow\9991\001,9991/001,1,1,seed1,canonical,False,,2,9,28811,28812,150000,before,before,True,True,30.56726216816475,3.0567262168164753,731,309,0,1040,5.0,0.1,1.0,0.1,gpu,False
seed1,C:\Users\mikha\Documents\dpc-research\connectome-seed-data\results\flow\9991\001,9991/001,1,1,seed1,canonical,False,,2,10,32411,32412,150000,before,before,True,True,32.272793729026205,3.2272793729026206,735,305,0,1040,5.0,0.1,1.0,0.1,gpu,False
seed1,C:\Users\mikha\Documents\dpc-research\connectome-seed-data\results\flow\9991\001,9991/001,1,1,seed1,canonical,False,,2,11,36011,36012,150000,before,before,True,True,25.918144715653597,2.59181447156536,752,288,0,1040,5.0,0.1,1.0,0.1,gpu,False
seed1,C:\Users\mikha\Documents\dpc-research\connectome-seed-data\results\flow\9991\001,9991/001,1,1,seed1,canonical,False,,2,12,39611,39612,150000,before,before,True,True,24.4588333879281,2.44588333879281,768,272,0,1040,5.0,0.1,1.0,0.1,gpu,False
seed1,C:\Users\mikha\Documents\dpc-research\connectome-seed-data\results\flow\9991\001,9991/001,1,1,seed1,canonical,False,,2,13,43211,43212,150000,before,before,True,True,20.154052461919367,2.015405246191937,794,246,0,1040,5.0,0.1,1.0,0.1,gpu,False
seed1,C:\Users\mikha\Documents\dpc-research\connectome-seed-data\results\flow\9991\001,9991/001,1,1,seed1,canonical,False,,2,14,46811,46812,150000,before,before,True,True,19.57724815738553,1.957724815738553,812,228,0,1040,5.0,0.1,1.0,0.1,gpu,False
seed1,C:\Users\mikha\Documents\dpc-research\connectome-seed-data\results\flow\9991\001,9991/001,1,1,seed1,canonical,False,,2,15,50411,50412,150000,before,before,True,True,18.85854043437126,1.885854043437126,827,213,0,1040,5.0,0.1,1.0,0.1,gpu,False
seed1,C:\Users\mikha\Documents\dpc-research\connectome-seed-data\results\flow\9991\001,9991/001,1,1,seed1,canonical,False,,2,16,54011,54012,150000,before,before,True,True,18.5980789462182,1.8598078946218202,839,201,0,1040,5.0,0.1,1.0,0.1,gpu,False
seed1,C:\Users\mikha\Documents\dpc-research\connectome-seed-data\results\flow\9991\001,9991/001,1,1,seed1,canonical,False,,2,17,57611,57612,150000,before,before,True,True,18.38836462500682,1.838836462500682,858,182,0,1040,5.0,0.1,1.0,0.1,gpu,False
seed1,C:\Users\mikha\Documents\dpc-research\connectome-seed-data\results\flow\9991\001,9991/001,1,1,seed1,canonical,False,,2,18,61211,61212,150000,before,before,True,True,18.545786074324617,1.8545786074324617,875,165,0,1040,5.0,0.1,1.0,0.1,gpu,False
seed1,C:\Users\mikha\Documents\dpc-research\connectome-seed-data\results\flow\9991\001,9991/001,1,1,seed1,canonical,False,,2,19,64811,64812,150000,before,before,True,True,18.919864538361733,1.8919864538361733,877,163,0,1040,5.0,0.1,1.0,0.1,gpu,False
seed1,C:\Users\mikha\Documents\dpc-research\connectome-seed-data\results\flow\9991\001,9991/001,1,1,seed1,canonical,False,,2,20,68411,68412,150000,before,before,True,True,19.148089886000324,1.9148089886000326,866,174,0,1040,5.0,0.1,1.0,0.1,gpu,False
seed1,C:\Users\mikha\Documents\dpc-research\connectome-seed-data\results\flow\9991\001,9991/001,1,1,seed1,canonical,False,,2,21,72011,72012,150000,before,before,True,True,18.93527459972589,1.893527459972589,924,116,0,1040,5.0,0.1,1.0,0.1,gpu,False
seed1,C:\Users\mikha\Documents\dpc-research\connectome-seed-data\results\flow\9991\001,9991/001,1,1,seed1,canonical,False,,2,22,75611,75612,150000,before,before,True,True,19.33690309827168,1.933690309827168,911,129,0,1040,5.0,0.1,1.0,0.1,gpu,False
seed1,C:\Users\mikha\Documents\dpc-research\connectome-seed-data\results\flow\9991\001,9991/001,1,1,seed1,canonical,False,,2,23,79211,79212,150000,before,before,True,True,19.089729740287193,1.9089729740287193,914,126,0,1040,5.0,0.1,1.0,0.1,gpu,False
seed1,C:\Users\mikha\Documents\dpc-research\connectome-seed-data\results\flow\9991\001,9991/001,1,1,seed1,canonical,False,,2,24,82811,82812,150000,before,before,True,True,19.30044126795041,1.9300441267950412,897,143,0,1040,5.0,0.1,1.0,0.1,gpu,False
seed1,C:\Users\mikha\Documents\dpc-research\connectome-seed-data\results\flow\9991\001,9991/001,1,1,seed1,canonical,False,,2,25,86411,86412,150000,before,before,True,True,19.315828490896372,1.9315828490896374,909,131,0,1040,5.0,0.1,1.0,0.1,gpu,False
seed1,C:\Users\mikha\Documents\dpc-research\connectome-seed-data\results\flow\9991\001,9991/001,1,1,seed1,canonical,False,,2,26,90011,90012,150000,before,before,True,True,19.49722805457769,1.949722805457769,933,107,0,1040,5.0,0.1,1.0,0.1,gpu,False
seed1,C:\Users\mikha\Documents\dpc-research\connectome-seed-data\results\flow\9991\001,9991/001,1,1,seed1,canonical,False,,2,27,93611,93612,150000,before,before,True,True,19.40876817583997,1.9408768175839972,932,108,0,1040,5.0,0.1,1.0,0.1,gpu,False
seed1,C:\Users\mikha\Documents\dpc-research\connectome-seed-data\results\flow\9991\001,9991/001,1,1,seed1,canonical,False,,2,28,97211,97212,150000,before,before,True,True,19.703090714158513,1.9703090714158513,920,120,0,1040,5.0,0.1,1.0,0.1,gpu,False
seed1,C:\Users\mikha\Documents\dpc-research\connectome-seed-data\results\flow\9991\001,9991/001,1,1,seed1,canonical,False,,2,29,100811,100812,150000,before,before,True,True,20.043499885612853,2.004349988561285,936,104,0,1040,5.0,0.1,1.0,0.1,gpu,False
seed1,C:\Users\mikha\Documents\dpc-research\connectome-seed-data\results\flow\9991\001,9991/001,1,1,seed1,canonical,False,,2,30,104411,104412,150000,before,before,True,True,20.167648325939485,2.0167648325939487,914,126,0,1040,5.0,0.1,1.0,0.1,gpu,False
seed1,C:\Users\mikha\Documents\dpc-research\connectome-seed-data\results\flow\9991\001,9991/001,1,1,seed1,canonical,False,,2,31,108011,108012,150000,before,before,True,True,20.170759392494045,2.0170759392494046,933,107,0,1040,5.0,0.1,1.0,0.1,gpu,False
seed1,C:\Users\mikha\Documents\dpc-research\connectome-seed-data\results\flow\9991\001,9991/001,1,1,seed1,canonical,False,,2,32,111611,111612,150000,before,before,True,True,20.292128939423318,2.029212893942332,932,108,0,1040,5.0,0.1,1.0,0.1,gpu,False
seed1,C:\Users\mikha\Documents\dpc-research\connectome-seed-data\results\flow\9991\001,9991/001,1,1,seed1,canonical,False,,2,33,115211,115212,150000,before,before,True,True,20.196265843979855,2.0196265843979857,941,99,0,1040,5.0,0.1,1.0,0.1,gpu,False
seed1,C:\Users\mikha\Documents\dpc-research\connectome-seed-data\results\flow\9991\001,9991/001,1,1,seed1,canonical,False,,2,34,118811,118812,150000,before,before,True,True,20.646721843318396,2.06467218433184,950,90,0,1040,5.0,0.1,1.0,0.1,gpu,False
seed1,C:\Users\mikha\Documents\dpc-research\connectome-seed-data\results\flow\9991\001,9991/001,1,1,seed1,canonical,False,,2,35,122411,122412,150000,before,before,True,True,20.810706493608247,2.0810706493608246,963,77,0,1040,5.0,0.1,1.0,0.1,gpu,False
seed1,C:\Users\mikha\Documents\dpc-research\connectome-seed-data\results\flow\9991\001,9991/001,1,1,seed1,canonical,False,,2,36,126011,126012,150000,before,before,True,True,20.67131571362655,2.0671315713626552,958,82,0,1040,5.0,0.1,1.0,0.1,gpu,False
seed1,C:\Users\mikha\Documents\dpc-research\connectome-seed-data\results\flow\9991\001,9991/001,1,1,seed1,canonical,False,,2,37,129611,129612,150000,before,before,True,True,20.594829143526585,2.0594829143526585,959,81,0,1040,5.0,0.1,1.0,0.1,gpu,False
seed1,C:\Users\mikha\Documents\dpc-research\connectome-seed-data\results\flow\9991\001,9991/001,1,1,seed1,canonical,False,,2,38,133211,133212,150000,before,before,True,True,20.60546586840145,2.060546586840145,967,73,0,1040,5.0,0.1,1.0,0.1,gpu,False
seed1,C:\Users\mikha\Documents\dpc-research\connectome-seed-data\results\flow\9991\001,9991/001,1,1,seed1,canonical,False,,2,39,136811,136812,150000,before,before,True,True,20.864334642569517,2.086433464256952,971,69,0,1040,5.0,0.1,1.0,0.1,gpu,False
seed1,C:\Users\mikha\Documents\dpc-research\connectome-seed-data\results\flow\9991\001,9991/001,1,1,seed1,canonical,False,,2,40,140411,140412,150000,before,before,True,True,20.990930780887567,2.0990930780887567,971,69,0,1040,5.0,0.1,1.0,0.1,gpu,False
seed1,C:\Users\mikha\Documents\dpc-research\connectome-seed-data\results\flow\9991\001,9991/001,1,1,seed1,canonical,False,,2,41,144011,144012,150000,before,before,True,True,20.833229441517737,2.083322944151774,972,68,0,1040,5.0,0.1,1.0,0.1,gpu,False
seed1,C:\Users\mikha\Documents\dpc-research\connectome-seed-data\results\flow\9991\001,9991/001,1,1,seed1,canonical,False,,2,42,147611,147612,150000,before,before,True,True,20.82579029541501,2.082579029541501,969,71,0,1040,5.0,0.1,1.0,0.1,gpu,False
seed1,C:\Users\mikha\Documents\dpc-research\connectome-seed-data\results\flow\9991\001,9991/001,1,1,seed1,canonical,False,,2,43,151211,151212,150000,at_or_after,at_or_after,True,False,20.844487224560112,2.084448722456011,979,61,0,1040,5.0,0.1,1.0,0.1,gpu,False
seed1,C:\Users\mikha\Documents\dpc-research\connectome-seed-data\results\flow\9991\001,9991/001,1,1,seed1,canonical,False,,2,44,154811,154812,150000,at_or_after,at_or_after,True,False,20.90520604254531,2.090520604254531,979,61,0,1040,5.0,0.1,1.0,0.1,gpu,False
seed1,C:\Users\mikha\Documents\dpc-research\connectome-seed-data\results\flow\9991\001,9991/001,1,1,seed1,canonical,False,,2,45,158411,158412,150000,at_or_after,at_or_after,True,False,21.04958941346827,2.104958941346827,983,57,0,1040,5.0,0.1,1.0,0.1,gpu,False
seed1,C:\Users\mikha\Documents\dpc-research\connectome-seed-data\results\flow\9991\001,9991/001,1,1,seed1,canonical,False,,2,46,162011,162012,150000,at_or_after,at_or_after,True,False,20.9465501579818,2.09465501579818,973,67,0,1040,5.0,0.1,1.0,0.1,gpu,False
seed1,C:\Users\mikha\Documents\dpc-research\connectome-seed-data\results\flow\9991\001,9991/001,1,1,seed1,canonical,False,,2,47,165611,165612,150000,at_or_after,at_or_after,True,False,21.02254172082378,2.1022541720823784,980,60,0,1040,5.0,0.1,1.0,0.1,gpu,False
seed1,C:\Users\mikha\Documents\dpc-research\connectome-seed-data\results\flow\9991\001,9991/001,1,1,seed1,canonical,False,,2,48,169211,169212,150000,at_or_after,at_or_after,True,False,21.16289027965781,2.116289027965781,979,61,0,1040,5.0,0.1,1.0,0.1,gpu,False
seed1,C:\Users\mikha\Documents\dpc-research\connectome-seed-data\results\flow\9991\001,9991/001,1,1,seed1,canonical,False,,2,49,172811,172812,150000,at_or_after,at_or_after,True,False,21.124961638108168,2.112496163810817,979,61,0,1040,5.0,0.1,1.0,0.1,gpu,False
seed1,C:\Users\mikha\Documents\dpc-research\connectome-seed-data\results\flow\9991\001,9991/001,1,1,seed1,canonical,False,,2,50,176411,176412,150000,at_or_after,at_or_after,True,False,21.110974606368387,2.111097460636839,981,59,0,1040,5.0,0.1,1.0,0.1,gpu,False
seed1,C:\Users\mikha\Documents\dpc-research\connectome-seed-data\results\flow\9991\001,9991/001,1,1,seed1,canonical,False,,2,51,180011,180012,150000,at_or_after,at_or_after,True,False,21.266746647473884,2.1266746647473886,979,61,0,1040,5.0,0.1,1.0,0.1,gpu,False
seed1,C:\Users\mikha\Documents\dpc-research\connectome-seed-data\results\flow\9991\001,9991/001,1,1,seed1,canonical,False,,2,52,183611,183612,150000,at_or_after,at_or_after,True,False,21.211909919844246,2.1211909919844247,978,62,0,1040,5.0,0.1,1.0,0.1,gpu,False
seed1,C:\Users\mikha\Documents\dpc-research\connectome-seed-data\results\flow\9991\001,9991/001,1,1,seed1,canonical,False,,2,53,187211,187212,150000,at_or_after,at_or_after,True,False,21.195694200794822,2.119569420079482,984,56,0,1040,5.0,0.1,1.0,0.1,gpu,False
seed1,C:\Users\mikha\Documents\dpc-research\connectome-seed-data\results\flow\9991\001,9991/001,1,1,seed1,canonical,False,,2,54,190811,190812,150000,at_or_after,at_or_after,True,False,21.232350004843898,2.12323500048439,981,59,0,1040,5.0,0.1,1.0,0.1,gpu,False
seed1,C:\Users\mikha\Documents\dpc-research\connectome-seed-data\results\flow\9991\001,9991/001,1,1,seed1,canonical,False,,2,55,194411,194412,150000,at_or_after,at_or_after,True,False,21.427494152336052,2.1427494152336055,986,54,0,1040,5.0,0.1,1.0,0.1,gpu,False
seed1,C:\Users\mikha\Documents\dpc-research\connectome-seed-data\results\flow\9991\001,9991/001,1,1,seed1,canonical,False,,2,56,198011,198012,150000,at_or_after,at_or_after,True,False,21.33114691184578,2.1331146911845784,975,65,0,1040,5.0,0.1,1.0,0.1,gpu,False
seed1,C:\Users\mikha\Documents\dpc-research\connectome-seed-data\results\flow\9991\001,9991/001,1,1,seed1,canonical,False,,2,57,201611,201612,150000,at_or_after,at_or_after,True,False,21.544566985170473,2.1544566985170475,982,58,0,1040,5.0,0.1,1.0,0.1,gpu,False
seed1,C:\Users\mikha\Documents\dpc-research\connectome-seed-data\results\flow\9991\001,9991/001,1,1,seed1,canonical,False,,2,58,205211,205212,150000,at_or_after,at_or_after,True,False,21.470953193510468,2.1470953193510467,977,63,0,1040,5.0,0.1,1.0,0.1,gpu,False
seed1,C:\Users\mikha\Documents\dpc-research\connectome-seed-data\results\flow\9991\001,9991/001,1,1,seed1,canonical,False,,2,59,208811,208812,150000,at_or_after,at_or_after,True,False,21.468052444842748,2.1468052444842747,981,59,0,1040,5.0,0.1,1.0,0.1,gpu,False
seed1,C:\Users\mikha\Documents\dpc-research\connectome-seed-data\results\flow\9991\001,9991/001,1,1,seed1,canonical,False,,2,60,212411,212412,150000,at_or_after,at_or_after,True,False,21.5128485273215,2.1512848527321498,980,60,0,1040,5.0,0.1,1.0,0.1,gpu,False
seed1,C:\Users\mikha\Documents\dpc-research\connectome-seed-data\results\flow\9991\001,9991/001,1,1,seed1,canonical,False,,2,61,216011,216012,150000,at_or_after,at_or_after,True,False,21.482295315597298,2.1482295315597297,981,59,0,1040,5.0,0.1,1.0,0.1,gpu,False
seed1,C:\Users\mikha\Documents\dpc-research\connectome-seed-data\results\flow\9991\001,9991/001,1,1,seed1,canonical,False,,2,62,219611,219612,150000,at_or_after,at_or_after,True,False,21.552836504884098,2.15528365048841,979,61,0,1040,5.0,0.1,1.0,0.1,gpu,False
seed1,C:\Users\mikha\Documents\dpc-research\connectome-seed-data\results\flow\9991\001,9991/001,1,1,seed1,canonical,False,,2,63,223211,223212,150000,at_or_after,at_or_after,True,False,21.513670834232183,2.1513670834232186,980,60,0,1040,5.0,0.1,1.0,0.1,gpu,False
seed1,C:\Users\mikha\Documents\dpc-research\connectome-seed-data\results\flow\9991\001,9991/001,1,1,seed1,canonical,False,,2,64,226811,226812,150000,at_or_after,at_or_after,True,False,21.41783081663589,2.1417830816635894,981,59,0,1040,5.0,0.1,1.0,0.1,gpu,False
seed1,C:\Users\mikha\Documents\dpc-research\connectome-seed-data\results\flow\9991\001,9991/001,1,1,seed1,canonical,False,,2,65,230411,230412,150000,at_or_after,at_or_after,True,False,21.41175421370649,2.141175421370649,982,58,0,1040,5.0,0.1,1.0,0.1,gpu,False
seed1,C:\Users\mikha\Documents\dpc-research\connectome-seed-data\results\flow\9991\001,9991/001,1,1,seed1,canonical,False,,2,66,234011,234012,150000,at_or_after,at_or_after,True,False,21.616719764773443,2.1616719764773444,979,61,0,1040,5.0,0.1,1.0,0.1,gpu,False
seed1,C:\Users\mikha\Documents\dpc-research\connectome-seed-data\results\flow\9991\001,9991/001,1,1,seed1,canonical,False,,2,67,237611,237612,150000,at_or_after,at_or_after,True,False,21.468798536694667,2.146879853669467,980,60,0,1040,5.0,0.1,1.0,0.1,gpu,False
seed1,C:\Users\mikha\Documents\dpc-research\connectome-seed-data\results\flow\9991\001,9991/001,1,1,seed1,canonical,False,,2,68,241211,241212,150000,at_or_after,at_or_after,True,False,21.5664876810736,2.15664876810736,979,61,0,1040,5.0,0.1,1.0,0.1,gpu,False
seed1,C:\Users\mikha\Documents\dpc-research\connectome-seed-data\results\flow\9991\001,9991/001,1,1,seed1,canonical,False,,2,69,244811,244812,150000,at_or_after,at_or_after,True,False,21.58475900257779,2.158475900257779,978,62,0,1040,5.0,0.1,1.0,0.1,gpu,False
seed1,C:\Users\mikha\Documents\dpc-research\connectome-seed-data\results\flow\9991\001,9991/001,1,1,seed1,canonical,False,,2,70,248411,248412,150000,at_or_after,at_or_after,True,False,21.63060717405814,2.163060717405814,980,60,0,1040,5.0,0.1,1.0,0.1,gpu,False
seed1,C:\Users\mikha\Documents\dpc-research\connectome-seed-data\results\flow\9991\001,9991/001,1,1,seed1,canonical,False,,2,71,250007,250008,150000,at_or_after,at_or_after,True,False,21.61835196079805,2.1618351960798052,978,62,0,1040,5.0,0.1,1.0,0.1,gpu,False
seed2,C:\Users\mikha\Documents\dpc-research\connectome-seed-data\results\flow\9991\002,9991/002,2,2,seed2,canonical,False,,2,0,-1,0,150000,before,before,True,True,19.688713238060405,1.9688713238060407,1040,0,0,1040,5.0,0.1,1.0,0.1,gpu,False
seed2,C:\Users\mikha\Documents\dpc-research\connectome-seed-data\results\flow\9991\002,9991/002,2,2,seed2,canonical,False,,2,1,11,12,150000,before,before,True,True,19.666438213864218,1.966643821386422,1040,0,0,1040,5.0,0.1,1.0,0.1,gpu,False
seed2,C:\Users\mikha\Documents\dpc-research\connectome-seed-data\results\flow\9991\002,9991/002,2,2,seed2,canonical,False,,2,2,3611,3612,150000,before,before,True,True,20.15863008478144,2.015863008478144,1024,16,0,1040,5.0,0.1,1.0,0.1,gpu,False
seed2,C:\Users\mikha\Documents\dpc-research\connectome-seed-data\results\flow\9991\002,9991/002,2,2,seed2,canonical,False,,2,3,7211,7212,150000,before,before,True,True,20.36264358075595,2.036264358075595,953,87,0,1040,5.0,0.1,1.0,0.1,gpu,False
seed2,C:\Users\mikha\Documents\dpc-research\connectome-seed-data\results\flow\9991\002,9991/002,2,2,seed2,canonical,False,,2,4,10811,10812,150000,before,before,True,True,22.209483666031133,2.2209483666031136,914,126,0,1040,5.0,0.1,1.0,0.1,gpu,False
seed2,C:\Users\mikha\Documents\dpc-research\connectome-seed-data\results\flow\9991\002,9991/002,2,2,seed2,canonical,False,,2,5,14411,14412,150000,before,before,True,True,42.845924025801466,4.284592402580147,866,174,0,1040,5.0,0.1,1.0,0.1,gpu,False
seed2,C:\Users\mikha\Documents\dpc-research\connectome-seed-data\results\flow\9991\002,9991/002,2,2,seed2,canonical,False,,2,6,18011,18012,150000,before,before,True,True,49.951239111331375,4.995123911133138,776,264,0,1040,5.0,0.1,1.0,0.1,gpu,False
seed2,C:\Users\mikha\Documents\dpc-research\connectome-seed-data\results\flow\9991\002,9991/002,2,2,seed2,canonical,False,,2,7,21611,21612,150000,before,before,True,True,34.29566431034728,3.429566431034728,851,189,0,1040,5.0,0.1,1.0,0.1,gpu,False
seed2,C:\Users\mikha\Documents\dpc-research\connectome-seed-data\results\flow\9991\002,9991/002,2,2,seed2,canonical,False,,2,8,25211,25212,150000,before,before,True,True,22.668787038082534,2.2668787038082536,955,85,0,1040,5.0,0.1,1.0,0.1,gpu,False
seed2,C:\Users\mikha\Documents\dpc-research\connectome-seed-data\results\flow\9991\002,9991/002,2,2,seed2,canonical,False,,2,9,28811,28812,150000,before,before,True,True,22.423755853549658,2.242375585354966,1000,40,0,1040,5.0,0.1,1.0,0.1,gpu,False
seed2,C:\Users\mikha\Documents\dpc-research\connectome-seed-data\results\flow\9991\002,9991/002,2,2,seed2,canonical,False,,2,10,32411,32412,150000,before,before,True,True,20.62166928676515,2.062166928676515,1027,13,0,1040,5.0,0.1,1.0,0.1,gpu,False
seed2,C:\Users\mikha\Documents\dpc-research\connectome-seed-data\results\flow\9991\002,9991/002,2,2,seed2,canonical,False,,2,11,36011,36012,150000,before,before,True,True,19.39961226733876,1.9399612267338762,994,46,0,1040,5.0,0.1,1.0,0.1,gpu,False
seed2,C:\Users\mikha\Documents\dpc-research\connectome-seed-data\results\flow\9991\002,9991/002,2,2,seed2,canonical,False,,2,12,39611,39612,150000,before,before,True,True,19.261370697092673,1.9261370697092675,1001,39,0,1040,5.0,0.1,1.0,0.1,gpu,False
seed2,C:\Users\mikha\Documents\dpc-research\connectome-seed-data\results\flow\9991\002,9991/002,2,2,seed2,canonical,False,,2,13,43211,43212,150000,before,before,True,True,19.914972816442997,1.9914972816442997,982,58,0,1040,5.0,0.1,1.0,0.1,gpu,False
seed2,C:\Users\mikha\Documents\dpc-research\connectome-seed-data\results\flow\9991\002,9991/002,2,2,seed2,canonical,False,,2,14,46811,46812,150000,before,before,True,True,19.906296763171238,1.9906296763171238,1009,31,0,1040,5.0,0.1,1.0,0.1,gpu,False
seed2,C:\Users\mikha\Documents\dpc-research\connectome-seed-data\results\flow\9991\002,9991/002,2,2,seed2,canonical,False,,2,15,50411,50412,150000,before,before,True,True,19.98592195551391,1.998592195551391,1002,38,0,1040,5.0,0.1,1.0,0.1,gpu,False
seed2,C:\Users\mikha\Documents\dpc-research\connectome-seed-data\results\flow\9991\002,9991/002,2,2,seed2,canonical,False,,2,16,54011,54012,150000,before,before,True,True,19.526790751196927,1.9526790751196927,988,52,0,1040,5.0,0.1,1.0,0.1,gpu,False
seed2,C:\Users\mikha\Documents\dpc-research\connectome-seed-data\results\flow\9991\002,9991/002,2,2,seed2,canonical,False,,2,17,57611,57612,150000,before,before,True,True,19.204701916875244,1.9204701916875244,995,45,0,1040,5.0,0.1,1.0,0.1,gpu,False
seed2,C:\Users\mikha\Documents\dpc-research\connectome-seed-data\results\flow\9991\002,9991/002,2,2,seed2,canonical,False,,2,18,61211,61212,150000,before,before,True,True,19.716808864457043,1.9716808864457045,996,44,0,1040,5.0,0.1,1.0,0.1,gpu,False
seed2,C:\Users\mikha\Documents\dpc-research\connectome-seed-data\results\flow\9991\002,9991/002,2,2,seed2,canonical,False,,2,19,64811,64812,150000,before,before,True,True,19.118786992017537,1.9118786992017538,991,49,0,1040,5.0,0.1,1.0,0.1,gpu,False
seed2,C:\Users\mikha\Documents\dpc-research\connectome-seed-data\results\flow\9991\002,9991/002,2,2,seed2,canonical,False,,2,20,68411,68412,150000,before,before,True,True,19.073644875344005,1.9073644875344007,975,65,0,1040,5.0,0.1,1.0,0.1,gpu,False
seed2,C:\Users\mikha\Documents\dpc-research\connectome-seed-data\results\flow\9991\002,9991/002,2,2,seed2,canonical,False,,2,21,72011,72012,150000,before,before,True,True,19.07440651520109,1.9074406515201092,971,69,0,1040,5.0,0.1,1.0,0.1,gpu,False
seed2,C:\Users\mikha\Documents\dpc-research\connectome-seed-data\results\flow\9991\002,9991/002,2,2,seed2,canonical,False,,2,22,75611,75612,150000,before,before,True,True,18.865497045461026,1.8865497045461028,987,53,0,1040,5.0,0.1,1.0,0.1,gpu,False
seed2,C:\Users\mikha\Documents\dpc-research\connectome-seed-data\results\flow\9991\002,9991/002,2,2,seed2,canonical,False,,2,23,79211,79212,150000,before,before,True,True,18.689715830416738,1.8689715830416738,987,53,0,1040,5.0,0.1,1.0,0.1,gpu,False
seed2,C:\Users\mikha\Documents\dpc-research\connectome-seed-data\results\flow\9991\002,9991/002,2,2,seed2,canonical,False,,2,24,82811,82812,150000,before,before,True,True,18.809934946598883,1.8809934946598883,987,53,0,1040,5.0,0.1,1.0,0.1,gpu,False
seed2,C:\Users\mikha\Documents\dpc-research\connectome-seed-data\results\flow\9991\002,9991/002,2,2,seed2,canonical,False,,2,25,86411,86412,150000,before,before,True,True,18.91360478619548,1.8913604786195481,980,60,0,1040,5.0,0.1,1.0,0.1,gpu,False
seed2,C:\Users\mikha\Documents\dpc-research\connectome-seed-data\results\flow\9991\002,9991/002,2,2,seed2,canonical,False,,2,26,90011,90012,150000,before,before,True,True,18.486018673408978,1.848601867340898,975,65,0,1040,5.0,0.1,1.0,0.1,gpu,False
seed2,C:\Users\mikha\Documents\dpc-research\connectome-seed-data\results\flow\9991\002,9991/002,2,2,seed2,canonical,False,,2,27,93611,93612,150000,before,before,True,True,18.390176871899577,1.8390176871899577,972,68,0,1040,5.0,0.1,1.0,0.1,gpu,False
seed2,C:\Users\mikha\Documents\dpc-research\connectome-seed-data\results\flow\9991\002,9991/002,2,2,seed2,canonical,False,,2,28,97211,97212,150000,before,before,True,True,18.24778678216024,1.824778678216024,962,78,0,1040,5.0,0.1,1.0,0.1,gpu,False
seed2,C:\Users\mikha\Documents\dpc-research\connectome-seed-data\results\flow\9991\002,9991/002,2,2,seed2,canonical,False,,2,29,100811,100812,150000,before,before,True,True,18.131085172047406,1.8131085172047408,949,91,0,1040,5.0,0.1,1.0,0.1,gpu,False
seed2,C:\Users\mikha\Documents\dpc-research\connectome-seed-data\results\flow\9991\002,9991/002,2,2,seed2,canonical,False,,2,30,104411,104412,150000,before,before,True,True,17.81156280748972,1.7811562807489723,945,95,0,1040,5.0,0.1,1.0,0.1,gpu,False
seed2,C:\Users\mikha\Documents\dpc-research\connectome-seed-data\results\flow\9991\002,9991/002,2,2,seed2,canonical,False,,2,31,108011,108012,150000,before,before,True,True,17.738165009983415,1.7738165009983415,950,90,0,1040,5.0,0.1,1.0,0.1,gpu,False
seed2,C:\Users\mikha\Documents\dpc-research\connectome-seed-data\results\flow\9991\002,9991/002,2,2,seed2,canonical,False,,2,32,111611,111612,150000,before,before,True,True,17.693150034044447,1.7693150034044447,943,97,0,1040,5.0,0.1,1.0,0.1,gpu,False
seed2,C:\Users\mikha\Documents\dpc-research\connectome-seed-data\results\flow\9991\002,9991/002,2,2,seed2,canonical,False,,2,33,115211,115212,150000,before,before,True,True,17.27313826586,1.727313826586,941,99,0,1040,5.0,0.1,1.0,0.1,gpu,False
seed2,C:\Users\mikha\Documents\dpc-research\connectome-seed-data\results\flow\9991\002,9991/002,2,2,seed2,canonical,False,,2,34,118811,118812,150000,before,before,True,True,17.34704890506249,1.734704890506249,931,109,0,1040,5.0,0.1,1.0,0.1,gpu,False
seed2,C:\Users\mikha\Documents\dpc-research\connectome-seed-data\results\flow\9991\002,9991/002,2,2,seed2,canonical,False,,2,35,122411,122412,150000,before,before,True,True,17.21339763029381,1.721339763029381,929,111,0,1040,5.0,0.1,1.0,0.1,gpu,False
seed2,C:\Users\mikha\Documents\dpc-research\connectome-seed-data\results\flow\9991\002,9991/002,2,2,seed2,canonical,False,,2,36,126011,126012,150000,before,before,True,True,16.951830247537046,1.6951830247537047,928,112,0,1040,5.0,0.1,1.0,0.1,gpu,False
seed2,C:\Users\mikha\Documents\dpc-research\connectome-seed-data\results\flow\9991\002,9991/002,2,2,seed2,canonical,False,,2,37,129611,129612,150000,before,before,True,True,17.018762440572026,1.7018762440572026,929,111,0,1040,5.0,0.1,1.0,0.1,gpu,False
seed2,C:\Users\mikha\Documents\dpc-research\connectome-seed-data\results\flow\9991\002,9991/002,2,2,seed2,canonical,False,,2,38,133211,133212,150000,before,before,True,True,16.894076543870373,1.6894076543870373,928,112,0,1040,5.0,0.1,1.0,0.1,gpu,False
seed2,C:\Users\mikha\Documents\dpc-research\connectome-seed-data\results\flow\9991\002,9991/002,2,2,seed2,canonical,False,,2,39,136811,136812,150000,before,before,True,True,16.892861536025574,1.6892861536025574,925,115,0,1040,5.0,0.1,1.0,0.1,gpu,False
seed2,C:\Users\mikha\Documents\dpc-research\connectome-seed-data\results\flow\9991\002,9991/002,2,2,seed2,canonical,False,,2,40,140411,140412,150000,before,before,True,True,16.692556745889373,1.6692556745889373,925,115,0,1040,5.0,0.1,1.0,0.1,gpu,False
seed2,C:\Users\mikha\Documents\dpc-research\connectome-seed-data\results\flow\9991\002,9991/002,2,2,seed2,canonical,False,,2,41,144011,144012,150000,before,before,True,True,16.61987276243168,1.661987276243168,910,130,0,1040,5.0,0.1,1.0,0.1,gpu,False
seed2,C:\Users\mikha\Documents\dpc-research\connectome-seed-data\results\flow\9991\002,9991/002,2,2,seed2,canonical,False,,2,42,147611,147612,150000,before,before,True,True,16.614703904269742,1.6614703904269743,914,126,0,1040,5.0,0.1,1.0,0.1,gpu,False
seed2,C:\Users\mikha\Documents\dpc-research\connectome-seed-data\results\flow\9991\002,9991/002,2,2,seed2,canonical,False,,2,43,151211,151212,150000,at_or_after,at_or_after,True,False,16.6263638988351,1.66263638988351,905,135,0,1040,5.0,0.1,1.0,0.1,gpu,False
seed2,C:\Users\mikha\Documents\dpc-research\connectome-seed-data\results\flow\9991\002,9991/002,2,2,seed2,canonical,False,,2,44,154811,154812,150000,at_or_after,at_or_after,True,False,16.5621039421085,1.6562103942108501,902,138,0,1040,5.0,0.1,1.0,0.1,gpu,False
seed2,C:\Users\mikha\Documents\dpc-research\connectome-seed-data\results\flow\9991\002,9991/002,2,2,seed2,canonical,False,,2,45,158411,158412,150000,at_or_after,at_or_after,True,False,16.509534892281124,1.6509534892281126,902,138,0,1040,5.0,0.1,1.0,0.1,gpu,False
seed2,C:\Users\mikha\Documents\dpc-research\connectome-seed-data\results\flow\9991\002,9991/002,2,2,seed2,canonical,False,,2,46,162011,162012,150000,at_or_after,at_or_after,True,False,16.52272765788981,1.652272765788981,911,129,0,1040,5.0,0.1,1.0,0.1,gpu,False
seed2,C:\Users\mikha\Documents\dpc-research\connectome-seed-data\results\flow\9991\002,9991/002,2,2,seed2,canonical,False,,2,47,165611,165612,150000,at_or_after,at_or_after,True,False,16.74274405163407,1.674274405163407,906,134,0,1040,5.0,0.1,1.0,0.1,gpu,False
seed2,C:\Users\mikha\Documents\dpc-research\connectome-seed-data\results\flow\9991\002,9991/002,2,2,seed2,canonical,False,,2,48,169211,169212,150000,at_or_after,at_or_after,True,False,16.57116676751086,1.657116676751086,908,132,0,1040,5.0,0.1,1.0,0.1,gpu,False
seed2,C:\Users\mikha\Documents\dpc-research\connectome-seed-data\results\flow\9991\002,9991/002,2,2,seed2,canonical,False,,2,49,172811,172812,150000,at_or_after,at_or_after,True,False,16.43359423236709,1.643359423236709,895,145,0,1040,5.0,0.1,1.0,0.1,gpu,False
seed2,C:\Users\mikha\Documents\dpc-research\connectome-seed-data\results\flow\9991\002,9991/002,2,2,seed2,canonical,False,,2,50,176411,176412,150000,at_or_after,at_or_after,True,False,16.475466808374293,1.6475466808374293,907,133,0,1040,5.0,0.1,1.0,0.1,gpu,False
seed2,C:\Users\mikha\Documents\dpc-research\connectome-seed-data\results\flow\9991\002,9991/002,2,2,seed2,canonical,False,,2,51,180011,180012,150000,at_or_after,at_or_after,True,False,16.607476558859062,1.6607476558859062,903,137,0,1040,5.0,0.1,1.0,0.1,gpu,False
seed2,C:\Users\mikha\Documents\dpc-research\connectome-seed-data\results\flow\9991\002,9991/002,2,2,seed2,canonical,False,,2,52,183611,183612,150000,at_or_after,at_or_after,True,False,16.53891114964385,1.6538911149643853,905,135,0,1040,5.0,0.1,1.0,0.1,gpu,False
seed2,C:\Users\mikha\Documents\dpc-research\connectome-seed-data\results\flow\9991\002,9991/002,2,2,seed2,canonical,False,,2,53,187211,187212,150000,at_or_after,at_or_after,True,False,16.573596572374832,1.6573596572374834,903,137,0,1040,5.0,0.1,1.0,0.1,gpu,False
seed2,C:\Users\mikha\Documents\dpc-research\connectome-seed-data\results\flow\9991\002,9991/002,2,2,seed2,canonical,False,,2,54,190811,190812,150000,at_or_after,at_or_after,True,False,16.416414651512717,1.6416414651512719,902,138,0,1040,5.0,0.1,1.0,0.1,gpu,False
seed2,C:\Users\mikha\Documents\dpc-research\connectome-seed-data\results\flow\9991\002,9991/002,2,2,seed2,canonical,False,,2,55,194411,194412,150000,at_or_after,at_or_after,True,False,16.427181405764482,1.6427181405764484,907,133,0,1040,5.0,0.1,1.0,0.1,gpu,False
seed2,C:\Users\mikha\Documents\dpc-research\connectome-seed-data\results\flow\9991\002,9991/002,2,2,seed2,canonical,False,,2,56,198011,198012,150000,at_or_after,at_or_after,True,False,16.55457797382047,1.6554577973820472,885,155,0,1040,5.0,0.1,1.0,0.1,gpu,False
seed2,C:\Users\mikha\Documents\dpc-research\connectome-seed-data\results\flow\9991\002,9991/002,2,2,seed2,canonical,False,,2,57,201611,201612,150000,at_or_after,at_or_after,True,False,16.482544941331938,1.6482544941331938,885,155,0,1040,5.0,0.1,1.0,0.1,gpu,False
seed2,C:\Users\mikha\Documents\dpc-research\connectome-seed-data\results\flow\9991\002,9991/002,2,2,seed2,canonical,False,,2,58,205211,205212,150000,at_or_after,at_or_after,True,False,16.446833712379917,1.6446833712379918,884,156,0,1040,5.0,0.1,1.0,0.1,gpu,False
seed2,C:\Users\mikha\Documents\dpc-research\connectome-seed-data\results\flow\9991\002,9991/002,2,2,seed2,canonical,False,,2,59,208811,208812,150000,at_or_after,at_or_after,True,False,16.341517762004347,1.6341517762004347,891,149,0,1040,5.0,0.1,1.0,0.1,gpu,False
seed2,C:\Users\mikha\Documents\dpc-research\connectome-seed-data\results\flow\9991\002,9991/002,2,2,seed2,canonical,False,,2,60,212411,212412,150000,at_or_after,at_or_after,True,False,16.344582428033174,1.6344582428033174,883,157,0,1040,5.0,0.1,1.0,0.1,gpu,False
seed2,C:\Users\mikha\Documents\dpc-research\connectome-seed-data\results\flow\9991\002,9991/002,2,2,seed2,canonical,False,,2,61,216011,216012,150000,at_or_after,at_or_after,True,False,16.4160134741957,1.64160134741957,887,153,0,1040,5.0,0.1,1.0,0.1,gpu,False
seed2,C:\Users\mikha\Documents\dpc-research\connectome-seed-data\results\flow\9991\002,9991/002,2,2,seed2,canonical,False,,2,62,219611,219612,150000,at_or_after,at_or_after,True,False,16.362176677772606,1.6362176677772606,883,157,0,1040,5.0,0.1,1.0,0.1,gpu,False
seed2,C:\Users\mikha\Documents\dpc-research\connectome-seed-data\results\flow\9991\002,9991/002,2,2,seed2,canonical,False,,2,63,223211,223212,150000,at_or_after,at_or_after,True,False,16.234908370978996,1.6234908370978998,886,154,0,1040,5.0,0.1,1.0,0.1,gpu,False
seed2,C:\Users\mikha\Documents\dpc-research\connectome-seed-data\results\flow\9991\002,9991/002,2,2,seed2,canonical,False,,2,64,226811,226812,150000,at_or_after,at_or_after,True,False,16.350264993271338,1.635026499327134,878,162,0,1040,5.0,0.1,1.0,0.1,gpu,False
seed2,C:\Users\mikha\Documents\dpc-research\connectome-seed-data\results\flow\9991\002,9991/002,2,2,seed2,canonical,False,,2,65,230411,230412,150000,at_or_after,at_or_after,True,False,16.416152571813967,1.641615257181397,880,160,0,1040,5.0,0.1,1.0,0.1,gpu,False
seed2,C:\Users\mikha\Documents\dpc-research\connectome-seed-data\results\flow\9991\002,9991/002,2,2,seed2,canonical,False,,2,66,234011,234012,150000,at_or_after,at_or_after,True,False,16.26593522351527,1.626593522351527,882,158,0,1040,5.0,0.1,1.0,0.1,gpu,False
seed2,C:\Users\mikha\Documents\dpc-research\connectome-seed-data\results\flow\9991\002,9991/002,2,2,seed2,canonical,False,,2,67,237611,237612,150000,at_or_after,at_or_after,True,False,16.40828663253787,1.640828663253787,881,159,0,1040,5.0,0.1,1.0,0.1,gpu,False
seed2,C:\Users\mikha\Documents\dpc-research\connectome-seed-data\results\flow\9991\002,9991/002,2,2,seed2,canonical,False,,2,68,241211,241212,150000,at_or_after,at_or_after,True,False,16.270146006361596,1.6270146006361597,883,157,0,1040,5.0,0.1,1.0,0.1,gpu,False
seed2,C:\Users\mikha\Documents\dpc-research\connectome-seed-data\results\flow\9991\002,9991/002,2,2,seed2,canonical,False,,2,69,244811,244812,150000,at_or_after,at_or_after,True,False,16.265836667647367,1.6265836667647369,883,157,0,1040,5.0,0.1,1.0,0.1,gpu,False
seed2,C:\Users\mikha\Documents\dpc-research\connectome-seed-data\results\flow\9991\002,9991/002,2,2,seed2,canonical,False,,2,70,248411,248412,150000,at_or_after,at_or_after,True,False,16.30837366093592,1.6308373660935922,883,157,0,1040,5.0,0.1,1.0,0.1,gpu,False
seed2,C:\Users\mikha\Documents\dpc-research\connectome-seed-data\results\flow\9991\002,9991/002,2,2,seed2,canonical,False,,2,71,250007,250008,150000,at_or_after,at_or_after,True,False,16.388537858376562,1.6388537858376564,881,159,0,1040,5.0,0.1,1.0,0.1,gpu,False
seed3,C:\Users\mikha\Documents\dpc-research\connectome-seed-data\results\flow\9991\003,9991/003,3,3,seed3,canonical,False,,3,0,-1,0,150000,before,before,True,True,19.709061574420147,1.9709061574420148,1040,0,0,1040,5.0,0.1,1.0,0.1,gpu,False
seed3,C:\Users\mikha\Documents\dpc-research\connectome-seed-data\results\flow\9991\003,9991/003,3,3,seed3,canonical,False,,3,1,11,12,150000,before,before,True,True,19.869946913974168,1.9869946913974168,1040,0,0,1040,5.0,0.1,1.0,0.1,gpu,False
seed3,C:\Users\mikha\Documents\dpc-research\connectome-seed-data\results\flow\9991\003,9991/003,3,3,seed3,canonical,False,,3,2,3611,3612,150000,before,before,True,True,19.783584871505287,1.9783584871505289,1001,39,0,1040,5.0,0.1,1.0,0.1,gpu,False
seed3,C:\Users\mikha\Documents\dpc-research\connectome-seed-data\results\flow\9991\003,9991/003,3,3,seed3,canonical,False,,3,3,7211,7212,150000,before,before,True,True,19.94562117637439,1.9945621176374393,968,72,0,1040,5.0,0.1,1.0,0.1,gpu,False
seed3,C:\Users\mikha\Documents\dpc-research\connectome-seed-data\results\flow\9991\003,9991/003,3,3,seed3,canonical,False,,3,4,10811,10812,150000,before,before,True,True,23.455626577877236,2.3455626577877235,933,107,0,1040,5.0,0.1,1.0,0.1,gpu,False
seed3,C:\Users\mikha\Documents\dpc-research\connectome-seed-data\results\flow\9991\003,9991/003,3,3,seed3,canonical,False,,3,5,14411,14412,150000,before,before,True,True,38.596839621282854,3.8596839621282855,899,141,0,1040,5.0,0.1,1.0,0.1,gpu,False
seed3,C:\Users\mikha\Documents\dpc-research\connectome-seed-data\results\flow\9991\003,9991/003,3,3,seed3,canonical,False,,3,6,18011,18012,150000,before,before,True,True,20.793513427787687,2.079351342778769,873,167,0,1040,5.0,0.1,1.0,0.1,gpu,False
seed3,C:\Users\mikha\Documents\dpc-research\connectome-seed-data\results\flow\9991\003,9991/003,3,3,seed3,canonical,False,,3,7,21611,21612,150000,before,before,True,True,24.113882408237302,2.4113882408237304,771,269,0,1040,5.0,0.1,1.0,0.1,gpu,False
seed3,C:\Users\mikha\Documents\dpc-research\connectome-seed-data\results\flow\9991\003,9991/003,3,3,seed3,canonical,False,,3,8,25211,25212,150000,before,before,True,True,43.13055962606166,4.313055962606167,667,373,0,1040,5.0,0.1,1.0,0.1,gpu,False
seed3,C:\Users\mikha\Documents\dpc-research\connectome-seed-data\results\flow\9991\003,9991/003,3,3,seed3,canonical,False,,3,9,28811,28812,150000,before,before,True,True,45.694985821087805,4.569498582108781,661,379,0,1040,5.0,0.1,1.0,0.1,gpu,False
seed3,C:\Users\mikha\Documents\dpc-research\connectome-seed-data\results\flow\9991\003,9991/003,3,3,seed3,canonical,False,,3,10,32411,32412,150000,before,before,True,True,41.85344439030075,4.185344439030075,673,367,0,1040,5.0,0.1,1.0,0.1,gpu,False
seed3,C:\Users\mikha\Documents\dpc-research\connectome-seed-data\results\flow\9991\003,9991/003,3,3,seed3,canonical,False,,3,11,36011,36012,150000,before,before,True,True,38.08538469547411,3.808538469547411,674,366,0,1040,5.0,0.1,1.0,0.1,gpu,False
seed3,C:\Users\mikha\Documents\dpc-research\connectome-seed-data\results\flow\9991\003,9991/003,3,3,seed3,canonical,False,,3,12,39611,39612,150000,before,before,True,True,34.56610846533165,3.4566108465331653,691,349,0,1040,5.0,0.1,1.0,0.1,gpu,False
seed3,C:\Users\mikha\Documents\dpc-research\connectome-seed-data\results\flow\9991\003,9991/003,3,3,seed3,canonical,False,,3,13,43211,43212,150000,before,before,True,True,26.188150094653206,2.6188150094653206,709,331,0,1040,5.0,0.1,1.0,0.1,gpu,False
seed3,C:\Users\mikha\Documents\dpc-research\connectome-seed-data\results\flow\9991\003,9991/003,3,3,seed3,canonical,False,,3,14,46811,46812,150000,before,before,True,True,21.979452808067983,2.1979452808067985,709,331,0,1040,5.0,0.1,1.0,0.1,gpu,False
seed3,C:\Users\mikha\Documents\dpc-research\connectome-seed-data\results\flow\9991\003,9991/003,3,3,seed3,canonical,False,,3,15,50411,50412,150000,before,before,True,True,22.173405870471203,2.2173405870471203,720,320,0,1040,5.0,0.1,1.0,0.1,gpu,False
seed3,C:\Users\mikha\Documents\dpc-research\connectome-seed-data\results\flow\9991\003,9991/003,3,3,seed3,canonical,False,,3,16,54011,54012,150000,before,before,True,True,21.666892161004547,2.1666892161004547,704,336,0,1040,5.0,0.1,1.0,0.1,gpu,False
seed3,C:\Users\mikha\Documents\dpc-research\connectome-seed-data\results\flow\9991\003,9991/003,3,3,seed3,canonical,False,,3,17,57611,57612,150000,before,before,True,True,20.776041875756885,2.0776041875756888,715,325,0,1040,5.0,0.1,1.0,0.1,gpu,False
seed3,C:\Users\mikha\Documents\dpc-research\connectome-seed-data\results\flow\9991\003,9991/003,3,3,seed3,canonical,False,,3,18,61211,61212,150000,before,before,True,True,22.29511197663495,2.229511197663495,706,334,0,1040,5.0,0.1,1.0,0.1,gpu,False
seed3,C:\Users\mikha\Documents\dpc-research\connectome-seed-data\results\flow\9991\003,9991/003,3,3,seed3,canonical,False,,3,19,64811,64812,150000,before,before,True,True,20.583775398621366,2.058377539862137,728,312,0,1040,5.0,0.1,1.0,0.1,gpu,False
seed3,C:\Users\mikha\Documents\dpc-research\connectome-seed-data\results\flow\9991\003,9991/003,3,3,seed3,canonical,False,,3,20,68411,68412,150000,before,before,True,True,19.419445933994908,1.9419445933994908,747,293,0,1040,5.0,0.1,1.0,0.1,gpu,False
seed3,C:\Users\mikha\Documents\dpc-research\connectome-seed-data\results\flow\9991\003,9991/003,3,3,seed3,canonical,False,,3,21,72011,72012,150000,before,before,True,True,19.53909252075199,1.953909252075199,751,289,0,1040,5.0,0.1,1.0,0.1,gpu,False
seed3,C:\Users\mikha\Documents\dpc-research\connectome-seed-data\results\flow\9991\003,9991/003,3,3,seed3,canonical,False,,3,22,75611,75612,150000,before,before,True,True,18.281046670601693,1.8281046670601695,770,270,0,1040,5.0,0.1,1.0,0.1,gpu,False
seed3,C:\Users\mikha\Documents\dpc-research\connectome-seed-data\results\flow\9991\003,9991/003,3,3,seed3,canonical,False,,3,23,79211,79212,150000,before,before,True,True,17.692998872289646,1.7692998872289647,775,265,0,1040,5.0,0.1,1.0,0.1,gpu,False
seed3,C:\Users\mikha\Documents\dpc-research\connectome-seed-data\results\flow\9991\003,9991/003,3,3,seed3,canonical,False,,3,24,82811,82812,150000,before,before,True,True,16.807873024023014,1.6807873024023015,811,229,0,1040,5.0,0.1,1.0,0.1,gpu,False
seed3,C:\Users\mikha\Documents\dpc-research\connectome-seed-data\results\flow\9991\003,9991/003,3,3,seed3,canonical,False,,3,25,86411,86412,150000,before,before,True,True,17.36159134385918,1.736159134385918,803,237,0,1040,5.0,0.1,1.0,0.1,gpu,False
seed3,C:\Users\mikha\Documents\dpc-research\connectome-seed-data\results\flow\9991\003,9991/003,3,3,seed3,canonical,False,,3,26,90011,90012,150000,before,before,True,True,17.007523477261888,1.7007523477261888,856,184,0,1040,5.0,0.1,1.0,0.1,gpu,False
seed3,C:\Users\mikha\Documents\dpc-research\connectome-seed-data\results\flow\9991\003,9991/003,3,3,seed3,canonical,False,,3,27,93611,93612,150000,before,before,True,True,17.06319174200052,1.706319174200052,885,155,0,1040,5.0,0.1,1.0,0.1,gpu,False
seed3,C:\Users\mikha\Documents\dpc-research\connectome-seed-data\results\flow\9991\003,9991/003,3,3,seed3,canonical,False,,3,28,97211,97212,150000,before,before,True,True,17.31253944387041,1.7312539443870412,912,128,0,1040,5.0,0.1,1.0,0.1,gpu,False
seed3,C:\Users\mikha\Documents\dpc-research\connectome-seed-data\results\flow\9991\003,9991/003,3,3,seed3,canonical,False,,3,29,100811,100812,150000,before,before,True,True,17.42356630215037,1.742356630215037,898,142,0,1040,5.0,0.1,1.0,0.1,gpu,False
seed3,C:\Users\mikha\Documents\dpc-research\connectome-seed-data\results\flow\9991\003,9991/003,3,3,seed3,canonical,False,,3,30,104411,104412,150000,before,before,True,True,17.547881794189625,1.7547881794189626,920,120,0,1040,5.0,0.1,1.0,0.1,gpu,False
seed3,C:\Users\mikha\Documents\dpc-research\connectome-seed-data\results\flow\9991\003,9991/003,3,3,seed3,canonical,False,,3,31,108011,108012,150000,before,before,True,True,17.60846502659364,1.7608465026593643,924,116,0,1040,5.0,0.1,1.0,0.1,gpu,False
seed3,C:\Users\mikha\Documents\dpc-research\connectome-seed-data\results\flow\9991\003,9991/003,3,3,seed3,canonical,False,,3,32,111611,111612,150000,before,before,True,True,17.584293149522622,1.7584293149522623,922,118,0,1040,5.0,0.1,1.0,0.1,gpu,False
seed3,C:\Users\mikha\Documents\dpc-research\connectome-seed-data\results\flow\9991\003,9991/003,3,3,seed3,canonical,False,,3,33,115211,115212,150000,before,before,True,True,17.528662623248756,1.7528662623248756,925,115,0,1040,5.0,0.1,1.0,0.1,gpu,False
seed3,C:\Users\mikha\Documents\dpc-research\connectome-seed-data\results\flow\9991\003,9991/003,3,3,seed3,canonical,False,,3,34,118811,118812,150000,before,before,True,True,17.56580775454517,1.756580775454517,915,125,0,1040,5.0,0.1,1.0,0.1,gpu,False
seed3,C:\Users\mikha\Documents\dpc-research\connectome-seed-data\results\flow\9991\003,9991/003,3,3,seed3,canonical,False,,3,35,122411,122412,150000,before,before,True,True,17.73325920125356,1.7733259201253562,917,123,0,1040,5.0,0.1,1.0,0.1,gpu,False
seed3,C:\Users\mikha\Documents\dpc-research\connectome-seed-data\results\flow\9991\003,9991/003,3,3,seed3,canonical,False,,3,36,126011,126012,150000,before,before,True,True,17.672155350025612,1.7672155350025613,910,130,0,1040,5.0,0.1,1.0,0.1,gpu,False
seed3,C:\Users\mikha\Documents\dpc-research\connectome-seed-data\results\flow\9991\003,9991/003,3,3,seed3,canonical,False,,3,37,129611,129612,150000,before,before,True,True,17.78851999158289,1.7788519991582892,930,110,0,1040,5.0,0.1,1.0,0.1,gpu,False
seed3,C:\Users\mikha\Documents\dpc-research\connectome-seed-data\results\flow\9991\003,9991/003,3,3,seed3,canonical,False,,3,38,133211,133212,150000,before,before,True,True,17.764052609717087,1.7764052609717087,916,124,0,1040,5.0,0.1,1.0,0.1,gpu,False
seed3,C:\Users\mikha\Documents\dpc-research\connectome-seed-data\results\flow\9991\003,9991/003,3,3,seed3,canonical,False,,3,39,136811,136812,150000,before,before,True,True,17.81788178655964,1.781788178655964,924,116,0,1040,5.0,0.1,1.0,0.1,gpu,False
seed3,C:\Users\mikha\Documents\dpc-research\connectome-seed-data\results\flow\9991\003,9991/003,3,3,seed3,canonical,False,,3,40,140411,140412,150000,before,before,True,True,17.68454882323596,1.7684548823235962,926,114,0,1040,5.0,0.1,1.0,0.1,gpu,False
seed3,C:\Users\mikha\Documents\dpc-research\connectome-seed-data\results\flow\9991\003,9991/003,3,3,seed3,canonical,False,,3,41,144011,144012,150000,before,before,True,True,17.59323701909932,1.7593237019099321,925,115,0,1040,5.0,0.1,1.0,0.1,gpu,False
seed3,C:\Users\mikha\Documents\dpc-research\connectome-seed-data\results\flow\9991\003,9991/003,3,3,seed3,canonical,False,,3,42,147611,147612,150000,before,before,True,True,17.56849570865647,1.756849570865647,926,114,0,1040,5.0,0.1,1.0,0.1,gpu,False
seed3,C:\Users\mikha\Documents\dpc-research\connectome-seed-data\results\flow\9991\003,9991/003,3,3,seed3,canonical,False,,3,43,151211,151212,150000,at_or_after,at_or_after,True,False,17.535644594326026,1.7535644594326028,921,119,0,1040,5.0,0.1,1.0,0.1,gpu,False
seed3,C:\Users\mikha\Documents\dpc-research\connectome-seed-data\results\flow\9991\003,9991/003,3,3,seed3,canonical,False,,3,44,154811,154812,150000,at_or_after,at_or_after,True,False,17.36839030349391,1.7368390303493912,926,114,0,1040,5.0,0.1,1.0,0.1,gpu,False
seed3,C:\Users\mikha\Documents\dpc-research\connectome-seed-data\results\flow\9991\003,9991/003,3,3,seed3,canonical,False,,3,45,158411,158412,150000,at_or_after,at_or_after,True,False,17.47290070635522,1.7472900706355219,923,117,0,1040,5.0,0.1,1.0,0.1,gpu,False
seed3,C:\Users\mikha\Documents\dpc-research\connectome-seed-data\results\flow\9991\003,9991/003,3,3,seed3,canonical,False,,3,46,162011,162012,150000,at_or_after,at_or_after,True,False,17.543611074417317,1.7543611074417318,924,116,0,1040,5.0,0.1,1.0,0.1,gpu,False
seed3,C:\Users\mikha\Documents\dpc-research\connectome-seed-data\results\flow\9991\003,9991/003,3,3,seed3,canonical,False,,3,47,165611,165612,150000,at_or_after,at_or_after,True,False,17.567563231453615,1.7567563231453616,918,122,0,1040,5.0,0.1,1.0,0.1,gpu,False
seed3,C:\Users\mikha\Documents\dpc-research\connectome-seed-data\results\flow\9991\003,9991/003,3,3,seed3,canonical,False,,3,48,169211,169212,150000,at_or_after,at_or_after,True,False,17.570303597637057,1.7570303597637058,929,111,0,1040,5.0,0.1,1.0,0.1,gpu,False
seed3,C:\Users\mikha\Documents\dpc-research\connectome-seed-data\results\flow\9991\003,9991/003,3,3,seed3,canonical,False,,3,49,172811,172812,150000,at_or_after,at_or_after,True,False,17.429135710879876,1.7429135710879877,938,102,0,1040,5.0,0.1,1.0,0.1,gpu,False
seed3,C:\Users\mikha\Documents\dpc-research\connectome-seed-data\results\flow\9991\003,9991/003,3,3,seed3,canonical,False,,3,50,176411,176412,150000,at_or_after,at_or_after,True,False,17.466313231450805,1.7466313231450805,935,105,0,1040,5.0,0.1,1.0,0.1,gpu,False
seed3,C:\Users\mikha\Documents\dpc-research\connectome-seed-data\results\flow\9991\003,9991/003,3,3,seed3,canonical,False,,3,51,180011,180012,150000,at_or_after,at_or_after,True,False,17.47052567804999,1.7470525678049993,946,94,0,1040,5.0,0.1,1.0,0.1,gpu,False
seed3,C:\Users\mikha\Documents\dpc-research\connectome-seed-data\results\flow\9991\003,9991/003,3,3,seed3,canonical,False,,3,52,183611,183612,150000,at_or_after,at_or_after,True,False,17.550067301891886,1.7550067301891887,946,94,0,1040,5.0,0.1,1.0,0.1,gpu,False
seed3,C:\Users\mikha\Documents\dpc-research\connectome-seed-data\results\flow\9991\003,9991/003,3,3,seed3,canonical,False,,3,53,187211,187212,150000,at_or_after,at_or_after,True,False,17.5541098639532,1.7554109863953202,940,100,0,1040,5.0,0.1,1.0,0.1,gpu,False
seed3,C:\Users\mikha\Documents\dpc-research\connectome-seed-data\results\flow\9991\003,9991/003,3,3,seed3,canonical,False,,3,54,190811,190812,150000,at_or_after,at_or_after,True,False,17.586865646441492,1.7586865646441492,949,91,0,1040,5.0,0.1,1.0,0.1,gpu,False
seed3,C:\Users\mikha\Documents\dpc-research\connectome-seed-data\results\flow\9991\003,9991/003,3,3,seed3,canonical,False,,3,55,194411,194412,150000,at_or_after,at_or_after,True,False,17.561562905444248,1.7561562905444248,948,92,0,1040,5.0,0.1,1.0,0.1,gpu,False
seed3,C:\Users\mikha\Documents\dpc-research\connectome-seed-data\results\flow\9991\003,9991/003,3,3,seed3,canonical,False,,3,56,198011,198012,150000,at_or_after,at_or_after,True,False,17.560313564953105,1.7560313564953107,949,91,0,1040,5.0,0.1,1.0,0.1,gpu,False
seed3,C:\Users\mikha\Documents\dpc-research\connectome-seed-data\results\flow\9991\003,9991/003,3,3,seed3,canonical,False,,3,57,201611,201612,150000,at_or_after,at_or_after,True,False,17.57735752923319,1.757735752923319,948,92,0,1040,5.0,0.1,1.0,0.1,gpu,False
seed3,C:\Users\mikha\Documents\dpc-research\connectome-seed-data\results\flow\9991\003,9991/003,3,3,seed3,canonical,False,,3,58,205211,205212,150000,at_or_after,at_or_after,True,False,17.59477848065209,1.759477848065209,949,91,0,1040,5.0,0.1,1.0,0.1,gpu,False
seed3,C:\Users\mikha\Documents\dpc-research\connectome-seed-data\results\flow\9991\003,9991/003,3,3,seed3,canonical,False,,3,59,208811,208812,150000,at_or_after,at_or_after,True,False,17.568363834691375,1.7568363834691376,952,88,0,1040,5.0,0.1,1.0,0.1,gpu,False
seed3,C:\Users\mikha\Documents\dpc-research\connectome-seed-data\results\flow\9991\003,9991/003,3,3,seed3,canonical,False,,3,60,212411,212412,150000,at_or_after,at_or_after,True,False,17.589604285394138,1.7589604285394138,957,83,0,1040,5.0,0.1,1.0,0.1,gpu,False
seed3,C:\Users\mikha\Documents\dpc-research\connectome-seed-data\results\flow\9991\003,9991/003,3,3,seed3,canonical,False,,3,61,216011,216012,150000,at_or_after,at_or_after,True,False,17.553150553965466,1.7553150553965466,956,84,0,1040,5.0,0.1,1.0,0.1,gpu,False
seed3,C:\Users\mikha\Documents\dpc-research\connectome-seed-data\results\flow\9991\003,9991/003,3,3,seed3,canonical,False,,3,62,219611,219612,150000,at_or_after,at_or_after,True,False,17.5842207344726,1.75842207344726,959,81,0,1040,5.0,0.1,1.0,0.1,gpu,False
seed3,C:\Users\mikha\Documents\dpc-research\connectome-seed-data\results\flow\9991\003,9991/003,3,3,seed3,canonical,False,,3,63,223211,223212,150000,at_or_after,at_or_after,True,False,17.61620981662289,1.7616209816622892,957,83,0,1040,5.0,0.1,1.0,0.1,gpu,False
seed3,C:\Users\mikha\Documents\dpc-research\connectome-seed-data\results\flow\9991\003,9991/003,3,3,seed3,canonical,False,,3,64,226811,226812,150000,at_or_after,at_or_after,True,False,17.57854922935136,1.7578549229351361,956,84,0,1040,5.0,0.1,1.0,0.1,gpu,False
seed3,C:\Users\mikha\Documents\dpc-research\connectome-seed-data\results\flow\9991\003,9991/003,3,3,seed3,canonical,False,,3,65,230411,230412,150000,at_or_after,at_or_after,True,False,17.56050936435487,1.7560509364354873,957,83,0,1040,5.0,0.1,1.0,0.1,gpu,False
seed3,C:\Users\mikha\Documents\dpc-research\connectome-seed-data\results\flow\9991\003,9991/003,3,3,seed3,canonical,False,,3,66,234011,234012,150000,at_or_after,at_or_after,True,False,17.608939553003943,1.7608939553003944,961,79,0,1040,5.0,0.1,1.0,0.1,gpu,False
seed3,C:\Users\mikha\Documents\dpc-research\connectome-seed-data\results\flow\9991\003,9991/003,3,3,seed3,canonical,False,,3,67,237611,237612,150000,at_or_after,at_or_after,True,False,17.64905803321699,1.7649058033216989,959,81,0,1040,5.0,0.1,1.0,0.1,gpu,False
seed3,C:\Users\mikha\Documents\dpc-research\connectome-seed-data\results\flow\9991\003,9991/003,3,3,seed3,canonical,False,,3,68,241211,241212,150000,at_or_after,at_or_after,True,False,17.56783629724724,1.7567836297247241,958,82,0,1040,5.0,0.1,1.0,0.1,gpu,False
seed3,C:\Users\mikha\Documents\dpc-research\connectome-seed-data\results\flow\9991\003,9991/003,3,3,seed3,canonical,False,,3,69,244811,244812,150000,at_or_after,at_or_after,True,False,17.62369232164599,1.7623692321645992,960,80,0,1040,5.0,0.1,1.0,0.1,gpu,False
seed3,C:\Users\mikha\Documents\dpc-research\connectome-seed-data\results\flow\9991\003,9991/003,3,3,seed3,canonical,False,,3,70,248411,248412,150000,at_or_after,at_or_after,True,False,17.581322573485572,1.7581322573485574,961,79,0,1040,5.0,0.1,1.0,0.1,gpu,False
seed3,C:\Users\mikha\Documents\dpc-research\connectome-seed-data\results\flow\9991\003,9991/003,3,3,seed3,canonical,False,,3,71,250007,250008,150000,at_or_after,at_or_after,True,False,17.629665247598677,1.7629665247598678,962,78,0,1040,5.0,0.1,1.0,0.1,gpu,False
seed3prime,C:\Users\mikha\Documents\dpc-research\connectome-seed-data\results\flow\9991\903,9991/903,3,3,seed3,replicate,True,9991/003,4,0,-1,0,150000,before,before,True,True,19.70906157436932,1.970906157436932,1040,0,0,1040,5.0,0.1,1.0,0.1,gpu,False
seed3prime,C:\Users\mikha\Documents\dpc-research\connectome-seed-data\results\flow\9991\903,9991/903,3,3,seed3,replicate,True,9991/003,4,1,11,12,150000,before,before,True,True,19.869946997208814,1.9869946997208814,1040,0,0,1040,5.0,0.1,1.0,0.1,gpu,False
seed3prime,C:\Users\mikha\Documents\dpc-research\connectome-seed-data\results\flow\9991\903,9991/903,3,3,seed3,replicate,True,9991/003,4,2,3611,3612,150000,before,before,True,True,19.820201393719692,1.9820201393719694,1009,31,0,1040,5.0,0.1,1.0,0.1,gpu,False
seed3prime,C:\Users\mikha\Documents\dpc-research\connectome-seed-data\results\flow\9991\903,9991/903,3,3,seed3,replicate,True,9991/003,4,3,7211,7212,150000,before,before,True,True,19.473100424860807,1.9473100424860808,972,68,0,1040,5.0,0.1,1.0,0.1,gpu,False
seed3prime,C:\Users\mikha\Documents\dpc-research\connectome-seed-data\results\flow\9991\903,9991/903,3,3,seed3,replicate,True,9991/003,4,4,10811,10812,150000,before,before,True,True,21.884632123625984,2.1884632123625987,927,113,0,1040,5.0,0.1,1.0,0.1,gpu,False
seed3prime,C:\Users\mikha\Documents\dpc-research\connectome-seed-data\results\flow\9991\903,9991/903,3,3,seed3,replicate,True,9991/003,4,5,14411,14412,150000,before,before,True,True,40.66268346586085,4.066268346586085,875,165,0,1040,5.0,0.1,1.0,0.1,gpu,False
seed3prime,C:\Users\mikha\Documents\dpc-research\connectome-seed-data\results\flow\9991\903,9991/903,3,3,seed3,replicate,True,9991/003,4,6,18011,18012,150000,before,before,True,True,25.620582875413664,2.5620582875413667,887,153,0,1040,5.0,0.1,1.0,0.1,gpu,False
seed3prime,C:\Users\mikha\Documents\dpc-research\connectome-seed-data\results\flow\9991\903,9991/903,3,3,seed3,replicate,True,9991/003,4,7,21611,21612,150000,before,before,True,True,32.728107041370656,3.2728107041370658,820,220,0,1040,5.0,0.1,1.0,0.1,gpu,False
seed3prime,C:\Users\mikha\Documents\dpc-research\connectome-seed-data\results\flow\9991\903,9991/903,3,3,seed3,replicate,True,9991/003,4,8,25211,25212,150000,before,before,True,True,58.910154741678895,5.89101547416789,714,326,0,1040,5.0,0.1,1.0,0.1,gpu,False
seed3prime,C:\Users\mikha\Documents\dpc-research\connectome-seed-data\results\flow\9991\903,9991/903,3,3,seed3,replicate,True,9991/003,4,9,28811,28812,150000,before,before,True,True,62.21842825432897,6.221842825432898,706,334,0,1040,5.0,0.1,1.0,0.1,gpu,False
seed3prime,C:\Users\mikha\Documents\dpc-research\connectome-seed-data\results\flow\9991\903,9991/903,3,3,seed3,replicate,True,9991/003,4,10,32411,32412,150000,before,before,True,True,61.16392404518762,6.116392404518763,730,310,0,1040,5.0,0.1,1.0,0.1,gpu,False
seed3prime,C:\Users\mikha\Documents\dpc-research\connectome-seed-data\results\flow\9991\903,9991/903,3,3,seed3,replicate,True,9991/003,4,11,36011,36012,150000,before,before,True,True,27.48257564633087,2.748257564633087,792,248,0,1040,5.0,0.1,1.0,0.1,gpu,False
seed3prime,C:\Users\mikha\Documents\dpc-research\connectome-seed-data\results\flow\9991\903,9991/903,3,3,seed3,replicate,True,9991/003,4,12,39611,39612,150000,before,before,True,True,22.415779405951195,2.2415779405951195,848,192,0,1040,5.0,0.1,1.0,0.1,gpu,False
seed3prime,C:\Users\mikha\Documents\dpc-research\connectome-seed-data\results\flow\9991\903,9991/903,3,3,seed3,replicate,True,9991/003,4,13,43211,43212,150000,before,before,True,True,20.218005861330933,2.0218005861330934,892,148,0,1040,5.0,0.1,1.0,0.1,gpu,False
seed3prime,C:\Users\mikha\Documents\dpc-research\connectome-seed-data\results\flow\9991\903,9991/903,3,3,seed3,replicate,True,9991/003,4,14,46811,46812,150000,before,before,True,True,20.643647133746974,2.0643647133746974,867,173,0,1040,5.0,0.1,1.0,0.1,gpu,False
seed3prime,C:\Users\mikha\Documents\dpc-research\connectome-seed-data\results\flow\9991\903,9991/903,3,3,seed3,replicate,True,9991/003,4,15,50411,50412,150000,before,before,True,True,19.68767474197375,1.9687674741973753,939,101,0,1040,5.0,0.1,1.0,0.1,gpu,False
seed3prime,C:\Users\mikha\Documents\dpc-research\connectome-seed-data\results\flow\9991\903,9991/903,3,3,seed3,replicate,True,9991/003,4,16,54011,54012,150000,before,before,True,True,20.058058103154135,2.0058058103154135,880,160,0,1040,5.0,0.1,1.0,0.1,gpu,False
seed3prime,C:\Users\mikha\Documents\dpc-research\connectome-seed-data\results\flow\9991\903,9991/903,3,3,seed3,replicate,True,9991/003,4,17,57611,57612,150000,before,before,True,True,19.23893760156122,1.923893760156122,910,130,0,1040,5.0,0.1,1.0,0.1,gpu,False
seed3prime,C:\Users\mikha\Documents\dpc-research\connectome-seed-data\results\flow\9991\903,9991/903,3,3,seed3,replicate,True,9991/003,4,18,61211,61212,150000,before,before,True,True,19.36820980374107,1.9368209803741072,906,134,0,1040,5.0,0.1,1.0,0.1,gpu,False
seed3prime,C:\Users\mikha\Documents\dpc-research\connectome-seed-data\results\flow\9991\903,9991/903,3,3,seed3,replicate,True,9991/003,4,19,64811,64812,150000,before,before,True,True,19.382339216894575,1.9382339216894575,919,121,0,1040,5.0,0.1,1.0,0.1,gpu,False
seed3prime,C:\Users\mikha\Documents\dpc-research\connectome-seed-data\results\flow\9991\903,9991/903,3,3,seed3,replicate,True,9991/003,4,20,68411,68412,150000,before,before,True,True,19.019709773355316,1.9019709773355318,910,130,0,1040,5.0,0.1,1.0,0.1,gpu,False
seed3prime,C:\Users\mikha\Documents\dpc-research\connectome-seed-data\results\flow\9991\903,9991/903,3,3,seed3,replicate,True,9991/003,4,21,72011,72012,150000,before,before,True,True,19.132580283400003,1.9132580283400005,900,140,0,1040,5.0,0.1,1.0,0.1,gpu,False
seed3prime,C:\Users\mikha\Documents\dpc-research\connectome-seed-data\results\flow\9991\903,9991/903,3,3,seed3,replicate,True,9991/003,4,22,75611,75612,150000,before,before,True,True,18.988535074807814,1.8988535074807815,908,132,0,1040,5.0,0.1,1.0,0.1,gpu,False
seed3prime,C:\Users\mikha\Documents\dpc-research\connectome-seed-data\results\flow\9991\903,9991/903,3,3,seed3,replicate,True,9991/003,4,23,79211,79212,150000,before,before,True,True,19.005686457040486,1.9005686457040487,885,155,0,1040,5.0,0.1,1.0,0.1,gpu,False
seed3prime,C:\Users\mikha\Documents\dpc-research\connectome-seed-data\results\flow\9991\903,9991/903,3,3,seed3,replicate,True,9991/003,4,24,82811,82812,150000,before,before,True,True,18.82326227860532,1.8823262278605322,911,129,0,1040,5.0,0.1,1.0,0.1,gpu,False
seed3prime,C:\Users\mikha\Documents\dpc-research\connectome-seed-data\results\flow\9991\903,9991/903,3,3,seed3,replicate,True,9991/003,4,25,86411,86412,150000,before,before,True,True,18.606331078965322,1.8606331078965324,915,125,0,1040,5.0,0.1,1.0,0.1,gpu,False
seed3prime,C:\Users\mikha\Documents\dpc-research\connectome-seed-data\results\flow\9991\903,9991/903,3,3,seed3,replicate,True,9991/003,4,26,90011,90012,150000,before,before,True,True,18.435474114419883,1.8435474114419883,933,107,0,1040,5.0,0.1,1.0,0.1,gpu,False
seed3prime,C:\Users\mikha\Documents\dpc-research\connectome-seed-data\results\flow\9991\903,9991/903,3,3,seed3,replicate,True,9991/003,4,27,93611,93612,150000,before,before,True,True,18.530285195481344,1.8530285195481344,952,88,0,1040,5.0,0.1,1.0,0.1,gpu,False
seed3prime,C:\Users\mikha\Documents\dpc-research\connectome-seed-data\results\flow\9991\903,9991/903,3,3,seed3,replicate,True,9991/003,4,28,97211,97212,150000,before,before,True,True,18.557382631894143,1.8557382631894144,967,73,0,1040,5.0,0.1,1.0,0.1,gpu,False
seed3prime,C:\Users\mikha\Documents\dpc-research\connectome-seed-data\results\flow\9991\903,9991/903,3,3,seed3,replicate,True,9991/003,4,29,100811,100812,150000,before,before,True,True,18.46638090706681,1.846638090706681,942,98,0,1040,5.0,0.1,1.0,0.1,gpu,False
seed3prime,C:\Users\mikha\Documents\dpc-research\connectome-seed-data\results\flow\9991\903,9991/903,3,3,seed3,replicate,True,9991/003,4,30,104411,104412,150000,before,before,True,True,18.437545640014644,1.8437545640014645,964,76,0,1040,5.0,0.1,1.0,0.1,gpu,False
seed3prime,C:\Users\mikha\Documents\dpc-research\connectome-seed-data\results\flow\9991\903,9991/903,3,3,seed3,replicate,True,9991/003,4,31,108011,108012,150000,before,before,True,True,18.42419366307142,1.8424193663071422,966,74,0,1040,5.0,0.1,1.0,0.1,gpu,False
seed3prime,C:\Users\mikha\Documents\dpc-research\connectome-seed-data\results\flow\9991\903,9991/903,3,3,seed3,replicate,True,9991/003,4,32,111611,111612,150000,before,before,True,True,18.32226020810617,1.832226020810617,964,76,0,1040,5.0,0.1,1.0,0.1,gpu,False
seed3prime,C:\Users\mikha\Documents\dpc-research\connectome-seed-data\results\flow\9991\903,9991/903,3,3,seed3,replicate,True,9991/003,4,33,115211,115212,150000,before,before,True,True,18.324798057304704,1.8324798057304705,965,75,0,1040,5.0,0.1,1.0,0.1,gpu,False
seed3prime,C:\Users\mikha\Documents\dpc-research\connectome-seed-data\results\flow\9991\903,9991/903,3,3,seed3,replicate,True,9991/003,4,34,118811,118812,150000,before,before,True,True,18.382992121792373,1.8382992121792374,964,76,0,1040,5.0,0.1,1.0,0.1,gpu,False
seed3prime,C:\Users\mikha\Documents\dpc-research\connectome-seed-data\results\flow\9991\903,9991/903,3,3,seed3,replicate,True,9991/003,4,35,122411,122412,150000,before,before,True,True,18.535073082193975,1.8535073082193976,975,65,0,1040,5.0,0.1,1.0,0.1,gpu,False
seed3prime,C:\Users\mikha\Documents\dpc-research\connectome-seed-data\results\flow\9991\903,9991/903,3,3,seed3,replicate,True,9991/003,4,36,126011,126012,150000,before,before,True,True,18.510616359344798,1.8510616359344798,975,65,0,1040,5.0,0.1,1.0,0.1,gpu,False
seed3prime,C:\Users\mikha\Documents\dpc-research\connectome-seed-data\results\flow\9991\903,9991/903,3,3,seed3,replicate,True,9991/003,4,37,129611,129612,150000,before,before,True,True,18.624599649775366,1.8624599649775366,983,57,0,1040,5.0,0.1,1.0,0.1,gpu,False
seed3prime,C:\Users\mikha\Documents\dpc-research\connectome-seed-data\results\flow\9991\903,9991/903,3,3,seed3,replicate,True,9991/003,4,38,133211,133212,150000,before,before,True,True,18.609760311665873,1.8609760311665875,975,65,0,1040,5.0,0.1,1.0,0.1,gpu,False
seed3prime,C:\Users\mikha\Documents\dpc-research\connectome-seed-data\results\flow\9991\903,9991/903,3,3,seed3,replicate,True,9991/003,4,39,136811,136812,150000,before,before,True,True,18.72772891840786,1.872772891840786,984,56,0,1040,5.0,0.1,1.0,0.1,gpu,False
seed3prime,C:\Users\mikha\Documents\dpc-research\connectome-seed-data\results\flow\9991\903,9991/903,3,3,seed3,replicate,True,9991/003,4,40,140411,140412,150000,before,before,True,True,18.762698407903624,1.8762698407903624,985,55,0,1040,5.0,0.1,1.0,0.1,gpu,False
seed3prime,C:\Users\mikha\Documents\dpc-research\connectome-seed-data\results\flow\9991\903,9991/903,3,3,seed3,replicate,True,9991/003,4,41,144011,144012,150000,before,before,True,True,18.65689604992628,1.8656896049926281,985,55,0,1040,5.0,0.1,1.0,0.1,gpu,False
seed3prime,C:\Users\mikha\Documents\dpc-research\connectome-seed-data\results\flow\9991\903,9991/903,3,3,seed3,replicate,True,9991/003,4,42,147611,147612,150000,before,before,True,True,18.74770393587724,1.874770393587724,989,51,0,1040,5.0,0.1,1.0,0.1,gpu,False
seed3prime,C:\Users\mikha\Documents\dpc-research\connectome-seed-data\results\flow\9991\903,9991/903,3,3,seed3,replicate,True,9991/003,4,43,151211,151212,150000,at_or_after,at_or_after,True,False,18.58183272907683,1.858183272907683,978,62,0,1040,5.0,0.1,1.0,0.1,gpu,False
seed3prime,C:\Users\mikha\Documents\dpc-research\connectome-seed-data\results\flow\9991\903,9991/903,3,3,seed3,replicate,True,9991/003,4,44,154811,154812,150000,at_or_after,at_or_after,True,False,18.662912425971918,1.8662912425971918,986,54,0,1040,5.0,0.1,1.0,0.1,gpu,False
seed3prime,C:\Users\mikha\Documents\dpc-research\connectome-seed-data\results\flow\9991\903,9991/903,3,3,seed3,replicate,True,9991/003,4,45,158411,158412,150000,at_or_after,at_or_after,True,False,18.638841351675552,1.8638841351675552,977,63,0,1040,5.0,0.1,1.0,0.1,gpu,False
seed3prime,C:\Users\mikha\Documents\dpc-research\connectome-seed-data\results\flow\9991\903,9991/903,3,3,seed3,replicate,True,9991/003,4,46,162011,162012,150000,at_or_after,at_or_after,True,False,18.697483078798864,1.8697483078798864,979,61,0,1040,5.0,0.1,1.0,0.1,gpu,False
seed3prime,C:\Users\mikha\Documents\dpc-research\connectome-seed-data\results\flow\9991\903,9991/903,3,3,seed3,replicate,True,9991/003,4,47,165611,165612,150000,at_or_after,at_or_after,True,False,18.717160117950087,1.8717160117950087,974,66,0,1040,5.0,0.1,1.0,0.1,gpu,False
seed3prime,C:\Users\mikha\Documents\dpc-research\connectome-seed-data\results\flow\9991\903,9991/903,3,3,seed3,replicate,True,9991/003,4,48,169211,169212,150000,at_or_after,at_or_after,True,False,18.79278874488702,1.8792788744887021,978,62,0,1040,5.0,0.1,1.0,0.1,gpu,False
seed3prime,C:\Users\mikha\Documents\dpc-research\connectome-seed-data\results\flow\9991\903,9991/903,3,3,seed3,replicate,True,9991/003,4,49,172811,172812,150000,at_or_after,at_or_after,True,False,18.673484224526185,1.8673484224526185,977,63,0,1040,5.0,0.1,1.0,0.1,gpu,False
seed3prime,C:\Users\mikha\Documents\dpc-research\connectome-seed-data\results\flow\9991\903,9991/903,3,3,seed3,replicate,True,9991/003,4,50,176411,176412,150000,at_or_after,at_or_after,True,False,18.747674404910097,1.8747674404910097,984,56,0,1040,5.0,0.1,1.0,0.1,gpu,False
seed3prime,C:\Users\mikha\Documents\dpc-research\connectome-seed-data\results\flow\9991\903,9991/903,3,3,seed3,replicate,True,9991/003,4,51,180011,180012,150000,at_or_after,at_or_after,True,False,18.769326757646258,1.8769326757646259,981,59,0,1040,5.0,0.1,1.0,0.1,gpu,False
seed3prime,C:\Users\mikha\Documents\dpc-research\connectome-seed-data\results\flow\9991\903,9991/903,3,3,seed3,replicate,True,9991/003,4,52,183611,183612,150000,at_or_after,at_or_after,True,False,18.861385031529608,1.886138503152961,984,56,0,1040,5.0,0.1,1.0,0.1,gpu,False
seed3prime,C:\Users\mikha\Documents\dpc-research\connectome-seed-data\results\flow\9991\903,9991/903,3,3,seed3,replicate,True,9991/003,4,53,187211,187212,150000,at_or_after,at_or_after,True,False,18.78181114268826,1.878181114268826,980,60,0,1040,5.0,0.1,1.0,0.1,gpu,False
seed3prime,C:\Users\mikha\Documents\dpc-research\connectome-seed-data\results\flow\9991\903,9991/903,3,3,seed3,replicate,True,9991/003,4,54,190811,190812,150000,at_or_after,at_or_after,True,False,18.895767062250755,1.8895767062250757,981,59,0,1040,5.0,0.1,1.0,0.1,gpu,False
seed3prime,C:\Users\mikha\Documents\dpc-research\connectome-seed-data\results\flow\9991\903,9991/903,3,3,seed3,replicate,True,9991/003,4,55,194411,194412,150000,at_or_after,at_or_after,True,False,18.841007280061582,1.8841007280061584,979,61,0,1040,5.0,0.1,1.0,0.1,gpu,False
seed3prime,C:\Users\mikha\Documents\dpc-research\connectome-seed-data\results\flow\9991\903,9991/903,3,3,seed3,replicate,True,9991/003,4,56,198011,198012,150000,at_or_after,at_or_after,True,False,18.91632306342,1.891632306342,985,55,0,1040,5.0,0.1,1.0,0.1,gpu,False
seed3prime,C:\Users\mikha\Documents\dpc-research\connectome-seed-data\results\flow\9991\903,9991/903,3,3,seed3,replicate,True,9991/003,4,57,201611,201612,150000,at_or_after,at_or_after,True,False,18.977070517279166,1.8977070517279166,984,56,0,1040,5.0,0.1,1.0,0.1,gpu,False
seed3prime,C:\Users\mikha\Documents\dpc-research\connectome-seed-data\results\flow\9991\903,9991/903,3,3,seed3,replicate,True,9991/003,4,58,205211,205212,150000,at_or_after,at_or_after,True,False,18.97127292210279,1.8971272922102793,979,61,0,1040,5.0,0.1,1.0,0.1,gpu,False
seed3prime,C:\Users\mikha\Documents\dpc-research\connectome-seed-data\results\flow\9991\903,9991/903,3,3,seed3,replicate,True,9991/003,4,59,208811,208812,150000,at_or_after,at_or_after,True,False,19.047036843802577,1.9047036843802578,988,52,0,1040,5.0,0.1,1.0,0.1,gpu,False
seed3prime,C:\Users\mikha\Documents\dpc-research\connectome-seed-data\results\flow\9991\903,9991/903,3,3,seed3,replicate,True,9991/003,4,60,212411,212412,150000,at_or_after,at_or_after,True,False,19.093430941808492,1.9093430941808494,996,44,0,1040,5.0,0.1,1.0,0.1,gpu,False
seed3prime,C:\Users\mikha\Documents\dpc-research\connectome-seed-data\results\flow\9991\903,9991/903,3,3,seed3,replicate,True,9991/003,4,61,216011,216012,150000,at_or_after,at_or_after,True,False,19.04725129484777,1.904725129484777,988,52,0,1040,5.0,0.1,1.0,0.1,gpu,False
seed3prime,C:\Users\mikha\Documents\dpc-research\connectome-seed-data\results\flow\9991\903,9991/903,3,3,seed3,replicate,True,9991/003,4,62,219611,219612,150000,at_or_after,at_or_after,True,False,19.040271988483855,1.9040271988483857,990,50,0,1040,5.0,0.1,1.0,0.1,gpu,False
seed3prime,C:\Users\mikha\Documents\dpc-research\connectome-seed-data\results\flow\9991\903,9991/903,3,3,seed3,replicate,True,9991/003,4,63,223211,223212,150000,at_or_after,at_or_after,True,False,19.03454233306092,1.903454233306092,992,48,0,1040,5.0,0.1,1.0,0.1,gpu,False
seed3prime,C:\Users\mikha\Documents\dpc-research\connectome-seed-data\results\flow\9991\903,9991/903,3,3,seed3,replicate,True,9991/003,4,64,226811,226812,150000,at_or_after,at_or_after,True,False,19.049724338400733,1.9049724338400733,993,47,0,1040,5.0,0.1,1.0,0.1,gpu,False
seed3prime,C:\Users\mikha\Documents\dpc-research\connectome-seed-data\results\flow\9991\903,9991/903,3,3,seed3,replicate,True,9991/003,4,65,230411,230412,150000,at_or_after,at_or_after,True,False,19.063677232529315,1.9063677232529317,996,44,0,1040,5.0,0.1,1.0,0.1,gpu,False
seed3prime,C:\Users\mikha\Documents\dpc-research\connectome-seed-data\results\flow\9991\903,9991/903,3,3,seed3,replicate,True,9991/003,4,66,234011,234012,150000,at_or_after,at_or_after,True,False,19.05028029663601,1.905028029663601,998,42,0,1040,5.0,0.1,1.0,0.1,gpu,False
seed3prime,C:\Users\mikha\Documents\dpc-research\connectome-seed-data\results\flow\9991\903,9991/903,3,3,seed3,replicate,True,9991/003,4,67,237611,237612,150000,at_or_after,at_or_after,True,False,19.020326014696504,1.9020326014696505,992,48,0,1040,5.0,0.1,1.0,0.1,gpu,False
seed3prime,C:\Users\mikha\Documents\dpc-research\connectome-seed-data\results\flow\9991\903,9991/903,3,3,seed3,replicate,True,9991/003,4,68,241211,241212,150000,at_or_after,at_or_after,True,False,19.07305680329634,1.907305680329634,999,41,0,1040,5.0,0.1,1.0,0.1,gpu,False
seed3prime,C:\Users\mikha\Documents\dpc-research\connectome-seed-data\results\flow\9991\903,9991/903,3,3,seed3,replicate,True,9991/003,4,69,244811,244812,150000,at_or_after,at_or_after,True,False,19.080386007609555,1.9080386007609555,1000,40,0,1040,5.0,0.1,1.0,0.1,gpu,False
seed3prime,C:\Users\mikha\Documents\dpc-research\connectome-seed-data\results\flow\9991\903,9991/903,3,3,seed3,replicate,True,9991/003,4,70,248411,248412,150000,at_or_after,at_or_after,True,False,19.073490770376424,1.9073490770376424,1000,40,0,1040,5.0,0.1,1.0,0.1,gpu,False
seed3prime,C:\Users\mikha\Documents\dpc-research\connectome-seed-data\results\flow\9991\903,9991/903,3,3,seed3,replicate,True,9991/003,4,71,250007,250008,150000,at_or_after,at_or_after,True,False,19.062588395660118,1.9062588395660118,999,41,0,1040,5.0,0.1,1.0,0.1,gpu,False
seed3primeprimeprime,C:\Users\mikha\Documents\dpc-research\connectome-seed-data\results\flow\9992\003,9992/003,3,3,seed3,replicate,True,9991/003,5,0,-1,0,150000,before,before,True,True,19.7090615755962,1.9709061575596198,1040,0,0,1040,5.0,0.1,1.0,0.1,gpu,False
seed3primeprimeprime,C:\Users\mikha\Documents\dpc-research\connectome-seed-data\results\flow\9992\003,9992/003,3,3,seed3,replicate,True,9991/003,5,1,11,12,150000,before,before,True,True,19.869947007102297,1.9869947007102298,1040,0,0,1040,5.0,0.1,1.0,0.1,gpu,False
seed3primeprimeprime,C:\Users\mikha\Documents\dpc-research\connectome-seed-data\results\flow\9992\003,9992/003,3,3,seed3,replicate,True,9991/003,5,2,3611,3612,150000,before,before,True,True,19.606349735445846,1.9606349735445847,1007,33,0,1040,5.0,0.1,1.0,0.1,gpu,False
seed3primeprimeprime,C:\Users\mikha\Documents\dpc-research\connectome-seed-data\results\flow\9992\003,9992/003,3,3,seed3,replicate,True,9991/003,5,3,7211,7212,150000,before,before,True,True,19.433517853636083,1.9433517853636084,976,64,0,1040,5.0,0.1,1.0,0.1,gpu,False
seed3primeprimeprime,C:\Users\mikha\Documents\dpc-research\connectome-seed-data\results\flow\9992\003,9992/003,3,3,seed3,replicate,True,9991/003,5,4,10811,10812,150000,before,before,True,True,21.952389588593366,2.1952389588593366,925,115,0,1040,5.0,0.1,1.0,0.1,gpu,False
seed3primeprimeprime,C:\Users\mikha\Documents\dpc-research\connectome-seed-data\results\flow\9992\003,9992/003,3,3,seed3,replicate,True,9991/003,5,5,14411,14412,150000,before,before,True,True,40.093018347581655,4.0093018347581655,870,170,0,1040,5.0,0.1,1.0,0.1,gpu,False
seed3primeprimeprime,C:\Users\mikha\Documents\dpc-research\connectome-seed-data\results\flow\9992\003,9992/003,3,3,seed3,replicate,True,9991/003,5,6,18011,18012,150000,before,before,True,True,25.994949400585075,2.5994949400585075,868,172,0,1040,5.0,0.1,1.0,0.1,gpu,False
seed3primeprimeprime,C:\Users\mikha\Documents\dpc-research\connectome-seed-data\results\flow\9992\003,9992/003,3,3,seed3,replicate,True,9991/003,5,7,21611,21612,150000,before,before,True,True,32.13931777325085,3.2139317773250853,813,227,0,1040,5.0,0.1,1.0,0.1,gpu,False
seed3primeprimeprime,C:\Users\mikha\Documents\dpc-research\connectome-seed-data\results\flow\9992\003,9992/003,3,3,seed3,replicate,True,9991/003,5,8,25211,25212,150000,before,before,True,True,65.60793864143238,6.560793864143239,696,344,0,1040,5.0,0.1,1.0,0.1,gpu,False
seed3primeprimeprime,C:\Users\mikha\Documents\dpc-research\connectome-seed-data\results\flow\9992\003,9992/003,3,3,seed3,replicate,True,9991/003,5,9,28811,28812,150000,before,before,True,True,65.17382292414699,6.517382292414699,695,345,0,1040,5.0,0.1,1.0,0.1,gpu,False
seed3primeprimeprime,C:\Users\mikha\Documents\dpc-research\connectome-seed-data\results\flow\9992\003,9992/003,3,3,seed3,replicate,True,9991/003,5,10,32411,32412,150000,before,before,True,True,54.78887702879081,5.4788877028790814,715,325,0,1040,5.0,0.1,1.0,0.1,gpu,False
seed3primeprimeprime,C:\Users\mikha\Documents\dpc-research\connectome-seed-data\results\flow\9992\003,9992/003,3,3,seed3,replicate,True,9991/003,5,11,36011,36012,150000,before,before,True,True,21.686532070137396,2.16865320701374,827,213,0,1040,5.0,0.1,1.0,0.1,gpu,False
seed3primeprimeprime,C:\Users\mikha\Documents\dpc-research\connectome-seed-data\results\flow\9992\003,9992/003,3,3,seed3,replicate,True,9991/003,5,12,39611,39612,150000,before,before,True,True,18.667496729592266,1.8667496729592266,851,189,0,1040,5.0,0.1,1.0,0.1,gpu,False
seed3primeprimeprime,C:\Users\mikha\Documents\dpc-research\connectome-seed-data\results\flow\9992\003,9992/003,3,3,seed3,replicate,True,9991/003,5,13,43211,43212,150000,before,before,True,True,18.701890967651018,1.8701890967651018,858,182,0,1040,5.0,0.1,1.0,0.1,gpu,False
seed3primeprimeprime,C:\Users\mikha\Documents\dpc-research\connectome-seed-data\results\flow\9992\003,9992/003,3,3,seed3,replicate,True,9991/003,5,14,46811,46812,150000,before,before,True,True,19.032666143775373,1.9032666143775374,917,123,0,1040,5.0,0.1,1.0,0.1,gpu,False
seed3primeprimeprime,C:\Users\mikha\Documents\dpc-research\connectome-seed-data\results\flow\9992\003,9992/003,3,3,seed3,replicate,True,9991/003,5,15,50411,50412,150000,before,before,True,True,19.315380697326777,1.9315380697326778,965,75,0,1040,5.0,0.1,1.0,0.1,gpu,False
seed3primeprimeprime,C:\Users\mikha\Documents\dpc-research\connectome-seed-data\results\flow\9992\003,9992/003,3,3,seed3,replicate,True,9991/003,5,16,54011,54012,150000,before,before,True,True,19.00465655637477,1.900465655637477,909,131,0,1040,5.0,0.1,1.0,0.1,gpu,False
seed3primeprimeprime,C:\Users\mikha\Documents\dpc-research\connectome-seed-data\results\flow\9992\003,9992/003,3,3,seed3,replicate,True,9991/003,5,17,57611,57612,150000,before,before,True,True,19.305102932314934,1.9305102932314935,904,136,0,1040,5.0,0.1,1.0,0.1,gpu,False
seed3primeprimeprime,C:\Users\mikha\Documents\dpc-research\connectome-seed-data\results\flow\9992\003,9992/003,3,3,seed3,replicate,True,9991/003,5,18,61211,61212,150000,before,before,True,True,19.34333591062223,1.934333591062223,889,151,0,1040,5.0,0.1,1.0,0.1,gpu,False
seed3primeprimeprime,C:\Users\mikha\Documents\dpc-research\connectome-seed-data\results\flow\9992\003,9992/003,3,3,seed3,replicate,True,9991/003,5,19,64811,64812,150000,before,before,True,True,19.46351591340947,1.946351591340947,898,142,0,1040,5.0,0.1,1.0,0.1,gpu,False
seed3primeprimeprime,C:\Users\mikha\Documents\dpc-research\connectome-seed-data\results\flow\9992\003,9992/003,3,3,seed3,replicate,True,9991/003,5,20,68411,68412,150000,before,before,True,True,19.10372685580306,1.910372685580306,904,136,0,1040,5.0,0.1,1.0,0.1,gpu,False
seed3primeprimeprime,C:\Users\mikha\Documents\dpc-research\connectome-seed-data\results\flow\9992\003,9992/003,3,3,seed3,replicate,True,9991/003,5,21,72011,72012,150000,before,before,True,True,19.15018120305341,1.9150181203053411,893,147,0,1040,5.0,0.1,1.0,0.1,gpu,False
seed3primeprimeprime,C:\Users\mikha\Documents\dpc-research\connectome-seed-data\results\flow\9992\003,9992/003,3,3,seed3,replicate,True,9991/003,5,22,75611,75612,150000,before,before,True,True,18.931050231552792,1.8931050231552793,902,138,0,1040,5.0,0.1,1.0,0.1,gpu,False
seed3primeprimeprime,C:\Users\mikha\Documents\dpc-research\connectome-seed-data\results\flow\9992\003,9992/003,3,3,seed3,replicate,True,9991/003,5,23,79211,79212,150000,before,before,True,True,19.439548960369105,1.9439548960369106,883,157,0,1040,5.0,0.1,1.0,0.1,gpu,False
seed3primeprimeprime,C:\Users\mikha\Documents\dpc-research\connectome-seed-data\results\flow\9992\003,9992/003,3,3,seed3,replicate,True,9991/003,5,24,82811,82812,150000,before,before,True,True,19.046583535562263,1.9046583535562265,908,132,0,1040,5.0,0.1,1.0,0.1,gpu,False
seed3primeprimeprime,C:\Users\mikha\Documents\dpc-research\connectome-seed-data\results\flow\9992\003,9992/003,3,3,seed3,replicate,True,9991/003,5,25,86411,86412,150000,before,before,True,True,19.38758170862117,1.938758170862117,892,148,0,1040,5.0,0.1,1.0,0.1,gpu,False
seed3primeprimeprime,C:\Users\mikha\Documents\dpc-research\connectome-seed-data\results\flow\9992\003,9992/003,3,3,seed3,replicate,True,9991/003,5,26,90011,90012,150000,before,before,True,True,19.12816190885248,1.9128161908852481,918,122,0,1040,5.0,0.1,1.0,0.1,gpu,False
seed3primeprimeprime,C:\Users\mikha\Documents\dpc-research\connectome-seed-data\results\flow\9992\003,9992/003,3,3,seed3,replicate,True,9991/003,5,27,93611,93612,150000,before,before,True,True,19.05470405024689,1.9054704050246891,945,95,0,1040,5.0,0.1,1.0,0.1,gpu,False
seed3primeprimeprime,C:\Users\mikha\Documents\dpc-research\connectome-seed-data\results\flow\9992\003,9992/003,3,3,seed3,replicate,True,9991/003,5,28,97211,97212,150000,before,before,True,True,18.952050926423315,1.8952050926423316,985,55,0,1040,5.0,0.1,1.0,0.1,gpu,False
seed3primeprimeprime,C:\Users\mikha\Documents\dpc-research\connectome-seed-data\results\flow\9992\003,9992/003,3,3,seed3,replicate,True,9991/003,5,29,100811,100812,150000,before,before,True,True,19.196742621447363,1.9196742621447365,980,60,0,1040,5.0,0.1,1.0,0.1,gpu,False
seed3primeprimeprime,C:\Users\mikha\Documents\dpc-research\connectome-seed-data\results\flow\9992\003,9992/003,3,3,seed3,replicate,True,9991/003,5,30,104411,104412,150000,before,before,True,True,19.254619416432107,1.9254619416432108,997,43,0,1040,5.0,0.1,1.0,0.1,gpu,False
seed3primeprimeprime,C:\Users\mikha\Documents\dpc-research\connectome-seed-data\results\flow\9992\003,9992/003,3,3,seed3,replicate,True,9991/003,5,31,108011,108012,150000,before,before,True,True,19.42157993493375,1.942157993493375,994,46,0,1040,5.0,0.1,1.0,0.1,gpu,False
seed3primeprimeprime,C:\Users\mikha\Documents\dpc-research\connectome-seed-data\results\flow\9992\003,9992/003,3,3,seed3,replicate,True,9991/003,5,32,111611,111612,150000,before,before,True,True,19.41390232904101,1.9413902329041013,994,46,0,1040,5.0,0.1,1.0,0.1,gpu,False
seed3primeprimeprime,C:\Users\mikha\Documents\dpc-research\connectome-seed-data\results\flow\9992\003,9992/003,3,3,seed3,replicate,True,9991/003,5,33,115211,115212,150000,before,before,True,True,19.443941308289947,1.9443941308289947,991,49,0,1040,5.0,0.1,1.0,0.1,gpu,False
seed3primeprimeprime,C:\Users\mikha\Documents\dpc-research\connectome-seed-data\results\flow\9992\003,9992/003,3,3,seed3,replicate,True,9991/003,5,34,118811,118812,150000,before,before,True,True,19.54038385668746,1.954038385668746,995,45,0,1040,5.0,0.1,1.0,0.1,gpu,False
seed3primeprimeprime,C:\Users\mikha\Documents\dpc-research\connectome-seed-data\results\flow\9992\003,9992/003,3,3,seed3,replicate,True,9991/003,5,35,122411,122412,150000,before,before,True,True,19.68564846527907,1.968564846527907,1002,38,0,1040,5.0,0.1,1.0,0.1,gpu,False
seed3primeprimeprime,C:\Users\mikha\Documents\dpc-research\connectome-seed-data\results\flow\9992\003,9992/003,3,3,seed3,replicate,True,9991/003,5,36,126011,126012,150000,before,before,True,True,19.526548976247444,1.9526548976247444,1000,40,0,1040,5.0,0.1,1.0,0.1,gpu,False
seed3primeprimeprime,C:\Users\mikha\Documents\dpc-research\connectome-seed-data\results\flow\9992\003,9992/003,3,3,seed3,replicate,True,9991/003,5,37,129611,129612,150000,before,before,True,True,19.3628955350323,1.9362895535032303,994,46,0,1040,5.0,0.1,1.0,0.1,gpu,False
seed3primeprimeprime,C:\Users\mikha\Documents\dpc-research\connectome-seed-data\results\flow\9992\003,9992/003,3,3,seed3,replicate,True,9991/003,5,38,133211,133212,150000,before,before,True,True,19.520658578189746,1.9520658578189747,996,44,0,1040,5.0,0.1,1.0,0.1,gpu,False
seed3primeprimeprime,C:\Users\mikha\Documents\dpc-research\connectome-seed-data\results\flow\9992\003,9992/003,3,3,seed3,replicate,True,9991/003,5,39,136811,136812,150000,before,before,True,True,19.423242604475398,1.94232426044754,997,43,0,1040,5.0,0.1,1.0,0.1,gpu,False
seed3primeprimeprime,C:\Users\mikha\Documents\dpc-research\connectome-seed-data\results\flow\9992\003,9992/003,3,3,seed3,replicate,True,9991/003,5,40,140411,140412,150000,before,before,True,True,19.54181665342799,1.954181665342799,999,41,0,1040,5.0,0.1,1.0,0.1,gpu,False
seed3primeprimeprime,C:\Users\mikha\Documents\dpc-research\connectome-seed-data\results\flow\9992\003,9992/003,3,3,seed3,replicate,True,9991/003,5,41,144011,144012,150000,before,before,True,True,19.644855179402793,1.9644855179402794,998,42,0,1040,5.0,0.1,1.0,0.1,gpu,False
seed3primeprimeprime,C:\Users\mikha\Documents\dpc-research\connectome-seed-data\results\flow\9992\003,9992/003,3,3,seed3,replicate,True,9991/003,5,42,147611,147612,150000,before,before,True,True,19.779842945471394,1.9779842945471395,998,42,0,1040,5.0,0.1,1.0,0.1,gpu,False
seed3primeprimeprime,C:\Users\mikha\Documents\dpc-research\connectome-seed-data\results\flow\9992\003,9992/003,3,3,seed3,replicate,True,9991/003,5,43,151211,151212,150000,at_or_after,at_or_after,True,False,19.867473202831263,1.9867473202831265,992,48,0,1040,5.0,0.1,1.0,0.1,gpu,False
seed3primeprimeprime,C:\Users\mikha\Documents\dpc-research\connectome-seed-data\results\flow\9992\003,9992/003,3,3,seed3,replicate,True,9991/003,5,44,154811,154812,150000,at_or_after,at_or_after,True,False,19.89930157193908,1.989930157193908,988,52,0,1040,5.0,0.1,1.0,0.1,gpu,False
seed3primeprimeprime,C:\Users\mikha\Documents\dpc-research\connectome-seed-data\results\flow\9992\003,9992/003,3,3,seed3,replicate,True,9991/003,5,45,158411,158412,150000,at_or_after,at_or_after,True,False,19.812820612272404,1.9812820612272404,983,57,0,1040,5.0,0.1,1.0,0.1,gpu,False
seed3primeprimeprime,C:\Users\mikha\Documents\dpc-research\connectome-seed-data\results\flow\9992\003,9992/003,3,3,seed3,replicate,True,9991/003,5,46,162011,162012,150000,at_or_after,at_or_after,True,False,19.896658789854616,1.9896658789854618,979,61,0,1040,5.0,0.1,1.0,0.1,gpu,False
seed3primeprimeprime,C:\Users\mikha\Documents\dpc-research\connectome-seed-data\results\flow\9992\003,9992/003,3,3,seed3,replicate,True,9991/003,5,47,165611,165612,150000,at_or_after,at_or_after,True,False,28.410007693263896,2.84100076932639,886,154,0,1040,5.0,0.1,1.0,0.1,gpu,False
seed3primeprimeprime,C:\Users\mikha\Documents\dpc-research\connectome-seed-data\results\flow\9992\003,9992/003,3,3,seed3,replicate,True,9991/003,5,48,169211,169212,150000,at_or_after,at_or_after,True,False,32.7215622851248,3.27215622851248,884,156,0,1040,5.0,0.1,1.0,0.1,gpu,False
seed3primeprimeprime,C:\Users\mikha\Documents\dpc-research\connectome-seed-data\results\flow\9992\003,9992/003,3,3,seed3,replicate,True,9991/003,5,49,172811,172812,150000,at_or_after,at_or_after,True,False,37.63073444178751,3.763073444178751,880,160,0,1040,5.0,0.1,1.0,0.1,gpu,False
seed3primeprimeprime,C:\Users\mikha\Documents\dpc-research\connectome-seed-data\results\flow\9992\003,9992/003,3,3,seed3,replicate,True,9991/003,5,50,176411,176412,150000,at_or_after,at_or_after,True,False,38.224149856124356,3.822414985612436,877,163,0,1040,5.0,0.1,1.0,0.1,gpu,False
seed3primeprimeprime,C:\Users\mikha\Documents\dpc-research\connectome-seed-data\results\flow\9992\003,9992/003,3,3,seed3,replicate,True,9991/003,5,51,180011,180012,150000,at_or_after,at_or_after,True,False,39.46859116618048,3.9468591166180484,877,163,0,1040,5.0,0.1,1.0,0.1,gpu,False
seed3primeprimeprime,C:\Users\mikha\Documents\dpc-research\connectome-seed-data\results\flow\9992\003,9992/003,3,3,seed3,replicate,True,9991/003,5,52,183611,183612,150000,at_or_after,at_or_after,True,False,39.70295606361517,3.970295606361517,878,162,0,1040,5.0,0.1,1.0,0.1,gpu,False
seed3primeprimeprime,C:\Users\mikha\Documents\dpc-research\connectome-seed-data\results\flow\9992\003,9992/003,3,3,seed3,replicate,True,9991/003,5,53,187211,187212,150000,at_or_after,at_or_after,True,False,44.08434697038672,4.408434697038672,873,167,0,1040,5.0,0.1,1.0,0.1,gpu,False
seed3primeprimeprime,C:\Users\mikha\Documents\dpc-research\connectome-seed-data\results\flow\9992\003,9992/003,3,3,seed3,replicate,True,9991/003,5,54,190811,190812,150000,at_or_after,at_or_after,True,False,42.22601473973045,4.222601473973046,878,162,0,1040,5.0,0.1,1.0,0.1,gpu,False
seed3primeprimeprime,C:\Users\mikha\Documents\dpc-research\connectome-seed-data\results\flow\9992\003,9992/003,3,3,seed3,replicate,True,9991/003,5,55,194411,194412,150000,at_or_after,at_or_after,True,False,47.15550458862401,4.715550458862402,874,166,0,1040,5.0,0.1,1.0,0.1,gpu,False
seed3primeprimeprime,C:\Users\mikha\Documents\dpc-research\connectome-seed-data\results\flow\9992\003,9992/003,3,3,seed3,replicate,True,9991/003,5,56,198011,198012,150000,at_or_after,at_or_after,True,False,43.99388555818814,4.399388555818814,879,161,0,1040,5.0,0.1,1.0,0.1,gpu,False
seed3primeprimeprime,C:\Users\mikha\Documents\dpc-research\connectome-seed-data\results\flow\9992\003,9992/003,3,3,seed3,replicate,True,9991/003,5,57,201611,201612,150000,at_or_after,at_or_after,True,False,45.491766764315585,4.549176676431559,877,163,0,1040,5.0,0.1,1.0,0.1,gpu,False
seed3primeprimeprime,C:\Users\mikha\Documents\dpc-research\connectome-seed-data\results\flow\9992\003,9992/003,3,3,seed3,replicate,True,9991/003,5,58,205211,205212,150000,at_or_after,at_or_after,True,False,47.59243761246979,4.759243761246979,875,165,0,1040,5.0,0.1,1.0,0.1,gpu,False
seed3primeprimeprime,C:\Users\mikha\Documents\dpc-research\connectome-seed-data\results\flow\9992\003,9992/003,3,3,seed3,replicate,True,9991/003,5,59,208811,208812,150000,at_or_after,at_or_after,True,False,45.44666082708268,4.544666082708268,881,159,0,1040,5.0,0.1,1.0,0.1,gpu,False
seed3primeprimeprime,C:\Users\mikha\Documents\dpc-research\connectome-seed-data\results\flow\9992\003,9992/003,3,3,seed3,replicate,True,9991/003,5,60,212411,212412,150000,at_or_after,at_or_after,True,False,44.719273496708446,4.471927349670845,883,157,0,1040,5.0,0.1,1.0,0.1,gpu,False
seed3primeprimeprime,C:\Users\mikha\Documents\dpc-research\connectome-seed-data\results\flow\9992\003,9992/003,3,3,seed3,replicate,True,9991/003,5,61,216011,216012,150000,at_or_after,at_or_after,True,False,50.65600253334476,5.065600253334477,877,163,0,1040,5.0,0.1,1.0,0.1,gpu,False
seed3primeprimeprime,C:\Users\mikha\Documents\dpc-research\connectome-seed-data\results\flow\9992\003,9992/003,3,3,seed3,replicate,True,9991/003,5,62,219611,219612,150000,at_or_after,at_or_after,True,False,46.809903739140495,4.6809903739140495,881,159,0,1040,5.0,0.1,1.0,0.1,gpu,False
seed3primeprimeprime,C:\Users\mikha\Documents\dpc-research\connectome-seed-data\results\flow\9992\003,9992/003,3,3,seed3,replicate,True,9991/003,5,63,223211,223212,150000,at_or_after,at_or_after,True,False,50.27968779675604,5.0279687796756045,877,163,0,1040,5.0,0.1,1.0,0.1,gpu,False
seed3primeprimeprime,C:\Users\mikha\Documents\dpc-research\connectome-seed-data\results\flow\9992\003,9992/003,3,3,seed3,replicate,True,9991/003,5,64,226811,226812,150000,at_or_after,at_or_after,True,False,53.609201601539155,5.360920160153916,870,170,0,1040,5.0,0.1,1.0,0.1,gpu,False
seed3primeprimeprime,C:\Users\mikha\Documents\dpc-research\connectome-seed-data\results\flow\9992\003,9992/003,3,3,seed3,replicate,True,9991/003,5,65,230411,230412,150000,at_or_after,at_or_after,True,False,54.93140021714819,5.493140021714819,871,169,0,1040,5.0,0.1,1.0,0.1,gpu,False
seed3primeprimeprime,C:\Users\mikha\Documents\dpc-research\connectome-seed-data\results\flow\9992\003,9992/003,3,3,seed3,replicate,True,9991/003,5,66,234011,234012,150000,at_or_after,at_or_after,True,False,54.38584541791261,5.438584541791261,873,167,0,1040,5.0,0.1,1.0,0.1,gpu,False
seed3primeprimeprime,C:\Users\mikha\Documents\dpc-research\connectome-seed-data\results\flow\9992\003,9992/003,3,3,seed3,replicate,True,9991/003,5,67,237611,237612,150000,at_or_after,at_or_after,True,False,52.932730619660276,5.293273061966028,878,162,0,1040,5.0,0.1,1.0,0.1,gpu,False
seed3primeprimeprime,C:\Users\mikha\Documents\dpc-research\connectome-seed-data\results\flow\9992\003,9992/003,3,3,seed3,replicate,True,9991/003,5,68,241211,241212,150000,at_or_after,at_or_after,True,False,60.63940531775475,6.063940531775476,863,177,0,1040,5.0,0.1,1.0,0.1,gpu,False
seed3primeprimeprime,C:\Users\mikha\Documents\dpc-research\connectome-seed-data\results\flow\9992\003,9992/003,3,3,seed3,replicate,True,9991/003,5,69,244811,244812,150000,at_or_after,at_or_after,True,False,55.190291199684246,5.519029119968425,870,170,0,1040,5.0,0.1,1.0,0.1,gpu,False
seed3primeprimeprime,C:\Users\mikha\Documents\dpc-research\connectome-seed-data\results\flow\9992\003,9992/003,3,3,seed3,replicate,True,9991/003,5,70,248411,248412,150000,at_or_after,at_or_after,True,False,58.702252828682994,5.8702252828683,868,172,0,1040,5.0,0.1,1.0,0.1,gpu,False
seed3primeprimeprime,C:\Users\mikha\Documents\dpc-research\connectome-seed-data\results\flow\9992\003,9992/003,3,3,seed3,replicate,True,9991/003,5,71,250007,250008,150000,at_or_after,at_or_after,True,False,56.70470628685357,5.670470628685358,870,170,0,1040,5.0,0.1,1.0,0.1,gpu,False
seed4,C:\Users\mikha\Documents\dpc-research\connectome-seed-data\results\flow\9991\004,9991/004,4,4,seed4,canonical,False,,3,0,-1,0,150000,before,before,True,True,19.749368848558053,1.9749368848558053,1040,0,0,1040,5.0,0.1,1.0,0.1,gpu,False
seed4,C:\Users\mikha\Documents\dpc-research\connectome-seed-data\results\flow\9991\004,9991/004,4,4,seed4,canonical,False,,3,1,11,12,150000,before,before,True,True,19.578279899133253,1.9578279899133255,1040,0,0,1040,5.0,0.1,1.0,0.1,gpu,False
seed4,C:\Users\mikha\Documents\dpc-research\connectome-seed-data\results\flow\9991\004,9991/004,4,4,seed4,canonical,False,,3,2,3611,3612,150000,before,before,True,True,19.71080988755999,1.971080988755999,1024,16,0,1040,5.0,0.1,1.0,0.1,gpu,False
seed4,C:\Users\mikha\Documents\dpc-research\connectome-seed-data\results\flow\9991\004,9991/004,4,4,seed4,canonical,False,,3,3,7211,7212,150000,before,before,True,True,21.085006553493134,2.1085006553493133,1024,16,0,1040,5.0,0.1,1.0,0.1,gpu,False
seed4,C:\Users\mikha\Documents\dpc-research\connectome-seed-data\results\flow\9991\004,9991/004,4,4,seed4,canonical,False,,3,4,10811,10812,150000,before,before,True,True,21.07952757554358,2.107952757554358,1024,16,0,1040,5.0,0.1,1.0,0.1,gpu,False
seed4,C:\Users\mikha\Documents\dpc-research\connectome-seed-data\results\flow\9991\004,9991/004,4,4,seed4,canonical,False,,3,5,14411,14412,150000,before,before,True,True,21.42885986892402,2.142885986892402,1024,16,0,1040,5.0,0.1,1.0,0.1,gpu,False
seed4,C:\Users\mikha\Documents\dpc-research\connectome-seed-data\results\flow\9991\004,9991/004,4,4,seed4,canonical,False,,3,6,18011,18012,150000,before,before,True,True,21.666154230077595,2.1666154230077597,1025,15,0,1040,5.0,0.1,1.0,0.1,gpu,False
seed4,C:\Users\mikha\Documents\dpc-research\connectome-seed-data\results\flow\9991\004,9991/004,4,4,seed4,canonical,False,,3,7,21611,21612,150000,before,before,True,True,21.831739670033198,2.1831739670033197,1040,0,0,1040,5.0,0.1,1.0,0.1,gpu,False
seed4,C:\Users\mikha\Documents\dpc-research\connectome-seed-data\results\flow\9991\004,9991/004,4,4,seed4,canonical,False,,3,8,25211,25212,150000,before,before,True,True,21.924044019169763,2.1924044019169764,1040,0,0,1040,5.0,0.1,1.0,0.1,gpu,False
seed4,C:\Users\mikha\Documents\dpc-research\connectome-seed-data\results\flow\9991\004,9991/004,4,4,seed4,canonical,False,,3,9,28811,28812,150000,before,before,True,True,21.46471983239926,2.1464719832399264,1040,0,0,1040,5.0,0.1,1.0,0.1,gpu,False
seed4,C:\Users\mikha\Documents\dpc-research\connectome-seed-data\results\flow\9991\004,9991/004,4,4,seed4,canonical,False,,3,10,32411,32412,150000,before,before,True,True,20.82654216143522,2.082654216143522,1040,0,0,1040,5.0,0.1,1.0,0.1,gpu,False
seed4,C:\Users\mikha\Documents\dpc-research\connectome-seed-data\results\flow\9991\004,9991/004,4,4,seed4,canonical,False,,3,11,36011,36012,150000,before,before,True,True,19.15510969439988,1.915510969439988,1012,28,0,1040,5.0,0.1,1.0,0.1,gpu,False
seed4,C:\Users\mikha\Documents\dpc-research\connectome-seed-data\results\flow\9991\004,9991/004,4,4,seed4,canonical,False,,3,12,39611,39612,150000,before,before,True,True,18.11040035899236,1.8110400358992362,864,176,0,1040,5.0,0.1,1.0,0.1,gpu,False
seed4,C:\Users\mikha\Documents\dpc-research\connectome-seed-data\results\flow\9991\004,9991/004,4,4,seed4,canonical,False,,3,13,43211,43212,150000,before,before,True,True,19.013106367834915,1.9013106367834915,827,213,0,1040,5.0,0.1,1.0,0.1,gpu,False
seed4,C:\Users\mikha\Documents\dpc-research\connectome-seed-data\results\flow\9991\004,9991/004,4,4,seed4,canonical,False,,3,14,46811,46812,150000,before,before,True,True,19.992963560615934,1.9992963560615935,802,238,0,1040,5.0,0.1,1.0,0.1,gpu,False
seed4,C:\Users\mikha\Documents\dpc-research\connectome-seed-data\results\flow\9991\004,9991/004,4,4,seed4,canonical,False,,3,15,50411,50412,150000,before,before,True,True,21.41942791943992,2.141942791943992,777,263,0,1040,5.0,0.1,1.0,0.1,gpu,False
seed4,C:\Users\mikha\Documents\dpc-research\connectome-seed-data\results\flow\9991\004,9991/004,4,4,seed4,canonical,False,,3,16,54011,54012,150000,before,before,True,True,20.944219689531895,2.0944219689531898,787,253,0,1040,5.0,0.1,1.0,0.1,gpu,False
seed4,C:\Users\mikha\Documents\dpc-research\connectome-seed-data\results\flow\9991\004,9991/004,4,4,seed4,canonical,False,,3,17,57611,57612,150000,before,before,True,True,20.502601450459615,2.0502601450459617,777,263,0,1040,5.0,0.1,1.0,0.1,gpu,False
seed4,C:\Users\mikha\Documents\dpc-research\connectome-seed-data\results\flow\9991\004,9991/004,4,4,seed4,canonical,False,,3,18,61211,61212,150000,before,before,True,True,18.00420372438128,1.8004203724381282,804,236,0,1040,5.0,0.1,1.0,0.1,gpu,False
seed4,C:\Users\mikha\Documents\dpc-research\connectome-seed-data\results\flow\9991\004,9991/004,4,4,seed4,canonical,False,,3,19,64811,64812,150000,before,before,True,True,18.1284663670284,1.81284663670284,808,232,0,1040,5.0,0.1,1.0,0.1,gpu,False
seed4,C:\Users\mikha\Documents\dpc-research\connectome-seed-data\results\flow\9991\004,9991/004,4,4,seed4,canonical,False,,3,20,68411,68412,150000,before,before,True,True,17.53850053085476,1.753850053085476,833,207,0,1040,5.0,0.1,1.0,0.1,gpu,False
seed4,C:\Users\mikha\Documents\dpc-research\connectome-seed-data\results\flow\9991\004,9991/004,4,4,seed4,canonical,False,,3,21,72011,72012,150000,before,before,True,True,17.00212593222071,1.700212593222071,859,181,0,1040,5.0,0.1,1.0,0.1,gpu,False
seed4,C:\Users\mikha\Documents\dpc-research\connectome-seed-data\results\flow\9991\004,9991/004,4,4,seed4,canonical,False,,3,22,75611,75612,150000,before,before,True,True,17.446631620877984,1.7446631620877984,866,174,0,1040,5.0,0.1,1.0,0.1,gpu,False
seed4,C:\Users\mikha\Documents\dpc-research\connectome-seed-data\results\flow\9991\004,9991/004,4,4,seed4,canonical,False,,3,23,79211,79212,150000,before,before,True,True,17.341650183295055,1.7341650183295056,885,155,0,1040,5.0,0.1,1.0,0.1,gpu,False
seed4,C:\Users\mikha\Documents\dpc-research\connectome-seed-data\results\flow\9991\004,9991/004,4,4,seed4,canonical,False,,3,24,82811,82812,150000,before,before,True,True,17.002232143560168,1.7002232143560168,882,158,0,1040,5.0,0.1,1.0,0.1,gpu,False
seed4,C:\Users\mikha\Documents\dpc-research\connectome-seed-data\results\flow\9991\004,9991/004,4,4,seed4,canonical,False,,3,25,86411,86412,150000,before,before,True,True,16.67726147798104,1.6677261477981042,868,172,0,1040,5.0,0.1,1.0,0.1,gpu,False
seed4,C:\Users\mikha\Documents\dpc-research\connectome-seed-data\results\flow\9991\004,9991/004,4,4,seed4,canonical,False,,3,26,90011,90012,150000,before,before,True,True,16.456557640453827,1.6456557640453828,881,159,0,1040,5.0,0.1,1.0,0.1,gpu,False
seed4,C:\Users\mikha\Documents\dpc-research\connectome-seed-data\results\flow\9991\004,9991/004,4,4,seed4,canonical,False,,3,27,93611,93612,150000,before,before,True,True,16.33120941176718,1.633120941176718,878,162,0,1040,5.0,0.1,1.0,0.1,gpu,False
seed4,C:\Users\mikha\Documents\dpc-research\connectome-seed-data\results\flow\9991\004,9991/004,4,4,seed4,canonical,False,,3,28,97211,97212,150000,before,before,True,True,16.112249432919537,1.6112249432919539,878,162,0,1040,5.0,0.1,1.0,0.1,gpu,False
seed4,C:\Users\mikha\Documents\dpc-research\connectome-seed-data\results\flow\9991\004,9991/004,4,4,seed4,canonical,False,,3,29,100811,100812,150000,before,before,True,True,15.92013324215908,1.592013324215908,863,177,0,1040,5.0,0.1,1.0,0.1,gpu,False
seed4,C:\Users\mikha\Documents\dpc-research\connectome-seed-data\results\flow\9991\004,9991/004,4,4,seed4,canonical,False,,3,30,104411,104412,150000,before,before,True,True,15.729677078572603,1.5729677078572604,881,159,0,1040,5.0,0.1,1.0,0.1,gpu,False
seed4,C:\Users\mikha\Documents\dpc-research\connectome-seed-data\results\flow\9991\004,9991/004,4,4,seed4,canonical,False,,3,31,108011,108012,150000,before,before,True,True,15.728714816090884,1.5728714816090885,871,169,0,1040,5.0,0.1,1.0,0.1,gpu,False
seed4,C:\Users\mikha\Documents\dpc-research\connectome-seed-data\results\flow\9991\004,9991/004,4,4,seed4,canonical,False,,3,32,111611,111612,150000,before,before,True,True,15.74076121872311,1.5740761218723112,878,162,0,1040,5.0,0.1,1.0,0.1,gpu,False
seed4,C:\Users\mikha\Documents\dpc-research\connectome-seed-data\results\flow\9991\004,9991/004,4,4,seed4,canonical,False,,3,33,115211,115212,150000,before,before,True,True,15.64759249600563,1.5647592496005631,887,153,0,1040,5.0,0.1,1.0,0.1,gpu,False
seed4,C:\Users\mikha\Documents\dpc-research\connectome-seed-data\results\flow\9991\004,9991/004,4,4,seed4,canonical,False,,3,34,118811,118812,150000,before,before,True,True,15.787756611976238,1.578775661197624,893,147,0,1040,5.0,0.1,1.0,0.1,gpu,False
seed4,C:\Users\mikha\Documents\dpc-research\connectome-seed-data\results\flow\9991\004,9991/004,4,4,seed4,canonical,False,,3,35,122411,122412,150000,before,before,True,True,16.07564724202534,1.6075647242025342,889,151,0,1040,5.0,0.1,1.0,0.1,gpu,False
seed4,C:\Users\mikha\Documents\dpc-research\connectome-seed-data\results\flow\9991\004,9991/004,4,4,seed4,canonical,False,,3,36,126011,126012,150000,before,before,True,True,16.005167961565572,1.6005167961565574,880,160,0,1040,5.0,0.1,1.0,0.1,gpu,False
seed4,C:\Users\mikha\Documents\dpc-research\connectome-seed-data\results\flow\9991\004,9991/004,4,4,seed4,canonical,False,,3,37,129611,129612,150000,before,before,True,True,16.44933322098982,1.6449333220989821,901,139,0,1040,5.0,0.1,1.0,0.1,gpu,False
seed4,C:\Users\mikha\Documents\dpc-research\connectome-seed-data\results\flow\9991\004,9991/004,4,4,seed4,canonical,False,,3,38,133211,133212,150000,before,before,True,True,16.148158267436372,1.6148158267436372,896,144,0,1040,5.0,0.1,1.0,0.1,gpu,False
seed4,C:\Users\mikha\Documents\dpc-research\connectome-seed-data\results\flow\9991\004,9991/004,4,4,seed4,canonical,False,,3,39,136811,136812,150000,before,before,True,True,16.264450610781637,1.6264450610781638,892,148,0,1040,5.0,0.1,1.0,0.1,gpu,False
seed4,C:\Users\mikha\Documents\dpc-research\connectome-seed-data\results\flow\9991\004,9991/004,4,4,seed4,canonical,False,,3,40,140411,140412,150000,before,before,True,True,16.69116604195339,1.6691166041953391,905,135,0,1040,5.0,0.1,1.0,0.1,gpu,False
seed4,C:\Users\mikha\Documents\dpc-research\connectome-seed-data\results\flow\9991\004,9991/004,4,4,seed4,canonical,False,,3,41,144011,144012,150000,before,before,True,True,16.756989393042428,1.675698939304243,908,132,0,1040,5.0,0.1,1.0,0.1,gpu,False
seed4,C:\Users\mikha\Documents\dpc-research\connectome-seed-data\results\flow\9991\004,9991/004,4,4,seed4,canonical,False,,3,42,147611,147612,150000,before,before,True,True,16.666508461387412,1.6666508461387413,907,133,0,1040,5.0,0.1,1.0,0.1,gpu,False
seed4,C:\Users\mikha\Documents\dpc-research\connectome-seed-data\results\flow\9991\004,9991/004,4,4,seed4,canonical,False,,3,43,151211,151212,150000,at_or_after,at_or_after,True,False,16.82041890933447,1.6820418909334471,904,136,0,1040,5.0,0.1,1.0,0.1,gpu,False
seed4,C:\Users\mikha\Documents\dpc-research\connectome-seed-data\results\flow\9991\004,9991/004,4,4,seed4,canonical,False,,3,44,154811,154812,150000,at_or_after,at_or_after,True,False,17.038105197968854,1.7038105197968854,907,133,0,1040,5.0,0.1,1.0,0.1,gpu,False
seed4,C:\Users\mikha\Documents\dpc-research\connectome-seed-data\results\flow\9991\004,9991/004,4,4,seed4,canonical,False,,3,45,158411,158412,150000,at_or_after,at_or_after,True,False,17.048654070864853,1.7048654070864853,896,144,0,1040,5.0,0.1,1.0,0.1,gpu,False
seed4,C:\Users\mikha\Documents\dpc-research\connectome-seed-data\results\flow\9991\004,9991/004,4,4,seed4,canonical,False,,3,46,162011,162012,150000,at_or_after,at_or_after,True,False,17.015931908039168,1.7015931908039168,895,145,0,1040,5.0,0.1,1.0,0.1,gpu,False
seed4,C:\Users\mikha\Documents\dpc-research\connectome-seed-data\results\flow\9991\004,9991/004,4,4,seed4,canonical,False,,3,47,165611,165612,150000,at_or_after,at_or_after,True,False,16.894062387189205,1.6894062387189206,891,149,0,1040,5.0,0.1,1.0,0.1,gpu,False
seed4,C:\Users\mikha\Documents\dpc-research\connectome-seed-data\results\flow\9991\004,9991/004,4,4,seed4,canonical,False,,3,48,169211,169212,150000,at_or_after,at_or_after,True,False,16.92643531500127,1.6926435315001271,896,144,0,1040,5.0,0.1,1.0,0.1,gpu,False
seed4,C:\Users\mikha\Documents\dpc-research\connectome-seed-data\results\flow\9991\004,9991/004,4,4,seed4,canonical,False,,3,49,172811,172812,150000,at_or_after,at_or_after,True,False,16.95122216741427,1.695122216741427,890,150,0,1040,5.0,0.1,1.0,0.1,gpu,False
seed4,C:\Users\mikha\Documents\dpc-research\connectome-seed-data\results\flow\9991\004,9991/004,4,4,seed4,canonical,False,,3,50,176411,176412,150000,at_or_after,at_or_after,True,False,17.051438617662782,1.7051438617662784,887,153,0,1040,5.0,0.1,1.0,0.1,gpu,False
seed4,C:\Users\mikha\Documents\dpc-research\connectome-seed-data\results\flow\9991\004,9991/004,4,4,seed4,canonical,False,,3,51,180011,180012,150000,at_or_after,at_or_after,True,False,17.055306680480918,1.705530668048092,890,150,0,1040,5.0,0.1,1.0,0.1,gpu,False
seed4,C:\Users\mikha\Documents\dpc-research\connectome-seed-data\results\flow\9991\004,9991/004,4,4,seed4,canonical,False,,3,52,183611,183612,150000,at_or_after,at_or_after,True,False,17.05944974796704,1.7059449747967041,891,149,0,1040,5.0,0.1,1.0,0.1,gpu,False
seed4,C:\Users\mikha\Documents\dpc-research\connectome-seed-data\results\flow\9991\004,9991/004,4,4,seed4,canonical,False,,3,53,187211,187212,150000,at_or_after,at_or_after,True,False,17.10166358325138,1.710166358325138,860,180,0,1040,5.0,0.1,1.0,0.1,gpu,False
seed4,C:\Users\mikha\Documents\dpc-research\connectome-seed-data\results\flow\9991\004,9991/004,4,4,seed4,canonical,False,,3,54,190811,190812,150000,at_or_after,at_or_after,True,False,17.107351956145735,1.7107351956145735,856,184,0,1040,5.0,0.1,1.0,0.1,gpu,False
seed4,C:\Users\mikha\Documents\dpc-research\connectome-seed-data\results\flow\9991\004,9991/004,4,4,seed4,canonical,False,,3,55,194411,194412,150000,at_or_after,at_or_after,True,False,16.984998384051895,1.6984998384051897,862,178,0,1040,5.0,0.1,1.0,0.1,gpu,False
seed4,C:\Users\mikha\Documents\dpc-research\connectome-seed-data\results\flow\9991\004,9991/004,4,4,seed4,canonical,False,,3,56,198011,198012,150000,at_or_after,at_or_after,True,False,17.012656599164618,1.701265659916462,865,175,0,1040,5.0,0.1,1.0,0.1,gpu,False
seed4,C:\Users\mikha\Documents\dpc-research\connectome-seed-data\results\flow\9991\004,9991/004,4,4,seed4,canonical,False,,3,57,201611,201612,150000,at_or_after,at_or_after,True,False,16.831989821309715,1.6831989821309716,864,176,0,1040,5.0,0.1,1.0,0.1,gpu,False
seed4,C:\Users\mikha\Documents\dpc-research\connectome-seed-data\results\flow\9991\004,9991/004,4,4,seed4,canonical,False,,3,58,205211,205212,150000,at_or_after,at_or_after,True,False,16.963819360132884,1.6963819360132886,861,179,0,1040,5.0,0.1,1.0,0.1,gpu,False
seed4,C:\Users\mikha\Documents\dpc-research\connectome-seed-data\results\flow\9991\004,9991/004,4,4,seed4,canonical,False,,3,59,208811,208812,150000,at_or_after,at_or_after,True,False,16.879965285663435,1.6879965285663436,864,176,0,1040,5.0,0.1,1.0,0.1,gpu,False
seed4,C:\Users\mikha\Documents\dpc-research\connectome-seed-data\results\flow\9991\004,9991/004,4,4,seed4,canonical,False,,3,60,212411,212412,150000,at_or_after,at_or_after,True,False,16.831398103518435,1.6831398103518436,863,177,0,1040,5.0,0.1,1.0,0.1,gpu,False
seed4,C:\Users\mikha\Documents\dpc-research\connectome-seed-data\results\flow\9991\004,9991/004,4,4,seed4,canonical,False,,3,61,216011,216012,150000,at_or_after,at_or_after,True,False,16.822199102462378,1.6822199102462378,851,189,0,1040,5.0,0.1,1.0,0.1,gpu,False
seed4,C:\Users\mikha\Documents\dpc-research\connectome-seed-data\results\flow\9991\004,9991/004,4,4,seed4,canonical,False,,3,62,219611,219612,150000,at_or_after,at_or_after,True,False,16.89643646821942,1.689643646821942,853,187,0,1040,5.0,0.1,1.0,0.1,gpu,False
seed4,C:\Users\mikha\Documents\dpc-research\connectome-seed-data\results\flow\9991\004,9991/004,4,4,seed4,canonical,False,,3,63,223211,223212,150000,at_or_after,at_or_after,True,False,16.97543812918793,1.697543812918793,854,186,0,1040,5.0,0.1,1.0,0.1,gpu,False
seed4,C:\Users\mikha\Documents\dpc-research\connectome-seed-data\results\flow\9991\004,9991/004,4,4,seed4,canonical,False,,3,64,226811,226812,150000,at_or_after,at_or_after,True,False,16.85963093125859,1.6859630931258591,853,187,0,1040,5.0,0.1,1.0,0.1,gpu,False
seed4,C:\Users\mikha\Documents\dpc-research\connectome-seed-data\results\flow\9991\004,9991/004,4,4,seed4,canonical,False,,3,65,230411,230412,150000,at_or_after,at_or_after,True,False,16.908112996548937,1.6908112996548939,856,184,0,1040,5.0,0.1,1.0,0.1,gpu,False
seed4,C:\Users\mikha\Documents\dpc-research\connectome-seed-data\results\flow\9991\004,9991/004,4,4,seed4,canonical,False,,3,66,234011,234012,150000,at_or_after,at_or_after,True,False,16.78450670160381,1.6784506701603812,853,187,0,1040,5.0,0.1,1.0,0.1,gpu,False
seed4,C:\Users\mikha\Documents\dpc-research\connectome-seed-data\results\flow\9991\004,9991/004,4,4,seed4,canonical,False,,3,67,237611,237612,150000,at_or_after,at_or_after,True,False,16.875167412919367,1.6875167412919367,849,191,0,1040,5.0,0.1,1.0,0.1,gpu,False
seed4,C:\Users\mikha\Documents\dpc-research\connectome-seed-data\results\flow\9991\004,9991/004,4,4,seed4,canonical,False,,3,68,241211,241212,150000,at_or_after,at_or_after,True,False,16.864088059750575,1.6864088059750575,853,187,0,1040,5.0,0.1,1.0,0.1,gpu,False
seed4,C:\Users\mikha\Documents\dpc-research\connectome-seed-data\results\flow\9991\004,9991/004,4,4,seed4,canonical,False,,3,69,244811,244812,150000,at_or_after,at_or_after,True,False,16.806333643990058,1.680633364399006,858,182,0,1040,5.0,0.1,1.0,0.1,gpu,False
seed4,C:\Users\mikha\Documents\dpc-research\connectome-seed-data\results\flow\9991\004,9991/004,4,4,seed4,canonical,False,,3,70,248411,248412,150000,at_or_after,at_or_after,True,False,16.89010710824948,1.6890107108249481,853,187,0,1040,5.0,0.1,1.0,0.1,gpu,False
seed4,C:\Users\mikha\Documents\dpc-research\connectome-seed-data\results\flow\9991\004,9991/004,4,4,seed4,canonical,False,,3,71,250007,250008,150000,at_or_after,at_or_after,True,False,16.774549938687297,1.6774549938687298,857,183,0,1040,5.0,0.1,1.0,0.1,gpu,False
seed5,C:\Users\mikha\Documents\dpc-research\connectome-seed-data\results\flow\9991\005,9991/005,5,5,seed5,canonical,False,,4,0,-1,0,150000,before,before,True,True,19.71322387375502,1.9713223873755021,1040,0,0,1040,5.0,0.1,1.0,0.1,gpu,False
seed5,C:\Users\mikha\Documents\dpc-research\connectome-seed-data\results\flow\9991\005,9991/005,5,5,seed5,canonical,False,,4,1,11,12,150000,before,before,True,True,19.736009944859163,1.9736009944859163,1040,0,0,1040,5.0,0.1,1.0,0.1,gpu,False
seed5,C:\Users\mikha\Documents\dpc-research\connectome-seed-data\results\flow\9991\005,9991/005,5,5,seed5,canonical,False,,4,2,3611,3612,150000,before,before,True,True,20.50319470354121,2.0503194703541214,1024,16,0,1040,5.0,0.1,1.0,0.1,gpu,False
seed5,C:\Users\mikha\Documents\dpc-research\connectome-seed-data\results\flow\9991\005,9991/005,5,5,seed5,canonical,False,,4,3,7211,7212,150000,before,before,True,True,20.10882461330082,2.0108824613300817,1009,31,0,1040,5.0,0.1,1.0,0.1,gpu,False
seed5,C:\Users\mikha\Documents\dpc-research\connectome-seed-data\results\flow\9991\005,9991/005,5,5,seed5,canonical,False,,4,4,10811,10812,150000,before,before,True,True,20.370808125760316,2.037080812576032,1018,22,0,1040,5.0,0.1,1.0,0.1,gpu,False
seed5,C:\Users\mikha\Documents\dpc-research\connectome-seed-data\results\flow\9991\005,9991/005,5,5,seed5,canonical,False,,4,5,14411,14412,150000,before,before,True,True,21.3137891722016,2.13137891722016,1016,24,0,1040,5.0,0.1,1.0,0.1,gpu,False
seed5,C:\Users\mikha\Documents\dpc-research\connectome-seed-data\results\flow\9991\005,9991/005,5,5,seed5,canonical,False,,4,6,18011,18012,150000,before,before,True,True,21.95859479774953,2.195859479774953,1008,32,0,1040,5.0,0.1,1.0,0.1,gpu,False
seed5,C:\Users\mikha\Documents\dpc-research\connectome-seed-data\results\flow\9991\005,9991/005,5,5,seed5,canonical,False,,4,7,21611,21612,150000,before,before,True,True,22.15713129206401,2.215713129206401,1024,16,0,1040,5.0,0.1,1.0,0.1,gpu,False
seed5,C:\Users\mikha\Documents\dpc-research\connectome-seed-data\results\flow\9991\005,9991/005,5,5,seed5,canonical,False,,4,8,25211,25212,150000,before,before,True,True,22.431461084370728,2.243146108437073,1040,0,0,1040,5.0,0.1,1.0,0.1,gpu,False
seed5,C:\Users\mikha\Documents\dpc-research\connectome-seed-data\results\flow\9991\005,9991/005,5,5,seed5,canonical,False,,4,9,28811,28812,150000,before,before,True,True,22.719358319204208,2.271935831920421,1040,0,0,1040,5.0,0.1,1.0,0.1,gpu,False
seed5,C:\Users\mikha\Documents\dpc-research\connectome-seed-data\results\flow\9991\005,9991/005,5,5,seed5,canonical,False,,4,10,32411,32412,150000,before,before,True,True,22.84524130648363,2.284524130648363,1040,0,0,1040,5.0,0.1,1.0,0.1,gpu,False
seed5,C:\Users\mikha\Documents\dpc-research\connectome-seed-data\results\flow\9991\005,9991/005,5,5,seed5,canonical,False,,4,11,36011,36012,150000,before,before,True,True,23.168483803656986,2.3168483803656987,1034,6,0,1040,5.0,0.1,1.0,0.1,gpu,False
seed5,C:\Users\mikha\Documents\dpc-research\connectome-seed-data\results\flow\9991\005,9991/005,5,5,seed5,canonical,False,,4,12,39611,39612,150000,before,before,True,True,23.511286391755196,2.3511286391755197,1024,16,0,1040,5.0,0.1,1.0,0.1,gpu,False
seed5,C:\Users\mikha\Documents\dpc-research\connectome-seed-data\results\flow\9991\005,9991/005,5,5,seed5,canonical,False,,4,13,43211,43212,150000,before,before,True,True,23.681312295457893,2.3681312295457895,1024,16,0,1040,5.0,0.1,1.0,0.1,gpu,False
seed5,C:\Users\mikha\Documents\dpc-research\connectome-seed-data\results\flow\9991\005,9991/005,5,5,seed5,canonical,False,,4,14,46811,46812,150000,before,before,True,True,23.94652687877613,2.394652687877613,1024,16,0,1040,5.0,0.1,1.0,0.1,gpu,False
seed5,C:\Users\mikha\Documents\dpc-research\connectome-seed-data\results\flow\9991\005,9991/005,5,5,seed5,canonical,False,,4,15,50411,50412,150000,before,before,True,True,24.300728872979263,2.4300728872979267,1024,16,0,1040,5.0,0.1,1.0,0.1,gpu,False
seed5,C:\Users\mikha\Documents\dpc-research\connectome-seed-data\results\flow\9991\005,9991/005,5,5,seed5,canonical,False,,4,16,54011,54012,150000,before,before,True,True,24.72595622338934,2.4725956223389343,1024,16,0,1040,5.0,0.1,1.0,0.1,gpu,False
seed5,C:\Users\mikha\Documents\dpc-research\connectome-seed-data\results\flow\9991\005,9991/005,5,5,seed5,canonical,False,,4,17,57611,57612,150000,before,before,True,True,25.308455586470608,2.530845558647061,1024,16,0,1040,5.0,0.1,1.0,0.1,gpu,False
seed5,C:\Users\mikha\Documents\dpc-research\connectome-seed-data\results\flow\9991\005,9991/005,5,5,seed5,canonical,False,,4,18,61211,61212,150000,before,before,True,True,27.36799172156332,2.7367991721563323,1008,32,0,1040,5.0,0.1,1.0,0.1,gpu,False
seed5,C:\Users\mikha\Documents\dpc-research\connectome-seed-data\results\flow\9991\005,9991/005,5,5,seed5,canonical,False,,4,19,64811,64812,150000,before,before,True,True,30.172446037557666,3.017244603755767,1005,35,0,1040,5.0,0.1,1.0,0.1,gpu,False
seed5,C:\Users\mikha\Documents\dpc-research\connectome-seed-data\results\flow\9991\005,9991/005,5,5,seed5,canonical,False,,4,20,68411,68412,150000,before,before,True,True,28.044104066645062,2.8044104066645064,1014,26,0,1040,5.0,0.1,1.0,0.1,gpu,False
seed5,C:\Users\mikha\Documents\dpc-research\connectome-seed-data\results\flow\9991\005,9991/005,5,5,seed5,canonical,False,,4,21,72011,72012,150000,before,before,True,True,24.670447900720326,2.4670447900720327,1024,16,0,1040,5.0,0.1,1.0,0.1,gpu,False
seed5,C:\Users\mikha\Documents\dpc-research\connectome-seed-data\results\flow\9991\005,9991/005,5,5,seed5,canonical,False,,4,22,75611,75612,150000,before,before,True,True,24.93541569406519,2.493541569406519,1024,16,0,1040,5.0,0.1,1.0,0.1,gpu,False
seed5,C:\Users\mikha\Documents\dpc-research\connectome-seed-data\results\flow\9991\005,9991/005,5,5,seed5,canonical,False,,4,23,79211,79212,150000,before,before,True,True,25.787967250708032,2.5787967250708035,1024,16,0,1040,5.0,0.1,1.0,0.1,gpu,False
seed5,C:\Users\mikha\Documents\dpc-research\connectome-seed-data\results\flow\9991\005,9991/005,5,5,seed5,canonical,False,,4,24,82811,82812,150000,before,before,True,True,29.115085540807634,2.9115085540807635,1024,16,0,1040,5.0,0.1,1.0,0.1,gpu,False
seed5,C:\Users\mikha\Documents\dpc-research\connectome-seed-data\results\flow\9991\005,9991/005,5,5,seed5,canonical,False,,4,25,86411,86412,150000,before,before,True,True,39.93879669899959,3.9938796698999592,1017,23,0,1040,5.0,0.1,1.0,0.1,gpu,False
seed5,C:\Users\mikha\Documents\dpc-research\connectome-seed-data\results\flow\9991\005,9991/005,5,5,seed5,canonical,False,,4,26,90011,90012,150000,before,before,True,True,49.00676696736471,4.900676696736472,986,54,0,1040,5.0,0.1,1.0,0.1,gpu,False
seed5,C:\Users\mikha\Documents\dpc-research\connectome-seed-data\results\flow\9991\005,9991/005,5,5,seed5,canonical,False,,4,27,93611,93612,150000,before,before,True,True,49.99771757765164,4.999771757765164,970,70,0,1040,5.0,0.1,1.0,0.1,gpu,False
seed5,C:\Users\mikha\Documents\dpc-research\connectome-seed-data\results\flow\9991\005,9991/005,5,5,seed5,canonical,False,,4,28,97211,97212,150000,before,before,True,True,64.99578917236047,6.499578917236048,935,105,0,1040,5.0,0.1,1.0,0.1,gpu,False
seed5,C:\Users\mikha\Documents\dpc-research\connectome-seed-data\results\flow\9991\005,9991/005,5,5,seed5,canonical,False,,4,29,100811,100812,150000,before,before,True,True,71.95228714661125,7.195228714661126,910,130,0,1040,5.0,0.1,1.0,0.1,gpu,False
seed5,C:\Users\mikha\Documents\dpc-research\connectome-seed-data\results\flow\9991\005,9991/005,5,5,seed5,canonical,False,,4,30,104411,104412,150000,before,before,True,True,109.02257540996473,10.902257540996473,810,230,0,1040,5.0,0.1,1.0,0.1,gpu,False
seed5,C:\Users\mikha\Documents\dpc-research\connectome-seed-data\results\flow\9991\005,9991/005,5,5,seed5,canonical,False,,4,31,108011,108012,150000,before,before,True,True,32.63744292894782,3.263744292894782,976,64,0,1040,5.0,0.1,1.0,0.1,gpu,False
seed5,C:\Users\mikha\Documents\dpc-research\connectome-seed-data\results\flow\9991\005,9991/005,5,5,seed5,canonical,False,,4,32,111611,111612,150000,before,before,True,True,27.670901473224518,2.767090147322452,976,64,0,1040,5.0,0.1,1.0,0.1,gpu,False
seed5,C:\Users\mikha\Documents\dpc-research\connectome-seed-data\results\flow\9991\005,9991/005,5,5,seed5,canonical,False,,4,33,115211,115212,150000,before,before,True,True,24.66820212789514,2.4668202127895142,991,49,0,1040,5.0,0.1,1.0,0.1,gpu,False
seed5,C:\Users\mikha\Documents\dpc-research\connectome-seed-data\results\flow\9991\005,9991/005,5,5,seed5,canonical,False,,4,34,118811,118812,150000,before,before,True,True,20.76404275280142,2.076404275280142,1020,20,0,1040,5.0,0.1,1.0,0.1,gpu,False
seed5,C:\Users\mikha\Documents\dpc-research\connectome-seed-data\results\flow\9991\005,9991/005,5,5,seed5,canonical,False,,4,35,122411,122412,150000,before,before,True,True,19.981327107669117,1.9981327107669118,983,57,0,1040,5.0,0.1,1.0,0.1,gpu,False
seed5,C:\Users\mikha\Documents\dpc-research\connectome-seed-data\results\flow\9991\005,9991/005,5,5,seed5,canonical,False,,4,36,126011,126012,150000,before,before,True,True,19.963226820869338,1.9963226820869338,994,46,0,1040,5.0,0.1,1.0,0.1,gpu,False
seed5,C:\Users\mikha\Documents\dpc-research\connectome-seed-data\results\flow\9991\005,9991/005,5,5,seed5,canonical,False,,4,37,129611,129612,150000,before,before,True,True,20.001982649092405,2.0001982649092405,1003,37,0,1040,5.0,0.1,1.0,0.1,gpu,False
seed5,C:\Users\mikha\Documents\dpc-research\connectome-seed-data\results\flow\9991\005,9991/005,5,5,seed5,canonical,False,,4,38,133211,133212,150000,before,before,True,True,20.08273782582403,2.008273782582403,1005,35,0,1040,5.0,0.1,1.0,0.1,gpu,False
seed5,C:\Users\mikha\Documents\dpc-research\connectome-seed-data\results\flow\9991\005,9991/005,5,5,seed5,canonical,False,,4,39,136811,136812,150000,before,before,True,True,20.0807241693816,2.0080724169381603,1005,35,0,1040,5.0,0.1,1.0,0.1,gpu,False
seed5,C:\Users\mikha\Documents\dpc-research\connectome-seed-data\results\flow\9991\005,9991/005,5,5,seed5,canonical,False,,4,40,140411,140412,150000,before,before,True,True,20.035150341490017,2.0035150341490016,1010,30,0,1040,5.0,0.1,1.0,0.1,gpu,False
seed5,C:\Users\mikha\Documents\dpc-research\connectome-seed-data\results\flow\9991\005,9991/005,5,5,seed5,canonical,False,,4,41,144011,144012,150000,before,before,True,True,19.892958283928138,1.989295828392814,1021,19,0,1040,5.0,0.1,1.0,0.1,gpu,False
seed5,C:\Users\mikha\Documents\dpc-research\connectome-seed-data\results\flow\9991\005,9991/005,5,5,seed5,canonical,False,,4,42,147611,147612,150000,before,before,True,True,19.816099737575932,1.9816099737575934,1020,20,0,1040,5.0,0.1,1.0,0.1,gpu,False
seed5,C:\Users\mikha\Documents\dpc-research\connectome-seed-data\results\flow\9991\005,9991/005,5,5,seed5,canonical,False,,4,43,151211,151212,150000,at_or_after,at_or_after,True,False,19.77996327835644,1.977996327835644,1018,22,0,1040,5.0,0.1,1.0,0.1,gpu,False
seed5,C:\Users\mikha\Documents\dpc-research\connectome-seed-data\results\flow\9991\005,9991/005,5,5,seed5,canonical,False,,4,44,154811,154812,150000,at_or_after,at_or_after,True,False,19.53658090086816,1.9536580900868161,1018,22,0,1040,5.0,0.1,1.0,0.1,gpu,False
seed5,C:\Users\mikha\Documents\dpc-research\connectome-seed-data\results\flow\9991\005,9991/005,5,5,seed5,canonical,False,,4,45,158411,158412,150000,at_or_after,at_or_after,True,False,19.39349631007711,1.9393496310077112,1015,25,0,1040,5.0,0.1,1.0,0.1,gpu,False
seed5,C:\Users\mikha\Documents\dpc-research\connectome-seed-data\results\flow\9991\005,9991/005,5,5,seed5,canonical,False,,4,46,162011,162012,150000,at_or_after,at_or_after,True,False,19.084820983788852,1.9084820983788853,1012,28,0,1040,5.0,0.1,1.0,0.1,gpu,False
seed5,C:\Users\mikha\Documents\dpc-research\connectome-seed-data\results\flow\9991\005,9991/005,5,5,seed5,canonical,False,,4,47,165611,165612,150000,at_or_after,at_or_after,True,False,19.183187908368268,1.9183187908368269,1008,32,0,1040,5.0,0.1,1.0,0.1,gpu,False
seed5,C:\Users\mikha\Documents\dpc-research\connectome-seed-data\results\flow\9991\005,9991/005,5,5,seed5,canonical,False,,4,48,169211,169212,150000,at_or_after,at_or_after,True,False,19.039840869211996,1.9039840869211997,1006,34,0,1040,5.0,0.1,1.0,0.1,gpu,False
seed5,C:\Users\mikha\Documents\dpc-research\connectome-seed-data\results\flow\9991\005,9991/005,5,5,seed5,canonical,False,,4,49,172811,172812,150000,at_or_after,at_or_after,True,False,19.082723214124055,1.9082723214124055,999,41,0,1040,5.0,0.1,1.0,0.1,gpu,False
seed5,C:\Users\mikha\Documents\dpc-research\connectome-seed-data\results\flow\9991\005,9991/005,5,5,seed5,canonical,False,,4,50,176411,176412,150000,at_or_after,at_or_after,True,False,19.010884776203223,1.9010884776203225,992,48,0,1040,5.0,0.1,1.0,0.1,gpu,False
seed5,C:\Users\mikha\Documents\dpc-research\connectome-seed-data\results\flow\9991\005,9991/005,5,5,seed5,canonical,False,,4,51,180011,180012,150000,at_or_after,at_or_after,True,False,18.99075565127828,1.8990755651278282,992,48,0,1040,5.0,0.1,1.0,0.1,gpu,False
seed5,C:\Users\mikha\Documents\dpc-research\connectome-seed-data\results\flow\9991\005,9991/005,5,5,seed5,canonical,False,,4,52,183611,183612,150000,at_or_after,at_or_after,True,False,19.033875343155685,1.9033875343155686,991,49,0,1040,5.0,0.1,1.0,0.1,gpu,False
seed5,C:\Users\mikha\Documents\dpc-research\connectome-seed-data\results\flow\9991\005,9991/005,5,5,seed5,canonical,False,,4,53,187211,187212,150000,at_or_after,at_or_after,True,False,19.08740864108925,1.9087408641089252,985,55,0,1040,5.0,0.1,1.0,0.1,gpu,False
seed5,C:\Users\mikha\Documents\dpc-research\connectome-seed-data\results\flow\9991\005,9991/005,5,5,seed5,canonical,False,,4,54,190811,190812,150000,at_or_after,at_or_after,True,False,19.04854670268048,1.904854670268048,982,58,0,1040,5.0,0.1,1.0,0.1,gpu,False
seed5,C:\Users\mikha\Documents\dpc-research\connectome-seed-data\results\flow\9991\005,9991/005,5,5,seed5,canonical,False,,4,55,194411,194412,150000,at_or_after,at_or_after,True,False,19.06133737519676,1.906133737519676,980,60,0,1040,5.0,0.1,1.0,0.1,gpu,False
seed5,C:\Users\mikha\Documents\dpc-research\connectome-seed-data\results\flow\9991\005,9991/005,5,5,seed5,canonical,False,,4,56,198011,198012,150000,at_or_after,at_or_after,True,False,19.03273688883527,1.903273688883527,973,67,0,1040,5.0,0.1,1.0,0.1,gpu,False
seed5,C:\Users\mikha\Documents\dpc-research\connectome-seed-data\results\flow\9991\005,9991/005,5,5,seed5,canonical,False,,4,57,201611,201612,150000,at_or_after,at_or_after,True,False,19.01519459314119,1.901519459314119,966,74,0,1040,5.0,0.1,1.0,0.1,gpu,False
seed5,C:\Users\mikha\Documents\dpc-research\connectome-seed-data\results\flow\9991\005,9991/005,5,5,seed5,canonical,False,,4,58,205211,205212,150000,at_or_after,at_or_after,True,False,18.977677629257073,1.8977677629257075,971,69,0,1040,5.0,0.1,1.0,0.1,gpu,False
seed5,C:\Users\mikha\Documents\dpc-research\connectome-seed-data\results\flow\9991\005,9991/005,5,5,seed5,canonical,False,,4,59,208811,208812,150000,at_or_after,at_or_after,True,False,18.957716352922375,1.8957716352922376,965,75,0,1040,5.0,0.1,1.0,0.1,gpu,False
seed5,C:\Users\mikha\Documents\dpc-research\connectome-seed-data\results\flow\9991\005,9991/005,5,5,seed5,canonical,False,,4,60,212411,212412,150000,at_or_after,at_or_after,True,False,18.927065294808667,1.8927065294808667,965,75,0,1040,5.0,0.1,1.0,0.1,gpu,False
seed5,C:\Users\mikha\Documents\dpc-research\connectome-seed-data\results\flow\9991\005,9991/005,5,5,seed5,canonical,False,,4,61,216011,216012,150000,at_or_after,at_or_after,True,False,18.911030274310242,1.8911030274310243,964,76,0,1040,5.0,0.1,1.0,0.1,gpu,False
seed5,C:\Users\mikha\Documents\dpc-research\connectome-seed-data\results\flow\9991\005,9991/005,5,5,seed5,canonical,False,,4,62,219611,219612,150000,at_or_after,at_or_after,True,False,18.885074290062892,1.8885074290062893,962,78,0,1040,5.0,0.1,1.0,0.1,gpu,False
seed5,C:\Users\mikha\Documents\dpc-research\connectome-seed-data\results\flow\9991\005,9991/005,5,5,seed5,canonical,False,,4,63,223211,223212,150000,at_or_after,at_or_after,True,False,18.873027675856367,1.8873027675856369,962,78,0,1040,5.0,0.1,1.0,0.1,gpu,False
seed5,C:\Users\mikha\Documents\dpc-research\connectome-seed-data\results\flow\9991\005,9991/005,5,5,seed5,canonical,False,,4,64,226811,226812,150000,at_or_after,at_or_after,True,False,18.825288929215723,1.8825288929215724,960,80,0,1040,5.0,0.1,1.0,0.1,gpu,False
seed5,C:\Users\mikha\Documents\dpc-research\connectome-seed-data\results\flow\9991\005,9991/005,5,5,seed5,canonical,False,,4,65,230411,230412,150000,at_or_after,at_or_after,True,False,18.83784718076812,1.883784718076812,960,80,0,1040,5.0,0.1,1.0,0.1,gpu,False
seed5,C:\Users\mikha\Documents\dpc-research\connectome-seed-data\results\flow\9991\005,9991/005,5,5,seed5,canonical,False,,4,66,234011,234012,150000,at_or_after,at_or_after,True,False,18.808545620308696,1.8808545620308696,960,80,0,1040,5.0,0.1,1.0,0.1,gpu,False
seed5,C:\Users\mikha\Documents\dpc-research\connectome-seed-data\results\flow\9991\005,9991/005,5,5,seed5,canonical,False,,4,67,237611,237612,150000,at_or_after,at_or_after,True,False,18.836800027902445,1.8836800027902445,960,80,0,1040,5.0,0.1,1.0,0.1,gpu,False
seed5,C:\Users\mikha\Documents\dpc-research\connectome-seed-data\results\flow\9991\005,9991/005,5,5,seed5,canonical,False,,4,68,241211,241212,150000,at_or_after,at_or_after,True,False,18.825673664661398,1.88256736646614,959,81,0,1040,5.0,0.1,1.0,0.1,gpu,False
seed5,C:\Users\mikha\Documents\dpc-research\connectome-seed-data\results\flow\9991\005,9991/005,5,5,seed5,canonical,False,,4,69,244811,244812,150000,at_or_after,at_or_after,True,False,18.72675325007425,1.872675325007425,959,81,0,1040,5.0,0.1,1.0,0.1,gpu,False
seed5,C:\Users\mikha\Documents\dpc-research\connectome-seed-data\results\flow\9991\005,9991/005,5,5,seed5,canonical,False,,4,70,248411,248412,150000,at_or_after,at_or_after,True,False,18.777380163731305,1.8777380163731305,959,81,0,1040,5.0,0.1,1.0,0.1,gpu,False
seed5,C:\Users\mikha\Documents\dpc-research\connectome-seed-data\results\flow\9991\005,9991/005,5,5,seed5,canonical,False,,4,71,250007,250008,150000,at_or_after,at_or_after,True,False,18.754883943443573,1.8754883943443574,959,81,0,1040,5.0,0.1,1.0,0.1,gpu,False
