key,group,grid,lambda_c,flags,full_quant_l1,full_quant_l1_tau,full_float_l1,full_float_l1_tau,n1,n1_tau,R3_float_l1,R3_float_l1_tau,R3_quant_l1,R3_quant_l1_tau,R2_float_l1,R2_float_l1_tau,R1a_float_l1,R1a_float_l1_tau,R1a_quant_l1,R1a_quant_l1_tau,R1b_float_l1,R1b_float_l1_tau,R1b_quant_l1,R1b_quant_l1_tau,full_quant_lc,full_quant_lc_tau,full_float_lc,full_float_lc_tau,R3_float_lc,R3_float_lc_tau,R3_quant_lc,R3_quant_lc_tau,R2_float_lc,R2_float_lc_tau,R1a_float_lc,R1a_float_lc_tau,R1a_quant_lc,R1a_quant_lc_tau,R1b_float_lc,R1b_float_lc_tau,R1b_quant_lc,R1b_quant_lc_tau,R3_float_lc_maxabs,R3_float_l1_sv2
fresh:0,fresh,1/3/10/30/100,100,,0.930000,0.930000,0.920000,0.920000,0.720000,0.720000,0.830000,0.830000,0.852500,0.820000,0.845000,0.845000,0.200000,0.200000,0.210000,0.210000,0.210000,0.210000,0.230000,0.230000,0.705000,0.705000,0.705000,0.705000,0.382500,0.500000,0.508750,0.500000,0.488750,0.525000,-0.015000,-0.015000,-0.015000,-0.015000,0.000000,0.000000,0.000000,0.000000,5.161e-16,7.004e-16
fresh:1,fresh,1/3/10/30/100,1,,0.967500,0.967500,0.962500,0.962500,0.752500,0.752500,0.895000,0.895000,0.897500,0.897500,0.907500,0.907500,0.210000,0.210000,0.215000,0.215000,0.195000,0.195000,0.190000,0.190000,0.967500,0.967500,0.962500,0.962500,0.895000,0.895000,0.897500,0.897500,0.907500,0.907500,0.210000,0.210000,0.215000,0.215000,0.195000,0.195000,0.190000,0.190000,1.459e+00,8.274e-16
fresh:2,fresh,1/3/10/30/100,1,,0.997500,0.997500,1.000000,1.000000,0.930000,0.930000,0.817500,0.817500,0.827500,0.827500,0.895000,0.895000,0.070000,0.070000,0.067500,0.067500,0.082500,0.082500,0.072500,0.072500,0.997500,0.997500,1.000000,1.000000,0.817500,0.817500,0.827500,0.827500,0.895000,0.895000,0.070000,0.070000,0.067500,0.067500,0.082500,0.082500,0.072500,0.072500,1.640e+00,9.591e-16
fresh:3,fresh,1/3/10/30/100,1,,0.990000,0.990000,0.987500,0.987500,0.877500,0.877500,0.877500,0.877500,0.875000,0.872500,0.975000,0.975000,0.110000,0.110000,0.112500,0.112500,0.140000,0.140000,0.137500,0.137500,0.990000,0.990000,0.987500,0.987500,0.877500,0.877500,0.875000,0.872500,0.975000,0.975000,0.110000,0.110000,0.112500,0.112500,0.140000,0.140000,0.137500,0.137500,2.089e+00,1.075e-15
fresh:4,fresh,1/3/10/30/100,1,,0.975000,0.975000,0.970000,0.970000,0.787500,0.787500,0.882500,0.882500,0.885000,0.885000,0.895000,0.895000,0.182500,0.182500,0.187500,0.187500,0.182500,0.182500,0.187500,0.187500,0.975000,0.975000,0.970000,0.970000,0.882500,0.882500,0.885000,0.885000,0.895000,0.895000,0.182500,0.182500,0.187500,0.187500,0.182500,0.182500,0.187500,0.187500,1.668e+00,5.849e-16
fresh:5,fresh,1/3/10/30/100,100,,0.922500,0.922500,0.925000,0.925000,0.741250,0.741250,0.857500,0.857500,0.857500,0.857500,0.865000,0.865000,0.183750,0.183750,0.181250,0.181250,0.195000,0.195000,0.185000,0.185000,0.736250,0.736250,0.736250,0.736250,0.453750,0.500000,0.588750,0.500000,0.445000,0.525000,-0.005000,-0.005000,-0.005000,-0.005000,0.000000,0.000000,0.000000,0.000000,3.001e-16,1.146e-15
fresh:6,fresh,1/3/10/30/100,1,,1.000000,1.000000,1.000000,1.000000,0.850000,0.850000,0.827500,0.827500,0.757500,0.820000,0.840000,0.840000,0.150000,0.150000,0.150000,0.150000,0.152500,0.152500,0.153750,0.150000,1.000000,1.000000,1.000000,1.000000,0.827500,0.827500,0.757500,0.820000,0.840000,0.840000,0.150000,0.150000,0.150000,0.150000,0.152500,0.152500,0.153750,0.150000,1.153e+00,6.701e-16
fresh:7,fresh,1/3/10/30/100,100,,0.912500,0.912500,0.912500,0.912500,0.667500,0.667500,0.865000,0.865000,0.865000,0.865000,0.892500,0.892500,0.245000,0.245000,0.245000,0.245000,0.252500,0.252500,0.255000,0.255000,0.662500,0.662500,0.657500,0.657500,0.635000,0.500000,0.548750,0.500000,0.565000,0.575000,-0.010000,-0.010000,-0.005000,-0.005000,0.000000,0.000000,0.000000,0.000000,3.331e-16,5.418e-16
fresh:8,fresh,1/3/10/30/100,100,,0.927500,0.927500,0.927500,0.927500,0.780000,0.780000,0.830000,0.830000,0.832500,0.828750,0.840000,0.840000,0.147500,0.147500,0.147500,0.147500,0.140000,0.140000,0.137500,0.137500,0.790000,0.790000,0.787500,0.787500,0.541250,0.500000,0.393750,0.500000,0.580000,0.575000,0.007500,0.007500,0.010000,0.010000,0.000000,0.000000,0.000000,0.000000,3.556e-16,6.723e-16
fresh:9,fresh,1/3/10/30/100,1,,0.970000,0.970000,0.960000,0.960000,0.797500,0.797500,0.835000,0.835000,0.831250,0.832500,0.842500,0.842500,0.162500,0.162500,0.172500,0.172500,0.162500,0.162500,0.172500,0.172500,0.970000,0.970000,0.960000,0.960000,0.835000,0.835000,0.831250,0.832500,0.842500,0.842500,0.162500,0.162500,0.172500,0.172500,0.162500,0.162500,0.172500,0.172500,1.384e+00,7.864e-16
fresh:10,fresh,1/3/10/30/100,1,,0.952500,0.952500,0.950000,0.950000,0.721250,0.721250,0.910000,0.910000,0.915000,0.915000,0.920000,0.920000,0.228750,0.228750,0.231250,0.231250,0.227500,0.227500,0.237500,0.237500,0.952500,0.952500,0.950000,0.950000,0.910000,0.910000,0.915000,0.915000,0.920000,0.920000,0.228750,0.228750,0.231250,0.231250,0.227500,0.227500,0.237500,0.237500,1.685e+00,5.400e-16
fresh:11,fresh,1/3/10/30/100,100,,0.960000,0.960000,0.957500,0.957500,0.825000,0.825000,0.802500,0.802500,0.788750,0.792500,0.822500,0.822500,0.132500,0.132500,0.135000,0.135000,0.142500,0.142500,0.140000,0.140000,0.822500,0.822500,0.812500,0.812500,0.602500,0.500000,0.261250,0.500000,0.637500,0.575000,-0.012500,-0.012500,-0.002500,-0.002500,0.000000,0.000000,0.000000,0.000000,4.215e-16,9.037e-16
fresh:12,fresh,1/3/10/30/100,1,,0.977500,0.977500,0.985000,0.985000,0.817500,0.817500,0.837500,0.837500,0.835000,0.835000,0.840000,0.840000,0.167500,0.167500,0.160000,0.160000,0.160000,0.160000,0.160000,0.160000,0.977500,0.977500,0.985000,0.985000,0.837500,0.837500,0.835000,0.835000,0.840000,0.840000,0.167500,0.167500,0.160000,0.160000,0.160000,0.160000,0.160000,0.160000,1.144e+00,1.145e-15
fresh:13,fresh,1/3/10/30/100,100,,0.960000,0.960000,0.960000,0.960000,0.871250,0.871250,0.802500,0.802500,0.805000,0.802500,0.812500,0.812500,0.088750,0.088750,0.088750,0.088750,0.097500,0.097500,0.095000,0.095000,0.870000,0.870000,0.872500,0.872500,0.457500,0.500000,0.625000,0.500000,0.401250,0.525000,0.001250,0.001250,-0.001250,-0.001250,0.000000,0.000000,0.002500,0.000000,2.880e-16,8.672e-16
fresh:14,fresh,1/3/10/30/100,100,,0.980000,0.980000,0.980000,0.980000,0.830000,0.832500,0.832500,0.832500,0.837500,0.837500,0.830000,0.830000,0.150000,0.147500,0.150000,0.147500,0.145000,0.145000,0.152500,0.152500,0.830000,0.830000,0.827500,0.830000,0.385000,0.500000,0.422500,0.500000,0.466250,0.525000,-0.002500,-0.002500,0.000000,-0.002500,0.000000,0.000000,0.000000,0.000000,5.803e-16,1.000e-15
fresh:15,fresh,1/3/10/30/100,1,,0.955000,0.955000,0.955000,0.955000,0.843750,0.843750,0.845000,0.845000,0.842500,0.845000,0.860000,0.860000,0.111250,0.111250,0.111250,0.111250,0.112500,0.112500,0.107500,0.107500,0.955000,0.955000,0.955000,0.955000,0.845000,0.845000,0.842500,0.845000,0.860000,0.860000,0.111250,0.111250,0.111250,0.111250,0.112500,0.112500,0.107500,0.107500,1.776e+00,1.104e-15
fresh:16,fresh,1/3/10/30/100,1,,0.977500,0.977500,0.980000,0.980000,0.825000,0.825000,0.860000,0.860000,0.871250,0.871250,0.870000,0.870000,0.155000,0.155000,0.152500,0.152500,0.155000,0.155000,0.140000,0.140000,0.977500,0.977500,0.980000,0.980000,0.860000,0.860000,0.871250,0.871250,0.870000,0.870000,0.155000,0.155000,0.152500,0.152500,0.155000,0.155000,0.140000,0.140000,1.365e+00,9.426e-16
fresh:17,fresh,1/3/10/30/100,100,,0.983750,0.983750,0.982500,0.982500,0.891250,0.891250,0.850000,0.850000,0.847500,0.845000,0.910000,0.910000,0.091250,0.091250,0.092500,0.092500,0.115000,0.115000,0.113750,0.113750,0.870000,0.870000,0.860000,0.860000,0.603750,0.500000,0.376250,0.500000,0.712500,0.675000,-0.031250,-0.031250,-0.021250,-0.021250,0.000000,0.000000,0.000000,0.000000,7.772e-16,1.270e-15
fresh:18,fresh,1/3/10/30/100,100,,0.957500,0.957500,0.952500,0.952500,0.785000,0.785000,0.832500,0.832500,0.832500,0.830000,0.895000,0.895000,0.167500,0.167500,0.172500,0.172500,0.180000,0.180000,0.185000,0.185000,0.775000,0.775000,0.780000,0.780000,0.393750,0.500000,0.422500,0.500000,0.537500,0.625000,-0.005000,-0.005000,-0.010000,-0.010000,0.000000,0.000000,0.000000,0.000000,3.782e-16,1.210e-15
fresh:19,fresh,1/3/10/30/100,1,,0.935000,0.935000,0.930000,0.930000,0.660000,0.660000,0.905000,0.905000,0.900000,0.900000,0.910000,0.910000,0.270000,0.270000,0.275000,0.275000,0.262500,0.262500,0.262500,0.262500,0.935000,0.935000,0.930000,0.930000,0.905000,0.905000,0.900000,0.900000,0.910000,0.910000,0.270000,0.270000,0.275000,0.275000,0.262500,0.262500,0.262500,0.262500,1.859e+00,8.858e-16
fresh:20,fresh,1/3/10/30/100,100,,0.945000,0.945000,0.942500,0.942500,0.790000,0.790000,0.840000,0.840000,0.840000,0.837500,0.847500,0.847500,0.152500,0.152500,0.155000,0.155000,0.147500,0.147500,0.152500,0.152500,0.791250,0.791250,0.790000,0.790000,0.517500,0.500000,0.496250,0.500000,0.501250,0.525000,0.000000,0.000000,0.001250,0.001250,0.000000,0.000000,-0.001250,0.000000,3.721e-16,7.119e-16
fresh:21,fresh,1/3/10/30/100,1,,0.990000,0.990000,0.987500,0.987500,0.827500,0.827500,0.882500,0.882500,0.877500,0.876250,0.900000,0.900000,0.160000,0.160000,0.162500,0.162500,0.140000,0.140000,0.145000,0.145000,0.990000,0.990000,0.987500,0.987500,0.882500,0.882500,0.877500,0.876250,0.900000,0.900000,0.160000,0.160000,0.162500,0.162500,0.140000,0.140000,0.145000,0.145000,1.922e+00,1.149e-15
fresh:22,fresh,1/3/10/30/100,100,,0.935000,0.935000,0.935000,0.935000,0.730000,0.730000,0.907500,0.907500,0.907500,0.907500,0.907500,0.907500,0.205000,0.205000,0.205000,0.205000,0.225000,0.225000,0.207500,0.207500,0.727500,0.727500,0.727500,0.727500,0.485000,0.500000,0.520000,0.500000,0.597500,0.525000,-0.002500,-0.002500,-0.002500,-0.002500,0.000000,0.000000,0.000000,0.000000,2.030e-16,1.084e-15
fresh:23,fresh,1/3/10/30/100,1,,0.957500,0.957500,0.962500,0.962500,0.830000,0.830000,0.877500,0.877500,0.872500,0.871250,0.910000,0.910000,0.132500,0.132500,0.127500,0.127500,0.130000,0.130000,0.125000,0.125000,0.957500,0.957500,0.962500,0.962500,0.877500,0.877500,0.872500,0.871250,0.910000,0.910000,0.132500,0.132500,0.127500,0.127500,0.130000,0.130000,0.125000,0.125000,1.938e+00,8.588e-16
fresh:24,fresh,1/3/10/30/100,100,,0.965000,0.965000,0.955000,0.955000,0.850000,0.850000,0.825000,0.825000,0.825000,0.825000,0.835000,0.835000,0.105000,0.105000,0.115000,0.115000,0.107500,0.107500,0.117500,0.117500,0.857500,0.857500,0.847500,0.847500,0.575000,0.500000,0.377500,0.500000,0.592500,0.575000,-0.002500,-0.002500,0.007500,0.007500,0.000000,0.000000,0.000000,0.000000,3.539e-16,1.092e-15
fresh:25,fresh,1/3/10/30/100,100,,0.912500,0.912500,0.915000,0.915000,0.783750,0.783750,0.832500,0.832500,0.832500,0.831250,0.842500,0.842500,0.131250,0.131250,0.128750,0.128750,0.142500,0.142500,0.137500,0.137500,0.777500,0.777500,0.772500,0.772500,0.406250,0.500000,0.562500,0.500000,0.577500,0.575000,-0.011250,-0.011250,-0.006250,-0.006250,0.000000,0.000000,0.000000,0.000000,2.220e-16,9.081e-16
fresh:26,fresh,1/3/10/30/100,100,,1.000000,1.000000,0.995000,0.995000,0.980000,0.980000,0.742500,0.742500,0.735000,0.735000,0.850000,0.850000,0.015000,0.015000,0.020000,0.020000,0.027500,0.027500,0.025000,0.025000,0.977500,0.977500,0.977500,0.977500,0.471250,0.500000,0.262500,0.500000,0.692500,0.625000,-0.002500,-0.002500,-0.002500,-0.002500,0.000000,0.000000,0.000000,0.000000,1.155e-15,1.186e-15
fresh:27,fresh,1/3/10/30/100,1,,0.983750,0.983750,0.982500,0.982500,0.881250,0.881250,0.830000,0.830000,0.832500,0.832500,0.902500,0.902500,0.101250,0.101250,0.102500,0.102500,0.137500,0.137500,0.118750,0.118750,0.983750,0.983750,0.982500,0.982500,0.830000,0.830000,0.832500,0.832500,0.902500,0.902500,0.101250,0.101250,0.102500,0.102500,0.137500,0.137500,0.118750,0.118750,1.408e+00,1.221e-15
fresh:28,fresh,1/3/10/30/100,100,,0.972500,0.972500,0.972500,0.972500,0.888750,0.888750,0.760000,0.760000,0.755000,0.755000,0.870000,0.870000,0.083750,0.083750,0.083750,0.083750,0.080000,0.080000,0.082500,0.082500,0.886250,0.886250,0.887500,0.887500,0.368750,0.500000,0.520000,0.500000,0.523750,0.575000,-0.001250,-0.001250,-0.002500,-0.002500,0.000000,0.000000,0.000000,0.000000,9.324e-16,9.766e-16
fresh:29,fresh,1/3/10/30/100,100,,0.937500,0.937500,0.940000,0.940000,0.817500,0.817500,0.792500,0.792500,0.792500,0.797500,0.837500,0.837500,0.122500,0.122500,0.120000,0.120000,0.127500,0.127500,0.120000,0.120000,0.818750,0.818750,0.821250,0.821250,0.483750,0.500000,0.375000,0.500000,0.503750,0.575000,0.003750,0.003750,0.001250,0.001250,0.000000,0.000000,0.000000,0.000000,2.220e-16,7.261e-16
fresh:30,fresh,1/3/10/30/100,1,,0.990000,0.990000,0.985000,0.985000,0.920000,0.920000,0.810000,0.810000,0.807500,0.807500,0.887500,0.887500,0.065000,0.065000,0.070000,0.070000,0.060000,0.060000,0.075000,0.075000,0.990000,0.990000,0.985000,0.985000,0.810000,0.810000,0.807500,0.807500,0.887500,0.887500,0.065000,0.065000,0.070000,0.070000,0.060000,0.060000,0.075000,0.075000,1.254e+00,8.181e-16
fresh:31,fresh,1/3/10/30/100,100,,0.980000,0.980000,0.980000,0.980000,0.927500,0.927500,0.785000,0.785000,0.785000,0.785000,0.827500,0.827500,0.052500,0.052500,0.052500,0.052500,0.057500,0.057500,0.052500,0.052500,0.925000,0.925000,0.917500,0.917500,0.301250,0.500000,0.521250,0.500000,0.572500,0.575000,-0.010000,-0.010000,-0.002500,-0.002500,0.000000,0.000000,0.000000,0.000000,6.887e-16,1.157e-15
fresh:32,fresh,1/3/10/30/100,100,,0.952500,0.952500,0.947500,0.947500,0.792500,0.792500,0.830000,0.830000,0.805000,0.812500,0.885000,0.885000,0.155000,0.155000,0.160000,0.160000,0.160000,0.160000,0.165000,0.167500,0.787500,0.787500,0.785000,0.785000,0.425000,0.500000,0.461250,0.500000,0.632500,0.625000,-0.007500,-0.007500,-0.005000,-0.005000,0.000000,0.000000,0.000000,0.000000,3.886e-16,1.313e-15
fresh:33,fresh,1/3/10/30/100,1,,0.980000,0.980000,0.982500,0.982500,0.757500,0.757500,0.882500,0.882500,0.882500,0.882500,0.885000,0.885000,0.225000,0.225000,0.222500,0.222500,0.212500,0.212500,0.222500,0.222500,0.980000,0.980000,0.982500,0.982500,0.882500,0.882500,0.882500,0.882500,0.885000,0.885000,0.225000,0.225000,0.222500,0.222500,0.212500,0.212500,0.222500,0.222500,1.460e+00,8.638e-16
fresh:34,fresh,1/3/10/30/100,100,,0.937500,0.937500,0.942500,0.942500,0.790000,0.790000,0.870000,0.870000,0.860000,0.860000,0.870000,0.870000,0.152500,0.152500,0.147500,0.147500,0.182500,0.182500,0.167500,0.167500,0.790000,0.790000,0.790000,0.790000,0.565000,0.500000,0.612500,0.500000,0.538750,0.525000,0.000000,0.000000,0.000000,0.000000,0.000000,0.000000,0.000000,0.000000,4.215e-16,5.395e-16
fresh:35,fresh,1/3/10/30/100,1,,0.990000,0.990000,0.982500,0.982500,0.841250,0.841250,0.862500,0.862500,0.862500,0.862500,0.875000,0.875000,0.141250,0.141250,0.148750,0.148750,0.150000,0.150000,0.160000,0.160000,0.990000,0.990000,0.982500,0.982500,0.862500,0.862500,0.862500,0.862500,0.875000,0.875000,0.141250,0.141250,0.148750,0.148750,0.150000,0.150000,0.160000,0.160000,1.902e+00,8.128e-16
fresh:36,fresh,1/3/10/30/100,1,,0.977500,0.977500,0.975000,0.975000,0.860000,0.860000,0.865000,0.865000,0.857500,0.857500,0.942500,0.942500,0.115000,0.115000,0.117500,0.117500,0.130000,0.130000,0.132500,0.132500,0.977500,0.977500,0.975000,0.975000,0.865000,0.865000,0.857500,0.857500,0.942500,0.942500,0.115000,0.115000,0.117500,0.117500,0.130000,0.130000,0.132500,0.132500,1.792e+00,9.331e-16
fresh:37,fresh,1/3/10/30/100,100,,0.970000,0.970000,0.975000,0.975000,0.805000,0.805000,0.832500,0.832500,0.835000,0.833750,0.842500,0.842500,0.170000,0.170000,0.165000,0.165000,0.167500,0.167500,0.157500,0.160000,0.808750,0.808750,0.807500,0.807500,0.292500,0.500000,0.642500,0.500000,0.455000,0.525000,0.002500,0.002500,0.003750,0.003750,0.000000,0.000000,-0.001250,0.000000,8.778e-16,7.898e-16
fresh:38,fresh,1/3/10/30/100,100,,0.922500,0.922500,0.922500,0.922500,0.742500,0.742500,0.845000,0.845000,0.840000,0.840000,0.855000,0.855000,0.180000,0.180000,0.180000,0.180000,0.177500,0.177500,0.182500,0.182500,0.750000,0.750000,0.747500,0.747500,0.546250,0.500000,0.493750,0.500000,0.623750,0.575000,0.005000,0.005000,0.007500,0.007500,0.000000,0.000000,0.000000,0.000000,2.997e-16,7.880e-16
fresh:39,fresh,1/3/10/30/100,1,,0.967500,0.967500,0.967500,0.967500,0.762500,0.762500,0.907500,0.907500,0.902500,0.905000,0.910000,0.910000,0.205000,0.205000,0.205000,0.205000,0.202500,0.202500,0.200000,0.200000,0.967500,0.967500,0.967500,0.967500,0.907500,0.907500,0.902500,0.905000,0.910000,0.910000,0.205000,0.205000,0.205000,0.205000,0.202500,0.202500,0.200000,0.200000,2.000e+00,9.882e-16
fresh:40,fresh,1/3/10/30/100,100,,0.897500,0.897500,0.902500,0.902500,0.700000,0.700000,0.865000,0.865000,0.865000,0.865000,0.885000,0.885000,0.202500,0.202500,0.197500,0.197500,0.227500,0.227500,0.220000,0.220000,0.696250,0.696250,0.681250,0.681250,0.742500,0.500000,0.597500,0.500000,0.531250,0.575000,-0.018750,-0.018750,-0.003750,-0.003750,0.000000,0.000000,0.000000,0.000000,1.331e-16,7.284e-16
fresh:41,fresh,1/3/10/30/100,1,,0.977500,0.977500,0.977500,0.977500,0.777500,0.777500,0.927500,0.927500,0.930000,0.930000,0.950000,0.950000,0.200000,0.200000,0.200000,0.200000,0.217500,0.217500,0.212500,0.212500,0.977500,0.977500,0.977500,0.977500,0.927500,0.927500,0.930000,0.930000,0.950000,0.950000,0.200000,0.200000,0.200000,0.200000,0.217500,0.217500,0.212500,0.212500,1.900e+00,8.754e-16
fresh:42,fresh,1/3/10/30/100,1,,0.995000,0.995000,0.995000,0.995000,0.710000,0.710000,0.945000,0.945000,0.943750,0.943750,0.945000,0.945000,0.285000,0.285000,0.285000,0.285000,0.275000,0.275000,0.267500,0.267500,0.995000,0.995000,0.995000,0.995000,0.945000,0.945000,0.943750,0.943750,0.945000,0.945000,0.285000,0.285000,0.285000,0.285000,0.275000,0.275000,0.267500,0.267500,1.744e+00,8.996e-16
fresh:43,fresh,1/3/10/30/100,100,,0.943750,0.943750,0.947500,0.947500,0.852500,0.852500,0.797500,0.797500,0.781250,0.778750,0.835000,0.835000,0.095000,0.095000,0.091250,0.091250,0.097500,0.097500,0.093750,0.093750,0.842500,0.842500,0.845000,0.845000,0.648750,0.500000,0.595000,0.500000,0.612500,0.525000,-0.007500,-0.007500,-0.010000,-0.010000,0.000000,0.000000,0.000000,0.000000,3.556e-16,8.517e-16
fresh:44,fresh,1/3/10/30/100,1,,0.992500,0.992500,0.990000,0.990000,0.777500,0.777500,0.935000,0.935000,0.935000,0.935000,0.937500,0.937500,0.212500,0.212500,0.215000,0.215000,0.220000,0.220000,0.225000,0.225000,0.992500,0.992500,0.990000,0.990000,0.935000,0.935000,0.935000,0.935000,0.937500,0.937500,0.212500,0.212500,0.215000,0.215000,0.220000,0.220000,0.225000,0.225000,1.889e+00,7.847e-16
fresh:45,fresh,1/3/10/30/100,1,,0.985000,0.985000,0.977500,0.977500,0.870000,0.870000,0.827500,0.827500,0.820000,0.821250,0.895000,0.895000,0.107500,0.107500,0.115000,0.115000,0.115000,0.115000,0.120000,0.120000,0.985000,0.985000,0.977500,0.977500,0.827500,0.827500,0.820000,0.821250,0.895000,0.895000,0.107500,0.107500,0.115000,0.115000,0.115000,0.115000,0.120000,0.120000,1.659e+00,1.270e-15
fresh:46,fresh,1/3/10/30/100,1,,0.962500,0.962500,0.965000,0.965000,0.705000,0.705000,0.920000,0.920000,0.917500,0.917500,0.917500,0.917500,0.260000,0.260000,0.257500,0.257500,0.260000,0.260000,0.262500,0.262500,0.962500,0.962500,0.965000,0.965000,0.920000,0.920000,0.917500,0.917500,0.917500,0.917500,0.260000,0.260000,0.257500,0.257500,0.260000,0.260000,0.262500,0.262500,1.919e+00,6.486e-16
fresh:47,fresh,1/3/10/30/100,100,,0.950000,0.950000,0.945000,0.945000,0.810000,0.810000,0.825000,0.825000,0.825000,0.825000,0.862500,0.862500,0.135000,0.135000,0.140000,0.140000,0.150000,0.150000,0.152500,0.152500,0.810000,0.810000,0.805000,0.805000,0.365000,0.500000,0.522500,0.500000,0.537500,0.625000,-0.005000,-0.005000,0.000000,0.000000,0.000000,0.000000,0.000000,0.000000,2.550e-16,8.758e-16
fresh:48,fresh,1/3/10/30/100,100,,0.977500,0.977500,0.980000,0.980000,0.837500,0.837500,0.820000,0.820000,0.825000,0.825000,0.845000,0.845000,0.142500,0.142500,0.140000,0.140000,0.165000,0.165000,0.147500,0.147500,0.822500,0.822500,0.822500,0.822500,0.642500,0.500000,0.458750,0.500000,0.592500,0.625000,-0.015000,-0.015000,-0.015000,-0.015000,0.000000,0.000000,0.000000,0.000000,4.441e-16,1.349e-15
fresh:49,fresh,1/3/10/30/100,100,,0.987500,0.987500,0.990000,0.990000,0.872500,0.872500,0.825000,0.825000,0.822500,0.822500,0.872500,0.872500,0.117500,0.117500,0.115000,0.115000,0.112500,0.112500,0.110000,0.110000,0.882500,0.882500,0.875000,0.875000,0.567500,0.500000,0.613750,0.500000,0.535000,0.575000,0.002500,0.002500,0.010000,0.010000,0.000000,0.000000,-0.001250,0.000000,5.109e-16,7.062e-16
fresh:50,fresh,1/3/10/30/100,100,,0.932500,0.932500,0.927500,0.927500,0.755000,0.755000,0.805000,0.805000,0.810000,0.806250,0.812500,0.812500,0.172500,0.172500,0.177500,0.177500,0.172500,0.172500,0.180000,0.180000,0.755000,0.755000,0.755000,0.755000,0.570000,0.500000,0.590000,0.500000,0.493750,0.525000,0.000000,0.000000,0.000000,0.000000,0.000000,0.000000,0.000000,0.000000,3.999e-16,5.556e-16
fresh:51,fresh,1/3/10/30/100,1,,0.977500,0.977500,0.977500,0.977500,0.802500,0.802500,0.855000,0.855000,0.865000,0.872500,0.872500,0.872500,0.175000,0.175000,0.175000,0.175000,0.160000,0.160000,0.175000,0.175000,0.977500,0.977500,0.977500,0.977500,0.855000,0.855000,0.865000,0.872500,0.872500,0.872500,0.175000,0.175000,0.175000,0.175000,0.160000,0.160000,0.175000,0.175000,1.817e+00,1.046e-15
fresh:52,fresh,1/3/10/30/100,100,,0.952500,0.952500,0.952500,0.952500,0.798750,0.798750,0.847500,0.847500,0.850000,0.850000,0.902500,0.902500,0.153750,0.153750,0.153750,0.153750,0.155000,0.155000,0.165000,0.165000,0.787500,0.787500,0.792500,0.792500,0.436250,0.500000,0.420000,0.500000,0.602500,0.625000,-0.006250,-0.006250,-0.011250,-0.011250,0.000000,0.000000,0.000000,0.000000,4.215e-16,1.700e-15
fresh:53,fresh,1/3/10/30/100,100,,0.917500,0.917500,0.917500,0.917500,0.760000,0.760000,0.830000,0.830000,0.822500,0.822500,0.825000,0.825000,0.157500,0.157500,0.157500,0.157500,0.157500,0.157500,0.160000,0.160000,0.756250,0.756250,0.756250,0.756250,0.413750,0.500000,0.582500,0.500000,0.380000,0.525000,-0.003750,-0.003750,-0.003750,-0.003750,0.000000,0.000000,0.000000,0.000000,2.220e-16,9.602e-16
fresh:54,fresh,1/3/10/30/100,100,,0.920000,0.920000,0.925000,0.925000,0.727500,0.727500,0.845000,0.845000,0.850000,0.845000,0.855000,0.855000,0.197500,0.197500,0.192500,0.192500,0.200000,0.200000,0.187500,0.187500,0.727500,0.727500,0.726250,0.727500,0.313750,0.500000,0.375000,0.500000,0.550000,0.575000,-0.001250,0.000000,0.000000,0.000000,-0.002500,0.000000,0.000000,0.000000,3.773e-16,6.746e-16
fresh:55,fresh,1/3/10/30/100,100,,0.967500,0.967500,0.965000,0.965000,0.820000,0.815000,0.830000,0.830000,0.822500,0.827500,0.910000,0.910000,0.145000,0.150000,0.147500,0.152500,0.177500,0.177500,0.172500,0.172500,0.805000,0.805000,0.802500,0.805000,0.426250,0.500000,0.318750,0.500000,0.703750,0.675000,-0.017500,-0.010000,-0.015000,-0.010000,-0.003750,0.000000,0.000000,0.000000,5.551e-16,9.341e-16
fresh:56,fresh,1/3/10/30/100,1,,0.957500,0.957500,0.957500,0.957500,0.880000,0.880000,0.850000,0.850000,0.850000,0.850000,0.870000,0.870000,0.077500,0.077500,0.077500,0.077500,0.070000,0.070000,0.075000,0.075000,0.957500,0.957500,0.957500,0.957500,0.850000,0.850000,0.850000,0.850000,0.870000,0.870000,0.077500,0.077500,0.077500,0.077500,0.070000,0.070000,0.075000,0.075000,1.374e+00,9.854e-16
fresh:57,fresh,1/3/10/30/100,1,,0.942500,0.942500,0.940000,0.940000,0.680000,0.680000,0.907500,0.907500,0.907500,0.908750,0.920000,0.920000,0.260000,0.260000,0.262500,0.262500,0.285000,0.285000,0.270000,0.270000,0.942500,0.942500,0.940000,0.940000,0.907500,0.907500,0.907500,0.908750,0.920000,0.920000,0.260000,0.260000,0.262500,0.262500,0.285000,0.285000,0.270000,0.270000,1.849e+00,4.557e-16
fresh:58,fresh,1/3/10/30/100,100,,0.936250,0.936250,0.937500,0.937500,0.722500,0.722500,0.847500,0.847500,0.845000,0.843750,0.840000,0.840000,0.215000,0.215000,0.213750,0.213750,0.210000,0.210000,0.208750,0.208750,0.730000,0.730000,0.730000,0.730000,0.435000,0.500000,0.558750,0.500000,0.528750,0.525000,0.007500,0.007500,0.007500,0.007500,0.000000,0.000000,0.000000,0.000000,2.665e-16,8.838e-16
fresh:59,fresh,1/3/10/30/100,100,,0.925000,0.925000,0.922500,0.922500,0.710000,0.710000,0.842500,0.842500,0.852500,0.853750,0.862500,0.862500,0.212500,0.212500,0.215000,0.215000,0.217500,0.217500,0.217500,0.217500,0.705000,0.705000,0.705000,0.707500,0.415000,0.500000,0.388750,0.500000,0.558750,0.575000,-0.005000,-0.002500,-0.005000,-0.005000,-0.005000,0.000000,0.000000,0.000000,3.443e-16,5.919e-16
fresh:60,fresh,1/3/10/30/100,1,,0.972500,0.972500,0.970000,0.970000,0.783750,0.783750,0.870000,0.870000,0.863750,0.867500,0.867500,0.867500,0.186250,0.186250,0.188750,0.188750,0.180000,0.180000,0.187500,0.187500,0.972500,0.972500,0.970000,0.970000,0.870000,0.870000,0.863750,0.867500,0.867500,0.867500,0.186250,0.186250,0.188750,0.188750,0.180000,0.180000,0.187500,0.187500,1.589e+00,1.092e-15
fresh:61,fresh,1/3/10/30/100,100,,0.910000,0.910000,0.910000,0.910000,0.680000,0.680000,0.867500,0.867500,0.867500,0.867500,0.877500,0.877500,0.230000,0.230000,0.230000,0.230000,0.222500,0.222500,0.227500,0.226250,0.678750,0.678750,0.678750,0.678750,0.678750,0.500000,0.413750,0.500000,0.553750,0.525000,-0.001250,-0.001250,-0.001250,-0.001250,0.000000,0.000000,0.000000,0.000000,4.025e-16,8.362e-16
fresh:62,fresh,1/3/10/30/100,1,,0.987500,0.987500,0.982500,0.982500,0.875000,0.875000,0.827500,0.827500,0.832500,0.832500,0.852500,0.852500,0.107500,0.107500,0.112500,0.112500,0.110000,0.110000,0.115000,0.115000,0.987500,0.987500,0.982500,0.982500,0.827500,0.827500,0.832500,0.832500,0.852500,0.852500,0.107500,0.107500,0.112500,0.112500,0.110000,0.110000,0.115000,0.115000,1.340e+00,7.837e-16
fresh:63,fresh,1/3/10/30/100,1,,0.990000,0.990000,0.987500,0.987500,0.825000,0.825000,0.875000,0.875000,0.872500,0.872500,0.875000,0.875000,0.162500,0.162500,0.165000,0.165000,0.180000,0.180000,0.170000,0.170000,0.990000,0.990000,0.987500,0.987500,0.875000,0.875000,0.872500,0.872500,0.875000,0.875000,0.162500,0.162500,0.165000,0.165000,0.180000,0.180000,0.170000,0.170000,1.770e+00,6.898e-16
fresh:64,fresh,1/3/10/30/100,1,,0.990000,0.990000,0.990000,0.990000,0.760000,0.760000,0.897500,0.897500,0.897500,0.897500,0.925000,0.925000,0.230000,0.230000,0.230000,0.230000,0.220000,0.220000,0.222500,0.222500,0.990000,0.990000,0.990000,0.990000,0.897500,0.897500,0.897500,0.897500,0.925000,0.925000,0.230000,0.230000,0.230000,0.230000,0.220000,0.220000,0.222500,0.222500,1.864e+00,1.626e-15
fresh:65,fresh,1/3/10/30/100,1,,0.990000,0.990000,0.987500,0.987500,0.731250,0.731250,0.930000,0.930000,0.930000,0.928750,0.930000,0.930000,0.256250,0.256250,0.258750,0.258750,0.277500,0.277500,0.275000,0.275000,0.990000,0.990000,0.987500,0.987500,0.930000,0.930000,0.930000,0.928750,0.930000,0.930000,0.256250,0.256250,0.258750,0.258750,0.277500,0.277500,0.275000,0.275000,1.701e+00,1.034e-15
fresh:66,fresh,1/3/10/30/100,1,,0.955000,0.955000,0.945000,0.945000,0.728750,0.728750,0.902500,0.902500,0.905000,0.905000,0.910000,0.910000,0.216250,0.216250,0.226250,0.226250,0.197500,0.197500,0.210000,0.210000,0.955000,0.955000,0.945000,0.945000,0.902500,0.902500,0.905000,0.905000,0.910000,0.910000,0.216250,0.216250,0.226250,0.226250,0.197500,0.197500,0.210000,0.210000,2.143e+00,9.191e-16
fresh:67,fresh,1/3/10/30/100,100,,0.940000,0.940000,0.935000,0.935000,0.717500,0.717500,0.860000,0.860000,0.857500,0.857500,0.867500,0.867500,0.217500,0.217500,0.222500,0.222500,0.220000,0.220000,0.227500,0.227500,0.717500,0.717500,0.712500,0.712500,0.590000,0.500000,0.512500,0.500000,0.671250,0.575000,-0.005000,-0.005000,0.000000,0.000000,0.000000,0.000000,0.000000,0.000000,2.550e-16,9.110e-16
fresh:68,fresh,1/3/10/30/100,100,,0.990000,0.990000,0.987500,0.987500,0.955000,0.955000,0.760000,0.760000,0.755000,0.755000,0.810000,0.810000,0.032500,0.032500,0.035000,0.035000,0.037500,0.037500,0.042500,0.042500,0.955000,0.955000,0.957500,0.957500,0.441250,0.500000,0.478750,0.500000,0.540000,0.525000,0.002500,0.002500,0.000000,0.000000,0.000000,0.000000,0.000000,0.000000,2.914e-16,6.827e-16
fresh:69,fresh,1/3/10/30/100,100,,0.927500,0.927500,0.927500,0.927500,0.815000,0.815000,0.787500,0.787500,0.782500,0.780000,0.820000,0.820000,0.112500,0.112500,0.112500,0.112500,0.112500,0.112500,0.105000,0.105000,0.820000,0.820000,0.812500,0.812500,0.503750,0.500000,0.517500,0.500000,0.583750,0.575000,-0.002500,-0.002500,0.005000,0.005000,0.000000,0.000000,0.000000,0.000000,4.441e-16,8.808e-16
fresh:70,fresh,1/3/10/30/100,100,,0.967500,0.967500,0.962500,0.962500,0.827500,0.827500,0.827500,0.827500,0.822500,0.822500,0.865000,0.865000,0.135000,0.135000,0.140000,0.140000,0.140000,0.140000,0.125000,0.127500,0.840000,0.840000,0.825000,0.825000,0.470000,0.500000,0.521250,0.500000,0.552500,0.625000,-0.002500,-0.002500,0.012500,0.012500,0.000000,0.000000,0.000000,0.000000,4.220e-16,8.069e-16
fresh:71,fresh,1/3/10/30/100,100,,0.972500,0.972500,0.975000,0.975000,0.895000,0.895000,0.812500,0.812500,0.811250,0.811250,0.865000,0.865000,0.080000,0.080000,0.077500,0.077500,0.080000,0.080000,0.075000,0.075000,0.892500,0.892500,0.885000,0.885000,0.400000,0.500000,0.612500,0.500000,0.523750,0.575000,-0.010000,-0.010000,-0.002500,-0.002500,0.000000,0.000000,0.000000,0.000000,4.662e-16,6.854e-16
fresh:72,fresh,1/3/10/30/100,100,,0.972500,0.972500,0.970000,0.970000,0.795000,0.795000,0.870000,0.870000,0.870000,0.870000,0.875000,0.875000,0.175000,0.175000,0.177500,0.177500,0.175000,0.175000,0.186250,0.187500,0.797500,0.797500,0.797500,0.797500,0.510000,0.500000,0.548750,0.500000,0.591250,0.525000,0.002500,0.002500,0.002500,0.002500,0.000000,0.000000,0.000000,0.000000,2.220e-16,7.875e-16
fresh:73,fresh,1/3/10/30/100,100,,0.915000,0.915000,0.915000,0.915000,0.730000,0.730000,0.855000,0.855000,0.855000,0.855000,0.855000,0.855000,0.185000,0.185000,0.185000,0.185000,0.182500,0.182500,0.182500,0.182500,0.730000,0.730000,0.730000,0.730000,0.575000,0.500000,0.478750,0.500000,0.606250,0.525000,0.000000,0.000000,0.000000,0.000000,0.000000,0.000000,0.000000,0.000000,3.331e-16,1.518e-15
fresh:74,fresh,1/3/10/30/100,100,,0.933750,0.933750,0.940000,0.940000,0.765000,0.765000,0.817500,0.817500,0.817500,0.817500,0.840000,0.840000,0.175000,0.175000,0.168750,0.168750,0.175000,0.175000,0.168750,0.168750,0.767500,0.767500,0.767500,0.767500,0.513750,0.500000,0.547500,0.500000,0.448750,0.525000,0.002500,0.002500,0.002500,0.002500,0.000000,0.000000,0.000000,0.000000,2.888e-16,6.669e-16
fresh:75,fresh,1/3/10/30/100,100,,0.942500,0.942500,0.937500,0.937500,0.826250,0.826250,0.795000,0.795000,0.822500,0.823750,0.845000,0.845000,0.111250,0.111250,0.116250,0.116250,0.142500,0.142500,0.150000,0.150000,0.815000,0.815000,0.815000,0.815000,0.650000,0.500000,0.555000,0.500000,0.640000,0.625000,-0.011250,-0.011250,-0.011250,-0.011250,0.000000,0.000000,0.000000,0.000000,3.053e-16,6.637e-16
fresh:76,fresh,1/3/10/30/100,100,,0.967500,0.967500,0.965000,0.965000,0.900000,0.900000,0.775000,0.775000,0.775000,0.775000,0.835000,0.835000,0.065000,0.065000,0.067500,0.067500,0.067500,0.067500,0.070000,0.070000,0.900000,0.900000,0.900000,0.900000,0.675000,0.500000,0.527500,0.500000,0.488750,0.575000,0.000000,0.000000,0.000000,0.000000,0.000000,0.000000,0.000000,0.000000,3.539e-16,1.282e-15
fresh:77,fresh,1/3/10/30/100,1,,0.960000,0.960000,0.955000,0.955000,0.771250,0.771250,0.872500,0.872500,0.872500,0.872500,0.867500,0.867500,0.183750,0.183750,0.188750,0.188750,0.195000,0.195000,0.210000,0.210000,0.960000,0.960000,0.955000,0.955000,0.872500,0.872500,0.872500,0.872500,0.867500,0.867500,0.183750,0.183750,0.188750,0.188750,0.195000,0.195000,0.210000,0.210000,1.522e+00,8.304e-16
fresh:78,fresh,1/3/10/30/100,100,,0.962500,0.962500,0.962500,0.962500,0.745000,0.745000,0.882500,0.882500,0.872500,0.872500,0.900000,0.900000,0.217500,0.217500,0.217500,0.217500,0.220000,0.220000,0.210000,0.210000,0.750000,0.750000,0.750000,0.750000,0.407500,0.500000,0.642500,0.500000,0.452500,0.525000,0.005000,0.005000,0.005000,0.005000,0.000000,0.000000,0.000000,0.000000,3.166e-16,4.785e-16
fresh:79,fresh,1/3/10/30/100,100,,0.957500,0.957500,0.957500,0.957500,0.850000,0.850000,0.822500,0.822500,0.822500,0.822500,0.930000,0.930000,0.107500,0.107500,0.107500,0.107500,0.117500,0.117500,0.115000,0.115000,0.842500,0.842500,0.837500,0.837500,0.366250,0.500000,0.531250,0.500000,0.577500,0.675000,-0.012500,-0.012500,-0.007500,-0.007500,0.000000,0.000000,0.000000,0.000000,4.233e-16,8.344e-16
fresh:80,fresh,1/3/10/30/100,100,,0.947500,0.947500,0.950000,0.950000,0.820000,0.820000,0.797500,0.797500,0.797500,0.795000,0.830000,0.830000,0.130000,0.130000,0.127500,0.127500,0.130000,0.130000,0.125000,0.125000,0.817500,0.817500,0.815000,0.815000,0.451250,0.500000,0.458750,0.500000,0.505000,0.575000,-0.005000,-0.005000,-0.002500,-0.002500,0.000000,0.000000,0.000000,0.000000,3.773e-16,8.015e-16
fresh:81,fresh,1/3/10/30/100,1,,1.000000,1.000000,1.000000,1.000000,0.881250,0.881250,0.842500,0.842500,0.846250,0.842500,0.870000,0.870000,0.118750,0.118750,0.118750,0.118750,0.130000,0.130000,0.122500,0.122500,1.000000,1.000000,1.000000,1.000000,0.842500,0.842500,0.846250,0.842500,0.870000,0.870000,0.118750,0.118750,0.118750,0.118750,0.130000,0.130000,0.122500,0.122500,1.347e+00,1.579e-15
fresh:82,fresh,1/3/10/30/100,100,,0.987500,0.987500,0.987500,0.987500,0.820000,0.820000,0.835000,0.835000,0.847500,0.850000,0.845000,0.845000,0.167500,0.167500,0.167500,0.167500,0.170000,0.170000,0.172500,0.172500,0.820000,0.820000,0.820000,0.820000,0.457500,0.500000,0.476250,0.500000,0.490000,0.525000,0.000000,0.000000,0.000000,0.000000,0.000000,0.000000,0.000000,0.000000,3.996e-16,7.372e-16
fresh:83,fresh,1/3/10/30/100,100,,0.955000,0.955000,0.952500,0.952500,0.807500,0.807500,0.817500,0.817500,0.817500,0.815000,0.815000,0.815000,0.145000,0.145000,0.147500,0.147500,0.140000,0.140000,0.140000,0.140000,0.807500,0.807500,0.807500,0.807500,0.435000,0.500000,0.425000,0.500000,0.428750,0.525000,0.000000,0.000000,0.000000,0.000000,0.000000,0.000000,0.000000,0.000000,4.961e-16,6.892e-16
fresh:84,fresh,1/3/10/30/100,100,,0.952500,0.952500,0.950000,0.950000,0.782500,0.782500,0.867500,0.867500,0.862500,0.862500,0.882500,0.882500,0.167500,0.167500,0.170000,0.170000,0.167500,0.167500,0.170000,0.170000,0.780000,0.780000,0.782500,0.782500,0.666250,0.500000,0.530000,0.500000,0.563750,0.575000,0.000000,0.000000,-0.002500,-0.002500,0.000000,0.000000,0.000000,0.000000,2.888e-16,1.017e-15
fresh:85,fresh,1/3/10/30/100,100,,0.935000,0.935000,0.932500,0.932500,0.810000,0.810000,0.792500,0.792500,0.792500,0.792500,0.805000,0.805000,0.122500,0.122500,0.125000,0.125000,0.125000,0.125000,0.127500,0.127500,0.807500,0.807500,0.807500,0.807500,0.405000,0.500000,0.657500,0.500000,0.585000,0.525000,-0.002500,-0.002500,-0.002500,-0.002500,0.000000,0.000000,0.000000,0.000000,5.107e-16,9.480e-16
fresh:86,fresh,1/3/10/30/100,1,,0.987500,0.987500,0.990000,0.990000,0.852500,0.852500,0.820000,0.820000,0.820000,0.820000,0.835000,0.835000,0.137500,0.137500,0.135000,0.135000,0.132500,0.132500,0.132500,0.132500,0.987500,0.987500,0.990000,0.990000,0.820000,0.820000,0.820000,0.820000,0.835000,0.835000,0.137500,0.137500,0.135000,0.135000,0.132500,0.132500,0.132500,0.132500,1.439e+00,9.643e-16
fresh:87,fresh,1/3/10/30/100,1,,0.987500,0.987500,0.987500,0.987500,0.750000,0.750000,0.940000,0.940000,0.940000,0.940000,0.937500,0.937500,0.237500,0.237500,0.237500,0.237500,0.230000,0.230000,0.222500,0.222500,0.987500,0.987500,0.987500,0.987500,0.940000,0.940000,0.940000,0.940000,0.937500,0.937500,0.237500,0.237500,0.237500,0.237500,0.230000,0.230000,0.222500,0.222500,1.979e+00,1.148e-15
fresh:88,fresh,1/3/10/30/100,100,,0.965000,0.965000,0.962500,0.962500,0.852500,0.852500,0.812500,0.812500,0.810000,0.812500,0.855000,0.855000,0.110000,0.110000,0.112500,0.112500,0.115000,0.115000,0.115000,0.115000,0.845000,0.845000,0.845000,0.845000,0.582500,0.500000,0.491250,0.500000,0.675000,0.625000,-0.007500,-0.007500,-0.007500,-0.007500,0.000000,0.000000,0.000000,0.000000,3.105e-16,7.396e-16
fresh:89,fresh,1/3/10/30/100,1,,0.982500,0.982500,0.980000,0.980000,0.852500,0.852500,0.822500,0.822500,0.820000,0.821250,0.855000,0.855000,0.127500,0.127500,0.130000,0.130000,0.122500,0.122500,0.130000,0.130000,0.982500,0.982500,0.980000,0.980000,0.822500,0.822500,0.820000,0.821250,0.855000,0.855000,0.127500,0.127500,0.130000,0.130000,0.122500,0.122500,0.130000,0.130000,1.310e+00,1.104e-15
fresh:90,fresh,1/3/10/30/100,100,,0.975000,0.975000,0.977500,0.977500,0.845000,0.845000,0.842500,0.842500,0.841250,0.840000,0.842500,0.842500,0.132500,0.132500,0.130000,0.130000,0.147500,0.147500,0.137500,0.137500,0.837500,0.837500,0.843750,0.843750,0.595000,0.500000,0.638750,0.500000,0.712500,0.575000,-0.001250,-0.001250,-0.007500,-0.007500,0.000000,0.000000,0.001250,0.000000,2.550e-16,9.237e-16
fresh:91,fresh,1/3/10/30/100,100,,0.968750,0.968750,0.970000,0.970000,0.855000,0.855000,0.812500,0.812500,0.792500,0.810000,0.820000,0.820000,0.115000,0.115000,0.113750,0.113750,0.115000,0.115000,0.112500,0.113750,0.855000,0.855000,0.855000,0.855000,0.571250,0.500000,0.627500,0.500000,0.583750,0.525000,0.000000,0.000000,0.000000,0.000000,0.000000,0.000000,0.000000,0.000000,4.441e-16,6.593e-16
fresh:92,fresh,1/3/10/30/100,1,,0.982500,0.982500,0.980000,0.980000,0.737500,0.737500,0.927500,0.927500,0.925000,0.925000,0.957500,0.957500,0.242500,0.242500,0.245000,0.245000,0.267500,0.267500,0.267500,0.267500,0.982500,0.982500,0.980000,0.980000,0.927500,0.927500,0.925000,0.925000,0.957500,0.957500,0.242500,0.242500,0.245000,0.245000,0.267500,0.267500,0.267500,0.267500,2.053e+00,1.898e-15
fresh:93,fresh,1/3/10/30/100,100,,0.975000,0.975000,0.962500,0.962500,0.872500,0.872500,0.787500,0.787500,0.787500,0.787500,0.827500,0.827500,0.090000,0.090000,0.102500,0.102500,0.100000,0.100000,0.105000,0.105000,0.871250,0.871250,0.872500,0.872500,0.482500,0.500000,0.371250,0.500000,0.527500,0.575000,0.000000,0.000000,-0.001250,-0.001250,0.000000,0.000000,-0.003750,0.000000,4.215e-16,8.566e-16
fresh:94,fresh,1/3/10/30/100,100,,0.942500,0.942500,0.945000,0.945000,0.760000,0.760000,0.862500,0.862500,0.862500,0.862500,0.857500,0.857500,0.185000,0.185000,0.182500,0.182500,0.180000,0.180000,0.172500,0.172500,0.761250,0.761250,0.761250,0.761250,0.435000,0.500000,0.431250,0.500000,0.477500,0.525000,0.001250,0.001250,0.001250,0.001250,0.000000,0.000000,0.000000,0.000000,3.105e-16,8.459e-16
fresh:95,fresh,1/3/10/30/100,100,,1.000000,1.000000,1.000000,1.000000,0.916250,0.916250,0.825000,0.825000,0.800000,0.816250,0.830000,0.830000,0.083750,0.083750,0.083750,0.083750,0.100000,0.100000,0.090000,0.090000,0.910000,0.910000,0.910000,0.910000,0.460000,0.500000,0.458750,0.500000,0.557500,0.575000,-0.006250,-0.006250,-0.006250,-0.006250,0.000000,0.000000,0.000000,0.000000,6.436e-16,9.604e-16
fresh:96,fresh,1/3/10/30/100,100,,0.927500,0.927500,0.925000,0.925000,0.717500,0.717500,0.840000,0.840000,0.840000,0.840000,0.862500,0.862500,0.207500,0.207500,0.210000,0.210000,0.205000,0.205000,0.205000,0.205000,0.721250,0.721250,0.711250,0.711250,0.470000,0.500000,0.511250,0.500000,0.532500,0.575000,-0.006250,-0.006250,0.003750,0.003750,0.000000,0.000000,0.000000,0.000000,2.888e-16,9.378e-16
fresh:97,fresh,1/3/10/30/100,100,,0.992500,0.992500,0.995000,0.995000,0.900000,0.900000,0.812500,0.812500,0.810000,0.812500,0.827500,0.827500,0.095000,0.095000,0.092500,0.092500,0.095000,0.095000,0.092500,0.092500,0.900000,0.900000,0.900000,0.900000,0.428750,0.500000,0.420000,0.500000,0.427500,0.525000,0.000000,0.000000,0.000000,0.000000,0.000000,0.000000,0.002500,0.000000,3.665e-16,9.444e-16
fresh:98,fresh,1/3/10/30/100,100,,0.917500,0.917500,0.915000,0.915000,0.721250,0.710000,0.857500,0.857500,0.852500,0.852500,0.870000,0.870000,0.193750,0.205000,0.196250,0.207500,0.202500,0.202500,0.202500,0.202500,0.715000,0.715000,0.716250,0.715000,0.616250,0.500000,0.452500,0.500000,0.592500,0.525000,-0.005000,0.005000,-0.006250,0.005000,0.007500,0.000000,0.000000,0.000000,3.608e-16,6.809e-16
fresh:99,fresh,1/3/10/30/100,100,,0.915000,0.915000,0.915000,0.915000,0.717500,0.717500,0.837500,0.837500,0.837500,0.838750,0.877500,0.877500,0.197500,0.197500,0.197500,0.197500,0.185000,0.185000,0.185000,0.185000,0.728750,0.728750,0.728750,0.728750,0.480000,0.500000,0.442500,0.500000,0.618750,0.625000,0.011250,0.011250,0.011250,0.011250,0.000000,0.000000,0.000000,0.000000,4.883e-16,7.089e-16
fresh:100,fresh,1/3/10/30/100,100,,0.942500,0.942500,0.942500,0.942500,0.781250,0.781250,0.857500,0.857500,0.857500,0.857500,0.870000,0.870000,0.161250,0.161250,0.161250,0.161250,0.167500,0.167500,0.170000,0.170000,0.775000,0.775000,0.767500,0.767500,0.498750,0.500000,0.507500,0.500000,0.467500,0.575000,-0.013750,-0.013750,-0.006250,-0.006250,0.000000,0.000000,0.000000,0.000000,3.997e-16,8.796e-16
fresh:101,fresh,1/3/10/30/100,1,,0.950000,0.950000,0.952500,0.952500,0.747500,0.747500,0.882500,0.882500,0.882500,0.882500,0.892500,0.892500,0.205000,0.205000,0.202500,0.202500,0.207500,0.207500,0.207500,0.207500,0.950000,0.950000,0.952500,0.952500,0.882500,0.882500,0.882500,0.882500,0.892500,0.892500,0.205000,0.205000,0.202500,0.202500,0.207500,0.207500,0.207500,0.207500,1.606e+00,8.275e-16
fresh:102,fresh,1/3/10/30/100,100,,0.955000,0.955000,0.947500,0.947500,0.700000,0.700000,0.875000,0.875000,0.875000,0.873750,0.880000,0.880000,0.247500,0.247500,0.255000,0.255000,0.250000,0.250000,0.260000,0.260000,0.698750,0.698750,0.698750,0.698750,0.451250,0.500000,0.365000,0.500000,0.490000,0.525000,-0.001250,-0.001250,-0.001250,-0.001250,0.000000,0.000000,0.000000,0.000000,3.999e-16,7.660e-16
fresh:103,fresh,1/3/10/30/100,1,,0.982500,0.982500,0.977500,0.977500,0.752500,0.752500,0.897500,0.897500,0.897500,0.897500,0.897500,0.897500,0.225000,0.225000,0.230000,0.230000,0.242500,0.242500,0.242500,0.242500,0.982500,0.982500,0.977500,0.977500,0.897500,0.897500,0.897500,0.897500,0.897500,0.897500,0.225000,0.225000,0.230000,0.230000,0.242500,0.242500,0.242500,0.242500,1.455e+00,8.573e-16
fresh:104,fresh,1/3/10/30/100,100,,0.932500,0.932500,0.935000,0.935000,0.795000,0.795000,0.830000,0.830000,0.827500,0.827500,0.830000,0.830000,0.140000,0.140000,0.137500,0.137500,0.150000,0.150000,0.147500,0.147500,0.785000,0.785000,0.785000,0.785000,0.361250,0.500000,0.310000,0.500000,0.542500,0.525000,-0.010000,-0.010000,-0.010000,-0.010000,0.000000,0.000000,0.000000,0.000000,2.609e-16,7.355e-16
fresh:105,fresh,1/3/10/30/100,1,,0.990000,0.990000,0.992500,0.992500,0.882500,0.882500,0.842500,0.842500,0.850000,0.850000,0.862500,0.862500,0.110000,0.110000,0.107500,0.107500,0.107500,0.107500,0.102500,0.102500,0.990000,0.990000,0.992500,0.992500,0.842500,0.842500,0.850000,0.850000,0.862500,0.862500,0.110000,0.110000,0.107500,0.107500,0.107500,0.107500,0.102500,0.102500,1.537e+00,1.229e-15
fresh:106,fresh,1/3/10/30/100,1,,0.987500,0.987500,0.987500,0.987500,0.805000,0.805000,0.897500,0.897500,0.885000,0.890000,0.895000,0.895000,0.182500,0.182500,0.182500,0.182500,0.182500,0.182500,0.183750,0.185000,0.987500,0.987500,0.987500,0.987500,0.897500,0.897500,0.885000,0.890000,0.895000,0.895000,0.182500,0.182500,0.182500,0.182500,0.182500,0.182500,0.183750,0.185000,1.766e+00,9.302e-16
fresh:107,fresh,1/3/10/30/100,1,,0.985000,0.985000,0.985000,0.985000,0.895000,0.895000,0.847500,0.847500,0.850000,0.845000,0.892500,0.892500,0.090000,0.090000,0.090000,0.090000,0.090000,0.090000,0.092500,0.092500,0.985000,0.985000,0.985000,0.985000,0.847500,0.847500,0.850000,0.845000,0.892500,0.892500,0.090000,0.090000,0.090000,0.090000,0.090000,0.090000,0.092500,0.092500,1.348e+00,7.750e-16
fresh:108,fresh,1/3/10/30/100,1,,0.950000,0.950000,0.947500,0.947500,0.710000,0.710000,0.902500,0.902500,0.905000,0.905000,0.910000,0.910000,0.237500,0.237500,0.240000,0.240000,0.247500,0.247500,0.245000,0.245000,0.950000,0.950000,0.947500,0.947500,0.902500,0.902500,0.905000,0.905000,0.910000,0.910000,0.237500,0.237500,0.240000,0.240000,0.247500,0.247500,0.245000,0.245000,1.749e+00,9.414e-16
fresh:109,fresh,1/3/10/30/100,100,,0.950000,0.950000,0.947500,0.947500,0.737500,0.737500,0.867500,0.867500,0.865000,0.865000,0.892500,0.892500,0.210000,0.210000,0.212500,0.212500,0.205000,0.205000,0.212500,0.212500,0.740000,0.740000,0.740000,0.740000,0.523750,0.500000,0.620000,0.500000,0.498750,0.525000,0.002500,0.002500,0.002500,0.002500,0.000000,0.000000,0.000000,0.000000,2.886e-16,9.876e-16
fresh:110,fresh,1/3/10/30/100,100,,0.942500,0.942500,0.945000,0.945000,0.770000,0.770000,0.842500,0.842500,0.842500,0.843750,0.910000,0.910000,0.175000,0.175000,0.172500,0.172500,0.192500,0.192500,0.182500,0.182500,0.757500,0.757500,0.752500,0.752500,0.617500,0.500000,0.228750,0.500000,0.637500,0.625000,-0.017500,-0.017500,-0.012500,-0.012500,0.000000,0.000000,0.000000,0.000000,1.995e-16,7.090e-16
fresh:111,fresh,1/3/10/30/100,100,,0.955000,0.955000,0.950000,0.950000,0.865000,0.865000,0.787500,0.787500,0.785000,0.783750,0.852500,0.852500,0.085000,0.085000,0.090000,0.090000,0.095000,0.095000,0.097500,0.097500,0.865000,0.865000,0.857500,0.857500,0.355000,0.500000,0.406250,0.500000,0.691250,0.625000,-0.007500,-0.007500,0.000000,0.000000,0.000000,0.000000,0.000000,0.000000,4.094e-16,7.658e-16
fresh:112,fresh,1/3/10/30/100,100,,0.933750,0.933750,0.930000,0.930000,0.797500,0.797500,0.817500,0.817500,0.812500,0.812500,0.877500,0.877500,0.132500,0.132500,0.136250,0.136250,0.135000,0.135000,0.141250,0.141250,0.795000,0.795000,0.795000,0.795000,0.480000,0.500000,0.611250,0.500000,0.582500,0.625000,-0.002500,-0.002500,-0.002500,-0.002500,0.000000,0.000000,0.000000,0.000000,4.883e-16,8.455e-16
fresh:113,fresh,1/3/10/30/100,1,,0.997500,0.997500,0.997500,0.997500,0.940000,0.940000,0.777500,0.777500,0.782500,0.781250,0.785000,0.785000,0.057500,0.057500,0.057500,0.057500,0.060000,0.060000,0.060000,0.060000,0.997500,0.997500,0.997500,0.997500,0.777500,0.777500,0.782500,0.781250,0.785000,0.785000,0.057500,0.057500,0.057500,0.057500,0.060000,0.060000,0.060000,0.060000,1.079e+00,7.815e-16
fresh:114,fresh,1/3/10/30/100,100,,0.985000,0.985000,0.985000,0.985000,0.845000,0.845000,0.832500,0.832500,0.840000,0.840000,0.872500,0.872500,0.140000,0.140000,0.140000,0.140000,0.155000,0.155000,0.150000,0.150000,0.850000,0.850000,0.845000,0.845000,0.392500,0.500000,0.383750,0.500000,0.628750,0.625000,0.000000,0.000000,0.005000,0.005000,0.000000,0.000000,0.000000,0.000000,6.765e-16,4.604e-16
fresh:115,fresh,1/3/10/30/100,100,,0.920000,0.920000,0.922500,0.922500,0.830000,0.830000,0.787500,0.787500,0.796250,0.793750,0.845000,0.845000,0.092500,0.092500,0.090000,0.090000,0.110000,0.110000,0.102500,0.102500,0.820000,0.820000,0.820000,0.820000,0.383750,0.500000,0.611250,0.500000,0.585000,0.625000,-0.010000,-0.010000,-0.010000,-0.010000,0.000000,0.000000,0.000000,0.000000,2.446e-16,9.165e-16
fresh:116,fresh,1/3/10/30/100,100,,0.955000,0.955000,0.955000,0.955000,0.827500,0.827500,0.807500,0.807500,0.810000,0.810000,0.837500,0.837500,0.127500,0.127500,0.127500,0.127500,0.127500,0.127500,0.132500,0.132500,0.828750,0.828750,0.818750,0.818750,0.541250,0.500000,0.483750,0.500000,0.523750,0.575000,-0.008750,-0.008750,0.001250,0.001250,0.000000,0.000000,0.000000,0.000000,4.233e-16,7.752e-16
fresh:117,fresh,1/3/10/30/100,1,,0.950000,0.950000,0.945000,0.945000,0.782500,0.782500,0.865000,0.865000,0.860000,0.863750,0.887500,0.887500,0.162500,0.162500,0.167500,0.167500,0.157500,0.157500,0.170000,0.170000,0.950000,0.950000,0.945000,0.945000,0.865000,0.865000,0.860000,0.863750,0.887500,0.887500,0.162500,0.162500,0.167500,0.167500,0.157500,0.157500,0.170000,0.170000,1.747e+00,7.545e-16
fresh:118,fresh,1/3/10/30/100,100,,0.935000,0.935000,0.932500,0.932500,0.742500,0.742500,0.825000,0.825000,0.820000,0.823750,0.832500,0.832500,0.190000,0.190000,0.192500,0.192500,0.190000,0.190000,0.190000,0.190000,0.742500,0.742500,0.742500,0.742500,0.515000,0.500000,0.355000,0.500000,0.518750,0.525000,0.000000,0.000000,0.000000,0.000000,0.000000,0.000000,0.000000,0.000000,2.108e-16,6.348e-16
fresh:119,fresh,1/3/10/30/100,100,,0.925000,0.925000,0.930000,0.930000,0.805000,0.805000,0.812500,0.812500,0.812500,0.812500,0.845000,0.845000,0.125000,0.125000,0.120000,0.120000,0.130000,0.130000,0.127500,0.127500,0.805000,0.805000,0.805000,0.805000,0.377500,0.500000,0.528750,0.500000,0.456250,0.525000,0.000000,0.000000,0.000000,0.000000,0.000000,0.000000,0.000000,0.000000,5.330e-16,7.462e-16
fresh:120,fresh,1/3/10/30/100,100,,0.937500,0.937500,0.930000,0.930000,0.780000,0.775000,0.837500,0.837500,0.837500,0.837500,0.867500,0.867500,0.150000,0.155000,0.157500,0.162500,0.162500,0.162500,0.163750,0.165000,0.775000,0.775000,0.785000,0.780000,0.363750,0.500000,0.543750,0.500000,0.593750,0.575000,0.005000,0.005000,-0.005000,0.000000,0.007500,0.000000,0.000000,0.000000,3.556e-16,1.013e-15
fresh:121,fresh,1/3/10/30/100,100,,0.945000,0.945000,0.942500,0.942500,0.800000,0.800000,0.802500,0.802500,0.803750,0.800000,0.805000,0.805000,0.142500,0.142500,0.145000,0.145000,0.140000,0.140000,0.140000,0.145000,0.798750,0.798750,0.801250,0.801250,0.432500,0.500000,0.660000,0.500000,0.510000,0.525000,0.001250,0.001250,-0.001250,-0.001250,0.000000,0.000000,0.000000,0.000000,4.025e-16,7.833e-16
fresh:122,fresh,1/3/10/30/100,100,,0.942500,0.942500,0.922500,0.922500,0.825000,0.825000,0.762500,0.762500,0.772500,0.777500,0.862500,0.862500,0.097500,0.097500,0.117500,0.117500,0.107500,0.107500,0.122500,0.122500,0.832500,0.832500,0.817500,0.817500,0.252500,0.500000,0.281250,0.500000,0.605000,0.675000,-0.007500,-0.007500,0.007500,0.007500,0.000000,0.000000,0.000000,0.000000,4.441e-16,8.163e-16
fresh:123,fresh,1/3/10/30/100,100,,0.938750,0.938750,0.932500,0.932500,0.775000,0.775000,0.805000,0.805000,0.817500,0.811250,0.812500,0.812500,0.157500,0.157500,0.163750,0.163750,0.162500,0.162500,0.163750,0.163750,0.775000,0.775000,0.770000,0.770000,0.443750,0.500000,0.562500,0.500000,0.562500,0.575000,-0.005000,-0.005000,0.000000,0.000000,0.000000,0.000000,0.000000,0.000000,4.215e-16,8.587e-16
fresh:124,fresh,1/3/10/30/100,1,,0.995000,0.995000,0.992500,0.992500,0.722500,0.722500,0.930000,0.930000,0.930000,0.930000,0.945000,0.945000,0.270000,0.270000,0.272500,0.272500,0.272500,0.272500,0.270000,0.270000,0.995000,0.995000,0.992500,0.992500,0.930000,0.930000,0.930000,0.930000,0.945000,0.945000,0.270000,0.270000,0.272500,0.272500,0.272500,0.272500,0.270000,0.270000,2.008e+00,1.164e-15
fresh:125,fresh,1/3/10/30/100,100,,0.937500,0.937500,0.927500,0.927500,0.742500,0.742500,0.850000,0.850000,0.850000,0.848750,0.865000,0.865000,0.185000,0.185000,0.195000,0.195000,0.190000,0.190000,0.202500,0.202500,0.735000,0.735000,0.737500,0.737500,0.391250,0.500000,0.585000,0.500000,0.463750,0.575000,-0.005000,-0.005000,-0.007500,-0.007500,0.000000,0.000000,0.000000,0.000000,3.552e-16,6.632e-16
fresh:126,fresh,1/3/10/30/100,1,,0.997500,0.997500,0.995000,0.995000,0.928750,0.928750,0.792500,0.792500,0.790000,0.793750,0.857500,0.857500,0.066250,0.066250,0.068750,0.068750,0.075000,0.075000,0.077500,0.077500,0.997500,0.997500,0.995000,0.995000,0.792500,0.792500,0.790000,0.793750,0.857500,0.857500,0.066250,0.066250,0.068750,0.068750,0.075000,0.075000,0.077500,0.077500,1.197e+00,7.692e-16
fresh:127,fresh,1/3/10/30/100,100,,0.942500,0.942500,0.935000,0.935000,0.810000,0.810000,0.800000,0.800000,0.785000,0.798750,0.885000,0.885000,0.125000,0.125000,0.132500,0.132500,0.130000,0.130000,0.137500,0.137500,0.807500,0.807500,0.807500,0.807500,0.633750,0.500000,0.676250,0.500000,0.667500,0.625000,-0.002500,-0.002500,-0.002500,-0.002500,0.000000,0.000000,0.000000,0.000000,2.325e-16,5.022e-16
fresh:128,fresh,1/3/10/30/100,100,,0.925000,0.925000,0.925000,0.925000,0.825000,0.825000,0.790000,0.790000,0.785000,0.785000,0.862500,0.862500,0.100000,0.100000,0.100000,0.100000,0.092500,0.092500,0.092500,0.092500,0.825000,0.825000,0.825000,0.825000,0.500000,0.500000,0.500000,0.500000,0.775000,0.675000,0.000000,0.000000,0.000000,0.000000,0.000000,0.000000,0.000000,0.000000,2.255e-17,1.465e-15
fresh:129,fresh,1/3/10/30/100,100,,1.000000,1.000000,1.000000,1.000000,0.920000,0.920000,0.782500,0.782500,0.791250,0.786250,0.850000,0.850000,0.080000,0.080000,0.080000,0.080000,0.072500,0.072500,0.080000,0.080000,0.925000,0.925000,0.925000,0.925000,0.456250,0.500000,0.417500,0.500000,0.642500,0.575000,0.005000,0.005000,0.005000,0.005000,0.000000,0.000000,0.000000,0.000000,8.439e-16,9.942e-16
fresh:130,fresh,1/3/10/30/100,100,,0.957500,0.957500,0.947500,0.947500,0.846250,0.846250,0.830000,0.830000,0.827500,0.827500,0.862500,0.862500,0.101250,0.101250,0.111250,0.111250,0.112500,0.112500,0.117500,0.117500,0.842500,0.842500,0.842500,0.842500,0.653750,0.500000,0.661250,0.500000,0.713750,0.625000,-0.003750,-0.003750,-0.003750,-0.003750,0.000000,0.000000,0.000000,0.000000,5.551e-16,1.184e-15
fresh:131,fresh,1/3/10/30/100,100,,0.917500,0.917500,0.915000,0.915000,0.727500,0.727500,0.815000,0.815000,0.816250,0.813750,0.817500,0.817500,0.187500,0.187500,0.190000,0.190000,0.200000,0.200000,0.197500,0.197500,0.717500,0.717500,0.717500,0.717500,0.478750,0.500000,0.606250,0.500000,0.586250,0.525000,-0.010000,-0.010000,-0.010000,-0.010000,0.000000,0.000000,0.000000,0.000000,1.414e-16,6.117e-16
fresh:132,fresh,1/3/10/30/100,100,,0.936250,0.936250,0.935000,0.935000,0.820000,0.820000,0.855000,0.855000,0.865000,0.865000,0.910000,0.910000,0.115000,0.115000,0.116250,0.116250,0.135000,0.135000,0.126250,0.126250,0.816250,0.816250,0.816250,0.816250,0.352500,0.500000,0.581250,0.500000,0.655000,0.575000,-0.003750,-0.003750,-0.003750,-0.003750,0.000000,0.000000,0.000000,0.000000,2.194e-16,6.817e-16
fresh:133,fresh,1/3/10/30/100,1,,0.975000,0.975000,0.965000,0.965000,0.820000,0.820000,0.857500,0.857500,0.842500,0.842500,0.867500,0.867500,0.145000,0.145000,0.155000,0.155000,0.127500,0.127500,0.150000,0.150000,0.975000,0.975000,0.965000,0.965000,0.857500,0.857500,0.842500,0.842500,0.867500,0.867500,0.145000,0.145000,0.155000,0.155000,0.127500,0.127500,0.150000,0.150000,1.166e+00,6.625e-16
fresh:134,fresh,1/3/10/30/100,100,,0.950000,0.950000,0.950000,0.950000,0.767500,0.767500,0.872500,0.872500,0.872500,0.872500,0.880000,0.880000,0.182500,0.182500,0.182500,0.182500,0.182500,0.182500,0.182500,0.182500,0.767500,0.767500,0.767500,0.767500,0.628750,0.500000,0.481250,0.500000,0.557500,0.525000,0.000000,0.000000,0.000000,0.000000,0.000000,0.000000,0.000000,0.000000,2.272e-16,8.908e-16
fresh:135,fresh,1/3/10/30/100,100,,0.972500,0.972500,0.975000,0.975000,0.857500,0.857500,0.802500,0.802500,0.803750,0.802500,0.832500,0.832500,0.117500,0.117500,0.115000,0.115000,0.107500,0.107500,0.102500,0.102500,0.862500,0.862500,0.870000,0.870000,0.368750,0.500000,0.381250,0.500000,0.598750,0.575000,0.012500,0.012500,0.005000,0.005000,0.000000,0.000000,0.000000,0.000000,4.233e-16,8.671e-16
fresh:136,fresh,1/3/10/30/100,100,,0.927500,0.927500,0.925000,0.925000,0.750000,0.750000,0.850000,0.850000,0.850000,0.848750,0.845000,0.845000,0.175000,0.175000,0.177500,0.177500,0.197500,0.197500,0.190000,0.190000,0.731250,0.731250,0.718750,0.718750,0.522500,0.500000,0.542500,0.500000,0.625000,0.575000,-0.031250,-0.031250,-0.018750,-0.018750,0.000000,0.000000,0.000000,0.000000,2.446e-16,6.344e-16
fresh:137,fresh,1/3/10/30/100,1,,0.962500,0.962500,0.957500,0.957500,0.807500,0.807500,0.867500,0.867500,0.868750,0.866250,0.870000,0.870000,0.150000,0.150000,0.155000,0.155000,0.145000,0.145000,0.145000,0.145000,0.962500,0.962500,0.957500,0.957500,0.867500,0.867500,0.868750,0.866250,0.870000,0.870000,0.150000,0.150000,0.155000,0.155000,0.145000,0.145000,0.145000,0.145000,1.604e+00,9.791e-16
fresh:138,fresh,1/3/10/30/100,100,,0.915000,0.915000,0.920000,0.920000,0.760000,0.760000,0.770000,0.770000,0.782500,0.772500,0.820000,0.820000,0.160000,0.160000,0.155000,0.155000,0.165000,0.165000,0.155000,0.155000,0.770000,0.770000,0.755000,0.755000,0.393750,0.500000,0.480000,0.500000,0.505000,0.575000,-0.005000,-0.005000,0.010000,0.010000,0.000000,0.000000,0.000000,0.000000,3.660e-16,5.502e-16
fresh:139,fresh,1/3/10/30/100,100,,0.970000,0.970000,0.967500,0.967500,0.797500,0.797500,0.850000,0.850000,0.842500,0.842500,0.867500,0.867500,0.170000,0.170000,0.172500,0.172500,0.160000,0.160000,0.167500,0.167500,0.801250,0.801250,0.797500,0.797500,0.530000,0.500000,0.501250,0.500000,0.508750,0.575000,0.000000,0.000000,0.003750,0.003750,0.000000,0.000000,-0.001250,0.000000,4.441e-16,7.079e-16
fresh:140,fresh,1/3/10/30/100,100,,0.950000,0.950000,0.937500,0.937500,0.815000,0.815000,0.835000,0.835000,0.835000,0.835000,0.862500,0.862500,0.122500,0.122500,0.135000,0.135000,0.135000,0.135000,0.145000,0.145000,0.812500,0.812500,0.812500,0.812500,0.416250,0.500000,0.343750,0.500000,0.480000,0.525000,-0.002500,-0.002500,-0.002500,-0.002500,0.000000,0.000000,0.000000,0.000000,6.219e-16,5.828e-16
fresh:141,fresh,1/3/10/30/100,1,,1.000000,1.000000,1.000000,1.000000,0.910000,0.910000,0.827500,0.827500,0.821250,0.827500,0.867500,0.867500,0.090000,0.090000,0.090000,0.090000,0.095000,0.095000,0.090000,0.090000,1.000000,1.000000,1.000000,1.000000,0.827500,0.827500,0.821250,0.827500,0.867500,0.867500,0.090000,0.090000,0.090000,0.090000,0.095000,0.095000,0.090000,0.090000,1.234e+00,8.108e-16
fresh:142,fresh,1/3/10/30/100,100,,0.975000,0.975000,0.977500,0.977500,0.887500,0.887500,0.812500,0.812500,0.812500,0.812500,0.882500,0.882500,0.090000,0.090000,0.087500,0.087500,0.105000,0.105000,0.092500,0.092500,0.867500,0.867500,0.867500,0.867500,0.360000,0.500000,0.612500,0.500000,0.645000,0.625000,-0.020000,-0.020000,-0.020000,-0.020000,0.000000,0.000000,0.000000,0.000000,4.662e-16,5.444e-16
fresh:143,fresh,1/3/10/30/100,100,,1.000000,1.000000,1.000000,1.000000,0.840000,0.840000,0.835000,0.835000,0.840000,0.840000,0.847500,0.847500,0.160000,0.160000,0.160000,0.160000,0.165000,0.165000,0.165000,0.165000,0.835000,0.835000,0.835000,0.835000,0.640000,0.500000,0.580000,0.500000,0.488750,0.525000,-0.005000,-0.005000,-0.005000,-0.005000,0.000000,0.000000,0.000000,0.000000,3.105e-16,9.967e-16
fresh:144,fresh,1/3/10/30/100,1,,0.992500,0.992500,0.990000,0.990000,0.862500,0.862500,0.890000,0.890000,0.892500,0.892500,0.912500,0.912500,0.127500,0.127500,0.130000,0.130000,0.127500,0.127500,0.125000,0.125000,0.992500,0.992500,0.990000,0.990000,0.890000,0.890000,0.892500,0.892500,0.912500,0.912500,0.127500,0.127500,0.130000,0.130000,0.127500,0.127500,0.125000,0.125000,1.979e+00,1.186e-15
fresh:145,fresh,1/3/10/30/100,100,DECODER_SPLIT_AT_LC,0.960000,0.960000,0.955000,0.955000,0.910000,0.910000,0.772500,0.772500,0.770000,0.768750,0.905000,0.905000,0.045000,0.045000,0.050000,0.050000,0.062500,0.062500,0.072500,0.072500,0.901250,0.901250,0.886250,0.886250,0.518750,0.500000,0.413750,0.500000,0.823750,0.725000,-0.023750,-0.023750,-0.008750,-0.008750,0.000000,0.000000,0.000000,0.000000,7.321e-16,1.441e-15
fresh:146,fresh,1/3/10/30/100,100,,0.892500,0.892500,0.890000,0.890000,0.767500,0.767500,0.815000,0.815000,0.810000,0.808750,0.847500,0.847500,0.122500,0.122500,0.125000,0.125000,0.150000,0.150000,0.152500,0.152500,0.742500,0.742500,0.742500,0.742500,0.581250,0.500000,0.582500,0.500000,0.631250,0.625000,-0.025000,-0.025000,-0.025000,-0.025000,0.000000,0.000000,0.000000,0.000000,2.108e-16,7.196e-16
fresh:147,fresh,1/3/10/30/100,100,,0.965000,0.965000,0.967500,0.967500,0.820000,0.820000,0.802500,0.802500,0.807500,0.807500,0.832500,0.832500,0.147500,0.147500,0.145000,0.145000,0.157500,0.157500,0.152500,0.152500,0.817500,0.817500,0.821250,0.821250,0.535000,0.500000,0.523750,0.500000,0.472500,0.525000,0.001250,0.001250,-0.002500,-0.002500,0.000000,0.000000,0.001250,0.000000,3.521e-16,1.210e-15
fresh:148,fresh,1/3/10/30/100,1,,0.982500,0.982500,0.977500,0.977500,0.850000,0.850000,0.847500,0.847500,0.856250,0.853750,0.887500,0.887500,0.127500,0.127500,0.132500,0.132500,0.127500,0.127500,0.132500,0.132500,0.982500,0.982500,0.977500,0.977500,0.847500,0.847500,0.856250,0.853750,0.887500,0.887500,0.127500,0.127500,0.132500,0.132500,0.127500,0.127500,0.132500,0.132500,1.683e+00,7.557e-16
fresh:149,fresh,1/3/10/30/100,100,,0.965000,0.965000,0.957500,0.957500,0.835000,0.835000,0.820000,0.820000,0.823750,0.825000,0.857500,0.857500,0.122500,0.122500,0.130000,0.130000,0.122500,0.122500,0.132500,0.132500,0.835000,0.835000,0.832500,0.832500,0.516250,0.500000,0.462500,0.500000,0.635000,0.625000,-0.002500,-0.002500,0.000000,0.000000,0.000000,0.000000,0.000000,0.000000,5.100e-16,8.556e-16
fresh:150,fresh,1/3/10/30/100,100,,0.932500,0.932500,0.932500,0.932500,0.822500,0.822500,0.852500,0.852500,0.852500,0.850000,0.902500,0.902500,0.110000,0.110000,0.110000,0.110000,0.125000,0.125000,0.125000,0.125000,0.820000,0.820000,0.802500,0.802500,0.443750,0.500000,0.476250,0.500000,0.597500,0.575000,-0.020000,-0.020000,-0.002500,-0.002500,0.000000,0.000000,0.000000,0.000000,3.999e-16,1.051e-15
fresh:151,fresh,1/3/10/30/100,100,,0.887500,0.887500,0.880000,0.880000,0.782500,0.782500,0.780000,0.780000,0.792500,0.792500,0.847500,0.847500,0.097500,0.097500,0.105000,0.105000,0.100000,0.100000,0.107500,0.107500,0.777500,0.777500,0.777500,0.777500,0.620000,0.500000,0.492500,0.500000,0.536250,0.575000,-0.005000,-0.005000,-0.005000,-0.005000,0.000000,0.000000,0.000000,0.000000,3.773e-16,7.980e-16
fresh:152,fresh,1/3/10/30/100,1,,0.980000,0.980000,0.975000,0.975000,0.757500,0.757500,0.905000,0.905000,0.897500,0.896250,0.912500,0.912500,0.217500,0.217500,0.222500,0.222500,0.230000,0.230000,0.243750,0.245000,0.980000,0.980000,0.975000,0.975000,0.905000,0.905000,0.897500,0.896250,0.912500,0.912500,0.217500,0.217500,0.222500,0.222500,0.230000,0.230000,0.243750,0.245000,1.881e+00,9.629e-16
fresh:153,fresh,1/3/10/30/100,100,,0.947500,0.947500,0.942500,0.942500,0.847500,0.847500,0.787500,0.787500,0.795000,0.795000,0.842500,0.842500,0.095000,0.095000,0.100000,0.100000,0.105000,0.105000,0.112500,0.112500,0.836250,0.836250,0.836250,0.836250,0.557500,0.500000,0.646250,0.500000,0.595000,0.625000,-0.011250,-0.011250,-0.011250,-0.011250,0.000000,0.000000,0.000000,0.000000,3.886e-16,1.074e-15
fresh:154,fresh,1/3/10/30/100,100,,0.925000,0.925000,0.925000,0.925000,0.817500,0.817500,0.785000,0.785000,0.785000,0.785000,0.782500,0.782500,0.107500,0.107500,0.107500,0.107500,0.107500,0.107500,0.115000,0.115000,0.815000,0.815000,0.815000,0.815000,0.316250,0.500000,0.657500,0.500000,0.473750,0.525000,-0.002500,-0.002500,-0.002500,-0.002500,0.000000,0.000000,0.000000,0.000000,3.227e-16,8.180e-16
fresh:155,fresh,1/3/10/30/100,1,,1.000000,1.000000,1.000000,1.000000,0.872500,0.872500,0.880000,0.880000,0.880000,0.880000,0.872500,0.872500,0.127500,0.127500,0.127500,0.127500,0.127500,0.127500,0.117500,0.117500,1.000000,1.000000,1.000000,1.000000,0.880000,0.880000,0.880000,0.880000,0.872500,0.872500,0.127500,0.127500,0.127500,0.127500,0.127500,0.127500,0.117500,0.117500,1.705e+00,1.140e-15
fresh:156,fresh,1/3/10/30/100,1,,0.997500,0.997500,0.997500,0.997500,0.865000,0.865000,0.842500,0.842500,0.857500,0.857500,0.872500,0.872500,0.132500,0.132500,0.132500,0.132500,0.135000,0.135000,0.127500,0.127500,0.997500,0.997500,0.997500,0.997500,0.842500,0.842500,0.857500,0.857500,0.872500,0.872500,0.132500,0.132500,0.132500,0.132500,0.135000,0.135000,0.127500,0.127500,1.983e+00,1.759e-15
fresh:157,fresh,1/3/10/30/100,100,,0.967500,0.967500,0.970000,0.970000,0.820000,0.820000,0.792500,0.792500,0.786250,0.788750,0.825000,0.825000,0.150000,0.150000,0.147500,0.147500,0.142500,0.142500,0.145000,0.145000,0.827500,0.827500,0.826250,0.826250,0.503750,0.500000,0.586250,0.500000,0.531250,0.575000,0.006250,0.006250,0.007500,0.007500,0.000000,0.000000,0.001250,0.000000,4.996e-16,7.388e-16
fresh:158,fresh,1/3/10/30/100,1,,0.985000,0.985000,0.982500,0.982500,0.767500,0.767500,0.925000,0.925000,0.932500,0.932500,0.940000,0.940000,0.215000,0.215000,0.217500,0.217500,0.200000,0.200000,0.205000,0.207500,0.985000,0.985000,0.982500,0.982500,0.925000,0.925000,0.932500,0.932500,0.940000,0.940000,0.215000,0.215000,0.217500,0.217500,0.200000,0.200000,0.205000,0.207500,1.927e+00,1.232e-15
fresh:159,fresh,1/3/10/30/100,1,,0.932500,0.932500,0.935000,0.935000,0.700000,0.700000,0.875000,0.875000,0.867500,0.870000,0.882500,0.882500,0.235000,0.235000,0.232500,0.232500,0.237500,0.237500,0.227500,0.227500,0.932500,0.932500,0.935000,0.935000,0.875000,0.875000,0.867500,0.870000,0.882500,0.882500,0.235000,0.235000,0.232500,0.232500,0.237500,0.237500,0.227500,0.227500,1.432e+00,1.024e-15
fresh:160,fresh,1/3/10/30/100,1,,0.995000,0.995000,0.990000,0.990000,0.867500,0.867500,0.875000,0.875000,0.870000,0.870000,0.917500,0.917500,0.122500,0.122500,0.127500,0.127500,0.127500,0.127500,0.130000,0.130000,0.995000,0.995000,0.990000,0.990000,0.875000,0.875000,0.870000,0.870000,0.917500,0.917500,0.122500,0.122500,0.127500,0.127500,0.127500,0.127500,0.130000,0.130000,1.790e+00,8.433e-16
fresh:161,fresh,1/3/10/30/100,100,DECODER_SPLIT_AT_LC,0.987500,0.987500,0.985000,0.985000,0.892500,0.892500,0.787500,0.787500,0.787500,0.787500,0.840000,0.840000,0.092500,0.092500,0.095000,0.095000,0.090000,0.090000,0.095000,0.095000,0.901250,0.901250,0.892500,0.892500,0.427500,0.500000,0.570000,0.500000,0.467500,0.575000,0.000000,0.000000,0.008750,0.008750,0.000000,0.000000,0.001250,0.000000,4.107e-16,1.052e-15
fresh:162,fresh,1/3/10/30/100,1,,0.960000,0.960000,0.957500,0.957500,0.770000,0.770000,0.877500,0.877500,0.877500,0.877500,0.930000,0.930000,0.187500,0.187500,0.190000,0.190000,0.180000,0.180000,0.185000,0.185000,0.960000,0.960000,0.957500,0.957500,0.877500,0.877500,0.877500,0.877500,0.930000,0.930000,0.187500,0.187500,0.190000,0.190000,0.180000,0.180000,0.185000,0.185000,1.844e+00,8.007e-16
fresh:163,fresh,1/3/10/30/100,1,,0.972500,0.972500,0.975000,0.975000,0.847500,0.847500,0.890000,0.890000,0.890000,0.890000,0.947500,0.947500,0.127500,0.127500,0.125000,0.125000,0.135000,0.135000,0.132500,0.132500,0.972500,0.972500,0.975000,0.975000,0.890000,0.890000,0.890000,0.890000,0.947500,0.947500,0.127500,0.127500,0.125000,0.125000,0.135000,0.135000,0.132500,0.132500,2.156e+00,1.025e-15
fresh:164,fresh,1/3/10/30/100,100,,0.912500,0.912500,0.910000,0.910000,0.767500,0.767500,0.790000,0.790000,0.795000,0.795000,0.832500,0.832500,0.142500,0.142500,0.145000,0.145000,0.157500,0.157500,0.162500,0.162500,0.750000,0.750000,0.752500,0.752500,0.481250,0.500000,0.593750,0.500000,0.635000,0.575000,-0.015000,-0.015000,-0.017500,-0.017500,0.000000,0.000000,0.000000,0.000000,2.886e-16,8.310e-16
fresh:165,fresh,1/3/10/30/100,100,,0.910000,0.910000,0.902500,0.902500,0.747500,0.747500,0.842500,0.842500,0.842500,0.841250,0.857500,0.857500,0.155000,0.155000,0.162500,0.162500,0.150000,0.150000,0.157500,0.157500,0.750000,0.750000,0.750000,0.750000,0.542500,0.500000,0.560000,0.500000,0.567500,0.575000,0.002500,0.002500,0.002500,0.002500,0.000000,0.000000,0.000000,0.000000,2.108e-16,7.247e-16
fresh:166,fresh,1/3/10/30/100,100,,0.955000,0.955000,0.955000,0.955000,0.862500,0.862500,0.847500,0.847500,0.847500,0.845000,0.857500,0.857500,0.092500,0.092500,0.092500,0.092500,0.095000,0.095000,0.090000,0.090000,0.857500,0.857500,0.857500,0.857500,0.330000,0.500000,0.382500,0.500000,0.476250,0.525000,-0.005000,-0.005000,-0.005000,-0.005000,0.000000,0.000000,0.000000,0.000000,2.550e-16,7.122e-16
fresh:167,fresh,1/3/10/30/100,100,,0.917500,0.917500,0.915000,0.915000,0.715000,0.715000,0.880000,0.880000,0.877500,0.877500,0.917500,0.917500,0.200000,0.200000,0.202500,0.202500,0.182500,0.182500,0.187500,0.187500,0.717500,0.717500,0.717500,0.717500,0.515000,0.500000,0.472500,0.500000,0.517500,0.525000,0.002500,0.002500,0.002500,0.002500,0.000000,0.000000,0.000000,0.000000,2.663e-16,7.812e-16
fresh:168,fresh,1/3/10/30/100,100,,0.915000,0.915000,0.922500,0.922500,0.750000,0.750000,0.815000,0.815000,0.815000,0.813750,0.820000,0.820000,0.172500,0.172500,0.165000,0.165000,0.160000,0.160000,0.152500,0.152500,0.760000,0.760000,0.760000,0.760000,0.548750,0.500000,0.485000,0.500000,0.531250,0.525000,0.010000,0.010000,0.010000,0.010000,0.000000,0.000000,0.000000,0.000000,3.556e-16,7.999e-16
fresh:169,fresh,1/3/10/30/100,100,,0.970000,0.970000,0.970000,0.970000,0.840000,0.840000,0.865000,0.865000,0.867500,0.866250,0.905000,0.905000,0.130000,0.130000,0.130000,0.130000,0.127500,0.127500,0.135000,0.135000,0.840000,0.840000,0.835000,0.835000,0.600000,0.500000,0.510000,0.500000,0.468750,0.575000,-0.005000,-0.005000,0.000000,0.000000,0.000000,0.000000,-0.005000,0.000000,3.782e-16,9.162e-16
fresh:170,fresh,1/3/10/30/100,1,,0.932500,0.932500,0.937500,0.937500,0.820000,0.820000,0.837500,0.837500,0.837500,0.837500,0.842500,0.842500,0.117500,0.117500,0.112500,0.112500,0.130000,0.130000,0.122500,0.122500,0.932500,0.932500,0.937500,0.937500,0.837500,0.837500,0.837500,0.837500,0.842500,0.842500,0.117500,0.117500,0.112500,0.112500,0.130000,0.130000,0.122500,0.122500,1.164e+00,6.941e-16
fresh:171,fresh,1/3/10/30/100,100,,0.975000,0.975000,0.972500,0.972500,0.800000,0.800000,0.860000,0.860000,0.865000,0.865000,0.895000,0.895000,0.172500,0.172500,0.175000,0.175000,0.167500,0.167500,0.175000,0.175000,0.802500,0.802500,0.802500,0.802500,0.473750,0.500000,0.486250,0.500000,0.572500,0.575000,0.002500,0.002500,0.002500,0.002500,0.000000,0.000000,0.000000,0.000000,5.759e-16,1.420e-15
fresh:172,fresh,1/3/10/30/100,100,,0.927500,0.927500,0.915000,0.915000,0.720000,0.720000,0.835000,0.835000,0.825000,0.828750,0.877500,0.877500,0.195000,0.195000,0.207500,0.207500,0.207500,0.207500,0.212500,0.212500,0.720000,0.720000,0.712500,0.712500,0.622500,0.500000,0.431250,0.500000,0.612500,0.575000,-0.007500,-0.007500,0.000000,0.000000,0.000000,0.000000,0.000000,0.000000,3.773e-16,7.990e-16
fresh:173,fresh,1/3/10/30/100,1,,0.965000,0.965000,0.965000,0.965000,0.745000,0.745000,0.897500,0.897500,0.898750,0.897500,0.900000,0.900000,0.220000,0.220000,0.220000,0.220000,0.240000,0.240000,0.227500,0.227500,0.965000,0.965000,0.965000,0.965000,0.897500,0.897500,0.898750,0.897500,0.900000,0.900000,0.220000,0.220000,0.220000,0.220000,0.240000,0.240000,0.227500,0.227500,2.061e+00,8.908e-16
fresh:174,fresh,1/3/10/30/100,100,,0.982500,0.982500,0.970000,0.970000,0.805000,0.805000,0.802500,0.802500,0.805000,0.801250,0.862500,0.862500,0.165000,0.165000,0.177500,0.177500,0.165000,0.165000,0.167500,0.167500,0.815000,0.815000,0.815000,0.815000,0.388750,0.500000,0.711250,0.500000,0.547500,0.625000,0.010000,0.010000,0.010000,0.010000,0.000000,0.000000,0.000000,0.000000,3.556e-16,9.768e-16
fresh:175,fresh,1/3/10/30/100,100,,0.906250,0.906250,0.912500,0.912500,0.767500,0.767500,0.835000,0.835000,0.833750,0.832500,0.825000,0.825000,0.145000,0.145000,0.138750,0.138750,0.147500,0.147500,0.137500,0.138750,0.768750,0.768750,0.768750,0.768750,0.470000,0.500000,0.493750,0.500000,0.528750,0.525000,0.001250,0.001250,0.001250,0.001250,0.000000,0.000000,0.000000,0.000000,2.333e-16,9.261e-16
fresh:176,fresh,1/3/10/30/100,1,,0.995000,0.995000,0.992500,0.992500,0.825000,0.825000,0.887500,0.887500,0.892500,0.891250,0.940000,0.940000,0.167500,0.167500,0.170000,0.170000,0.162500,0.162500,0.165000,0.165000,0.995000,0.995000,0.992500,0.992500,0.887500,0.887500,0.892500,0.891250,0.940000,0.940000,0.167500,0.167500,0.170000,0.170000,0.162500,0.162500,0.165000,0.165000,1.753e+00,1.085e-15
fresh:177,fresh,1/3/10/30/100,100,,0.947500,0.947500,0.937500,0.937500,0.777500,0.777500,0.862500,0.862500,0.860000,0.860000,0.887500,0.887500,0.160000,0.160000,0.170000,0.170000,0.167500,0.167500,0.172500,0.172500,0.776250,0.776250,0.776250,0.776250,0.596250,0.500000,0.606250,0.500000,0.521250,0.525000,-0.001250,-0.001250,-0.001250,-0.001250,0.000000,0.000000,0.000000,0.000000,4.718e-16,1.087e-15
fresh:178,fresh,1/3/10/30/100,100,,0.945000,0.945000,0.935000,0.935000,0.760000,0.760000,0.835000,0.835000,0.837500,0.837500,0.835000,0.835000,0.175000,0.175000,0.185000,0.185000,0.180000,0.180000,0.187500,0.187500,0.755000,0.755000,0.765000,0.765000,0.673750,0.500000,0.652500,0.500000,0.530000,0.525000,0.005000,0.005000,-0.005000,-0.005000,0.000000,0.000000,0.000000,0.000000,3.773e-16,6.088e-16
fresh:179,fresh,1/3/10/30/100,100,,0.897500,0.897500,0.887500,0.887500,0.640000,0.640000,0.890000,0.890000,0.875000,0.875000,0.885000,0.885000,0.247500,0.247500,0.257500,0.257500,0.237500,0.237500,0.247500,0.247500,0.647500,0.647500,0.645000,0.645000,0.422500,0.500000,0.510000,0.500000,0.613750,0.575000,0.005000,0.005000,0.007500,0.007500,0.000000,0.000000,0.000000,0.000000,2.446e-16,9.187e-16
fresh:180,fresh,1/3/10/30/100,100,,0.952500,0.952500,0.947500,0.947500,0.770000,0.770000,0.840000,0.840000,0.837500,0.837500,0.870000,0.870000,0.177500,0.177500,0.182500,0.182500,0.170000,0.170000,0.185000,0.185000,0.771250,0.771250,0.781250,0.781250,0.342500,0.500000,0.396250,0.500000,0.506250,0.575000,0.011250,0.011250,0.001250,0.001250,0.000000,0.000000,0.000000,0.000000,3.123e-16,8.122e-16
fresh:181,fresh,1/3/10/30/100,1,,0.942500,0.942500,0.945000,0.945000,0.742500,0.742500,0.865000,0.865000,0.880000,0.871250,0.875000,0.875000,0.202500,0.202500,0.200000,0.200000,0.202500,0.202500,0.192500,0.192500,0.942500,0.942500,0.945000,0.945000,0.865000,0.865000,0.880000,0.871250,0.875000,0.875000,0.202500,0.202500,0.200000,0.200000,0.202500,0.202500,0.192500,0.192500,1.498e+00,7.227e-16
fresh:182,fresh,1/3/10/30/100,1,,0.985000,0.985000,0.985000,0.985000,0.787500,0.787500,0.940000,0.940000,0.935000,0.935000,0.925000,0.925000,0.197500,0.197500,0.197500,0.197500,0.175000,0.175000,0.187500,0.187500,0.985000,0.985000,0.985000,0.985000,0.940000,0.940000,0.935000,0.935000,0.925000,0.925000,0.197500,0.197500,0.197500,0.197500,0.175000,0.175000,0.187500,0.187500,1.849e+00,6.316e-16
fresh:183,fresh,1/3/10/30/100,100,,0.922500,0.922500,0.927500,0.927500,0.727500,0.727500,0.847500,0.847500,0.847500,0.847500,0.865000,0.865000,0.200000,0.200000,0.195000,0.195000,0.202500,0.202500,0.195000,0.195000,0.726250,0.726250,0.726250,0.726250,0.408750,0.500000,0.698750,0.500000,0.542500,0.525000,-0.001250,-0.001250,-0.001250,-0.001250,0.000000,0.000000,0.000000,0.000000,2.943e-16,6.869e-16
fresh:184,fresh,1/3/10/30/100,1,,0.950000,0.950000,0.945000,0.945000,0.737500,0.737500,0.867500,0.867500,0.870000,0.870000,0.880000,0.880000,0.207500,0.207500,0.212500,0.212500,0.197500,0.197500,0.205000,0.205000,0.950000,0.950000,0.945000,0.945000,0.867500,0.867500,0.870000,0.870000,0.880000,0.880000,0.207500,0.207500,0.212500,0.212500,0.197500,0.197500,0.205000,0.205000,1.669e+00,8.716e-16
fresh:185,fresh,1/3/10/30/100,1,,0.982500,0.982500,0.982500,0.982500,0.790000,0.790000,0.892500,0.892500,0.897500,0.897500,0.920000,0.920000,0.192500,0.192500,0.192500,0.192500,0.212500,0.212500,0.212500,0.212500,0.982500,0.982500,0.982500,0.982500,0.892500,0.892500,0.897500,0.897500,0.920000,0.920000,0.192500,0.192500,0.192500,0.192500,0.212500,0.212500,0.212500,0.212500,1.577e+00,1.038e-15
fresh:186,fresh,1/3/10/30/100,100,,0.915000,0.915000,0.920000,0.920000,0.796250,0.796250,0.807500,0.807500,0.807500,0.811250,0.812500,0.812500,0.123750,0.123750,0.118750,0.118750,0.137500,0.137500,0.125000,0.125000,0.793750,0.793750,0.793750,0.793750,0.445000,0.500000,0.537500,0.500000,0.498750,0.525000,-0.002500,-0.002500,-0.002500,-0.002500,0.000000,0.000000,0.000000,0.000000,3.996e-16,5.573e-16
fresh:187,fresh,1/3/10/30/100,100,,0.960000,0.960000,0.947500,0.947500,0.845000,0.845000,0.800000,0.800000,0.800000,0.800000,0.817500,0.817500,0.102500,0.102500,0.115000,0.115000,0.092500,0.092500,0.102500,0.102500,0.855000,0.855000,0.852500,0.852500,0.537500,0.500000,0.447500,0.500000,0.581250,0.575000,0.007500,0.007500,0.010000,0.010000,0.000000,0.000000,0.000000,0.000000,4.111e-16,7.738e-16
fresh:188,fresh,1/3/10/30/100,100,,0.960000,0.960000,0.957500,0.957500,0.797500,0.797500,0.847500,0.847500,0.852500,0.852500,0.875000,0.875000,0.160000,0.160000,0.162500,0.162500,0.152500,0.152500,0.152500,0.152500,0.800000,0.800000,0.800000,0.800000,0.475000,0.500000,0.456250,0.500000,0.548750,0.575000,0.002500,0.002500,0.002500,0.002500,0.000000,0.000000,0.000000,0.000000,6.210e-16,8.418e-16
fresh:189,fresh,1/3/10/30/100,100,,0.985000,0.985000,0.985000,0.985000,0.887500,0.887500,0.775000,0.775000,0.782500,0.787500,0.782500,0.782500,0.097500,0.097500,0.097500,0.097500,0.105000,0.105000,0.095000,0.095000,0.888750,0.888750,0.887500,0.887500,0.393750,0.500000,0.606250,0.500000,0.436250,0.525000,0.000000,0.000000,0.001250,0.001250,0.000000,0.000000,0.001250,0.000000,5.222e-16,9.464e-16
fresh:190,fresh,1/3/10/30/100,100,,0.965000,0.965000,0.965000,0.965000,0.877500,0.877500,0.807500,0.807500,0.807500,0.807500,0.825000,0.825000,0.087500,0.087500,0.087500,0.087500,0.085000,0.085000,0.085000,0.085000,0.876250,0.876250,0.876250,0.876250,0.662500,0.500000,0.493750,0.500000,0.597500,0.525000,-0.001250,-0.001250,-0.001250,-0.001250,0.000000,0.000000,0.000000,0.000000,5.857e-16,7.964e-16
fresh:191,fresh,1/3/10/30/100,1,,1.000000,1.000000,1.000000,1.000000,0.862500,0.862500,0.870000,0.870000,0.872500,0.871250,0.922500,0.922500,0.137500,0.137500,0.137500,0.137500,0.140000,0.140000,0.140000,0.140000,1.000000,1.000000,1.000000,1.000000,0.870000,0.870000,0.872500,0.871250,0.922500,0.922500,0.137500,0.137500,0.137500,0.137500,0.140000,0.140000,0.140000,0.140000,1.820e+00,1.113e-15
fresh:192,fresh,1/3/10/30/100,100,,0.971250,0.971250,0.965000,0.965000,0.905000,0.905000,0.745000,0.745000,0.747500,0.748750,0.792500,0.792500,0.060000,0.060000,0.066250,0.066250,0.062500,0.062500,0.063750,0.063750,0.903750,0.903750,0.906250,0.906250,0.623750,0.500000,0.282500,0.500000,0.525000,0.525000,0.001250,0.001250,-0.001250,-0.001250,0.000000,0.000000,0.002500,0.000000,4.666e-16,7.840e-16
fresh:193,fresh,1/3/10/30/100,100,,0.952500,0.952500,0.955000,0.955000,0.810000,0.810000,0.825000,0.825000,0.827500,0.827500,0.852500,0.852500,0.145000,0.145000,0.142500,0.142500,0.145000,0.145000,0.142500,0.142500,0.810000,0.810000,0.810000,0.810000,0.500000,0.500000,0.590000,0.500000,0.598750,0.575000,0.000000,0.000000,0.000000,0.000000,0.000000,0.000000,0.000000,0.000000,4.233e-16,8.535e-16
fresh:194,fresh,1/3/10/30/100,100,,0.967500,0.967500,0.960000,0.960000,0.873750,0.873750,0.777500,0.777500,0.780000,0.781250,0.847500,0.847500,0.086250,0.086250,0.093750,0.093750,0.095000,0.095000,0.092500,0.092500,0.875000,0.875000,0.865000,0.865000,0.463750,0.500000,0.420000,0.500000,0.620000,0.625000,-0.008750,-0.008750,0.001250,0.001250,0.000000,0.000000,0.000000,0.000000,4.163e-16,8.045e-16
fresh:195,fresh,1/3/10/30/100,1,,0.962500,0.962500,0.962500,0.962500,0.670000,0.670000,0.937500,0.937500,0.942500,0.938750,0.935000,0.935000,0.292500,0.292500,0.292500,0.292500,0.307500,0.307500,0.315000,0.315000,0.962500,0.962500,0.962500,0.962500,0.937500,0.937500,0.942500,0.938750,0.935000,0.935000,0.292500,0.292500,0.292500,0.292500,0.307500,0.307500,0.315000,0.315000,1.847e+00,7.359e-16
fresh:196,fresh,1/3/10/30/100,100,,0.960000,0.960000,0.955000,0.955000,0.785000,0.785000,0.835000,0.835000,0.832500,0.832500,0.857500,0.857500,0.170000,0.170000,0.175000,0.175000,0.170000,0.170000,0.172500,0.172500,0.785000,0.785000,0.780000,0.780000,0.568750,0.500000,0.562500,0.500000,0.483750,0.525000,-0.005000,-0.005000,0.000000,0.000000,0.000000,0.000000,0.000000,0.000000,3.443e-16,5.811e-16
fresh:197,fresh,1/3/10/30/100,100,,0.942500,0.942500,0.937500,0.937500,0.791250,0.791250,0.835000,0.835000,0.840000,0.838750,0.847500,0.847500,0.146250,0.146250,0.151250,0.151250,0.155000,0.155000,0.157500,0.157500,0.791250,0.791250,0.771250,0.771250,0.276250,0.500000,0.487500,0.500000,0.521250,0.575000,-0.020000,-0.020000,0.000000,0.000000,0.000000,0.000000,0.000000,0.000000,3.105e-16,6.519e-16
fresh:198,fresh,1/3/10/30/100,1,,0.972500,0.972500,0.972500,0.972500,0.730000,0.730000,0.905000,0.905000,0.905000,0.905000,0.907500,0.907500,0.242500,0.242500,0.242500,0.242500,0.242500,0.242500,0.240000,0.240000,0.972500,0.972500,0.972500,0.972500,0.905000,0.905000,0.905000,0.905000,0.907500,0.907500,0.242500,0.242500,0.242500,0.242500,0.242500,0.242500,0.240000,0.240000,1.760e+00,9.598e-16
fresh:199,fresh,1/3/10/30/100,100,,0.937500,0.937500,0.920000,0.920000,0.760000,0.760000,0.837500,0.837500,0.835000,0.836250,0.855000,0.855000,0.160000,0.160000,0.177500,0.177500,0.157500,0.157500,0.175000,0.175000,0.753750,0.753750,0.755000,0.755000,0.522500,0.500000,0.363750,0.500000,0.552500,0.525000,-0.005000,-0.005000,-0.006250,-0.006250,0.000000,0.000000,-0.001250,0.000000,2.276e-16,7.097e-16
fresh:200,fresh,1/3/10/30/100,1,,0.950000,0.950000,0.962500,0.962500,0.791250,0.791250,0.940000,0.940000,0.942500,0.942500,0.940000,0.940000,0.171250,0.171250,0.158750,0.158750,0.185000,0.185000,0.172500,0.172500,0.950000,0.950000,0.962500,0.962500,0.940000,0.940000,0.942500,0.942500,0.940000,0.940000,0.171250,0.171250,0.158750,0.158750,0.185000,0.185000,0.172500,0.172500,2.276e+00,1.438e-15
fresh:201,fresh,1/3/10/30/100,100,,0.967500,0.967500,0.962500,0.962500,0.852500,0.852500,0.840000,0.840000,0.840000,0.841250,0.887500,0.887500,0.110000,0.110000,0.115000,0.115000,0.122500,0.122500,0.132500,0.132500,0.843750,0.843750,0.843750,0.843750,0.596250,0.500000,0.602500,0.500000,0.681250,0.625000,-0.008750,-0.008750,-0.008750,-0.008750,0.000000,0.000000,0.000000,0.000000,2.880e-16,1.072e-15
fresh:202,fresh,1/3/10/30/100,100,,0.957500,0.957500,0.962500,0.962500,0.807500,0.807500,0.835000,0.835000,0.832500,0.833750,0.837500,0.837500,0.155000,0.155000,0.150000,0.150000,0.157500,0.157500,0.150000,0.150000,0.807500,0.807500,0.807500,0.807500,0.540000,0.500000,0.478750,0.500000,0.436250,0.525000,0.000000,0.000000,0.000000,0.000000,0.000000,0.000000,0.001250,0.000000,3.660e-16,7.679e-16
fresh:203,fresh,1/3/10/30/100,100,,0.970000,0.970000,0.972500,0.972500,0.815000,0.815000,0.835000,0.835000,0.835000,0.835000,0.857500,0.857500,0.157500,0.157500,0.155000,0.155000,0.157500,0.157500,0.155000,0.155000,0.807500,0.807500,0.817500,0.817500,0.518750,0.500000,0.485000,0.500000,0.616250,0.575000,0.002500,0.002500,-0.007500,-0.007500,0.000000,0.000000,0.000000,0.000000,4.215e-16,1.226e-15
fresh:204,fresh,1/3/10/30/100,1,,0.997500,0.997500,0.997500,0.997500,0.883750,0.883750,0.837500,0.837500,0.842500,0.842500,0.862500,0.862500,0.113750,0.113750,0.113750,0.113750,0.112500,0.112500,0.115000,0.115000,0.997500,0.997500,0.997500,0.997500,0.837500,0.837500,0.842500,0.842500,0.862500,0.862500,0.113750,0.113750,0.113750,0.113750,0.112500,0.112500,0.115000,0.115000,1.684e+00,9.833e-16
fresh:205,fresh,1/3/10/30/100,100,,1.000000,1.000000,1.000000,1.000000,0.930000,0.930000,0.797500,0.797500,0.792500,0.792500,0.807500,0.807500,0.070000,0.070000,0.070000,0.070000,0.070000,0.070000,0.065000,0.065000,0.933750,0.933750,0.930000,0.930000,0.460000,0.500000,0.585000,0.500000,0.616250,0.575000,0.000000,0.000000,0.003750,0.003750,0.000000,0.000000,0.001250,0.000000,2.220e-16,9.446e-16
fresh:206,fresh,1/3/10/30/100,1,,0.990000,0.990000,0.987500,0.987500,0.860000,0.860000,0.865000,0.865000,0.865000,0.865000,0.887500,0.887500,0.127500,0.127500,0.130000,0.130000,0.127500,0.127500,0.130000,0.130000,0.990000,0.990000,0.987500,0.987500,0.865000,0.865000,0.865000,0.865000,0.887500,0.887500,0.127500,0.127500,0.130000,0.130000,0.127500,0.127500,0.130000,0.130000,1.373e+00,7.199e-16
fresh:207,fresh,1/3/10/30/100,100,,0.940000,0.940000,0.942500,0.942500,0.810000,0.810000,0.767500,0.767500,0.762500,0.763750,0.775000,0.775000,0.132500,0.132500,0.130000,0.130000,0.142500,0.142500,0.145000,0.145000,0.808750,0.808750,0.808750,0.808750,0.352500,0.500000,0.571250,0.500000,0.511250,0.525000,-0.001250,-0.001250,-0.001250,-0.001250,0.000000,0.000000,0.000000,0.000000,3.660e-16,1.041e-15
fresh:208,fresh,1/3/10/30/100,1,,0.990000,0.990000,0.995000,0.995000,0.842500,0.842500,0.872500,0.872500,0.877500,0.877500,0.882500,0.882500,0.152500,0.152500,0.147500,0.147500,0.150000,0.150000,0.150000,0.147500,0.990000,0.990000,0.995000,0.995000,0.872500,0.872500,0.877500,0.877500,0.882500,0.882500,0.152500,0.152500,0.147500,0.147500,0.150000,0.150000,0.150000,0.147500,1.456e+00,1.059e-15
fresh:209,fresh,1/3/10/30/100,1,,1.000000,1.000000,0.990000,0.990000,0.855000,0.855000,0.845000,0.845000,0.847500,0.850000,0.902500,0.902500,0.135000,0.135000,0.145000,0.145000,0.142500,0.142500,0.142500,0.142500,1.000000,1.000000,0.990000,0.990000,0.845000,0.845000,0.847500,0.850000,0.902500,0.902500,0.135000,0.135000,0.145000,0.145000,0.142500,0.142500,0.142500,0.142500,1.515e+00,1.121e-15
fresh:210,fresh,1/3/10/30/100,100,,0.972500,0.972500,0.972500,0.972500,0.870000,0.870000,0.792500,0.792500,0.775000,0.775000,0.800000,0.800000,0.102500,0.102500,0.102500,0.102500,0.110000,0.110000,0.105000,0.105000,0.870000,0.870000,0.860000,0.860000,0.591250,0.500000,0.552500,0.500000,0.600000,0.575000,-0.010000,-0.010000,0.000000,0.000000,0.000000,0.000000,0.000000,0.000000,6.661e-16,5.410e-16
fresh:211,fresh,1/3/10/30/100,100,,0.962500,0.962500,0.955000,0.955000,0.830000,0.830000,0.825000,0.825000,0.830000,0.831250,0.847500,0.847500,0.125000,0.125000,0.132500,0.132500,0.132500,0.132500,0.137500,0.137500,0.823750,0.823750,0.830000,0.830000,0.537500,0.500000,0.526250,0.500000,0.567500,0.575000,0.000000,0.000000,-0.006250,-0.006250,0.000000,0.000000,-0.001250,0.000000,4.996e-16,1.108e-15
fresh:212,fresh,1/3/10/30/100,1,,0.950000,0.950000,0.955000,0.955000,0.790000,0.790000,0.872500,0.872500,0.877500,0.877500,0.905000,0.905000,0.165000,0.165000,0.160000,0.160000,0.180000,0.180000,0.170000,0.170000,0.950000,0.950000,0.955000,0.955000,0.872500,0.872500,0.877500,0.877500,0.905000,0.905000,0.165000,0.165000,0.160000,0.160000,0.180000,0.180000,0.170000,0.170000,1.947e+00,1.273e-15
fresh:213,fresh,1/3/10/30/100,100,,0.962500,0.962500,0.970000,0.970000,0.850000,0.850000,0.830000,0.830000,0.825000,0.821250,0.845000,0.845000,0.120000,0.120000,0.112500,0.112500,0.137500,0.137500,0.125000,0.125000,0.840000,0.840000,0.830000,0.830000,0.458750,0.500000,0.523750,0.500000,0.645000,0.625000,-0.020000,-0.020000,-0.010000,-0.010000,0.000000,0.000000,0.000000,0.000000,3.539e-16,1.034e-15
fresh:214,fresh,1/3/10/30/100,100,,1.000000,1.000000,1.000000,1.000000,0.867500,0.867500,0.820000,0.820000,0.820000,0.820000,0.842500,0.842500,0.132500,0.132500,0.132500,0.132500,0.132500,0.132500,0.132500,0.132500,0.867500,0.867500,0.867500,0.867500,0.592500,0.500000,0.438750,0.500000,0.535000,0.525000,0.000000,0.000000,0.000000,0.000000,0.000000,0.000000,-0.002500,0.000000,3.435e-16,7.270e-16
fresh:215,fresh,1/3/10/30/100,100,,0.928750,0.928750,0.930000,0.930000,0.680000,0.680000,0.855000,0.855000,0.860000,0.858750,0.865000,0.865000,0.250000,0.250000,0.248750,0.248750,0.260000,0.260000,0.246250,0.246250,0.673750,0.673750,0.673750,0.673750,0.471250,0.500000,0.477500,0.500000,0.546250,0.525000,-0.006250,-0.006250,-0.006250,-0.006250,0.000000,0.000000,0.000000,0.000000,2.359e-16,8.016e-16
fresh:216,fresh,1/3/10/30/100,1,,0.980000,0.980000,0.980000,0.980000,0.787500,0.787500,0.882500,0.882500,0.875000,0.875000,0.875000,0.875000,0.192500,0.192500,0.192500,0.192500,0.180000,0.180000,0.177500,0.177500,0.980000,0.980000,0.980000,0.980000,0.882500,0.882500,0.875000,0.875000,0.875000,0.875000,0.192500,0.192500,0.192500,0.192500,0.180000,0.180000,0.177500,0.177500,1.583e+00,6.782e-16
fresh:217,fresh,1/3/10/30/100,1,,0.985000,0.985000,0.982500,0.982500,0.847500,0.847500,0.927500,0.927500,0.927500,0.930000,0.940000,0.940000,0.135000,0.135000,0.137500,0.137500,0.132500,0.132500,0.135000,0.135000,0.985000,0.985000,0.982500,0.982500,0.927500,0.927500,0.927500,0.930000,0.940000,0.940000,0.135000,0.135000,0.137500,0.137500,0.132500,0.132500,0.135000,0.135000,2.075e+00,1.072e-15
fresh:218,fresh,1/3/10/30/100,1,,0.990000,0.990000,0.990000,0.990000,0.855000,0.855000,0.855000,0.855000,0.857500,0.856250,0.862500,0.862500,0.135000,0.135000,0.135000,0.135000,0.137500,0.137500,0.127500,0.127500,0.990000,0.990000,0.990000,0.990000,0.855000,0.855000,0.857500,0.856250,0.862500,0.862500,0.135000,0.135000,0.135000,0.135000,0.137500,0.137500,0.127500,0.127500,1.669e+00,8.526e-16
fresh:219,fresh,1/3/10/30/100,100,,0.915000,0.915000,0.910000,0.910000,0.660000,0.660000,0.870000,0.870000,0.870000,0.870000,0.900000,0.900000,0.250000,0.250000,0.255000,0.255000,0.250000,0.250000,0.252500,0.252500,0.662500,0.662500,0.662500,0.662500,0.492500,0.500000,0.830000,0.500000,0.620000,0.525000,0.002500,0.002500,0.002500,0.002500,0.000000,0.000000,0.000000,0.000000,2.442e-16,1.099e-15
fresh:220,fresh,1/3/10/30/100,1,,0.962500,0.962500,0.957500,0.957500,0.831250,0.831250,0.850000,0.850000,0.852500,0.851250,0.882500,0.882500,0.126250,0.126250,0.131250,0.131250,0.127500,0.127500,0.132500,0.132500,0.962500,0.962500,0.957500,0.957500,0.850000,0.850000,0.852500,0.851250,0.882500,0.882500,0.126250,0.126250,0.131250,0.131250,0.127500,0.127500,0.132500,0.132500,1.864e+00,8.221e-16
fresh:221,fresh,1/3/10/30/100,100,,0.975000,0.975000,0.962500,0.962500,0.820000,0.820000,0.845000,0.845000,0.842500,0.842500,0.857500,0.857500,0.142500,0.142500,0.155000,0.155000,0.152500,0.152500,0.165000,0.165000,0.815000,0.815000,0.815000,0.815000,0.357500,0.500000,0.487500,0.500000,0.526250,0.525000,-0.005000,-0.005000,-0.005000,-0.005000,0.000000,0.000000,0.000000,0.000000,5.187e-16,8.844e-16
fresh:222,fresh,1/3/10/30/100,100,,0.897500,0.897500,0.890000,0.890000,0.705000,0.705000,0.842500,0.842500,0.842500,0.842500,0.837500,0.837500,0.185000,0.185000,0.192500,0.192500,0.197500,0.197500,0.195000,0.195000,0.705000,0.705000,0.705000,0.705000,0.607500,0.500000,0.553750,0.500000,0.503750,0.525000,0.000000,0.000000,0.000000,0.000000,0.000000,0.000000,0.000000,0.000000,2.609e-16,4.654e-16
fresh:223,fresh,1/3/10/30/100,1,,0.970000,0.970000,0.967500,0.967500,0.750000,0.750000,0.917500,0.917500,0.917500,0.917500,0.932500,0.932500,0.217500,0.217500,0.220000,0.220000,0.202500,0.202500,0.207500,0.207500,0.970000,0.970000,0.967500,0.967500,0.917500,0.917500,0.917500,0.917500,0.932500,0.932500,0.217500,0.217500,0.220000,0.220000,0.202500,0.202500,0.207500,0.207500,2.206e+00,9.017e-16
fresh:224,fresh,1/3/10/30/100,100,,0.926250,0.926250,0.930000,0.930000,0.795000,0.795000,0.767500,0.767500,0.745000,0.743750,0.815000,0.815000,0.135000,0.135000,0.131250,0.131250,0.122500,0.122500,0.128750,0.128750,0.792500,0.792500,0.802500,0.802500,0.428750,0.500000,0.463750,0.500000,0.620000,0.575000,0.007500,0.007500,-0.002500,-0.002500,0.000000,0.000000,0.000000,0.000000,3.105e-16,6.136e-16
fresh:225,fresh,1/3/10/30/100,100,,0.960000,0.960000,0.955000,0.955000,0.815000,0.815000,0.815000,0.815000,0.795000,0.815000,0.822500,0.822500,0.140000,0.140000,0.145000,0.145000,0.140000,0.140000,0.142500,0.145000,0.820000,0.820000,0.820000,0.820000,0.466250,0.500000,0.476250,0.500000,0.666250,0.525000,0.005000,0.005000,0.005000,0.005000,0.000000,0.000000,0.000000,0.000000,2.442e-16,6.442e-16
fresh:226,fresh,1/3/10/30/100,100,,0.992500,0.992500,0.992500,0.992500,0.915000,0.915000,0.830000,0.830000,0.835000,0.827500,0.855000,0.855000,0.077500,0.077500,0.077500,0.077500,0.075000,0.075000,0.080000,0.080000,0.918750,0.918750,0.915000,0.915000,0.527500,0.500000,0.480000,0.500000,0.478750,0.525000,0.000000,0.000000,0.003750,0.003750,0.000000,0.000000,0.001250,0.000000,8.257e-16,7.694e-16
fresh:227,fresh,1/3/10/30/100,100,,0.962500,0.962500,0.960000,0.960000,0.830000,0.830000,0.865000,0.865000,0.865000,0.865000,0.880000,0.880000,0.130000,0.130000,0.132500,0.132500,0.135000,0.135000,0.127500,0.127500,0.835000,0.835000,0.820000,0.820000,0.590000,0.500000,0.627500,0.500000,0.636250,0.575000,-0.010000,-0.010000,0.005000,0.005000,0.000000,0.000000,0.000000,0.000000,3.552e-16,8.029e-16
fresh:228,fresh,1/3/10/30/100,100,,0.962500,0.962500,0.965000,0.965000,0.840000,0.840000,0.810000,0.810000,0.807500,0.807500,0.870000,0.870000,0.125000,0.125000,0.122500,0.122500,0.127500,0.127500,0.120000,0.120000,0.835000,0.835000,0.825000,0.825000,0.412500,0.500000,0.581250,0.500000,0.585000,0.625000,-0.015000,-0.015000,-0.005000,-0.005000,0.000000,0.000000,0.000000,0.000000,5.551e-16,8.321e-16
fresh:229,fresh,1/3/10/30/100,100,,0.865000,0.865000,0.870000,0.870000,0.700000,0.700000,0.817500,0.817500,0.815000,0.815000,0.820000,0.820000,0.170000,0.170000,0.165000,0.165000,0.182500,0.182500,0.172500,0.172500,0.701250,0.701250,0.696250,0.696250,0.352500,0.500000,0.605000,0.500000,0.563750,0.575000,-0.003750,-0.003750,0.001250,0.001250,0.000000,0.000000,0.000000,0.000000,1.444e-16,6.239e-16
fresh:230,fresh,1/3/10/30/100,100,,0.950000,0.950000,0.942500,0.942500,0.837500,0.837500,0.795000,0.795000,0.793750,0.793750,0.860000,0.860000,0.105000,0.105000,0.112500,0.112500,0.130000,0.130000,0.115000,0.112500,0.837500,0.837500,0.825000,0.825000,0.500000,0.500000,0.425000,0.500000,0.643750,0.625000,-0.012500,-0.012500,0.000000,0.000000,0.000000,0.000000,0.000000,0.000000,5.031e-17,8.811e-16
fresh:231,fresh,1/3/10/30/100,100,,0.940000,0.940000,0.940000,0.940000,0.800000,0.800000,0.827500,0.827500,0.835000,0.832500,0.870000,0.870000,0.140000,0.140000,0.140000,0.140000,0.152500,0.152500,0.157500,0.157500,0.791250,0.791250,0.791250,0.791250,0.488750,0.500000,0.455000,0.500000,0.686250,0.625000,-0.008750,-0.008750,-0.008750,-0.008750,0.000000,0.000000,0.000000,0.000000,3.109e-16,8.697e-16
fresh:232,fresh,1/3/10/30/100,100,,0.990000,0.990000,0.990000,0.990000,0.815000,0.815000,0.832500,0.832500,0.832500,0.832500,0.872500,0.872500,0.175000,0.175000,0.175000,0.175000,0.172500,0.172500,0.165000,0.165000,0.820000,0.820000,0.805000,0.805000,0.346250,0.500000,0.623750,0.500000,0.597500,0.575000,-0.010000,-0.010000,0.005000,0.005000,0.000000,0.000000,0.000000,0.000000,4.215e-16,1.127e-15
fresh:233,fresh,1/3/10/30/100,1,,0.915000,0.915000,0.915000,0.915000,0.687500,0.687500,0.887500,0.887500,0.882500,0.882500,0.887500,0.887500,0.227500,0.227500,0.227500,0.227500,0.237500,0.237500,0.240000,0.240000,0.915000,0.915000,0.915000,0.915000,0.887500,0.887500,0.882500,0.882500,0.887500,0.887500,0.227500,0.227500,0.227500,0.227500,0.237500,0.237500,0.240000,0.240000,1.748e+00,5.819e-16
fresh:234,fresh,1/3/10/30/100,100,,0.967500,0.967500,0.965000,0.965000,0.747500,0.747500,0.855000,0.855000,0.852500,0.852500,0.867500,0.867500,0.217500,0.217500,0.220000,0.220000,0.227500,0.227500,0.222500,0.222500,0.750000,0.750000,0.750000,0.750000,0.322500,0.500000,0.537500,0.500000,0.537500,0.525000,0.002500,0.002500,0.002500,0.002500,0.000000,0.000000,0.000000,0.000000,3.105e-16,8.535e-16
fresh:235,fresh,1/3/10/30/100,100,,0.975000,0.975000,0.972500,0.972500,0.920000,0.920000,0.747500,0.747500,0.747500,0.747500,0.800000,0.800000,0.052500,0.052500,0.055000,0.055000,0.065000,0.065000,0.065000,0.065000,0.912500,0.912500,0.910000,0.910000,0.550000,0.500000,0.548750,0.500000,0.720000,0.625000,-0.010000,-0.010000,-0.007500,-0.007500,0.000000,0.000000,0.000000,0.000000,6.245e-16,9.651e-16
fresh:236,fresh,1/3/10/30/100,100,,0.922500,0.922500,0.925000,0.925000,0.715000,0.715000,0.887500,0.887500,0.892500,0.892500,0.892500,0.892500,0.210000,0.210000,0.207500,0.207500,0.217500,0.217500,0.215000,0.215000,0.710000,0.710000,0.710000,0.710000,0.420000,0.500000,0.573750,0.500000,0.486250,0.525000,-0.005000,-0.005000,-0.005000,-0.005000,0.000000,0.000000,0.000000,0.000000,3.331e-16,6.788e-16
fresh:237,fresh,1/3/10/30/100,1,,1.000000,1.000000,1.000000,1.000000,0.822500,0.822500,0.882500,0.882500,0.875000,0.875000,0.882500,0.882500,0.177500,0.177500,0.177500,0.177500,0.172500,0.172500,0.177500,0.177500,1.000000,1.000000,1.000000,1.000000,0.882500,0.882500,0.875000,0.875000,0.882500,0.882500,0.177500,0.177500,0.177500,0.177500,0.172500,0.172500,0.177500,0.177500,1.365e+00,8.840e-16
fresh:238,fresh,1/3/10/30/100,100,,0.965000,0.965000,0.957500,0.957500,0.832500,0.832500,0.787500,0.787500,0.786250,0.787500,0.837500,0.837500,0.125000,0.125000,0.132500,0.132500,0.127500,0.127500,0.128750,0.127500,0.841250,0.841250,0.836250,0.836250,0.508750,0.500000,0.352500,0.500000,0.668750,0.625000,0.003750,0.003750,0.008750,0.008750,0.000000,0.000000,0.000000,0.000000,6.219e-16,1.022e-15
fresh:239,fresh,1/3/10/30/100,1,,0.992500,0.992500,0.990000,0.990000,0.955000,0.955000,0.785000,0.785000,0.770000,0.770000,0.892500,0.892500,0.035000,0.035000,0.037500,0.037500,0.060000,0.060000,0.062500,0.062500,0.992500,0.992500,0.990000,0.990000,0.785000,0.785000,0.770000,0.770000,0.892500,0.892500,0.035000,0.035000,0.037500,0.037500,0.060000,0.060000,0.062500,0.062500,1.138e+00,1.449e-15
fresh:240,fresh,1/3/10/30/100,1,,0.993750,0.993750,0.990000,0.990000,0.872500,0.872500,0.832500,0.832500,0.835000,0.832500,0.867500,0.867500,0.117500,0.117500,0.121250,0.121250,0.122500,0.122500,0.121250,0.121250,0.993750,0.993750,0.990000,0.990000,0.832500,0.832500,0.835000,0.832500,0.867500,0.867500,0.117500,0.117500,0.121250,0.121250,0.122500,0.122500,0.121250,0.121250,1.757e+00,8.430e-16
fresh:241,fresh,1/3/10/30/100,1,,0.982500,0.982500,0.985000,0.985000,0.740000,0.740000,0.897500,0.897500,0.902500,0.898750,0.920000,0.920000,0.245000,0.245000,0.242500,0.242500,0.217500,0.217500,0.225000,0.225000,0.982500,0.982500,0.985000,0.985000,0.897500,0.897500,0.902500,0.898750,0.920000,0.920000,0.245000,0.245000,0.242500,0.242500,0.217500,0.217500,0.225000,0.225000,1.764e+00,1.009e-15
fresh:242,fresh,1/3/10/30/100,1,,0.955000,0.955000,0.947500,0.947500,0.820000,0.820000,0.867500,0.867500,0.875000,0.875000,0.917500,0.917500,0.127500,0.127500,0.135000,0.135000,0.132500,0.132500,0.133750,0.135000,0.955000,0.955000,0.947500,0.947500,0.867500,0.867500,0.875000,0.875000,0.917500,0.917500,0.127500,0.127500,0.135000,0.135000,0.132500,0.132500,0.133750,0.135000,1.936e+00,1.035e-15
fresh:243,fresh,1/3/10/30/100,100,,0.940000,0.940000,0.942500,0.942500,0.712500,0.712500,0.882500,0.882500,0.887500,0.887500,0.887500,0.887500,0.230000,0.230000,0.227500,0.227500,0.230000,0.230000,0.227500,0.227500,0.711250,0.711250,0.711250,0.711250,0.398750,0.500000,0.550000,0.500000,0.471250,0.525000,-0.001250,-0.001250,-0.001250,-0.001250,0.000000,0.000000,0.000000,0.000000,3.053e-16,8.508e-16
fresh:244,fresh,1/3/10/30/100,100,,0.920000,0.920000,0.920000,0.920000,0.705000,0.705000,0.850000,0.850000,0.847500,0.848750,0.875000,0.875000,0.215000,0.215000,0.215000,0.215000,0.215000,0.215000,0.212500,0.212500,0.695000,0.695000,0.697500,0.697500,0.552500,0.500000,0.501250,0.500000,0.580000,0.575000,-0.007500,-0.007500,-0.010000,-0.010000,0.000000,0.000000,0.000000,0.000000,4.328e-16,6.216e-16
fresh:245,fresh,1/3/10/30/100,1,,1.000000,1.000000,1.000000,1.000000,0.872500,0.872500,0.872500,0.872500,0.875000,0.875000,0.915000,0.915000,0.127500,0.127500,0.127500,0.127500,0.127500,0.127500,0.135000,0.135000,1.000000,1.000000,1.000000,1.000000,0.872500,0.872500,0.875000,0.875000,0.915000,0.915000,0.127500,0.127500,0.127500,0.127500,0.127500,0.127500,0.135000,0.135000,1.976e+00,8.846e-16
fresh:246,fresh,1/3/10/30/100,1,,0.957500,0.957500,0.955000,0.955000,0.687500,0.687500,0.920000,0.920000,0.920000,0.921250,0.932500,0.932500,0.267500,0.267500,0.270000,0.270000,0.282500,0.282500,0.280000,0.280000,0.957500,0.957500,0.955000,0.955000,0.920000,0.920000,0.920000,0.921250,0.932500,0.932500,0.267500,0.267500,0.270000,0.270000,0.282500,0.282500,0.280000,0.280000,1.735e+00,9.296e-16
fresh:247,fresh,1/3/10/30/100,100,,0.912500,0.912500,0.912500,0.912500,0.745000,0.745000,0.830000,0.830000,0.831250,0.832500,0.850000,0.850000,0.167500,0.167500,0.167500,0.167500,0.150000,0.150000,0.150000,0.150000,0.747500,0.747500,0.747500,0.747500,0.481250,0.500000,0.438750,0.500000,0.493750,0.525000,0.002500,0.002500,0.002500,0.002500,0.000000,0.000000,0.000000,0.000000,1.665e-16,7.222e-16
fresh:248,fresh,1/3/10/30/100,100,,0.957500,0.957500,0.960000,0.960000,0.826250,0.826250,0.805000,0.805000,0.805000,0.802500,0.800000,0.800000,0.133750,0.133750,0.131250,0.131250,0.130000,0.130000,0.132500,0.132500,0.833750,0.833750,0.831250,0.831250,0.373750,0.500000,0.522500,0.500000,0.393750,0.525000,0.005000,0.005000,0.007500,0.007500,0.000000,0.000000,0.002500,0.000000,3.782e-16,6.142e-16
fresh:249,fresh,1/3/10/30/100,100,,0.932500,0.932500,0.937500,0.937500,0.745000,0.745000,0.820000,0.820000,0.817500,0.818750,0.837500,0.837500,0.192500,0.192500,0.187500,0.187500,0.177500,0.177500,0.180000,0.180000,0.750000,0.750000,0.750000,0.750000,0.581250,0.500000,0.466250,0.500000,0.550000,0.525000,0.005000,0.005000,0.005000,0.005000,0.000000,0.000000,0.000000,0.000000,2.671e-16,7.641e-16
fresh:250,fresh,1/3/10/30/100,1,,0.972500,0.972500,0.970000,0.970000,0.833750,0.833750,0.847500,0.847500,0.852500,0.852500,0.870000,0.870000,0.136250,0.136250,0.138750,0.138750,0.122500,0.122500,0.132500,0.132500,0.972500,0.972500,0.970000,0.970000,0.847500,0.847500,0.852500,0.852500,0.870000,0.870000,0.136250,0.136250,0.138750,0.138750,0.122500,0.122500,0.132500,0.132500,1.382e+00,7.039e-16
fresh:251,fresh,1/3/10/30/100,100,,0.957500,0.957500,0.960000,0.960000,0.851250,0.851250,0.812500,0.812500,0.807500,0.807500,0.902500,0.902500,0.108750,0.108750,0.106250,0.106250,0.122500,0.122500,0.115000,0.115000,0.843750,0.843750,0.843750,0.843750,0.391250,0.500000,0.493750,0.500000,0.588750,0.675000,-0.007500,-0.007500,-0.007500,-0.007500,0.000000,0.000000,0.000000,0.000000,4.215e-16,8.637e-16
fresh:252,fresh,1/3/10/30/100,100,,0.947500,0.947500,0.942500,0.942500,0.857500,0.857500,0.785000,0.785000,0.781250,0.783750,0.925000,0.925000,0.085000,0.085000,0.090000,0.090000,0.102500,0.102500,0.095000,0.095000,0.842500,0.842500,0.837500,0.837500,0.472500,0.500000,0.343750,0.500000,0.671250,0.725000,-0.020000,-0.020000,-0.015000,-0.015000,0.000000,0.000000,0.000000,0.000000,3.773e-16,1.150e-15
fresh:253,fresh,1/3/10/30/100,1,,0.975000,0.975000,0.972500,0.972500,0.827500,0.827500,0.830000,0.830000,0.818750,0.821250,0.840000,0.840000,0.145000,0.145000,0.147500,0.147500,0.142500,0.142500,0.147500,0.147500,0.975000,0.975000,0.972500,0.972500,0.830000,0.830000,0.818750,0.821250,0.840000,0.840000,0.145000,0.145000,0.147500,0.147500,0.142500,0.142500,0.147500,0.147500,1.306e+00,7.528e-16
fresh:254,fresh,1/3/10/30/100,100,,0.942500,0.942500,0.945000,0.945000,0.800000,0.800000,0.842500,0.842500,0.842500,0.842500,0.862500,0.862500,0.145000,0.145000,0.142500,0.142500,0.152500,0.152500,0.150000,0.150000,0.800000,0.800000,0.805000,0.800000,0.526250,0.500000,0.500000,0.500000,0.565000,0.575000,0.005000,0.000000,0.000000,0.000000,0.000000,0.000000,0.000000,0.000000,1.336e-16,8.729e-16
fresh:255,fresh,1/3/10/30/100,100,,0.962500,0.962500,0.962500,0.962500,0.870000,0.870000,0.792500,0.792500,0.782500,0.782500,0.845000,0.845000,0.092500,0.092500,0.092500,0.092500,0.100000,0.100000,0.095000,0.095000,0.863750,0.863750,0.848750,0.848750,0.443750,0.500000,0.471250,0.500000,0.630000,0.625000,-0.021250,-0.021250,-0.006250,-0.006250,0.000000,0.000000,0.000000,0.000000,3.851e-16,7.997e-16
fresh:256,fresh,1/3/10/30/100,100,,0.931250,0.931250,0.930000,0.930000,0.875000,0.875000,0.782500,0.782500,0.780000,0.780000,0.835000,0.835000,0.055000,0.055000,0.056250,0.056250,0.055000,0.055000,0.053750,0.053750,0.875000,0.875000,0.875000,0.875000,0.625000,0.500000,0.640000,0.500000,0.592500,0.625000,0.000000,0.000000,0.000000,0.000000,0.000000,0.000000,0.000000,0.000000,3.331e-16,5.985e-16
fresh:257,fresh,1/3/10/30/100,100,,0.957500,0.957500,0.955000,0.955000,0.823750,0.823750,0.835000,0.835000,0.832500,0.832500,0.945000,0.945000,0.131250,0.131250,0.133750,0.133750,0.142500,0.142500,0.150000,0.150000,0.808750,0.808750,0.808750,0.808750,0.298750,0.500000,0.547500,0.500000,0.702500,0.725000,-0.015000,-0.015000,-0.015000,-0.015000,0.000000,0.000000,0.000000,0.000000,7.772e-16,9.500e-16
fresh:258,fresh,1/3/10/30/100,1,,0.990000,0.990000,0.985000,0.985000,0.787500,0.787500,0.877500,0.877500,0.877500,0.877500,0.895000,0.895000,0.197500,0.197500,0.202500,0.202500,0.190000,0.190000,0.195000,0.195000,0.990000,0.990000,0.985000,0.985000,0.877500,0.877500,0.877500,0.877500,0.895000,0.895000,0.197500,0.197500,0.202500,0.202500,0.190000,0.190000,0.195000,0.195000,1.662e+00,8.639e-16
fresh:259,fresh,1/3/10/30/100,1,,0.980000,0.980000,0.977500,0.977500,0.735000,0.735000,0.917500,0.917500,0.912500,0.918750,0.932500,0.932500,0.242500,0.242500,0.245000,0.245000,0.237500,0.237500,0.240000,0.240000,0.980000,0.980000,0.977500,0.977500,0.917500,0.917500,0.912500,0.918750,0.932500,0.932500,0.242500,0.242500,0.245000,0.245000,0.237500,0.237500,0.240000,0.240000,1.971e+00,7.603e-16
fresh:260,fresh,1/3/10/30/100,1,,0.985000,0.985000,0.987500,0.987500,0.765000,0.765000,0.900000,0.900000,0.895000,0.896250,0.907500,0.907500,0.222500,0.222500,0.220000,0.220000,0.215000,0.215000,0.217500,0.217500,0.985000,0.985000,0.987500,0.987500,0.900000,0.900000,0.895000,0.896250,0.907500,0.907500,0.222500,0.222500,0.220000,0.220000,0.215000,0.215000,0.217500,0.217500,1.715e+00,1.309e-15
fresh:261,fresh,1/3/10/30/100,100,,0.992500,0.992500,0.992500,0.992500,0.915000,0.915000,0.842500,0.842500,0.825000,0.825000,0.885000,0.885000,0.077500,0.077500,0.077500,0.077500,0.067500,0.067500,0.067500,0.067500,0.926250,0.926250,0.921250,0.921250,0.590000,0.500000,0.602500,0.500000,0.643750,0.625000,0.006250,0.006250,0.011250,0.011250,0.000000,0.000000,0.000000,0.000000,2.880e-16,1.249e-15
fresh:262,fresh,1/3/10/30/100,1,,0.947500,0.947500,0.952500,0.952500,0.797500,0.797500,0.895000,0.895000,0.887500,0.887500,0.920000,0.920000,0.155000,0.155000,0.150000,0.150000,0.155000,0.155000,0.145000,0.145000,0.947500,0.947500,0.952500,0.952500,0.895000,0.895000,0.887500,0.887500,0.920000,0.920000,0.155000,0.155000,0.150000,0.150000,0.155000,0.155000,0.145000,0.145000,2.338e+00,9.472e-16
fresh:263,fresh,1/3/10/30/100,1,,0.952500,0.952500,0.952500,0.952500,0.671250,0.671250,0.887500,0.887500,0.890000,0.890000,0.905000,0.905000,0.281250,0.281250,0.281250,0.281250,0.267500,0.267500,0.267500,0.267500,0.952500,0.952500,0.952500,0.952500,0.887500,0.887500,0.890000,0.890000,0.905000,0.905000,0.281250,0.281250,0.281250,0.281250,0.267500,0.267500,0.267500,0.267500,1.649e+00,5.834e-16
fresh:264,fresh,1/3/10/30/100,1,,0.980000,0.980000,0.977500,0.977500,0.810000,0.810000,0.857500,0.857500,0.860000,0.857500,0.867500,0.867500,0.167500,0.167500,0.170000,0.170000,0.170000,0.170000,0.170000,0.170000,0.980000,0.980000,0.977500,0.977500,0.857500,0.857500,0.860000,0.857500,0.867500,0.867500,0.167500,0.167500,0.170000,0.170000,0.170000,0.170000,0.170000,0.170000,1.713e+00,1.036e-15
fresh:265,fresh,1/3/10/30/100,1,,0.952500,0.952500,0.962500,0.962500,0.770000,0.770000,0.860000,0.860000,0.860000,0.860000,0.870000,0.870000,0.192500,0.192500,0.182500,0.182500,0.192500,0.192500,0.185000,0.185000,0.952500,0.952500,0.962500,0.962500,0.860000,0.860000,0.860000,0.860000,0.870000,0.870000,0.192500,0.192500,0.182500,0.182500,0.192500,0.192500,0.185000,0.185000,1.551e+00,6.395e-16
fresh:266,fresh,1/3/10/30/100,100,DECODER_SPLIT_AT_LC,0.972500,0.972500,0.970000,0.970000,0.900000,0.900000,0.815000,0.815000,0.818750,0.817500,0.862500,0.862500,0.070000,0.070000,0.072500,0.072500,0.082500,0.082500,0.070000,0.070000,0.898750,0.898750,0.900000,0.900000,0.481250,0.500000,0.430000,0.500000,0.680000,0.625000,0.000000,0.000000,-0.001250,-0.001250,0.000000,0.000000,-0.001250,0.000000,4.233e-16,7.275e-16
fresh:267,fresh,1/3/10/30/100,100,,0.995000,0.995000,0.992500,0.992500,0.852500,0.852500,0.825000,0.825000,0.822500,0.822500,0.827500,0.827500,0.140000,0.140000,0.142500,0.142500,0.130000,0.130000,0.142500,0.140000,0.858750,0.858750,0.862500,0.862500,0.440000,0.500000,0.511250,0.500000,0.568750,0.575000,0.010000,0.010000,0.006250,0.006250,0.000000,0.000000,0.001250,0.000000,3.331e-16,8.587e-16
fresh:268,fresh,1/3/10/30/100,100,,0.986250,0.986250,0.982500,0.982500,0.916250,0.916250,0.767500,0.767500,0.768750,0.770000,0.840000,0.840000,0.066250,0.066250,0.070000,0.070000,0.072500,0.072500,0.083750,0.083750,0.922500,0.922500,0.915000,0.915000,0.362500,0.500000,0.456250,0.500000,0.575000,0.575000,-0.001250,-0.001250,0.006250,0.006250,0.000000,0.000000,0.000000,0.000000,3.886e-16,9.562e-16
fresh:269,fresh,1/3/10/30/100,100,,0.952500,0.952500,0.950000,0.950000,0.840000,0.840000,0.817500,0.817500,0.820000,0.820000,0.850000,0.850000,0.110000,0.110000,0.112500,0.112500,0.125000,0.125000,0.117500,0.117500,0.837500,0.837500,0.837500,0.837500,0.496250,0.500000,0.528750,0.500000,0.493750,0.525000,-0.002500,-0.002500,-0.002500,-0.002500,0.000000,0.000000,0.000000,0.000000,4.885e-16,7.689e-16
fresh:270,fresh,1/3/10/30/100,1,,0.985000,0.985000,0.985000,0.985000,0.790000,0.790000,0.900000,0.900000,0.898750,0.900000,0.922500,0.922500,0.195000,0.195000,0.195000,0.195000,0.197500,0.197500,0.202500,0.202500,0.985000,0.985000,0.985000,0.985000,0.900000,0.900000,0.898750,0.900000,0.922500,0.922500,0.195000,0.195000,0.195000,0.195000,0.197500,0.197500,0.202500,0.202500,1.917e+00,1.174e-15
fresh:271,fresh,1/3/10/30/100,100,,0.970000,0.970000,0.972500,0.972500,0.837500,0.837500,0.827500,0.827500,0.832500,0.832500,0.845000,0.845000,0.135000,0.135000,0.132500,0.132500,0.135000,0.135000,0.127500,0.127500,0.842500,0.842500,0.842500,0.842500,0.485000,0.500000,0.707500,0.500000,0.501250,0.525000,0.005000,0.005000,0.005000,0.005000,0.000000,0.000000,0.000000,0.000000,3.556e-16,9.917e-16
fresh:272,fresh,1/3/10/30/100,100,,0.962500,0.962500,0.962500,0.962500,0.827500,0.827500,0.822500,0.822500,0.817500,0.817500,0.890000,0.890000,0.135000,0.135000,0.135000,0.135000,0.137500,0.137500,0.140000,0.140000,0.827500,0.827500,0.827500,0.827500,0.568750,0.500000,0.480000,0.500000,0.666250,0.625000,0.000000,0.000000,0.000000,0.000000,0.000000,0.000000,0.000000,0.000000,4.996e-16,9.352e-16
fresh:273,fresh,1/3/10/30/100,100,,0.947500,0.947500,0.945000,0.945000,0.891250,0.891250,0.760000,0.760000,0.755000,0.755000,0.815000,0.815000,0.053750,0.053750,0.056250,0.056250,0.075000,0.075000,0.067500,0.067500,0.868750,0.868750,0.868750,0.868750,0.532500,0.500000,0.572500,0.500000,0.640000,0.625000,-0.022500,-0.022500,-0.022500,-0.022500,0.000000,0.000000,0.000000,0.000000,5.881e-16,6.595e-16
fresh:274,fresh,1/3/10/30/100,1,,0.975000,0.975000,0.977500,0.977500,0.837500,0.837500,0.845000,0.845000,0.850000,0.850000,0.855000,0.855000,0.140000,0.140000,0.137500,0.137500,0.155000,0.155000,0.140000,0.140000,0.975000,0.975000,0.977500,0.977500,0.845000,0.845000,0.850000,0.850000,0.855000,0.855000,0.140000,0.140000,0.137500,0.137500,0.155000,0.155000,0.140000,0.140000,1.749e+00,5.932e-16
fresh:275,fresh,1/3/10/30/100,1,,0.952500,0.952500,0.945000,0.945000,0.780000,0.775000,0.840000,0.840000,0.838750,0.837500,0.862500,0.862500,0.165000,0.170000,0.172500,0.177500,0.160000,0.160000,0.165000,0.165000,0.952500,0.952500,0.945000,0.945000,0.840000,0.840000,0.838750,0.837500,0.862500,0.862500,0.165000,0.170000,0.172500,0.177500,0.160000,0.160000,0.165000,0.165000,1.234e+00,7.300e-16
fresh:276,fresh,1/3/10/30/100,1,,0.980000,0.980000,0.982500,0.982500,0.846250,0.846250,0.860000,0.860000,0.838750,0.851250,0.867500,0.867500,0.136250,0.136250,0.133750,0.133750,0.137500,0.137500,0.122500,0.122500,0.980000,0.980000,0.982500,0.982500,0.860000,0.860000,0.838750,0.851250,0.867500,0.867500,0.136250,0.136250,0.133750,0.133750,0.137500,0.137500,0.122500,0.122500,1.916e+00,6.449e-16
fresh:277,fresh,1/3/10/30/100,100,,0.917500,0.917500,0.927500,0.927500,0.798750,0.798750,0.797500,0.797500,0.807500,0.807500,0.815000,0.815000,0.128750,0.128750,0.118750,0.118750,0.127500,0.127500,0.122500,0.120000,0.796250,0.796250,0.796250,0.796250,0.333750,0.500000,0.575000,0.500000,0.508750,0.525000,-0.002500,-0.002500,-0.002500,-0.002500,0.000000,0.000000,0.000000,0.000000,3.782e-16,8.117e-16
fresh:278,fresh,1/3/10/30/100,100,,0.960000,0.960000,0.955000,0.955000,0.812500,0.812500,0.847500,0.847500,0.848750,0.848750,0.872500,0.872500,0.142500,0.142500,0.147500,0.147500,0.150000,0.150000,0.152500,0.152500,0.807500,0.807500,0.810000,0.810000,0.585000,0.500000,0.418750,0.500000,0.571250,0.575000,-0.002500,-0.002500,-0.005000,-0.005000,0.000000,0.000000,0.000000,0.000000,5.993e-16,7.238e-16
fresh:279,fresh,1/3/10/30/100,1,,0.982500,0.982500,0.982500,0.982500,0.811250,0.811250,0.942500,0.942500,0.942500,0.942500,0.962500,0.962500,0.171250,0.171250,0.171250,0.171250,0.197500,0.197500,0.182500,0.190000,0.982500,0.982500,0.982500,0.982500,0.942500,0.942500,0.942500,0.942500,0.962500,0.962500,0.171250,0.171250,0.171250,0.171250,0.197500,0.197500,0.182500,0.190000,1.961e+00,6.063e-16
fresh:280,fresh,1/3/10/30/100,1,,0.977500,0.977500,0.975000,0.975000,0.806250,0.806250,0.880000,0.880000,0.885000,0.885000,0.875000,0.875000,0.168750,0.168750,0.171250,0.171250,0.165000,0.165000,0.181250,0.182500,0.977500,0.977500,0.975000,0.975000,0.880000,0.880000,0.885000,0.885000,0.875000,0.875000,0.168750,0.168750,0.171250,0.171250,0.165000,0.165000,0.181250,0.182500,1.379e+00,6.298e-16
fresh:281,fresh,1/3/10/30/100,100,,0.955000,0.955000,0.955000,0.955000,0.705000,0.705000,0.892500,0.892500,0.892500,0.892500,0.895000,0.895000,0.250000,0.250000,0.250000,0.250000,0.257500,0.257500,0.250000,0.250000,0.705000,0.705000,0.693750,0.705000,0.427500,0.500000,0.548750,0.500000,0.450000,0.525000,-0.011250,0.000000,0.000000,0.000000,-0.008750,0.000000,0.000000,0.000000,1.665e-16,1.294e-15
fresh:282,fresh,1/3/10/30/100,1,,0.935000,0.935000,0.937500,0.937500,0.727500,0.727500,0.877500,0.877500,0.882500,0.882500,0.887500,0.887500,0.210000,0.210000,0.207500,0.207500,0.215000,0.215000,0.207500,0.207500,0.935000,0.935000,0.937500,0.937500,0.877500,0.877500,0.882500,0.882500,0.887500,0.887500,0.210000,0.210000,0.207500,0.207500,0.215000,0.215000,0.207500,0.207500,1.883e+00,8.136e-16
fresh:283,fresh,1/3/10/30/100,100,,0.900000,0.900000,0.910000,0.910000,0.700000,0.700000,0.847500,0.847500,0.842500,0.842500,0.845000,0.845000,0.210000,0.210000,0.200000,0.200000,0.215000,0.215000,0.200000,0.200000,0.698750,0.698750,0.698750,0.698750,0.551250,0.500000,0.480000,0.500000,0.462500,0.525000,-0.001250,-0.001250,-0.001250,-0.001250,0.000000,0.000000,0.000000,0.000000,3.218e-16,8.092e-16
fresh:284,fresh,1/3/10/30/100,1,,0.960000,0.960000,0.960000,0.960000,0.720000,0.720000,0.902500,0.902500,0.902500,0.902500,0.915000,0.915000,0.240000,0.240000,0.240000,0.240000,0.257500,0.257500,0.255000,0.252500,0.960000,0.960000,0.960000,0.960000,0.902500,0.902500,0.902500,0.902500,0.915000,0.915000,0.240000,0.240000,0.240000,0.240000,0.257500,0.257500,0.255000,0.252500,1.671e+00,1.026e-15
fresh:285,fresh,1/3/10/30/100,100,,0.945000,0.945000,0.940000,0.940000,0.780000,0.780000,0.870000,0.870000,0.873750,0.873750,0.872500,0.872500,0.160000,0.160000,0.165000,0.165000,0.165000,0.165000,0.167500,0.167500,0.781250,0.781250,0.780000,0.780000,0.472500,0.500000,0.441250,0.500000,0.541250,0.525000,0.000000,0.000000,0.001250,0.001250,0.000000,0.000000,-0.001250,0.000000,5.330e-16,7.122e-16
fresh:286,fresh,1/3/10/30/100,100,,0.945000,0.945000,0.950000,0.950000,0.810000,0.810000,0.807500,0.807500,0.802500,0.802500,0.830000,0.830000,0.140000,0.140000,0.135000,0.135000,0.122500,0.122500,0.122500,0.122500,0.808750,0.808750,0.808750,0.808750,0.458750,0.500000,0.717500,0.500000,0.583750,0.525000,-0.001250,-0.001250,-0.001250,-0.001250,0.000000,0.000000,0.000000,0.000000,3.331e-16,6.993e-16
fresh:287,fresh,1/3/10/30/100,100,,0.965000,0.965000,0.965000,0.965000,0.827500,0.827500,0.820000,0.820000,0.820000,0.818750,0.827500,0.827500,0.137500,0.137500,0.137500,0.137500,0.125000,0.125000,0.122500,0.122500,0.831250,0.831250,0.831250,0.831250,0.700000,0.500000,0.423750,0.500000,0.612500,0.525000,0.003750,0.003750,0.003750,0.003750,0.000000,0.000000,0.000000,0.000000,4.111e-16,1.109e-15
fresh:288,fresh,1/3/10/30/100,100,,0.970000,0.970000,0.970000,0.970000,0.880000,0.880000,0.790000,0.790000,0.782500,0.782500,0.842500,0.842500,0.090000,0.090000,0.090000,0.090000,0.107500,0.107500,0.097500,0.097500,0.875000,0.875000,0.865000,0.865000,0.495000,0.500000,0.541250,0.500000,0.665000,0.625000,-0.015000,-0.015000,-0.005000,-0.005000,0.000000,0.000000,0.000000,0.000000,3.556e-16,7.952e-16
fresh:289,fresh,1/3/10/30/100,100,,0.935000,0.935000,0.935000,0.935000,0.785000,0.785000,0.820000,0.820000,0.817500,0.817500,0.860000,0.860000,0.150000,0.150000,0.150000,0.150000,0.147500,0.147500,0.155000,0.155000,0.785000,0.785000,0.780000,0.780000,0.478750,0.500000,0.400000,0.500000,0.541250,0.575000,-0.005000,-0.005000,0.000000,0.000000,0.000000,0.000000,0.002500,0.000000,2.671e-16,1.099e-15
fresh:290,fresh,1/3/10/30/100,100,,0.970000,0.970000,0.962500,0.962500,0.837500,0.837500,0.867500,0.867500,0.865000,0.862500,0.902500,0.902500,0.125000,0.125000,0.132500,0.132500,0.132500,0.132500,0.137500,0.137500,0.837500,0.837500,0.837500,0.837500,0.561250,0.500000,0.581250,0.500000,0.520000,0.525000,0.000000,0.000000,0.000000,0.000000,0.000000,0.000000,0.000000,0.000000,7.546e-16,9.467e-16
fresh:291,fresh,1/3/10/30/100,1,,0.955000,0.955000,0.957500,0.957500,0.735000,0.735000,0.917500,0.917500,0.915000,0.915000,0.940000,0.940000,0.222500,0.222500,0.220000,0.220000,0.220000,0.220000,0.235000,0.227500,0.955000,0.955000,0.957500,0.957500,0.917500,0.917500,0.915000,0.915000,0.940000,0.940000,0.222500,0.222500,0.220000,0.220000,0.220000,0.220000,0.235000,0.227500,1.833e+00,1.719e-15
fresh:292,fresh,1/3/10/30/100,100,,0.907500,0.907500,0.907500,0.907500,0.717500,0.717500,0.837500,0.837500,0.827500,0.822500,0.847500,0.847500,0.190000,0.190000,0.190000,0.190000,0.197500,0.197500,0.195000,0.195000,0.715000,0.715000,0.715000,0.715000,0.393750,0.500000,0.413750,0.500000,0.530000,0.525000,-0.002500,-0.002500,-0.002500,-0.002500,0.000000,0.000000,0.000000,0.000000,2.333e-16,4.940e-16
fresh:293,fresh,1/3/10/30/100,1,,0.982500,0.982500,0.982500,0.982500,0.820000,0.820000,0.870000,0.870000,0.860000,0.867500,0.885000,0.885000,0.162500,0.162500,0.162500,0.162500,0.172500,0.172500,0.172500,0.172500,0.982500,0.982500,0.982500,0.982500,0.870000,0.870000,0.860000,0.867500,0.885000,0.885000,0.162500,0.162500,0.162500,0.162500,0.172500,0.172500,0.172500,0.172500,1.696e+00,6.596e-16
fresh:294,fresh,1/3/10/30/100,1,,0.965000,0.965000,0.965000,0.965000,0.780000,0.780000,0.872500,0.872500,0.870000,0.870000,0.905000,0.905000,0.185000,0.185000,0.185000,0.185000,0.180000,0.180000,0.177500,0.177500,0.965000,0.965000,0.965000,0.965000,0.872500,0.872500,0.870000,0.870000,0.905000,0.905000,0.185000,0.185000,0.185000,0.185000,0.180000,0.180000,0.177500,0.177500,1.773e+00,8.657e-16
fresh:295,fresh,1/3/10/30/100,100,,0.927500,0.927500,0.922500,0.922500,0.782500,0.782500,0.820000,0.820000,0.812500,0.813750,0.820000,0.820000,0.140000,0.140000,0.145000,0.145000,0.147500,0.147500,0.142500,0.142500,0.782500,0.782500,0.777500,0.777500,0.295000,0.500000,0.533750,0.500000,0.510000,0.575000,-0.005000,-0.005000,0.000000,0.000000,0.000000,0.000000,0.000000,0.000000,3.105e-16,8.695e-16
fresh:296,fresh,1/3/10/30/100,1,,0.943750,0.943750,0.937500,0.937500,0.705000,0.705000,0.900000,0.900000,0.892500,0.891250,0.907500,0.907500,0.232500,0.232500,0.238750,0.238750,0.227500,0.227500,0.233750,0.233750,0.943750,0.943750,0.937500,0.937500,0.900000,0.900000,0.892500,0.891250,0.907500,0.907500,0.232500,0.232500,0.238750,0.238750,0.227500,0.227500,0.233750,0.233750,1.631e+00,7.924e-16
fresh:297,fresh,1/3/10/30/100,100,,0.912500,0.912500,0.920000,0.920000,0.672500,0.672500,0.892500,0.892500,0.892500,0.892500,0.910000,0.910000,0.247500,0.247500,0.240000,0.240000,0.242500,0.242500,0.242500,0.242500,0.672500,0.672500,0.675000,0.675000,0.541250,0.500000,0.535000,0.500000,0.543750,0.575000,0.002500,0.002500,0.000000,0.000000,0.000000,0.000000,0.000000,0.000000,5.100e-16,6.496e-16
fresh:298,fresh,1/3/10/30/100,1,,0.972500,0.972500,0.972500,0.972500,0.745000,0.745000,0.892500,0.892500,0.892500,0.892500,0.890000,0.890000,0.227500,0.227500,0.227500,0.227500,0.217500,0.217500,0.217500,0.217500,0.972500,0.972500,0.972500,0.972500,0.892500,0.892500,0.892500,0.892500,0.890000,0.890000,0.227500,0.227500,0.227500,0.227500,0.217500,0.217500,0.217500,0.217500,1.725e+00,6.499e-16
fresh:299,fresh,1/3/10/30/100,1,,0.965000,0.965000,0.965000,0.965000,0.717500,0.717500,0.922500,0.922500,0.922500,0.922500,0.947500,0.947500,0.247500,0.247500,0.247500,0.247500,0.240000,0.240000,0.245000,0.242500,0.965000,0.965000,0.965000,0.965000,0.922500,0.922500,0.922500,0.922500,0.947500,0.947500,0.247500,0.247500,0.247500,0.247500,0.240000,0.240000,0.245000,0.242500,1.700e+00,8.029e-16
perm:0,seen,1/3/10/30/100,1,,0.992500,0.992500,0.985000,0.985000,,,0.892500,0.892500,0.892500,0.892500,,,,,,,0.160000,0.160000,0.165000,0.165000,0.992500,0.992500,0.985000,0.985000,0.892500,0.892500,0.892500,0.892500,,,,,,,0.160000,0.160000,0.165000,0.165000,1.982e+00,8.098e-16
perm:1,seen,1/3/10/30/100,1,,0.995000,0.995000,0.995000,0.995000,,,0.902500,0.902500,0.905000,0.903750,,,,,,,0.222500,0.222500,0.230000,0.230000,0.995000,0.995000,0.995000,0.995000,0.902500,0.902500,0.905000,0.903750,,,,,,,0.222500,0.222500,0.230000,0.230000,1.581e+00,7.586e-16
perm:2,seen,1/3/10/30/100,1,,0.927500,0.927500,0.925000,0.925000,,,0.902500,0.902500,0.900000,0.900000,,,,,,,0.272500,0.272500,0.272500,0.272500,0.927500,0.927500,0.925000,0.925000,0.902500,0.902500,0.900000,0.900000,,,,,,,0.272500,0.272500,0.272500,0.272500,1.585e+00,7.808e-16
perm:3,seen,1/3/10/30/100,1,,0.960000,0.960000,0.960000,0.960000,,,0.880000,0.880000,0.880000,0.880000,,,,,,,0.212500,0.212500,0.212500,0.212500,0.960000,0.960000,0.960000,0.960000,0.880000,0.880000,0.880000,0.880000,,,,,,,0.212500,0.212500,0.212500,0.212500,1.481e+00,9.197e-16
perm:4,seen,1/3/10/30/100,1,,0.965000,0.965000,0.972500,0.972500,,,0.892500,0.892500,0.892500,0.892500,,,,,,,0.235000,0.235000,0.227500,0.227500,0.965000,0.965000,0.972500,0.972500,0.892500,0.892500,0.892500,0.892500,,,,,,,0.235000,0.235000,0.227500,0.227500,1.404e+00,4.988e-16
perm:5,seen,1/3/10/30/100,100,,0.963750,0.963750,0.965000,0.965000,,,0.830000,0.830000,0.827500,0.827500,,,,,,,0.170000,0.170000,0.168750,0.168750,0.796250,0.796250,0.796250,0.796250,0.515000,0.500000,0.541250,0.500000,,,,,,,0.000000,0.000000,0.000000,0.000000,5.217e-16,9.160e-16
perm:6,seen,1/3/10/30/100,100,,0.957500,0.957500,0.955000,0.955000,,,0.775000,0.775000,0.780000,0.780000,,,,,,,0.100000,0.100000,0.107500,0.107500,0.848750,0.848750,0.851250,0.851250,0.272500,0.500000,0.705000,0.500000,,,,,,,0.000000,0.000000,0.000000,0.000000,2.429e-16,8.308e-16
perm:7,seen,1/3/10/30/100,1,,0.987500,0.987500,0.985000,0.985000,,,0.840000,0.840000,0.842500,0.841250,,,,,,,0.135000,0.135000,0.137500,0.137500,0.987500,0.987500,0.985000,0.985000,0.840000,0.840000,0.842500,0.841250,,,,,,,0.135000,0.135000,0.137500,0.137500,1.585e+00,8.922e-16
perm:8,seen,1/3/10/30/100,100,,0.932500,0.932500,0.930000,0.930000,,,0.837500,0.837500,0.845000,0.845000,,,,,,,0.207500,0.207500,0.205000,0.205000,0.730000,0.730000,0.730000,0.730000,0.501250,0.500000,0.621250,0.500000,,,,,,,0.000000,0.000000,0.000000,0.000000,2.663e-16,7.908e-16
perm:9,seen,1/3/10/30/100,1,,0.982500,0.982500,0.985000,0.985000,,,0.857500,0.857500,0.850000,0.850000,,,,,,,0.132500,0.132500,0.127500,0.127500,0.982500,0.982500,0.985000,0.985000,0.857500,0.857500,0.850000,0.850000,,,,,,,0.132500,0.132500,0.127500,0.127500,1.953e+00,4.673e-16
perm:10,seen,1/3/10/30/100,1,,0.957500,0.957500,0.957500,0.957500,,,0.862500,0.862500,0.872500,0.870000,,,,,,,0.155000,0.155000,0.155000,0.155000,0.957500,0.957500,0.957500,0.957500,0.862500,0.862500,0.872500,0.870000,,,,,,,0.155000,0.155000,0.155000,0.155000,1.472e+00,1.178e-15
perm:11,seen,1/3/10/30/100,100,,0.907500,0.907500,0.910000,0.910000,,,0.857500,0.857500,0.857500,0.857500,,,,,,,0.260000,0.260000,0.260000,0.260000,0.657500,0.657500,0.657500,0.657500,0.520000,0.500000,0.502500,0.500000,,,,,,,0.000000,0.000000,0.000000,0.000000,2.498e-16,1.026e-15
perm:12,seen,1/3/10/30/100,1,,0.985000,0.985000,0.985000,0.985000,,,0.855000,0.855000,0.852500,0.853750,,,,,,,0.165000,0.165000,0.155000,0.155000,0.985000,0.985000,0.985000,0.985000,0.855000,0.855000,0.852500,0.853750,,,,,,,0.165000,0.165000,0.155000,0.155000,1.599e+00,6.603e-16
perm:13,seen,1/3/10/30/100,1,,0.967500,0.967500,0.972500,0.972500,,,0.900000,0.900000,0.900000,0.900000,,,,,,,0.235000,0.235000,0.236250,0.237500,0.967500,0.967500,0.972500,0.972500,0.900000,0.900000,0.900000,0.900000,,,,,,,0.235000,0.235000,0.236250,0.237500,1.738e+00,8.686e-16
perm:14,seen,1/3/10/30/100,1,,0.980000,0.980000,0.980000,0.980000,,,0.857500,0.857500,0.835000,0.835000,,,,,,,0.157500,0.157500,0.153750,0.155000,0.980000,0.980000,0.980000,0.980000,0.857500,0.857500,0.835000,0.835000,,,,,,,0.157500,0.157500,0.153750,0.155000,1.924e+00,1.334e-15
perm:15,seen,1/3/10/30/100,100,,0.995000,0.995000,0.995000,0.995000,,,0.712500,0.712500,0.722500,0.722500,,,,,,,0.070000,0.070000,0.065000,0.065000,0.927500,0.927500,0.922500,0.922500,0.600000,0.500000,0.597500,0.500000,,,,,,,0.000000,0.000000,-0.002500,0.000000,5.551e-16,7.589e-16
perm:16,seen,1/3/10/30/100,1,,0.957500,0.957500,0.962500,0.962500,,,0.885000,0.885000,0.882500,0.881250,,,,,,,0.210000,0.210000,0.197500,0.197500,0.957500,0.957500,0.962500,0.962500,0.885000,0.885000,0.882500,0.881250,,,,,,,0.210000,0.210000,0.197500,0.197500,1.827e+00,9.395e-16
perm:17,seen,1/3/10/30/100,100,,0.932500,0.932500,0.930000,0.930000,,,0.897500,0.897500,0.890000,0.890000,,,,,,,0.162500,0.162500,0.166250,0.165000,0.767500,0.767500,0.775000,0.767500,0.606250,0.500000,0.442500,0.500000,,,,,,,0.008750,0.000000,0.000000,0.000000,2.498e-16,6.303e-16
perm:18,seen,1/3/10/30/100,1,,0.967500,0.967500,0.975000,0.975000,,,0.892500,0.892500,0.895000,0.893750,,,,,,,0.247500,0.247500,0.222500,0.222500,0.967500,0.967500,0.975000,0.975000,0.892500,0.892500,0.895000,0.893750,,,,,,,0.247500,0.247500,0.222500,0.222500,1.652e+00,7.702e-16
perm:19,seen,1/3/10/30/100,100,,0.970000,0.970000,0.965000,0.965000,,,0.767500,0.767500,0.765000,0.765000,,,,,,,0.080000,0.080000,0.090000,0.090000,0.882500,0.882500,0.872500,0.872500,0.426250,0.500000,0.448750,0.500000,,,,,,,0.000000,0.000000,0.000000,0.000000,6.887e-16,1.091e-15
perm:20,seen,1/3/10/30/100,100,,0.907500,0.907500,0.900000,0.900000,,,0.820000,0.820000,0.822500,0.821250,,,,,,,0.127500,0.127500,0.137500,0.137500,0.767500,0.767500,0.767500,0.767500,0.676250,0.500000,0.523750,0.500000,,,,,,,0.000000,0.000000,0.000000,0.000000,5.551e-16,8.943e-16
perm:21,seen,1/3/10/30/100,100,,0.980000,0.980000,0.970000,0.970000,,,0.842500,0.842500,0.842500,0.842500,,,,,,,0.127500,0.127500,0.137500,0.137500,0.836250,0.836250,0.836250,0.836250,0.528750,0.500000,0.600000,0.500000,,,,,,,0.000000,0.000000,0.000000,0.000000,6.210e-16,5.853e-16
perm:22,seen,1/3/10/30/100,100,,0.947500,0.947500,0.947500,0.947500,,,0.852500,0.852500,0.852500,0.852500,,,,,,,0.200000,0.200000,0.202500,0.202500,0.752500,0.752500,0.752500,0.752500,0.507500,0.500000,0.511250,0.500000,,,,,,,0.000000,0.000000,0.000000,0.000000,2.880e-16,8.854e-16
perm:23,seen,1/3/10/30/100,1,,0.970000,0.970000,0.972500,0.972500,,,0.862500,0.862500,0.857500,0.860000,,,,,,,0.190000,0.190000,0.185000,0.185000,0.970000,0.970000,0.972500,0.972500,0.862500,0.862500,0.857500,0.860000,,,,,,,0.190000,0.190000,0.185000,0.185000,1.466e+00,1.073e-15
perm:24,seen,1/3/10/30/100,1,,1.000000,1.000000,0.995000,0.995000,,,0.845000,0.845000,0.850000,0.850000,,,,,,,0.125000,0.125000,0.130000,0.130000,1.000000,1.000000,0.995000,0.995000,0.845000,0.845000,0.850000,0.850000,,,,,,,0.125000,0.125000,0.130000,0.130000,1.649e+00,1.060e-15
perm:25,seen,1/3/10/30/100,100,,0.935000,0.935000,0.935000,0.935000,,,0.802500,0.802500,0.797500,0.793750,,,,,,,0.117500,0.117500,0.120000,0.120000,0.817500,0.817500,0.817500,0.817500,0.411250,0.500000,0.537500,0.500000,,,,,,,0.000000,0.000000,0.000000,0.000000,3.105e-16,6.515e-16
perm:26,seen,1/3/10/30/100,1,,0.980000,0.980000,0.980000,0.980000,,,0.902500,0.902500,0.900000,0.898750,,,,,,,0.042500,0.042500,0.037500,0.037500,0.980000,0.980000,0.980000,0.980000,0.902500,0.902500,0.900000,0.898750,,,,,,,0.042500,0.042500,0.037500,0.037500,2.403e+00,1.371e-15
perm:27,seen,1/3/10/30/100,100,,0.997500,0.997500,0.997500,0.997500,,,0.785000,0.785000,0.786250,0.790000,,,,,,,0.110000,0.110000,0.112500,0.112500,0.886250,0.886250,0.885000,0.885000,0.603750,0.500000,0.615000,0.500000,,,,,,,0.000000,0.000000,-0.001250,0.000000,3.331e-16,1.038e-15
perm:28,seen,1/3/10/30/100,100,,0.982500,0.982500,0.980000,0.980000,,,0.807500,0.807500,0.806250,0.806250,,,,,,,0.110000,0.110000,0.125000,0.125000,0.861250,0.861250,0.866250,0.866250,0.442500,0.500000,0.586250,0.500000,,,,,,,0.000000,0.000000,0.000000,0.000000,3.775e-16,7.444e-16
perm:29,seen,1/3/10/30/100,1,,1.000000,1.000000,1.000000,1.000000,,,0.922500,0.922500,0.922500,0.922500,,,,,,,0.170000,0.170000,0.175000,0.175000,1.000000,1.000000,1.000000,1.000000,0.922500,0.922500,0.922500,0.922500,,,,,,,0.170000,0.170000,0.175000,0.175000,1.825e+00,8.716e-16
perm:30,seen,1/3/10/30/100,100,,0.950000,0.950000,0.950000,0.950000,,,0.827500,0.827500,0.825000,0.822500,,,,,,,0.170000,0.170000,0.152500,0.152500,0.802500,0.802500,0.782500,0.782500,0.481250,0.500000,0.211250,0.500000,,,,,,,0.000000,0.000000,0.000000,0.000000,3.443e-16,6.199e-16
perm:31,seen,1/3/10/30/100,100,,0.975000,0.975000,0.977500,0.977500,,,0.807500,0.807500,0.807500,0.807500,,,,,,,0.142500,0.142500,0.130000,0.130000,0.855000,0.855000,0.835000,0.835000,0.477500,0.500000,0.455000,0.500000,,,,,,,0.000000,0.000000,0.000000,0.000000,4.441e-16,1.254e-15
perm:32,seen,1/3/10/30/100,100,,0.972500,0.972500,0.965000,0.965000,,,0.830000,0.830000,0.837500,0.833750,,,,,,,0.137500,0.137500,0.142500,0.142500,0.830000,0.830000,0.827500,0.827500,0.483750,0.500000,0.575000,0.500000,,,,,,,0.000000,0.000000,0.000000,0.000000,3.990e-16,7.704e-16
perm:33,seen,1/3/10/30/100,1,,0.967500,0.967500,0.967500,0.967500,,,0.845000,0.845000,0.837500,0.838750,,,,,,,0.167500,0.167500,0.165000,0.165000,0.967500,0.967500,0.967500,0.967500,0.845000,0.845000,0.837500,0.838750,,,,,,,0.167500,0.167500,0.165000,0.165000,1.530e+00,8.492e-16
perm:34,seen,1/3/10/30/100,100,,0.915000,0.915000,0.912500,0.912500,,,0.817500,0.817500,0.817500,0.820000,,,,,,,0.182500,0.182500,0.185000,0.185000,0.740000,0.740000,0.740000,0.740000,0.355000,0.500000,0.517500,0.500000,,,,,,,0.000000,0.000000,0.000000,0.000000,5.330e-16,5.768e-16
perm:35,seen,1/3/10/30/100,100,,0.931250,0.931250,0.932500,0.932500,,,0.805000,0.805000,0.816250,0.815000,,,,,,,0.122500,0.122500,0.131250,0.131250,0.811250,0.811250,0.813750,0.813750,0.481250,0.500000,0.496250,0.500000,,,,,,,0.000000,0.000000,0.000000,0.000000,3.123e-16,1.067e-15
perm:36,seen,1/3/10/30/100,1,,0.972500,0.972500,0.975000,0.975000,,,0.875000,0.875000,0.870000,0.871250,,,,,,,0.237500,0.237500,0.230000,0.230000,0.972500,0.972500,0.975000,0.975000,0.875000,0.875000,0.870000,0.871250,,,,,,,0.237500,0.237500,0.230000,0.230000,1.576e+00,1.099e-15
perm:37,seen,1/3/10/30/100,100,,0.937500,0.937500,0.937500,0.937500,,,0.807500,0.807500,0.812500,0.812500,,,,,,,0.140000,0.140000,0.140000,0.140000,0.801250,0.801250,0.792500,0.792500,0.460000,0.500000,0.342500,0.500000,,,,,,,0.000000,0.000000,0.000000,0.000000,4.441e-16,9.933e-16
perm:38,seen,1/3/10/30/100,1,,0.980000,0.980000,0.980000,0.980000,,,0.855000,0.855000,0.855000,0.855000,,,,,,,0.135000,0.135000,0.132500,0.132500,0.980000,0.980000,0.980000,0.980000,0.855000,0.855000,0.855000,0.855000,,,,,,,0.135000,0.135000,0.132500,0.132500,1.642e+00,9.403e-16
perm:39,seen,1/3/10/30/100,100,,0.940000,0.940000,0.945000,0.945000,,,0.825000,0.825000,0.822500,0.822500,,,,,,,0.200000,0.200000,0.197500,0.197500,0.742500,0.742500,0.742500,0.742500,0.490000,0.500000,0.566250,0.500000,,,,,,,0.000000,0.000000,0.000000,0.000000,1.665e-16,6.743e-16
perm:40,seen,1/3/10/30/100,100,,0.950000,0.950000,0.942500,0.942500,,,0.797500,0.797500,0.787500,0.787500,,,,,,,0.115000,0.115000,0.110000,0.110000,0.845000,0.845000,0.830000,0.830000,0.485000,0.500000,0.555000,0.500000,,,,,,,0.000000,0.000000,0.000000,0.000000,4.233e-16,6.812e-16
perm:41,seen,1/3/10/30/100,100,,0.957500,0.957500,0.960000,0.960000,,,0.817500,0.817500,0.820000,0.820000,,,,,,,0.150000,0.150000,0.140000,0.140000,0.817500,0.817500,0.812500,0.812500,0.505000,0.500000,0.532500,0.500000,,,,,,,0.000000,0.000000,0.000000,0.000000,4.337e-16,6.805e-16
perm:42,seen,1/3/10/30/100,1,,0.992500,0.992500,0.990000,0.990000,,,0.892500,0.892500,0.892500,0.892500,,,,,,,0.202500,0.202500,0.210000,0.210000,0.992500,0.992500,0.990000,0.990000,0.892500,0.892500,0.892500,0.892500,,,,,,,0.202500,0.202500,0.210000,0.210000,1.844e+00,6.569e-16
perm:43,seen,1/3/10/30/100,1,,0.985000,0.985000,0.985000,0.985000,,,0.940000,0.940000,0.940000,0.940000,,,,,,,0.172500,0.172500,0.171250,0.172500,0.985000,0.985000,0.985000,0.985000,0.940000,0.940000,0.940000,0.940000,,,,,,,0.172500,0.172500,0.171250,0.172500,2.033e+00,7.191e-16
perm:44,seen,1/3/10/30/100,1,,0.950000,0.950000,0.952500,0.952500,,,0.912500,0.912500,0.915000,0.915000,,,,,,,0.250000,0.250000,0.245000,0.245000,0.950000,0.950000,0.952500,0.952500,0.912500,0.912500,0.915000,0.915000,,,,,,,0.250000,0.250000,0.245000,0.245000,1.742e+00,5.681e-16
perm:45,seen,1/3/10/30/100,100,,0.932500,0.932500,0.927500,0.927500,,,0.845000,0.845000,0.845000,0.845000,,,,,,,0.162500,0.162500,0.185000,0.185000,0.745000,0.745000,0.745000,0.745000,0.448750,0.500000,0.650000,0.500000,,,,,,,0.000000,0.000000,0.000000,0.000000,4.805e-16,5.130e-16
perm:46,seen,1/3/10/30/100,100,,0.957500,0.957500,0.952500,0.952500,,,0.872500,0.872500,0.875000,0.875000,,,,,,,0.180000,0.180000,0.182500,0.182500,0.772500,0.772500,0.776250,0.775000,0.566250,0.500000,0.558750,0.500000,,,,,,,0.000000,0.000000,0.000000,0.000000,3.443e-16,8.057e-16
perm:47,seen,1/3/10/30/100,100,,0.977500,0.977500,0.972500,0.972500,,,0.797500,0.797500,0.797500,0.797500,,,,,,,0.097500,0.097500,0.105000,0.105000,0.873750,0.873750,0.876250,0.876250,0.501250,0.500000,0.397500,0.500000,,,,,,,0.000000,0.000000,0.000000,0.000000,3.140e-16,8.744e-16
perm:48,seen,1/3/10/30/100,100,,0.950000,0.950000,0.945000,0.945000,,,0.802500,0.802500,0.807500,0.807500,,,,,,,0.115000,0.115000,0.117500,0.117500,0.831250,0.831250,0.835000,0.835000,0.591250,0.500000,0.493750,0.500000,,,,,,,0.000000,0.000000,0.003750,0.000000,2.108e-16,7.531e-16
perm:49,seen,1/3/10/30/100,100,,0.977500,0.977500,0.970000,0.970000,,,0.740000,0.740000,0.751250,0.743750,,,,,,,0.052500,0.052500,0.057500,0.057500,0.915000,0.915000,0.895000,0.895000,0.313750,0.500000,0.298750,0.500000,,,,,,,0.000000,0.000000,0.000000,0.000000,4.885e-16,9.887e-16
perm:50,seen,1/3/10/30/100,1,,0.930000,0.930000,0.930000,0.930000,,,0.855000,0.855000,0.836250,0.843750,,,,,,,0.165000,0.165000,0.167500,0.167500,0.930000,0.930000,0.930000,0.930000,0.855000,0.855000,0.836250,0.843750,,,,,,,0.165000,0.165000,0.167500,0.167500,1.746e+00,6.816e-16
perm:51,seen,1/3/10/30/100,100,,0.995000,0.995000,0.995000,0.995000,,,0.815000,0.815000,0.798750,0.801250,,,,,,,0.127500,0.127500,0.127500,0.127500,0.866250,0.866250,0.878750,0.878750,0.702500,0.500000,0.552500,0.500000,,,,,,,0.000000,0.000000,0.000000,0.000000,4.996e-16,9.761e-16
perm:52,seen,1/3/10/30/100,100,,0.972500,0.972500,0.970000,0.970000,,,0.827500,0.827500,0.831250,0.830000,,,,,,,0.097500,0.097500,0.097500,0.097500,0.870000,0.870000,0.875000,0.875000,0.322500,0.500000,0.365000,0.500000,,,,,,,0.000000,0.000000,0.000000,0.000000,3.218e-16,8.498e-16
perm:53,seen,1/3/10/30/100,100,,0.935000,0.935000,0.935000,0.935000,,,0.845000,0.845000,0.845000,0.845000,,,,,,,0.225000,0.225000,0.220000,0.220000,0.713750,0.713750,0.713750,0.713750,0.520000,0.500000,0.435000,0.500000,,,,,,,0.000000,0.000000,0.000000,0.000000,2.828e-16,9.354e-16
perm:54,seen,1/3/10/30/100,1,,0.962500,0.962500,0.962500,0.962500,,,0.872500,0.872500,0.877500,0.875000,,,,,,,0.217500,0.217500,0.217500,0.217500,0.962500,0.962500,0.962500,0.962500,0.872500,0.872500,0.877500,0.875000,,,,,,,0.217500,0.217500,0.217500,0.217500,1.607e+00,1.070e-15
perm:55,seen,1/3/10/30/100,1,,0.927500,0.927500,0.925000,0.925000,,,0.872500,0.872500,0.870000,0.871250,,,,,,,0.230000,0.230000,0.235000,0.235000,0.927500,0.927500,0.925000,0.925000,0.872500,0.872500,0.870000,0.871250,,,,,,,0.230000,0.230000,0.235000,0.235000,1.438e+00,8.189e-16
perm:56,seen,1/3/10/30/100,100,,0.985000,0.985000,0.980000,0.980000,,,0.855000,0.855000,0.855000,0.855000,,,,,,,0.202500,0.202500,0.212500,0.212500,0.785000,0.785000,0.787500,0.787500,0.526250,0.500000,0.580000,0.500000,,,,,,,0.000000,0.000000,0.000000,0.000000,3.556e-16,6.958e-16
perm:57,seen,1/3/10/30/100,100,,0.900000,0.900000,0.902500,0.902500,,,0.832500,0.832500,0.831250,0.831250,,,,,,,0.190000,0.190000,0.182500,0.182500,0.720000,0.720000,0.725000,0.720000,0.597500,0.500000,0.491250,0.500000,,,,,,,0.001250,0.000000,0.000000,0.000000,2.940e-16,7.213e-16
perm:58,seen,1/3/10/30/100,100,,0.937500,0.937500,0.937500,0.937500,,,0.807500,0.807500,0.808750,0.808750,,,,,,,0.135000,0.135000,0.132500,0.132500,0.811250,0.811250,0.811250,0.811250,0.515000,0.500000,0.343750,0.500000,,,,,,,0.000000,0.000000,0.000000,0.000000,3.105e-16,6.940e-16
perm:59,seen,1/3/10/30/100,100,,0.920000,0.920000,0.920000,0.920000,,,0.820000,0.820000,0.825000,0.826250,,,,,,,0.100000,0.100000,0.105000,0.105000,0.812500,0.812500,0.805000,0.805000,0.365000,0.500000,0.523750,0.500000,,,,,,,0.000000,0.000000,0.000000,0.000000,4.358e-16,9.299e-16
perm:60,seen,1/3/10/30/100,100,,0.960000,0.960000,0.957500,0.957500,,,0.885000,0.885000,0.885000,0.885000,,,,,,,0.242500,0.242500,0.247500,0.247500,0.720000,0.720000,0.720000,0.720000,0.553750,0.500000,0.558750,0.500000,,,,,,,0.000000,0.000000,0.000000,0.000000,2.862e-16,9.909e-16
perm:61,seen,1/3/10/30/100,1,,0.975000,0.975000,0.967500,0.967500,,,0.865000,0.865000,0.865000,0.865000,,,,,,,0.152500,0.152500,0.160000,0.160000,0.975000,0.975000,0.967500,0.967500,0.865000,0.865000,0.865000,0.865000,,,,,,,0.152500,0.152500,0.160000,0.160000,1.552e+00,9.049e-16
perm:62,seen,1/3/10/30/100,100,,0.977500,0.977500,0.972500,0.972500,,,0.812500,0.812500,0.815000,0.815000,,,,,,,0.120000,0.120000,0.130000,0.130000,0.856250,0.856250,0.857500,0.857500,0.477500,0.500000,0.517500,0.500000,,,,,,,0.000000,0.000000,0.001250,0.000000,3.990e-16,7.100e-16
perm:63,seen,1/3/10/30/100,1,,0.975000,0.975000,0.975000,0.975000,,,0.890000,0.890000,0.895000,0.895000,,,,,,,0.162500,0.162500,0.160000,0.160000,0.975000,0.975000,0.975000,0.975000,0.890000,0.890000,0.895000,0.895000,,,,,,,0.162500,0.162500,0.160000,0.160000,2.184e+00,9.484e-16
perm:64,seen,1/3/10/30/100,100,,0.972500,0.972500,0.972500,0.972500,,,0.852500,0.852500,0.855000,0.855000,,,,,,,0.150000,0.150000,0.137500,0.137500,0.837500,0.837500,0.837500,0.837500,0.513750,0.500000,0.391250,0.500000,,,,,,,0.000000,0.000000,0.000000,0.000000,4.663e-16,4.996e-16
perm:65,seen,1/3/10/30/100,100,,0.972500,0.972500,0.965000,0.965000,,,0.835000,0.835000,0.832500,0.832500,,,,,,,0.107500,0.107500,0.117500,0.117500,0.857500,0.857500,0.842500,0.842500,0.458750,0.500000,0.532500,0.500000,,,,,,,0.000000,0.000000,0.000000,0.000000,4.666e-16,8.389e-16
perm:66,seen,1/3/10/30/100,100,,0.970000,0.970000,0.967500,0.967500,,,0.860000,0.860000,0.855000,0.855000,,,,,,,0.155000,0.155000,0.166250,0.162500,0.808750,0.808750,0.811250,0.811250,0.506250,0.500000,0.623750,0.500000,,,,,,,0.000000,0.000000,0.000000,0.000000,4.337e-16,8.155e-16
perm:67,seen,1/3/10/30/100,100,,0.945000,0.945000,0.937500,0.937500,,,0.865000,0.865000,0.866250,0.865000,,,,,,,0.187500,0.187500,0.187500,0.187500,0.752500,0.752500,0.755000,0.755000,0.648750,0.500000,0.460000,0.500000,,,,,,,0.000000,0.000000,0.000000,0.000000,6.106e-16,7.299e-16
perm:68,seen,1/3/10/30/100,1,,0.992500,0.992500,0.992500,0.992500,,,0.792500,0.792500,0.795000,0.793750,,,,,,,0.100000,0.100000,0.105000,0.105000,0.992500,0.992500,0.992500,0.992500,0.792500,0.792500,0.795000,0.793750,,,,,,,0.100000,0.100000,0.105000,0.105000,1.217e+00,1.004e-15
perm:69,seen,1/3/10/30/100,1,,0.997500,0.997500,0.995000,0.995000,,,0.885000,0.885000,0.885000,0.888750,,,,,,,0.155000,0.155000,0.150000,0.150000,0.997500,0.997500,0.995000,0.995000,0.885000,0.885000,0.885000,0.888750,,,,,,,0.155000,0.155000,0.150000,0.150000,1.697e+00,1.239e-15
perm:70,seen,1/3/10/30/100,1,,0.995000,0.995000,0.992500,0.992500,,,0.877500,0.877500,0.880000,0.877500,,,,,,,0.210000,0.210000,0.187500,0.187500,0.995000,0.995000,0.992500,0.992500,0.877500,0.877500,0.880000,0.877500,,,,,,,0.210000,0.210000,0.187500,0.187500,1.612e+00,1.196e-15
perm:71,seen,1/3/10/30/100,1,,1.000000,1.000000,1.000000,1.000000,,,0.875000,0.875000,0.870000,0.870000,,,,,,,0.130000,0.130000,0.122500,0.122500,1.000000,1.000000,1.000000,1.000000,0.875000,0.875000,0.870000,0.870000,,,,,,,0.130000,0.130000,0.122500,0.122500,1.966e+00,8.487e-16
perm:72,seen,1/3/10/30/100,100,,0.932500,0.932500,0.937500,0.937500,,,0.842500,0.842500,0.862500,0.855000,,,,,,,0.130000,0.130000,0.125000,0.125000,0.808750,0.808750,0.798750,0.798750,0.483750,0.500000,0.683750,0.500000,,,,,,,0.000000,0.000000,0.000000,0.000000,2.671e-16,6.301e-16
perm:73,seen,1/3/10/30/100,1,,0.970000,0.970000,0.965000,0.965000,,,0.837500,0.837500,0.837500,0.837500,,,,,,,0.112500,0.112500,0.110000,0.110000,0.970000,0.970000,0.965000,0.965000,0.837500,0.837500,0.837500,0.837500,,,,,,,0.112500,0.112500,0.110000,0.110000,1.150e+00,7.299e-16
perm:74,seen,1/3/10/30/100,1,,0.972500,0.972500,0.970000,0.970000,,,0.920000,0.920000,0.920000,0.920000,,,,,,,0.302500,0.302500,0.305000,0.305000,0.972500,0.972500,0.970000,0.970000,0.920000,0.920000,0.920000,0.920000,,,,,,,0.302500,0.302500,0.305000,0.305000,1.413e+00,9.662e-16
perm:75,seen,1/3/10/30/100,100,,0.970000,0.970000,0.970000,0.970000,,,0.787500,0.787500,0.782500,0.782500,,,,,,,0.140000,0.140000,0.140000,0.140000,0.828750,0.828750,0.832500,0.832500,0.497500,0.500000,0.590000,0.500000,,,,,,,0.000000,0.000000,0.000000,0.000000,5.690e-16,8.647e-16
perm:76,seen,1/3/10/30/100,100,,0.987500,0.987500,0.987500,0.987500,,,0.772500,0.772500,0.775000,0.772500,,,,,,,0.080000,0.080000,0.075000,0.075000,0.915000,0.915000,0.915000,0.915000,0.466250,0.500000,0.546250,0.500000,,,,,,,0.000000,0.000000,0.000000,0.000000,1.311e-15,1.154e-15
perm:77,seen,1/3/10/30/100,100,,0.932500,0.932500,0.932500,0.932500,,,0.825000,0.825000,0.807500,0.807500,,,,,,,0.150000,0.150000,0.145000,0.145000,0.795000,0.795000,0.785000,0.785000,0.652500,0.500000,0.438750,0.500000,,,,,,,0.000000,0.000000,0.000000,0.000000,4.666e-16,4.768e-16
perm:78,seen,1/3/10/30/100,100,,0.952500,0.952500,0.947500,0.947500,,,0.822500,0.822500,0.823750,0.827500,,,,,,,0.112500,0.112500,0.122500,0.122500,0.830000,0.830000,0.830000,0.830000,0.496250,0.500000,0.533750,0.500000,,,,,,,0.000000,0.000000,0.000000,0.000000,2.385e-16,9.463e-16
perm:79,seen,1/3/10/30/100,100,,0.952500,0.952500,0.952500,0.952500,,,0.787500,0.787500,0.805000,0.805000,,,,,,,0.122500,0.122500,0.115000,0.115000,0.837500,0.837500,0.837500,0.837500,0.350000,0.500000,0.612500,0.500000,,,,,,,0.000000,0.000000,-0.002500,0.000000,6.219e-16,1.018e-15
perm:80,seen,1/3/10/30/100,100,,0.920000,0.920000,0.915000,0.915000,,,0.835000,0.835000,0.820000,0.821250,,,,,,,0.152500,0.152500,0.160000,0.160000,0.765000,0.765000,0.760000,0.760000,0.463750,0.500000,0.546250,0.500000,,,,,,,0.000000,0.000000,0.000000,0.000000,2.220e-16,7.784e-16
perm:81,seen,1/3/10/30/100,100,,0.982500,0.982500,0.977500,0.977500,,,0.847500,0.847500,0.851250,0.850000,,,,,,,0.140000,0.140000,0.147500,0.147500,0.833750,0.833750,0.837500,0.837500,0.448750,0.500000,0.476250,0.500000,,,,,,,0.000000,0.000000,-0.003750,0.000000,5.777e-16,9.261e-16
perm:82,seen,1/3/10/30/100,1,,0.975000,0.975000,0.972500,0.972500,,,0.932500,0.932500,0.932500,0.932500,,,,,,,0.295000,0.295000,0.297500,0.297500,0.975000,0.975000,0.972500,0.972500,0.932500,0.932500,0.932500,0.932500,,,,,,,0.295000,0.295000,0.297500,0.297500,1.658e+00,1.030e-15
perm:83,seen,1/3/10/30/100,1,,1.000000,1.000000,1.000000,1.000000,,,0.852500,0.852500,0.840000,0.837500,,,,,,,0.125000,0.125000,0.125000,0.125000,1.000000,1.000000,1.000000,1.000000,0.852500,0.852500,0.840000,0.837500,,,,,,,0.125000,0.125000,0.125000,0.125000,1.475e+00,7.776e-16
perm:84,seen,1/3/10/30/100,1,,1.000000,1.000000,1.000000,1.000000,,,0.905000,0.905000,0.910000,0.910000,,,,,,,0.247500,0.247500,0.255000,0.255000,1.000000,1.000000,1.000000,1.000000,0.905000,0.905000,0.910000,0.910000,,,,,,,0.247500,0.247500,0.255000,0.255000,1.761e+00,1.233e-15
perm:85,seen,1/3/10/30/100,100,,0.960000,0.960000,0.965000,0.965000,,,0.810000,0.810000,0.812500,0.812500,,,,,,,0.152500,0.152500,0.145000,0.145000,0.820000,0.820000,0.810000,0.810000,0.398750,0.500000,0.502500,0.500000,,,,,,,0.000000,0.000000,0.000000,0.000000,4.892e-16,7.146e-16
perm:86,seen,1/3/10/30/100,100,,0.992500,0.992500,0.987500,0.987500,,,0.847500,0.847500,0.847500,0.842500,,,,,,,0.132500,0.132500,0.142500,0.142500,0.850000,0.850000,0.855000,0.855000,0.461250,0.500000,0.551250,0.500000,,,,,,,0.000000,0.000000,0.000000,0.000000,3.678e-16,1.101e-15
perm:87,seen,1/3/10/30/100,1,,0.987500,0.987500,0.985000,0.985000,,,0.845000,0.845000,0.845000,0.845000,,,,,,,0.135000,0.135000,0.137500,0.137500,0.987500,0.987500,0.985000,0.985000,0.845000,0.845000,0.845000,0.845000,,,,,,,0.135000,0.135000,0.137500,0.137500,1.783e+00,7.142e-16
perm:88,seen,1/3/10/30/100,100,,0.917500,0.917500,0.910000,0.910000,,,0.797500,0.797500,0.797500,0.797500,,,,,,,0.127500,0.127500,0.142500,0.142500,0.772500,0.772500,0.782500,0.782500,0.452500,0.500000,0.535000,0.500000,,,,,,,0.000000,0.000000,0.000000,0.000000,2.446e-16,6.367e-16
perm:89,seen,1/3/10/30/100,100,,0.895000,0.895000,0.895000,0.895000,,,0.830000,0.830000,0.827500,0.826250,,,,,,,0.172500,0.172500,0.172500,0.172500,0.730000,0.730000,0.730000,0.730000,0.587500,0.500000,0.670000,0.500000,,,,,,,0.000000,0.000000,0.000000,0.000000,2.442e-16,8.945e-16
perm:90,seen,1/3/10/30/100,100,,0.975000,0.975000,0.975000,0.975000,,,0.835000,0.835000,0.840000,0.840000,,,,,,,0.130000,0.130000,0.122500,0.122500,0.843750,0.843750,0.842500,0.842500,0.785000,0.500000,0.513750,0.500000,,,,,,,0.000000,0.000000,-0.001250,0.000000,3.157e-16,1.004e-15
perm:91,seen,1/3/10/30/100,1,,0.978750,0.978750,0.977500,0.977500,,,0.912500,0.912500,0.912500,0.912500,,,,,,,0.222500,0.222500,0.223750,0.223750,0.978750,0.978750,0.977500,0.977500,0.912500,0.912500,0.912500,0.912500,,,,,,,0.222500,0.222500,0.223750,0.223750,1.767e+00,6.768e-16
perm:92,seen,1/3/10/30/100,100,,0.975000,0.975000,0.980000,0.980000,,,0.840000,0.840000,0.841250,0.845000,,,,,,,0.160000,0.160000,0.160000,0.160000,0.818750,0.818750,0.815000,0.815000,0.427500,0.500000,0.505000,0.500000,,,,,,,0.000000,0.000000,-0.001250,0.000000,4.662e-16,9.221e-16
perm:93,seen,1/3/10/30/100,1,,0.960000,0.960000,0.960000,0.960000,,,0.847500,0.847500,0.845000,0.846250,,,,,,,0.180000,0.180000,0.180000,0.180000,0.960000,0.960000,0.960000,0.960000,0.847500,0.847500,0.845000,0.846250,,,,,,,0.180000,0.180000,0.180000,0.180000,1.628e+00,1.213e-15
perm:94,seen,1/3/10/30/100,100,,0.925000,0.925000,0.927500,0.927500,,,0.812500,0.812500,0.820000,0.821250,,,,,,,0.167500,0.167500,0.165000,0.165000,0.765000,0.765000,0.770000,0.765000,0.466250,0.500000,0.478750,0.500000,,,,,,,0.010000,0.000000,0.000000,0.000000,3.660e-16,8.052e-16
perm:95,seen,1/3/10/30/100,1,,0.957500,0.957500,0.955000,0.955000,,,0.847500,0.847500,0.845000,0.845000,,,,,,,0.127500,0.127500,0.135000,0.135000,0.957500,0.957500,0.955000,0.955000,0.847500,0.847500,0.845000,0.845000,,,,,,,0.127500,0.127500,0.135000,0.135000,1.623e+00,8.042e-16
perm:96,seen,1/3/10/30/100,1,,1.000000,1.000000,0.997500,0.997500,,,0.872500,0.872500,0.855000,0.855000,,,,,,,0.172500,0.172500,0.170000,0.170000,1.000000,1.000000,0.997500,0.997500,0.872500,0.872500,0.855000,0.855000,,,,,,,0.172500,0.172500,0.170000,0.170000,1.746e+00,1.344e-15
perm:97,seen,1/3/10/30/100,1,,0.965000,0.965000,0.967500,0.967500,,,0.917500,0.917500,0.922500,0.922500,,,,,,,0.235000,0.235000,0.232500,0.232500,0.965000,0.965000,0.967500,0.967500,0.917500,0.917500,0.922500,0.922500,,,,,,,0.235000,0.235000,0.232500,0.232500,1.830e+00,8.959e-16
perm:98,seen,1/3/10/30/100,100,,0.955000,0.955000,0.960000,0.960000,,,0.830000,0.830000,0.825000,0.827500,,,,,,,0.125000,0.125000,0.117500,0.117500,0.835000,0.835000,0.835000,0.835000,0.248750,0.500000,0.660000,0.500000,,,,,,,0.000000,0.000000,0.000000,0.000000,3.886e-16,6.223e-16
cal:FC:0,world,100.0,100,,1.000000,1.000000,1.000000,1.000000,0.720000,0.600000,1.000000,1.000000,1.000000,1.000000,1.000000,1.000000,0.280000,0.400000,0.280000,0.400000,0.445000,0.445000,0.355000,0.400000,0.600000,0.600000,0.480000,0.600000,0.000000,0.500000,0.500000,0.500000,0.315000,0.575000,-0.240000,0.000000,-0.120000,0.000000,-0.075000,0.000000,0.000000,0.000000,1.162e-16,7.740e-16
cal:FC:1,world,100.0,100,,1.000000,1.000000,1.000000,1.000000,0.720000,0.600000,1.000000,1.000000,1.000000,1.000000,1.000000,1.000000,0.280000,0.400000,0.280000,0.400000,0.445000,0.445000,0.355000,0.400000,0.600000,0.600000,0.480000,0.600000,0.000000,0.500000,0.500000,0.500000,0.315000,0.575000,-0.240000,0.000000,-0.120000,0.000000,-0.075000,0.000000,0.000000,0.000000,1.162e-16,7.740e-16
cal:FC:2,world,100.0,100,,1.000000,1.000000,1.000000,1.000000,0.720000,0.600000,1.000000,1.000000,1.000000,1.000000,1.000000,1.000000,0.280000,0.400000,0.280000,0.400000,0.445000,0.445000,0.355000,0.400000,0.600000,0.600000,0.480000,0.600000,0.000000,0.500000,0.500000,0.500000,0.315000,0.575000,-0.240000,0.000000,-0.120000,0.000000,-0.075000,0.000000,0.000000,0.000000,1.162e-16,7.740e-16
cal:FC:3,world,100.0,100,,1.000000,1.000000,1.000000,1.000000,0.720000,0.600000,1.000000,1.000000,1.000000,1.000000,1.000000,1.000000,0.280000,0.400000,0.280000,0.400000,0.445000,0.445000,0.355000,0.400000,0.600000,0.600000,0.480000,0.600000,0.000000,0.500000,0.500000,0.500000,0.315000,0.575000,-0.240000,0.000000,-0.120000,0.000000,-0.075000,0.000000,0.000000,0.000000,1.162e-16,7.740e-16
cal:FC:4,world,100.0,100,,1.000000,1.000000,1.000000,1.000000,0.720000,0.600000,1.000000,1.000000,1.000000,1.000000,1.000000,1.000000,0.280000,0.400000,0.280000,0.400000,0.445000,0.445000,0.355000,0.400000,0.600000,0.600000,0.480000,0.600000,0.000000,0.500000,0.500000,0.500000,0.315000,0.575000,-0.240000,0.000000,-0.120000,0.000000,-0.075000,0.000000,0.000000,0.000000,1.162e-16,7.740e-16
cal:FN1:0,world,1/3/10/30/100,1,,0.997500,0.997500,0.997500,0.997500,0.640000,0.600000,0.997500,0.997500,0.997500,0.997500,0.997500,0.997500,0.357500,0.397500,0.357500,0.397500,0.427500,0.427500,0.432500,0.397500,0.997500,0.997500,0.997500,0.997500,0.997500,0.997500,0.997500,0.997500,0.997500,0.997500,0.357500,0.397500,0.357500,0.397500,0.427500,0.427500,0.432500,0.397500,1.849e+00,1.127e-15
cal:FN1:1,world,1/3/10/30/100,1,,0.997500,0.997500,0.997500,0.997500,0.707500,0.707500,0.985000,0.985000,0.985000,0.985000,0.995000,0.995000,0.290000,0.290000,0.290000,0.290000,0.292500,0.292500,0.297500,0.297500,0.997500,0.997500,0.997500,0.997500,0.985000,0.985000,0.985000,0.985000,0.995000,0.995000,0.290000,0.290000,0.290000,0.290000,0.292500,0.292500,0.297500,0.297500,2.206e+00,8.490e-16
cal:FN1:2,world,1/3/10/30/100,1,,0.997500,0.997500,0.997500,0.997500,0.707500,0.707500,0.985000,0.985000,0.985000,0.985000,0.995000,0.995000,0.290000,0.290000,0.290000,0.290000,0.292500,0.292500,0.297500,0.297500,0.997500,0.997500,0.997500,0.997500,0.985000,0.985000,0.985000,0.985000,0.995000,0.995000,0.290000,0.290000,0.290000,0.290000,0.292500,0.292500,0.297500,0.297500,2.206e+00,8.639e-16
cal:FN1:3,world,1/3/10/30/100,1,,0.997500,0.997500,0.997500,0.997500,0.600000,0.600000,0.997500,0.997500,0.997500,0.997500,0.997500,0.997500,0.397500,0.397500,0.397500,0.397500,0.427500,0.427500,0.430000,0.397500,0.997500,0.997500,0.997500,0.997500,0.997500,0.997500,0.997500,0.997500,0.997500,0.997500,0.397500,0.397500,0.397500,0.397500,0.427500,0.427500,0.430000,0.397500,1.849e+00,1.054e-15
cal:FN1:4,world,1/3/10/30/100,1,,0.997500,0.997500,0.997500,0.997500,0.620000,0.620000,0.995000,0.995000,0.992500,0.995000,0.995000,0.995000,0.377500,0.377500,0.377500,0.377500,0.375000,0.375000,0.385000,0.382500,0.997500,0.997500,0.997500,0.997500,0.995000,0.995000,0.992500,0.995000,0.995000,0.995000,0.377500,0.377500,0.377500,0.377500,0.375000,0.375000,0.385000,0.382500,1.886e+00,7.633e-16
cal:FN2:0,world,1/3/10/30/100,1,,0.995000,0.995000,0.992500,0.992500,0.721250,0.720000,0.972500,0.972500,0.970000,0.970000,0.990000,0.990000,0.271250,0.272500,0.273750,0.275000,0.247500,0.247500,0.275000,0.275000,0.995000,0.995000,0.992500,0.992500,0.972500,0.972500,0.970000,0.970000,0.990000,0.990000,0.271250,0.272500,0.273750,0.275000,0.247500,0.247500,0.275000,0.275000,2.082e+00,1.166e-15
cal:FN2:1,world,1/3/10/30/100,1,,0.985000,0.985000,0.985000,0.985000,0.640000,0.640000,0.977500,0.977500,0.975000,0.977500,0.977500,0.977500,0.345000,0.345000,0.345000,0.345000,0.367500,0.367500,0.377500,0.370000,0.985000,0.985000,0.985000,0.985000,0.977500,0.977500,0.975000,0.977500,0.977500,0.977500,0.345000,0.345000,0.345000,0.345000,0.367500,0.367500,0.377500,0.370000,1.728e+00,6.817e-16
cal:FN2:2,world,1/3/10/30/100,1,,0.985000,0.985000,0.985000,0.985000,0.640000,0.640000,0.977500,0.977500,0.978750,0.977500,0.977500,0.977500,0.345000,0.345000,0.345000,0.345000,0.340000,0.340000,0.322500,0.325000,0.985000,0.985000,0.985000,0.985000,0.977500,0.977500,0.978750,0.977500,0.977500,0.977500,0.345000,0.345000,0.345000,0.345000,0.340000,0.340000,0.322500,0.325000,1.748e+00,7.664e-16
cal:FN2:3,world,1/3/10/30/100,1,,0.997500,0.997500,0.997500,0.997500,0.727500,0.727500,0.955000,0.955000,0.960000,0.955000,0.960000,0.960000,0.270000,0.270000,0.270000,0.270000,0.275000,0.275000,0.278750,0.275000,0.997500,0.997500,0.997500,0.997500,0.955000,0.955000,0.960000,0.955000,0.960000,0.960000,0.270000,0.270000,0.270000,0.270000,0.275000,0.275000,0.278750,0.275000,1.727e+00,1.041e-15
cal:FN2:4,world,1/3/10/30/100,1,,0.992500,0.992500,0.992500,0.992500,0.718750,0.710000,0.962500,0.962500,0.963750,0.962500,0.972500,0.972500,0.273750,0.282500,0.273750,0.282500,0.290000,0.290000,0.295000,0.290000,0.992500,0.992500,0.992500,0.992500,0.962500,0.962500,0.963750,0.962500,0.972500,0.972500,0.273750,0.282500,0.273750,0.282500,0.290000,0.290000,0.295000,0.290000,2.045e+00,1.220e-15
