# C6 folds; spec=docs/plans/2026-09-23-c6-control-specification.md sha256=32f2e403a30a6669c9d93ffb07acbfa3147d20c1804a853071724440a030f261 (LF-normalised); generator=results/genome/c6/make_folds.py sha256=700ce69ee57ca7df661647a77e1aa248d7da962e5eaec39617e37305b1b4779e (LF-normalised); key=sha256('C6-v1:'+pair_birth_id); fold=rank mod 10 within stratum; see folds.meta.json
src,tar,src_birth_id,tar_birth_id,pair_birth_id,stratum,flag,fold_key_sha256,rank_in_stratum,fold
Am,Am,ae7eec9cc6aa,ae7eec9cc6aa,9329e3b535d0,empty,,5325903a8ab0d57e4e3e5110ba02c2561894ce0aee96352aa87f2c973483a867,1166,6
Am,C2,ae7eec9cc6aa,ac7377b4f393,21ffbb33d36c,nonempty,,03c0a13429c75087bc1e58a153ff49e3d01d08e08b67125e1b7f5c81c90b2cdd,11,1
Am,C3,ae7eec9cc6aa,6182a4f16e6d,e8e99be360fe,nonempty,,098cf7a930a9c2fd3e95a4b0b441dcbdedab1f8842125ba579bfbc1b96b9c1fa,36,6
Am,CT1(Lo1),ae7eec9cc6aa,7c280b5b9f34,a2be653d19f4,empty,,dcebc09a90b7411ff15992272d7d60c8e5f808fd84e7560a44595313b6d5c45a,3119,9
Am,CT1(M10),ae7eec9cc6aa,63667a4a1a53,33d13ccd2ae2,empty,,8ad37b21931b2809e9ad3651c6559c37236a97cbc4d6565942d9294789438097,1966,6
Am,L1,ae7eec9cc6aa,ad5110ebac00,7f36cc9fe4e0,nonempty,,dae1cc442cd51620ce35c91da5dc2b2a70f44c7e84cf4d2b164c66981883b69e,520,0
Am,L2,ae7eec9cc6aa,36f25ce16c8f,51e1a8237a96,nonempty,,99fad1ddc83eaf5a5dbd5a5a4a93fa4d290a5b17e920c8fb46e8ee91444791b5,367,7
Am,L3,ae7eec9cc6aa,fd5e84317740,e6842946cc29,nonempty,,8c1e7cb6033c94e114a057e7ceb517b955de6a03ef8018944a4d1139a7a70dfc,332,2
Am,L4,ae7eec9cc6aa,7c19534e0d84,f356949efd24,nonempty,,55bba48ce62ab8ecc691478e8bb43c924c7ed505c3d0caac38f269a199312eab,197,7
Am,L5,ae7eec9cc6aa,cc98a8db805e,347b2a83a25a,empty,,836b2a645c7c2b01d8e7ab6653e355a5d53b874bd573d39f89ee06fcb4c56be3,1867,7
Am,Lawf1,ae7eec9cc6aa,2627beca1340,bf67b27567e9,empty,,2df3185f2617ec420fd32fad70598c99a8f6f745331b21a42cc7dce840e001a9,633,3
Am,Lawf2,ae7eec9cc6aa,3a1e8d7d01c3,90f03d3adc23,empty,,f0e8c43567451604743baad44370bac61300d17f7303450679bd4d5237928ff2,3400,0
Am,Mi1,ae7eec9cc6aa,af1ee12c7a13,cf638d6345ed,empty,,f5460c80544c60563e7560d875bdea0f0d473f58f9a18d3d122c9c8339b19d77,3467,7
Am,Mi10,ae7eec9cc6aa,59362ec08e0b,f59fe5962ee6,empty,,305c240acd244d7b69a842c846314e72a7ff1f4c13577bee758beedd495d174f,674,4
Am,Mi11,ae7eec9cc6aa,f8c7207459cd,9019b9db14a5,empty,,93453f891d75bf61d1cf9d66b9cb8c61b19de1344dd92d3c8fa1ca5e23fe20fc,2096,6
Am,Mi12,ae7eec9cc6aa,22599a5bd694,37768cdc18e3,empty,,aae04ab11d6f7fa5a68f478d6715e5f3fc72ad412c2cf0786b4ebbe433b05a68,2447,7
Am,Mi13,ae7eec9cc6aa,7fd7d345df8e,2ee6d5cc938a,empty,,c14d7a300f1c7d40056538da7929241450af9b68d6029983ad02551f916ed27a,2730,0
Am,Mi14,ae7eec9cc6aa,b33da6e1384a,c2c66b87bb6e,empty,,879d5984db910b932421c1c0cf64f950ca59164cc6b7d9e589f5ae7ee27527b7,1932,2
Am,Mi15,ae7eec9cc6aa,4dd1eb26b0df,b420198c9d70,empty,,6427f973687c77780f08c0cb2eda7a5ac5ce32640441c6568b9a004a2daf997a,1421,1
Am,Mi2,ae7eec9cc6aa,8d98b9eb6175,106c29e7c777,empty,,ea038301640aa97af25f4e3fc8709b3dcf54043bd024dfc573b6406dc8a5fc74,3313,3
Am,Mi3,ae7eec9cc6aa,0172ab6332cf,376850c359b9,empty,,318519fb9809cee855d6e54243e064f613572ff349efb1806c1c547e9a9881ee,691,1
Am,Mi4,ae7eec9cc6aa,7c9f2d10b0f7,a82d6ecae7b0,empty,,a5b62ea8d2ef30c32fb9e68c1f9dd994f83f7a66a6e20e5883390fdc06e58752,2377,7
Am,Mi9,ae7eec9cc6aa,760f78ba3287,28d904e76ee0,empty,,ba0feef5caeb42b6eaa4d0ed5d28113fa0d0962a210ecf50dcd01941f853cb13,2642,2
Am,R1,ae7eec9cc6aa,9654b247b494,f087ac945f65,nonempty,,5e2477d55a9916fa65e07522de0c80f81d607a0c24f5e81c5835f4008df58c6a,217,7
Am,R2,ae7eec9cc6aa,b075082bb026,9b8688e42334,nonempty,,3a5494b82c56f27456b525392693d7e6ca4897a8dfde676a183cee3315ed6cc2,149,9
Am,R3,ae7eec9cc6aa,a9358d78ca90,54bc39a98b43,empty,,ff7cdba728a14d48c585cf938aef85e5f7e9d5a1166775e006c52cd769d92cbf,3614,4
Am,R4,ae7eec9cc6aa,d54d0db004dc,1e83a82e5c40,nonempty,,d1f34a21ed62f19985961a03bd63a807a9976b90050cd5402f9aa3bc76f2208b,492,2
Am,R5,ae7eec9cc6aa,bf135de1db2a,c76d4e39de2d,nonempty,,b921781741a089dadf0597d31c8c3576e2a7e2ea3d93707ccaaffad0fae5901e,429,9
Am,R6,ae7eec9cc6aa,ef2dad65a896,5bd512de8d91,empty,,3e250573b5ca7a878da76b170f520505680c2500345280d2d48cf56f2578e894,873,3
Am,R7,ae7eec9cc6aa,ee8007a1d4ca,9a3132e29dbb,empty,,c71f5c7ee5683afcb4d10a7af0cda397b13d9904d5b13b0905b6b96ebd85ec2a,2819,9
Am,R8,ae7eec9cc6aa,8c5b077524c1,20aa3bdde54f,empty,,d3f7567a7ae7ed3562e8994a7625a9215e33bb7fc2a3b726f17237c1fbec37db,2994,4
Am,T1,ae7eec9cc6aa,7fccce4faa2f,99c796503da4,nonempty,,8a34a37988d2914d3a6ab2079b2105b29066830eba21c2c98d7645ff20fa4791,326,6
Am,T2,ae7eec9cc6aa,2c81c87fcf2c,18d7753d33d9,empty,,8f06a27f798fea969d259e47be063398eb7851c5477b8cc7d74a3dc8cf5cf1f6,2028,8
Am,T2a,ae7eec9cc6aa,e4707238632a,21670850c791,empty,,9d68e0052255479540b7c17914639c83a964c866b550b9c6e116c41565fb2869,2238,8
Am,T3,ae7eec9cc6aa,3b9aa8bb490c,399a41cc3f2c,empty,,4c0742af49a852bbc5596035e1970e24a78ff6d8f76028dd705c4fb37b44ebcc,1057,7
Am,T4a,ae7eec9cc6aa,a722a78be07c,0b5e21f3e3fe,empty,,751054e4a10ac8220c47974d735a46daeeb53cb533c0ff23687ef006f32a5b88,1677,7
Am,T4b,ae7eec9cc6aa,8dac2399d9d3,226bd9b5af9d,empty,,6c12163f86e5ed3b38dca039b892d521edc0cbc9f109a8ebf530a6e05994b73a,1543,3
Am,T4c,ae7eec9cc6aa,3a2a1325fb93,7766612e9cd1,empty,,9dee49ed0676f97eedee94fe887b6c3d3248dbc541dbea446ed04a5925dae173,2250,0
Am,T4d,ae7eec9cc6aa,0645a54521a8,19e876446334,empty,,3f2807ae183feaf8834e92716f97282ba38413a18b97c973fac3280593ae28ef,885,5
Am,T5a,ae7eec9cc6aa,9fd1579bc37e,be1c03006308,empty,,6ae866fa3598489e432f072846cbdd237dd6569a16b92f1203836d886cb38b0d,1519,9
Am,T5b,ae7eec9cc6aa,3c304e466112,11de05935951,empty,,f903b965b3e1e88f492818cbad3fad537f0df5da9f9c020ee8b08398b48fd3ce,3516,6
Am,T5c,ae7eec9cc6aa,4236c6342cc5,08f1754a0ff4,empty,,d6101e639f1fb3c8c7d8872827940c63b8f559b1b9e85c1fa9bdbbb3aa8218ea,3021,1
Am,T5d,ae7eec9cc6aa,f0bbaae7f4af,6efde2380d14,empty,,799770105458fc57c10da80fb4c3e511e142e15ca7b7232e424399d383e94b96,1739,9
Am,Tm1,ae7eec9cc6aa,6b080cbcddcf,cbe7d44e2938,empty,,af65ea39930c1a52a0d4fc8279670007b7729e2c525707d49f6b0025c2c91374,2512,2
Am,Tm16,ae7eec9cc6aa,7a0908bbdc11,957609189fad,empty,,309aa2cefc5ee99d3ec0bda3a1dad7d21eac3996339fbbc7a3c8bcc2fc579e80,678,8
Am,Tm2,ae7eec9cc6aa,1716679973ed,84d9253a99ba,empty,,71b87d61d5bd4b967322bd272d09e7728b5a11adef98d8a5e4f80919ae12f9bb,1622,2
Am,Tm20,ae7eec9cc6aa,5202f2beeefe,822e2f3512f1,empty,,96043bf7bc300ef32b95c183accbddb78045301fe37ece83df7b19da5beb0804,2137,7
Am,Tm28,ae7eec9cc6aa,0a8ba80929dc,5f16219df671,empty,,fc01a704caf57055b6abe90bc3ae4b4514581830439b7bdf899bb092c82f1840,3555,5
Am,Tm3,ae7eec9cc6aa,1d04dc9e4e44,556397e197de,empty,,f8b3587079437891db90f6e5c99461e491e7df8d0890303937f5c1f059b26813,3509,9
Am,Tm30,ae7eec9cc6aa,fabbe5261153,d5fb1eecc810,empty,,fdf376f853acdff964864f084d5577312b0faefbac353f54264e2510c6124d03,3594,4
Am,Tm4,ae7eec9cc6aa,8f9d79739978,d56fb2eb4843,empty,,12914c71bf32a54a93a47142351f48034a21dce963053957a21b93b791a7d71a,241,1
Am,Tm5Y,ae7eec9cc6aa,05257d37421c,eb246e837802,empty,,e847ea772c0bc84c990ae9f2544c0e3d16043c7910bfe2a9733e5585f2d991b2,3272,2
Am,Tm5a,ae7eec9cc6aa,e2174a9084c8,329c69a7df1d,empty,,5a47d30b61678f342b6743a304325e513693e3ab396e7785bd7eda5576abcd00,1287,7
Am,Tm5b,ae7eec9cc6aa,5bd7d91f26e1,ca21327ee420,empty,,82de1ec28b2b2a7ec74939a52c5eca71d423649879b8255faae7147114e5f6d9,1856,6
Am,Tm5c,ae7eec9cc6aa,2455576c666d,d50d5f3d6899,empty,,fcb3c74e9b281be2b43048c1584608f1d8673af0474e5672de5ad0f44a877de5,3570,0
Am,Tm9,ae7eec9cc6aa,d00cef6913df,ab3f925caa6b,empty,,469203b36a7d13c2cca5accfdb0ab1e39f5b37f51bdf8e56815b8379940b72b7,989,9
Am,TmY10,ae7eec9cc6aa,d1d3392c46d1,d343c96b4892,empty,,7e7f4dbe0d929c2706a96dc7baf8391b1a28775136ec5f0d0107249dafc6b0ac,1798,8
Am,TmY13,ae7eec9cc6aa,e8c21941580e,0c7ae1269b8e,empty,,8fc256ce7f4776f21f39223c42033dc2292bcf7f6c36b9d9603e6d80d4c903ce,2041,1
Am,TmY14,ae7eec9cc6aa,28a670a5d3c8,f5a1dbb99e21,empty,,5da02962f2c8ba63dcab204504638b324226323eb54f84609293689de04f6290,1340,0
Am,TmY15,ae7eec9cc6aa,18fb00442a43,5cd241d01498,empty,,fde098b6d116adf2a7b52cdecd3520f7674db4f4721a5f4db73091f2674b12c5,3592,2
Am,TmY18,ae7eec9cc6aa,dd5eb1fb0caf,f2c9fe84fb83,empty,,5a804c9d47d029184cbddbc77d830861ed697cc41ed43a518413ce747dfc5887,1290,0
Am,TmY3,ae7eec9cc6aa,607b8ed34a33,d39373a0d0ec,empty,,961955d8835e96976506a5faa5802dd24c4331bbe12d91e777d62cd92d787f87,2139,9
Am,TmY4,ae7eec9cc6aa,887ba31d1e5d,f987450e7c1d,empty,,08afe300f1fdd1168bc728a92cc21df8d9e59f8de91ce80239708353dce66d1a,108,8
Am,TmY5a,ae7eec9cc6aa,3ad6ff7262ce,7f0aa524945f,empty,,5613aa70b893d47a6707ae40a77cf3358098346d007ec341615ac6e73ea625d9,1217,7
Am,TmY9,ae7eec9cc6aa,7af2610d274e,5feb4aa7bfad,empty,,627314514c7f5bb88a41d4f72d65428bd24e9555a9fa52448e93f458a79e3494,1403,3
C2,Am,ac7377b4f393,ae7eec9cc6aa,d29ae87a9af9,nonempty,,658c78e19cc2a1f0fe4b91697587f1c7a95b372720f56f95656bd8f35a790731,241,1
C2,C2,ac7377b4f393,ac7377b4f393,5e6559da8f1b,empty,,16e6854df947702bc113bb274e461272bc39d4c7253386299e06fc8ef1b0adb5,314,4
C2,C3,ac7377b4f393,6182a4f16e6d,66289ea80679,empty,,2e8e97f0790f40bc4cdcbe1c5a5942920ad6fd587b8a7824ad5aad4305c51311,648,8
C2,CT1(Lo1),ac7377b4f393,7c280b5b9f34,a85b26aadace,empty,,b86345820647d97b992a08b1c2889ec448c6fbe425768c11890e317c91b95fa6,2614,4
C2,CT1(M10),ac7377b4f393,63667a4a1a53,6eeca7442e44,empty,,2a5432942ad0dabd0777d8144b532a2529914788797f9a1cb377b304e0fe0361,579,9
C2,L1,ac7377b4f393,ad5110ebac00,df940f36bde0,nonempty,,c9a702611c6e1dd376c4b1d84e8851beedfda99bafaa5f6fb95616b109dd2182,478,8
C2,L2,ac7377b4f393,36f25ce16c8f,72c62138dfc1,nonempty,,d81a5b7ecb1f09a6c969af0d8f1181a5758b11d078f0ea9e9c29447298ed84a8,512,2
C2,L3,ac7377b4f393,fd5e84317740,c62711971002,nonempty,,c4b6cfcfd7901e31fa6d6c0c2253c844dfb843fc2019e93e3871e126739230ef,465,5
C2,L4,ac7377b4f393,7c19534e0d84,1ca0d8f910da,nonempty,,17bb2c5fc271bfea2bd80c4f1a81c2b53dbb5776a0321b5c87d0845d7c01f31e,72,2
C2,L5,ac7377b4f393,cc98a8db805e,86123b231217,nonempty,,15aa0bbebeb27691b2b1d302867072e06d2b9eadd5281acebeec709b04979754,67,7
C2,Lawf1,ac7377b4f393,2627beca1340,0f93f5ead56f,empty,,779adbd349edc44a90a2b208b78bbe42fe28af5bb0d9a33b61d78ec55cc3aee1,1713,3
C2,Lawf2,ac7377b4f393,3a1e8d7d01c3,238b249ef926,nonempty,,385544967993c4db22a5516546c203f50f9900e9d5ee02ae735cd342abd05081,145,5
C2,Mi1,ac7377b4f393,af1ee12c7a13,c5440d266bfa,nonempty,,574e7ff011bfde76f4dc602ee3a1ffa15f90e572e37f163b9c68e6a52cd29d62,203,3
C2,Mi10,ac7377b4f393,59362ec08e0b,25aa54e4887b,empty,,1e8d3e8f402e6abbebe3aa050356ad0520216e214f47c0c4903f4d35bbd43581,407,7
C2,Mi11,ac7377b4f393,f8c7207459cd,03ea5e1a3fca,empty,,dd40e7a269ced2ee6c117c3055c98bfd2c272a50db0b20864ed3db796e84d7d3,3125,5
C2,Mi12,ac7377b4f393,22599a5bd694,ce4cf4fed5be,empty,,88fbe039fcdef1233dc39f5e8f1ec38cac52da0f3d04ddd827842592c03b34a7,1945,5
C2,Mi13,ac7377b4f393,7fd7d345df8e,f7c5731b1a34,empty,,87c785a243523e1203e68a7090d2a17c19c1270f33917c865422d7a3baeff40b,1933,3
C2,Mi14,ac7377b4f393,b33da6e1384a,1801da657a7b,empty,,bff2097d7b8507fe765c1fd7dfa0735d9a739e37996305ef79ace56eed61dc13,2709,9
C2,Mi15,ac7377b4f393,4dd1eb26b0df,abd487b29204,empty,,4e9093f073f7ec54846e488a5b730026d60407087a32114c336589d7eb4ef271,1098,8
C2,Mi2,ac7377b4f393,8d98b9eb6175,ca01dc409104,empty,,58ddd150c168aec15d18f151f2e6a9bf6032aa8ce7c88bb783a95bf0e00b8274,1265,5
C2,Mi3,ac7377b4f393,0172ab6332cf,a400cfb486b5,empty,,70444db3e4777eeeff46c71a6f7529c76decbcc82a683675bc90e3822d7a67ed,1598,8
C2,Mi4,ac7377b4f393,7c9f2d10b0f7,f143008f7169,empty,,09fb11715c7371e19478bfbbb512cb459f42eae763db70a9a5aab3f15e0240c2,123,3
C2,Mi9,ac7377b4f393,760f78ba3287,37767e8e2e9e,empty,,e48f0b559da5b163401d2cd13a4b9bf8a986764e09cd4117dc47f09b07cadbf6,3227,7
C2,R1,ac7377b4f393,9654b247b494,1d1578e8da03,empty,,c0cd7ec9580ade423d75f25edc22db33b76f2fc96ea44cea5d6f2a5bbfca267d,2721,1
C2,R2,ac7377b4f393,b075082bb026,f9dbb78859cd,empty,,0e08cf6aa98cbba84268550dfd03f1d12a968c7040368dbd6aeee421325725c3,181,1
C2,R3,ac7377b4f393,a9358d78ca90,64f5f9a5df5f,empty,,dd3708b84a6c3e02cf67b207eeb48cb8492e4abc7c692ad58fdbce87c3028e43,3124,4
C2,R4,ac7377b4f393,d54d0db004dc,45e84a2e7849,empty,,9e8072cac37d6932849f9805ae9b0da87638142a78c6e33240588b0100584355,2261,1
C2,R5,ac7377b4f393,bf135de1db2a,f33c08e9d123,empty,,e7bca68982eb1de66eb71c8a72087d48948cfabd5bd2efbd211f08920a2531d8,3262,2
C2,R6,ac7377b4f393,ef2dad65a896,f80149e046f6,empty,,831478fa9b90742964ab618d90e84c4099804ab90fbe079c0108e64cc4fbf514,1860,0
C2,R7,ac7377b4f393,ee8007a1d4ca,923128f34552,empty,,7fa28d2845a4ead6eae3f596691403d7e5e39ab5728727bd751ad90088be1dff,1815,5
C2,R8,ac7377b4f393,8c5b077524c1,361ce2e27939,empty,,822d74ac652e7ab5e61b9d0c99f5fc8cc45dd1ba657b62054dab622b1243c3dc,1851,1
C2,T1,ac7377b4f393,7fccce4faa2f,78302d5f04f0,nonempty,,1146fb8ef6d92e85a42b8ceaba4dd59bfd58f42c8ed47b8a70e231e59f8c98b5,52,2
C2,T2,ac7377b4f393,2c81c87fcf2c,749598e6d533,nonempty,,05e4d5bcf2ee69d96ecc46c8e8344f9754c93f6f3e83cc04378c65b0b3bf47ab,20,0
C2,T2a,ac7377b4f393,e4707238632a,0568023e2133,empty,,422813b966ec3282d6a662d7e71221a5f9cf4fe15cfc848c0b32ea80efe8d03e,923,3
C2,T3,ac7377b4f393,3b9aa8bb490c,e3d0ec40c93d,empty,,6fbf8506a37470f391a88084d397456a3bf8476e93553a1816639366b7c6e26e,1591,1
C2,T4a,ac7377b4f393,a722a78be07c,24a1f6bafcf6,nonempty,,5eb155ae91a52cc63e3489a9b6e9854a3d2d480683618aff812198ce42fd62c1,221,1
C2,T4b,ac7377b4f393,8dac2399d9d3,0e9608094309,empty,,5f4536cd4d8155840553627726045719928e5cccafbfe6f17c93f2fb43738c3c,1362,2
C2,T4c,ac7377b4f393,3a2a1325fb93,ac13238da823,empty,,571f3d653acde1991bc311165ba856f9d92167c3c047cf84450e2e6f6b24f1aa,1231,1
C2,T4d,ac7377b4f393,0645a54521a8,75fe8da059e3,empty,,fdc9b2baf081f2f526faa5b26bd0d1c503a252d6f5f99166a51863cab602b25e,3589,9
C2,T5a,ac7377b4f393,9fd1579bc37e,0935f5538e2d,empty,,9d961381deb21604f41575e67464434b64d1243a6b5ad041bc716aec00c1f4f6,2242,2
C2,T5b,ac7377b4f393,3c304e466112,29bfa98c4afd,empty,,58496a7132c23cbdb61b852da0844b6625fd3a9fd03f43115a908d21336e5677,1254,4
C2,T5c,ac7377b4f393,4236c6342cc5,a8a0047759ff,empty,,ce89271d7f3eb615cc49a99af29b546d03f1cbc0cd4cecc2afb369dd3a95c528,2914,4
C2,T5d,ac7377b4f393,f0bbaae7f4af,64b97f0627a2,empty,,0e1957b9eaeeb8d03843a56ea9d7c3ea935fa1f199aa34c4824438495646d6ff,183,3
C2,Tm1,ac7377b4f393,6b080cbcddcf,3b0ff6ce6d57,nonempty,,77ca58a7df06c1a47ad2d04435f4563eee4faf0fa3503ece91ddd2b9509acbd4,288,8
C2,Tm16,ac7377b4f393,7a0908bbdc11,dfc30fe2d409,empty,,adbea4de8aa83bdd0cb11323793c16f53d531956497f157afa84173d22123a5f,2491,1
C2,Tm2,ac7377b4f393,1716679973ed,2f70feb64884,empty,,20c997e97626bce405d6d8bd189cd166c6a2685ddcc669134044f745ecfc9b5e,447,7
C2,Tm20,ac7377b4f393,5202f2beeefe,b08a44396fd2,empty,,16d39ee65ba16aa6db59b6d45425a9b349a1c868e1e2f93da9dacba53ceab172,312,2
C2,Tm28,ac7377b4f393,0a8ba80929dc,288f8624156f,empty,,104243825256f179951200236d9e08cab84c941c08391db21efb4bc1bc2b5d5e,210,0
C2,Tm3,ac7377b4f393,1d04dc9e4e44,2844a3d904aa,empty,,d0e68f671309c01749db94615dc42442d4816253da9d1ed557cf89c18cfe26ef,2945,5
C2,Tm30,ac7377b4f393,fabbe5261153,4137ee603596,empty,,ea0a4c2595a92ba044e018f3bc0b73c658f1d13088bcb494e9cf1d53fcc95bd1,3314,4
C2,Tm4,ac7377b4f393,8f9d79739978,c0c911fe4188,empty,,5243ee91a8eecfb6e277c5f74be57dfe16b83675632b749493282f94c82a51f4,1156,6
C2,Tm5Y,ac7377b4f393,05257d37421c,f835bb57c34b,empty,,e0dc5d5b213f0484bdb7e6bb26986fcbbcfe3e017b9ae37a1aa08087f63dbda9,3175,5
C2,Tm5a,ac7377b4f393,e2174a9084c8,adb0d8899e68,empty,,0839ae568f18d3f3534effd38437a61c9dd85143fc0829e42a5e0e4461692b77,99,9
C2,Tm5b,ac7377b4f393,5bd7d91f26e1,89ab96b3af65,empty,,bdd5b928d129e2f52a0ab0fd4a73fc7a189f396edf4e2599056bf95931f86bbc,2686,6
C2,Tm5c,ac7377b4f393,2455576c666d,83fc8ac69eb6,empty,,13bc9fa92f0a1b823eac778c24d13e402eaf23e036df7c468198bd3d96b4af35,259,9
C2,Tm9,ac7377b4f393,d00cef6913df,96d1c15752ca,nonempty,,f2a02b116d0a49ca225629dfe6e6f3ba48c43ec0e68a47b23a52fd3dadef8f10,575,5
C2,TmY10,ac7377b4f393,d1d3392c46d1,f4dde47c8702,empty,,2e6ed148040e204f0e41acfae48a5d3140f45d67b496dec43321186e6be0c1a6,646,6
C2,TmY13,ac7377b4f393,e8c21941580e,ba79bcf61fdb,empty,,996b155a37da20492d70dfa52b7be35ff755725621befc9f2eab16c53977bc13,2181,1
C2,TmY14,ac7377b4f393,28a670a5d3c8,f5f8434ea743,nonempty,,472e2756e27a2140da59ce39ff5d18448d29c50c0594ecf29707a6ccbe5f3a4f,172,2
C2,TmY15,ac7377b4f393,18fb00442a43,abde6a43dd41,empty,,35171bb6de60f7ef92c55ea96b0d75f7766b42ec3f035c1a0048258f87d95ef8,743,3
C2,TmY18,ac7377b4f393,dd5eb1fb0caf,be38a365cd50,empty,,0b093336739dcbdc73ffffda22c51c3ce2f78f0da90bb0559069d26370f5bdb2,144,4
C2,TmY3,ac7377b4f393,607b8ed34a33,b110f5923bbf,empty,,d930ac73bf62f2c0e0b08686fe8c34343adf4636af41b204582264a37ec6f247,3069,9
C2,TmY4,ac7377b4f393,887ba31d1e5d,6bb51bdf2e07,empty,,689695c5dd828ee9452f2fc2b2e6ce6b38e8ac182dfba502d1fac745e69b41d0,1477,7
C2,TmY5a,ac7377b4f393,3ad6ff7262ce,6bd0851281f4,empty,,4b7532d82b8ebedcad2906eb8bde2836e8407c22d6250f3a333507dbb8b1941d,1044,4
C2,TmY9,ac7377b4f393,7af2610d274e,b89a0a654e44,empty,,c1d36e443a8e04d500d1c2a34ddf61f458477a67165e6e5ad5b7a964498e28ad,2739,9
C3,Am,6182a4f16e6d,ae7eec9cc6aa,1d7d4262e341,nonempty,,57d96be7ad3fb6383e659f3fcf05585247095d89ae9bfdec1d07b28a451e8438,205,5
C3,C2,6182a4f16e6d,ac7377b4f393,1e5ac8a875fb,empty,,ecda02cb71b9d3a1c35b2e98a1a9d544fffd37bd26e057ecab2d69a5ad3faa68,3355,5
C3,C3,6182a4f16e6d,6182a4f16e6d,501799d00aa0,empty,,6da18ed53b70cac88afdd1564b4f559b258caf8925aedcf1f830421e06dcdc62,1565,5
C3,CT1(Lo1),6182a4f16e6d,7c280b5b9f34,645ee879e1db,empty,,8f607df203dddbc8649cfc09ab815a3048f490775ec0bf57fcd586d73b73b8cb,2033,3
C3,CT1(M10),6182a4f16e6d,63667a4a1a53,cf8f8cc4a817,nonempty,,666cfe1765928c7fb8c6a3b3514f610b90cc9852fc8fbfdaa6792b16bbd43b37,243,3
C3,L1,6182a4f16e6d,ad5110ebac00,a7a231f0db34,nonempty,,d8d143ad141f7090400b7df90656b2ebef6866a7296fc681c4157aea87c9fc32,514,4
C3,L2,6182a4f16e6d,36f25ce16c8f,1d57e6485786,nonempty,,7bad37a3355233c72c000abb0a3d242d67c61ea2c3d07359019583d67d0a5312,292,2
C3,L3,6182a4f16e6d,fd5e84317740,94fe890a6095,nonempty,,9120eb7d8c032897c60cfd2c55a0a6df610a77c334780c007fb9f509e574cb15,345,5
C3,L4,6182a4f16e6d,7c19534e0d84,31b4b78d7f4c,empty,,bd9d701c9cf4ee39270ab306e6f85e96fcf5445973eda8bbfe32a241e0985a3e,2684,4
C3,L5,6182a4f16e6d,cc98a8db805e,623f4ec0e556,nonempty,,a5baa4cafaf5a76f3a87e9d2cb510a90a76543cda5a53f8da395c1ad5a23628c,384,4
C3,Lawf1,6182a4f16e6d,2627beca1340,c2558860ea5d,empty,,697e983d0062f2708040b5facbb00aefc80cf963b1f18948669594abd90101a2,1492,2
C3,Lawf2,6182a4f16e6d,3a1e8d7d01c3,0cc1ae204b61,nonempty,,686484e9bae7415474f723742bc5850e0b9251eff0f4a7e9bf131689f64ba06d,247,7
C3,Mi1,6182a4f16e6d,af1ee12c7a13,1d58da322947,nonempty,,db39f04dcc2f8d9243ec365cdace2eb1a05722a095ada352bb6e83c7e88d0729,522,2
C3,Mi10,6182a4f16e6d,59362ec08e0b,a1a16a09e4e7,empty,,0494a03aea61a366796aa6adc38bd6c1bf98e394d37df68b0506f2089673f543,58,8
C3,Mi11,6182a4f16e6d,f8c7207459cd,221ff07c219e,empty,,824041556fbdc932ae6e4949f1dabe4074a67adc77a4813b02fb0d9ac436c4e4,1852,2
C3,Mi12,6182a4f16e6d,22599a5bd694,2a4f71b428b0,empty,,210919cee5fdd056702608e6c3a775d802c0c72bd4db017f2eca99c04f5091b4,453,3
C3,Mi13,6182a4f16e6d,7fd7d345df8e,ba6147e616a1,empty,,b499aef2573b14c110a1d288ab40e544612ce61d0c7bde51678dd6b83e0ecab2,2568,8
C3,Mi14,6182a4f16e6d,b33da6e1384a,033ee923ab35,empty,,11616880da565eeec0bdc22f9b763f2dd551095c39fffc31f7c4ba183a5fb8f5,226,6
C3,Mi15,6182a4f16e6d,4dd1eb26b0df,93063985982e,empty,,fda82fea188a0b5d13ffe54ba4dafbb3791de669fac8891f03c88355b0c8c7b1,3588,8
C3,Mi2,6182a4f16e6d,8d98b9eb6175,1925c86c7044,empty,,d32d020347e850dc772bf7b456f1176d6ea977ace13f855968009e351acd0391,2981,1
C3,Mi3,6182a4f16e6d,0172ab6332cf,57dfa0563468,empty,,5cc8508caa3b4d1ffb6b44f983479e3bc28773f0c5d362cb1b3ffcc145afb4ac,1326,6
C3,Mi4,6182a4f16e6d,7c9f2d10b0f7,c3aa1c56264a,nonempty,,02bf822310be0ad1cf3491dd768b5312701e805a6fefa92d0ef82e0f3056f06f,6,6
C3,Mi9,6182a4f16e6d,760f78ba3287,6f260f8a7d92,nonempty,,06582488db7ee5bc7ad8cddb6af11bffd4282a568902e1265a5c95a2236e235f,21,1
C3,R1,6182a4f16e6d,9654b247b494,6bebd8d45bdc,empty,,aa6595318109854f3e16843b0271c2339c7419db723094b86731779567b44031,2438,8
C3,R2,6182a4f16e6d,b075082bb026,99f2a1dfa532,empty,,5edf1fd47b110397df9f60d950378aec4610589c9bcdd4fb0e91ee302003f158,1356,6
C3,R3,6182a4f16e6d,a9358d78ca90,8165d0a06315,nonempty,,8582beaea7343f966a5f9872b64f295377bb238585fc8933e525b8c94aa2a326,314,4
C3,R4,6182a4f16e6d,d54d0db004dc,41cd4f752a3e,empty,,89c1156d3b96a13aa61253aea164115c8122672e382115350b8a21bb3c70b645,1954,4
C3,R5,6182a4f16e6d,bf135de1db2a,69579034b8a4,empty,,b91c34df8361a59f0ccd93373db2224367c1197e85e06f5f77d9340304f5282b,2623,3
C3,R6,6182a4f16e6d,ef2dad65a896,48e5e508fc50,empty,,3f4124cee309664d8c9755472acc95738d94fbef6be16ec0cca5fb09a7c036b2,887,7
C3,R7,6182a4f16e6d,ee8007a1d4ca,e86e7477a9cb,empty,,31e6bee3fd5f4a734b067e7a1b91c62563079a9da24a8116dbbc6c82ca4249a1,701,1
C3,R8,6182a4f16e6d,8c5b077524c1,eb5f145ed131,empty,,3d87418a09b949c64faf5e9b3c8b4add8f872cd683b4eeb8eb83190cc6c2ec56,869,9
C3,T1,6182a4f16e6d,7fccce4faa2f,6d745c8d07ef,nonempty,,43180fb822e6537e635ceb4fe64f72ebc6dff53c8396fc0e7031c92c74e12056,165,5
C3,T2,6182a4f16e6d,2c81c87fcf2c,bdb02d6e8839,nonempty,,b9eba5c86db37337dcdaf447a18973a87ed7e4eff8ab335dd7a1ecccef522f4d,431,1
C3,T2a,6182a4f16e6d,e4707238632a,8f0cd16c64e0,empty,,236118ef8338b9f54ece6aca1922b609331009a8c5809600e48a6e470d422c7b,485,5
C3,T3,6182a4f16e6d,3b9aa8bb490c,a7da8e92436f,empty,,2c25db347b6a1b91ce1eafbad77c58cf3a74cfb3d3a206643acab0f28aa65077,605,5
C3,T4a,6182a4f16e6d,a722a78be07c,2333c3a19c62,nonempty,,57bbcbf51df64aa497ba61e0c6edf6ad6f6000eb9b83f3f58fc855793c55b41a,204,4
C3,T4b,6182a4f16e6d,8dac2399d9d3,bd7a2e470931,nonempty,,67b202fad175f320a9393cc02d31238832cf351cf3967b9e17ec59520478634c,245,5
C3,T4c,6182a4f16e6d,3a2a1325fb93,1bb2961ba407,nonempty,,d733dcf148bb9e73b63db85a38003c5dee2c6ea89057cbccab7ae8328cae0d27,509,9
C3,T4d,6182a4f16e6d,0645a54521a8,bf624d8675d2,nonempty,,8bf56626761c886158e5f38cff5e25a7425b2fc9ebffbf1013537c6b2a861b1d,331,1
C3,T5a,6182a4f16e6d,9fd1579bc37e,c361f3cdbb26,empty,,5637bd61c73cff1687d3eacfe2b1db18c343b5462eb7dafa42a4767fdcf96ff4,1221,1
C3,T5b,6182a4f16e6d,3c304e466112,1eeb5ee9d21f,empty,,8478b0b2385eaa767410ba0bb05b5547074b1464ac454b51ca58f744d12162de,1886,6
C3,T5c,6182a4f16e6d,4236c6342cc5,aeee5302af3b,empty,,5f3fef374e11d4b43a2f4b0e3beff7850af3a643442159bf98553833c737c701,1361,1
C3,T5d,6182a4f16e6d,f0bbaae7f4af,54c2c47c0184,empty,,b9eea95ff52182c118cd995d2a5005d4b6edf70e7928140d410c1258f9366c6c,2635,5
C3,Tm1,6182a4f16e6d,6b080cbcddcf,7ae6bb736742,nonempty,,7ff4eca27c1dcd8e5913daa341ec7d894c631160c525e3f59b161c2ad807ddbe,301,1
C3,Tm16,6182a4f16e6d,7a0908bbdc11,586479bc9c03,empty,,6a7478822b1bc5de3c8389543b7be9c1ca481de837a0f1b7ff0c0dab08f4b113,1508,8
C3,Tm2,6182a4f16e6d,1716679973ed,b3b0ae57e4d8,nonempty,,2fd323a085122d0bdde664cc641067a21da5c1c2f51446faf6a4da9cf4d2694a,130,0
C3,Tm20,6182a4f16e6d,5202f2beeefe,e900c0f9f91a,nonempty,,d49b164c2cbd3943cbb62308fba4cff129f24fc45aeecdf2e5c88ff58987950f,504,4
C3,Tm28,6182a4f16e6d,0a8ba80929dc,313d5686279b,empty,,6b434beee3d361d0197f1ec3bc74397437930094d5b8da1d28575d30c225164c,1529,9
C3,Tm3,6182a4f16e6d,1d04dc9e4e44,213dafd3cfe4,empty,,fab01f9e9e78239d8cf0043f20db7f764265f37854b77ba1a977b2e1ee367e61,3537,7
C3,Tm30,6182a4f16e6d,fabbe5261153,ef9b404c9130,empty,,1bae38177b17123ac3fcc2bc07f3563877c15f77fae8326a5b1900654130562b,369,9
C3,Tm4,6182a4f16e6d,8f9d79739978,d35f3c869f68,nonempty,,cbe1ced924186306f67fdb0359bf50624c93d18f26b2a21c2b78a8963b931922,482,2
C3,Tm5Y,6182a4f16e6d,05257d37421c,2f19d2ce2d7e,empty,,cbe95b9e8b9930f480e1c38c788e3fb8f3406696c95bad77043991dccfcb322c,2882,2
C3,Tm5a,6182a4f16e6d,e2174a9084c8,3d29ba592278,empty,,ea290caa4ae576d611c3f9f0ae307beae034944ce598f57a00c3908f71eb4c80,3315,5
C3,Tm5b,6182a4f16e6d,5bd7d91f26e1,aea0ed6b25ad,empty,,835b8d236e43a239c5686980a75243e01b082feb10582bde0067e3ee8be421e7,1866,6
C3,Tm5c,6182a4f16e6d,2455576c666d,acfa4e77e470,empty,,ba99a817b1fc8a3e6296ee9cf1ef005bd16d3234e07f9339c38bcccf40d7227b,2650,0
C3,Tm9,6182a4f16e6d,d00cef6913df,8dc8e8da90c3,nonempty,,58f84a1925c14cfd3475771d4c05eb2757c1de238d254f250818d882271561fb,208,8
C3,TmY10,6182a4f16e6d,d1d3392c46d1,762bc4d799ac,empty,,1e9e3c0cabd98074c4b7e15604fc7868fe249554493c58ce3edf8899e08335b3,408,8
C3,TmY13,6182a4f16e6d,e8c21941580e,389ce73f9c3e,empty,,b06e7894003fc7497eb49de7647ff571a663dc4074d128757fa84b0297b90023,2522,2
C3,TmY14,6182a4f16e6d,28a670a5d3c8,a9d8af6d8224,empty,,5c501965725894a59a0fb5bb3f88193c5e073d7dc12090f8693deda6b5a937fe,1315,5
C3,TmY15,6182a4f16e6d,18fb00442a43,af02ee2a7125,empty,,6953308e671df847742b0aa48d7f95527f20e39070eb95431ede6700ff856d63,1488,8
C3,TmY18,6182a4f16e6d,dd5eb1fb0caf,d67a789ccadf,empty,,b79674e955911965e44bef215148acad2a9136f22c44ff70cad1aaf4da1d71c5,2600,0
C3,TmY3,6182a4f16e6d,607b8ed34a33,c71e75dddd2d,empty,,2d4a27f0dc9727f72dd4d46f364d27733a51bf45000ca1aa6584690e4dacc1d1,623,3
C3,TmY4,6182a4f16e6d,887ba31d1e5d,42213251c04d,empty,,acb9a29f6bda0c29784732e8e03a1d6ae4aaeeaf87e18777eccb1adc23642531,2476,6
C3,TmY5a,6182a4f16e6d,3ad6ff7262ce,202b15ae8328,empty,,af4670a911b7c6042a57b56b468432457dbefc7181b21f4b317f9a2cce17456f,2510,0
C3,TmY9,6182a4f16e6d,7af2610d274e,b9faf2f14070,empty,,aa4819e35e9a6ff2052bdead692cbdce73d505a3c6b03cc505c57ff85c3500b7,2435,5
CT1(Lo1),Am,7c280b5b9f34,ae7eec9cc6aa,ba7a2ced560b,empty,,866e61ced847ca8404da37ef63cc54ff1fb0d62669b31aae09a27e62c5e9023e,1913,3
CT1(Lo1),C2,7c280b5b9f34,ac7377b4f393,3bf7859eee0f,empty,,c88580d38327952c4216b5c64a760cd40aadd948439ac78bf63e43bd85cc8206,2838,8
CT1(Lo1),C3,7c280b5b9f34,6182a4f16e6d,1f844400cb4e,empty,,fbef6844ad5773f108d5d58e7423505f5acbc47ac9a57bd459a2ded4a02016d1,3553,3
CT1(Lo1),CT1(Lo1),7c280b5b9f34,7c280b5b9f34,ab461584c4e0,empty,,37a58e5eb7f0038958cc33cc4f78faf13935574db8c408d049c61a856b4e7142,779,9
CT1(Lo1),CT1(M10),7c280b5b9f34,63667a4a1a53,59f64ef79d61,empty,,a9b0ed33e8adc3660b166436fc4ef7c4bb57d3e4b7c6ef890878bc5a4b9e9d18,2425,5
CT1(Lo1),L1,7c280b5b9f34,ad5110ebac00,c105cd877dee,empty,,f6b049ddaff6abcdfee3de4048f83bf11dd7a278db596b796b886972dc2c16ec,3488,8
CT1(Lo1),L2,7c280b5b9f34,36f25ce16c8f,5cc2a0d8ca5b,empty,,669e19dcf831f9ea3d5978b19ffa202cdb3fe08100ef95e6f56efd6722b72d7a,1452,2
CT1(Lo1),L3,7c280b5b9f34,fd5e84317740,a372774e14ba,empty,,4be0ac7a421dfec1acfbe502dba555abec309398878ca710d0fdab5dbe7e8273,1053,3
CT1(Lo1),L4,7c280b5b9f34,7c19534e0d84,fddc041970a7,empty,,80ecab1e1629102b734edc49aad1e0b51675fefcfa9a321ca436b30f0c31c328,1834,4
CT1(Lo1),L5,7c280b5b9f34,cc98a8db805e,5453db4153e8,empty,,6d07e061d8e16cfbcd09a4bc5c3f1990e266a204e6b646299ec90c25b7499cff,1553,3
CT1(Lo1),Lawf1,7c280b5b9f34,2627beca1340,d482798ffad9,empty,,c50ebe359d82d2d5ec1e05ddc01b45366aa46632233492da5acfd4c8dcd6d4c9,2785,5
CT1(Lo1),Lawf2,7c280b5b9f34,3a1e8d7d01c3,cb98de341139,empty,,4041230ba81c5a17e503bb8d4af7540c44e1dbb7b938ad75b8098c66aa80fcb9,898,8
CT1(Lo1),Mi1,7c280b5b9f34,af1ee12c7a13,485c394ce68f,empty,,8e99392fb45a744bea1d4ec5d16208108921f124604b023e2ea97b1672f06869,2020,0
CT1(Lo1),Mi10,7c280b5b9f34,59362ec08e0b,ea7c1fc93c3c,empty,,d59d0dbe57e9486037369b5ebec12d5deced2511eac9a747515943fa0bc88fb8,3012,2
CT1(Lo1),Mi11,7c280b5b9f34,f8c7207459cd,9b2780ad0790,empty,,9b3c878c35b80bef9b9f223e87be927279842df334015668ed368b38b714b195,2206,6
CT1(Lo1),Mi12,7c280b5b9f34,22599a5bd694,45a4320bbc97,empty,,d009d335b5830d12fc553ead2a20a20e4aebc1c6d309d3b1dc5319ff1445c911,2933,3
CT1(Lo1),Mi13,7c280b5b9f34,7fd7d345df8e,297ccdfb1ca0,empty,,bfef354705541194b12747dac0839f2b3ede4413acac0a8bab251fe48af2c9c2,2708,8
CT1(Lo1),Mi14,7c280b5b9f34,b33da6e1384a,efabf8f96c89,empty,,5af949456b39ebfb35533ddec11137abbe8185c20b513ac77851a96824f36788,1299,9
CT1(Lo1),Mi15,7c280b5b9f34,4dd1eb26b0df,41cfd4fed6db,empty,,a12f892c02bf9068e94bd57c39c24d8a2cb83262f5ae1f4a43d4b24d2cb6bbf5,2286,6
CT1(Lo1),Mi2,7c280b5b9f34,8d98b9eb6175,3057a9d13ddd,empty,,391ee233cbf49eb5cfc6ee0895bee885fe659a9c0747b9d050a37468a2243905,803,3
CT1(Lo1),Mi3,7c280b5b9f34,0172ab6332cf,c495f955f9bf,empty,,731781d990952f2d0fb27ce2fe3ee485b70a3123c4812619607a393331477e06,1648,8
CT1(Lo1),Mi4,7c280b5b9f34,7c9f2d10b0f7,b52798345d84,empty,,2e3919bf380d28c6cca2eb20542bca76073b734b967ad55ba4471ed6bd17afcd,640,0
CT1(Lo1),Mi9,7c280b5b9f34,760f78ba3287,bf74d5c1af17,empty,,6f605d560ab86565a18b05d52b33cbead9e73b3d9bbaeaca45458192404ee46d,1587,7
CT1(Lo1),R1,7c280b5b9f34,9654b247b494,d8d0a191061c,empty,,ddcd0e363ae3fed465190055c10305a0dcfec3d89d1ed64ce5ba6beb7f43d45a,3135,5
CT1(Lo1),R2,7c280b5b9f34,b075082bb026,2fab8a5f60ac,empty,,3f957a1be9412acb56722ee5f7209bf7e30cc02bb25b9550331c9ee5a75165cc,894,4
CT1(Lo1),R3,7c280b5b9f34,a9358d78ca90,37c53d9f70b7,empty,,3bf5fcaf1b9821ea77bd3be3b7800d42a6cd5c1b12c8983598260342c3ec8ddf,852,2
CT1(Lo1),R4,7c280b5b9f34,d54d0db004dc,a2a78ef38c2d,empty,,191b2b4478c718d5dc3ef3f0366a72fa36a50749e9dec54d024e0a5e46ef19a2,337,7
CT1(Lo1),R5,7c280b5b9f34,bf135de1db2a,1fa504609cfb,empty,,903119ddb0feb668579900827ad141ff577eb2aebe6ec5e61b6f2508a117879e,2046,6
CT1(Lo1),R6,7c280b5b9f34,ef2dad65a896,8509aeaf2843,empty,,d142b28cb319cf6450c5b79027b59c9d907cd7eb0a5f70e550d7268e1a2b7dc6,2952,2
CT1(Lo1),R7,7c280b5b9f34,ee8007a1d4ca,d10d99fff933,empty,,779984facb93fba15824e495df649d3566aa1591decc4424471cd2f9a5c86495,1712,2
CT1(Lo1),R8,7c280b5b9f34,8c5b077524c1,039085353884,empty,,04817705ecff210c78bdd9f207d368e70c2b6f4fd2ce1e1bd4307e156c7c7944,54,4
CT1(Lo1),T1,7c280b5b9f34,7fccce4faa2f,6c8a0e45ed64,empty,,dae10c135ed7a70b313a65993f523db048c617496ee7a49695ffcbed06e724d9,3084,4
CT1(Lo1),T2,7c280b5b9f34,2c81c87fcf2c,71d95aeafb0d,empty,,292e0551ee8198647406cf894bdc086801cdedc6ce7bdce879e1cb7669111d8c,561,1
CT1(Lo1),T2a,7c280b5b9f34,e4707238632a,9078138f2daf,empty,,8e666bbc22e8ce9e03e8955f4d8f1e54e17186b05c4aaa7857d5b40ce40b9eec,2016,6
CT1(Lo1),T3,7c280b5b9f34,3b9aa8bb490c,75b873796c8d,empty,,9c907eed0e95e718e142311e1fc6ddb46257978d91ac41d1dd7232e16b668829,2225,5
CT1(Lo1),T4a,7c280b5b9f34,a722a78be07c,09a17d6846a8,empty,,de1027cb5a637b13ff36db918585d1440b69191342aa944d54d535a675b0a4b2,3140,0
CT1(Lo1),T4b,7c280b5b9f34,8dac2399d9d3,0caad682e619,empty,,7055ef7a1e64b8fdfa44e8fe8675ffb86aa8389e928c74853eb6db2285c6dc28,1601,1
CT1(Lo1),T4c,7c280b5b9f34,3a2a1325fb93,0404104534d9,empty,,9c46aa5f0ce8df0c7eca290bbe93fea122c7c7462a0a0b45b329ce82ca3b119f,2218,8
CT1(Lo1),T4d,7c280b5b9f34,0645a54521a8,cb971ebdc2f7,empty,,dc3ef86d2107873d3994bfcab927b86699ea45d1518a9a187f50a36e22dce15d,3112,2
CT1(Lo1),T5a,7c280b5b9f34,9fd1579bc37e,6a790b7f8515,nonempty,,2832258ef568d69df9597549778e64b212f6f1af18ff69f70766f9aecd4a3d41,111,1
CT1(Lo1),T5b,7c280b5b9f34,3c304e466112,1aaf0ec0bb8d,nonempty,,20bfaf695b4a1a13297fb542135ed9293a9aa33bc7fd2361ee81d0e7659fcf3d,92,2
CT1(Lo1),T5c,7c280b5b9f34,4236c6342cc5,498eaa1af5b6,nonempty,,7d08146a757f03b927890cfc602d7929ebbf1df8160f6e874b8ee540186303a6,296,6
CT1(Lo1),T5d,7c280b5b9f34,f0bbaae7f4af,48e2d52caed7,nonempty,,9293dd1f62a24cc5fbf8ece9d9c242c724acf27ce45d2d8d6c72b7cfbb52a9c1,350,0
CT1(Lo1),Tm1,7c280b5b9f34,6b080cbcddcf,423f46bc4280,nonempty,,fb9144537abe1e0c4ef369105ad7a730ad13a4952a7d40312a2dbf78517aac87,598,8
CT1(Lo1),Tm16,7c280b5b9f34,7a0908bbdc11,41a0ec4beba8,empty,,3e4599436e4e7052845b1f59b8e0b1551da85422e2f07d5eedb71d54d6c104d4,875,5
CT1(Lo1),Tm2,7c280b5b9f34,1716679973ed,328bcdf0f5c0,empty,,f10a5cc3ab01adda8af6818e2b80cebf1b27ffc8724ebd18ce51f1c00fda73b6,3403,3
CT1(Lo1),Tm20,7c280b5b9f34,5202f2beeefe,34bbb70d133f,empty,,e9d0704835dbaa0f70c84c2821e1b59d20a24ff5a28815d3e5ed7168bc45e933,3308,8
CT1(Lo1),Tm28,7c280b5b9f34,0a8ba80929dc,acf9c77c5e9e,empty,,b23a9320d42a75f2087bfe49c36f7f20c03baf9bd5ad6bbaa22b4f08047f0c99,2538,8
CT1(Lo1),Tm3,7c280b5b9f34,1d04dc9e4e44,13929c1de3e4,empty,,e5aabf3c499ae9f81f67b2da808c912aa0abcfc86f178f58ecdcff0962842f2d,3236,6
CT1(Lo1),Tm30,7c280b5b9f34,fabbe5261153,60176e6c774a,empty,,a19c1341a7a382bd03fa70115d8058f178acce85769d86d41059891e7d4a6506,2298,8
CT1(Lo1),Tm4,7c280b5b9f34,8f9d79739978,3b3e4aae2a65,empty,,6e29b174ab58f305b66cc1c4c01629ed0b391351556e0f99c48758e0773fd390,1572,2
CT1(Lo1),Tm5Y,7c280b5b9f34,05257d37421c,b809aeae9ae9,empty,,89edf16c44fe8279c859abe82651705bb3f1199c7f7492a5759eaed3fda91fa3,1957,7
CT1(Lo1),Tm5a,7c280b5b9f34,e2174a9084c8,063e337799b0,empty,,d2ea0918c599fb2af202bc2bb51f905e5ab847534a935ce276659820ab006259,2976,6
CT1(Lo1),Tm5b,7c280b5b9f34,5bd7d91f26e1,114964dbdd17,empty,,557b2f8d2389a3a8a294f8817ab733099a2d9274f8ebeea0c55f1c5f44c015a9,1208,8
CT1(Lo1),Tm5c,7c280b5b9f34,2455576c666d,1ebadde236c5,empty,,d76a21b4416f29a5d936274c0819c68e03fadb750257aa23752921589cfefcb0,3043,3
CT1(Lo1),Tm9,7c280b5b9f34,d00cef6913df,b6a646d6a597,nonempty,,e974492125f41ea363b2ff8a350aa534bf6822726a0f31e2444e42e23a454ef1,552,2
CT1(Lo1),TmY10,7c280b5b9f34,d1d3392c46d1,1c24591595e4,empty,,e5aaee98ee82bbc0d45d98d2bce8e1904311a21a2943a8277c9676f51f16e6de,3237,7
CT1(Lo1),TmY13,7c280b5b9f34,e8c21941580e,4282e7664f82,empty,,50a7e04f313bcc1c3bcab066783fa1a7ea0ecab4b155040a04a711de848306ec,1131,1
CT1(Lo1),TmY14,7c280b5b9f34,28a670a5d3c8,20899df96a81,empty,,08dffc5db5a521c750f2f286e10a5307247197237c622cf5c47462e7aef1aac1,111,1
CT1(Lo1),TmY15,7c280b5b9f34,18fb00442a43,4214c47c97a9,empty,,814c3f0fb30b9d5f8c3cff90b13c151ba1edd4b44b39f3f9384efa60517dfd17,1839,9
CT1(Lo1),TmY18,7c280b5b9f34,dd5eb1fb0caf,0f318ae51089,empty,,d6cb37509e112cc5d0c37b42a0c12b84e5328be96526ac253544cacb5a889d56,3033,3
CT1(Lo1),TmY3,7c280b5b9f34,607b8ed34a33,136778bf6e94,empty,,44377b0b6d048d93734a0106946c6091f191741ac156c99a057cab4277c7955e,952,2
CT1(Lo1),TmY4,7c280b5b9f34,887ba31d1e5d,e9bb37243c4e,empty,,e85ac0c149a473df194b173695b4acb18bfde2ed1b53b3f3a4e43571d8fb0435,3274,4
CT1(Lo1),TmY5a,7c280b5b9f34,3ad6ff7262ce,bd0f7802f5a7,empty,,048857540d055383b434b25596a8e32a9c5af2813272f31c9487d5ea58628907,55,5
CT1(Lo1),TmY9,7c280b5b9f34,7af2610d274e,8a806ef939ea,empty,,1010d1edc9484afb396c9efdde25b3981d34a0b03e7a13e160f156fa975f4b87,206,6
CT1(M10),Am,63667a4a1a53,ae7eec9cc6aa,82a1e8f852da,empty,,f828d0ea0cb2a8a6fd5e455bf2ba7be6ec3312116972e2232cc55705f1c7c56d,3506,6
CT1(M10),C2,63667a4a1a53,ac7377b4f393,30001142ac65,empty,,d8f049928bc32fb8cdd294e4e9072e667cb7f31d6d9ec7163c495c01d2b23930,3066,6
CT1(M10),C3,63667a4a1a53,6182a4f16e6d,9e68aa17edcb,nonempty,,4da331832ab94ddae91980b6df53c0d26f477ea38da90ac103290b6962bd7ae6,186,6
CT1(M10),CT1(Lo1),63667a4a1a53,7c280b5b9f34,628528953ba4,empty,,984e523c18d054cab9a06a7727c24b7777d64de7037937b1cbcc41b09768ca4a,2171,1
CT1(M10),CT1(M10),63667a4a1a53,63667a4a1a53,636cff47ace9,empty,,de4dc1e027abb9fb6725ff036129266c3ac5c1816e6c43a4ee8541d7df6f7b08,3141,1
CT1(M10),L1,63667a4a1a53,ad5110ebac00,dd3d5344823a,empty,,1dcad2503179a9fa63d9c0b7bed7970e718b29bd284177f206c0b3f3cf0ec073,400,0
CT1(M10),L2,63667a4a1a53,36f25ce16c8f,a7e59a459923,empty,,f9d733acdf1a269e975f575bba9b3471111a5fadc3d38f0dbc9b23c5e72b2c4f,3528,8
CT1(M10),L3,63667a4a1a53,fd5e84317740,b69cb684973b,empty,,6b13b0202edec88fa602bbcfaadcbdac8f0c1c3ad443f99fa86f98d3a7e33554,1527,7
CT1(M10),L4,63667a4a1a53,7c19534e0d84,148af87a0d2f,empty,,f190587739a87713596bae731522650391c797425479503ef7a7e5139fb912df,3411,1
CT1(M10),L5,63667a4a1a53,cc98a8db805e,815fa4c8c8ba,empty,,97b4af8b11ca7d8dda202d511893481508a0ceb047677c9439438470865d9176,2160,0
CT1(M10),Lawf1,63667a4a1a53,2627beca1340,5d477061790f,empty,,70b191949f33ffeacf0794409ec38057d4812e6bc19dd268426e5c3753ec3405,1609,9
CT1(M10),Lawf2,63667a4a1a53,3a1e8d7d01c3,446d6deab337,empty,,214c750399b5c10697a2d6ba0512953bb4b0fe4520f964d4d7a8a3c3512282d0,458,8
CT1(M10),Mi1,63667a4a1a53,af1ee12c7a13,e9127be1bfb4,nonempty,,77afa485fd953b8b32c04e0ff8135b210eb928257093ba50a394e0180f209944,287,7
CT1(M10),Mi10,63667a4a1a53,59362ec08e0b,99d87e6c6551,empty,,4ddab18f50d7fed120cacbb8e79ad8f10e095ac406714742000b7f9c0f3f78b3,1086,6
CT1(M10),Mi11,63667a4a1a53,f8c7207459cd,cb4e91356ddc,empty,,8a33fcdbf098910804036e65520b9def7933c41a819b664e2ae7c0c6bca0136d,1960,0
CT1(M10),Mi12,63667a4a1a53,22599a5bd694,65aac4913316,empty,,2796efd1061e7a75733c63499d01ebfa66e77efed4759470c608cb17f1b7c175,548,8
CT1(M10),Mi13,63667a4a1a53,7fd7d345df8e,5a8394598e5b,empty,,5875f1862b2ab29adab5149787706d2a2f3e6523ace7e3a494a614100cb4deab,1258,8
CT1(M10),Mi14,63667a4a1a53,b33da6e1384a,e750f7ddb0d2,empty,,1353c3f3d08f7863525581a57040d130a94fe4f16ca8879d34240af18cdae60d,251,1
CT1(M10),Mi15,63667a4a1a53,4dd1eb26b0df,bd3e643915c5,empty,,4bfcab1d6397c29800a53d160ef174d4340a8aa5b0b9327bdd2d56e7625be766,1056,6
CT1(M10),Mi2,63667a4a1a53,8d98b9eb6175,4944b9d5a241,empty,,3592b917217b93236703c12729e31cfe8d06bad46e6ce822979233f9760d458c,750,0
CT1(M10),Mi3,63667a4a1a53,0172ab6332cf,6e984cec1198,empty,,251b25dc6f2913201c6d6eb81a59711aa35aa5b8f8299d94cde8e3427a619256,513,3
CT1(M10),Mi4,63667a4a1a53,7c9f2d10b0f7,a249b992aabc,empty,,ca3ba116f8ddf6836e7b39c0b3e18eae33fcc30a759588065aa1babd2187b46a,2862,2
CT1(M10),Mi9,63667a4a1a53,760f78ba3287,17a594485499,empty,,f4cc1a5f8a416675fd8dd557bc676402c85e48503924f40af7da4793432bc856,3458,8
CT1(M10),R1,63667a4a1a53,9654b247b494,c6ca6f0dc2af,empty,,224da519a81713306e429a84618a91a7bffa17af6a2f84f99714c32ed2243702,471,1
CT1(M10),R2,63667a4a1a53,b075082bb026,37af0041c83f,empty,,c0469b60151522f49e0338cc20b8e6360d5822378d4f7e4c2307d0fd80362163,2714,4
CT1(M10),R3,63667a4a1a53,a9358d78ca90,a5cf72d52482,empty,,b4678f5a1c6e242db77096d823b54f08e1fce78da8318323243e23859a32855d,2567,7
CT1(M10),R4,63667a4a1a53,d54d0db004dc,14bbf74e04d8,empty,,76b824452193f69fc5ea1329a4e8e7bab12ffc0b148f83344439badff3d8345a,1701,1
CT1(M10),R5,63667a4a1a53,bf135de1db2a,0de7ad32b513,empty,,abf405d695172e3bae8ca1e3f58ea7b3298e8388475d26d2c6ad2f9b9fbf22f8,2465,5
CT1(M10),R6,63667a4a1a53,ef2dad65a896,e55edd460dc1,empty,,a43b3bef76b016409a2a7abdeecbdd66acc96a30419955ec06f7b100c0941154,2342,2
CT1(M10),R7,63667a4a1a53,ee8007a1d4ca,ea885905a747,empty,,ec20f88843df9e93d8b2faab2827535a6a24458f03825a993731465fda4662ae,3345,5
CT1(M10),R8,63667a4a1a53,8c5b077524c1,80f42b6ffde2,empty,,0bcd6c581f18b03a30ebdc910b0f5c8168e00fb26a5b76772426445716d940ef,153,3
CT1(M10),T1,63667a4a1a53,7fccce4faa2f,040a3d09b0ab,empty,,1d476a467304f5401692a144380972e6a83a7319be9f9d7e3c08ea76d2535e96,396,6
CT1(M10),T2,63667a4a1a53,2c81c87fcf2c,b564b770c777,empty,,41b6a510cc5474e3571af9443408d37763acff6b8b443a3c4e7ff6f33a0c9daf,915,5
CT1(M10),T2a,63667a4a1a53,e4707238632a,dc0bdec665a9,empty,,d300124ae4c01bc86cf275ccce66083ae093c4be1706da20f462186b41c95703,2979,9
CT1(M10),T3,63667a4a1a53,3b9aa8bb490c,97d27aa0c8c3,empty,,d218ba88a3bfe9db1bea2d4a90732db15929e53c84f28c16d2ed16df2abb71bd,2966,6
CT1(M10),T4a,63667a4a1a53,a722a78be07c,1da8fd4c5435,nonempty,,082d95f9b4878a672145c83e68204c8be4f56229761591dba8772affa1189ea8,27,7
CT1(M10),T4b,63667a4a1a53,8dac2399d9d3,f1f362187f46,nonempty,,ede111d9b7dfdb28abe57ee100dc0b9b01f2c11eff77c9ad6251706aefefde59,559,9
CT1(M10),T4c,63667a4a1a53,3a2a1325fb93,271873adb666,nonempty,,d98cab532e7199b54dcbb82ac16103d41138bc44e91dcb681a81d2fe02ae875f,519,9
CT1(M10),T4d,63667a4a1a53,0645a54521a8,e27a08951308,nonempty,,e981dd447d6bdd61e60f8b61126b260eb013653443a0706d0d1ad5ace65ab71a,553,3
CT1(M10),T5a,63667a4a1a53,9fd1579bc37e,59c10b8f2fb6,empty,,7006e603cf233d10ddbf7878e6f701314b6812fde50d6b9360632e5dd7fb926c,1597,7
CT1(M10),T5b,63667a4a1a53,3c304e466112,4958ae1458ee,empty,,962bfdea28f1f14660eb2720f19a43aa3beec33d16a4754e2ccf2a59a0f26e64,2140,0
CT1(M10),T5c,63667a4a1a53,4236c6342cc5,67fc94f3dce7,empty,,9304a5adc0e71ff69ba747f974bf6785fe5008c721c19d929009f3b5f7bb7a1e,2091,1
CT1(M10),T5d,63667a4a1a53,f0bbaae7f4af,5a69fec79fed,empty,,40def0a969185a15d530413ae1e708c92e0700c24214539e87b7715f41bff1be,906,6
CT1(M10),Tm1,63667a4a1a53,6b080cbcddcf,75e14db69d34,empty,,64a1f736ef82708d73565c5e38bad16349c1f4dfa482006c0aa0aeb9550318f2,1429,9
CT1(M10),Tm16,63667a4a1a53,7a0908bbdc11,6ddb9df34ded,empty,,c09f6b7aadf354b0b3c2a7051e4fb8f00b33ea3ee9819c83ae1ce69f80fbbce7,2718,8
CT1(M10),Tm2,63667a4a1a53,1716679973ed,31fac1d830f6,empty,,f6051cc75d179ac8799cedff0fdc41fff2aa926394f746574201a6e7114e3587,3478,8
CT1(M10),Tm20,63667a4a1a53,5202f2beeefe,c4dd4ca9e705,empty,,a762f411b8b18e1e65769c33619fd89f13ceaa5c963afc23cfd40e1cef22d82b,2399,9
CT1(M10),Tm28,63667a4a1a53,0a8ba80929dc,d6db2158b528,empty,,e66c11f0f6cc4a77ccd62804faa6d291b2d539d1fcb32a61ba1d1dd68a03f676,3243,3
CT1(M10),Tm3,63667a4a1a53,1d04dc9e4e44,d2a88d77f66a,empty,,12e5a3ed85551dddb54c11f8f2cb0c3b338870fdbce120bab381d53c595b40f1,248,8
CT1(M10),Tm30,63667a4a1a53,fabbe5261153,80f5c5b79ddd,empty,,2ffe5d0f09dd2a2b0166c9f227eee2673a9c4720f99b85c42de14c9ae874bbf8,669,9
CT1(M10),Tm4,63667a4a1a53,8f9d79739978,59dd1e3b0a8a,empty,,f30e4bd5e7bca8eea456472d4cfaae79db6a882972c75fa391b77619c556a1c0,3432,2
CT1(M10),Tm5Y,63667a4a1a53,05257d37421c,26ce42a61f39,empty,,7fa488b75d2e7580891c5fc74e261fc41639e7582cdce4e6efde1c2db354235b,1816,6
CT1(M10),Tm5a,63667a4a1a53,e2174a9084c8,7c80f768176e,empty,,c2aa8e9e323c22ef441859d9d3c6eb9044e749efc287334c0e3980477d12bf1f,2753,3
CT1(M10),Tm5b,63667a4a1a53,5bd7d91f26e1,78c10501baf1,empty,,6bafc18723e724193439a8605c942f675903d134185d8267fc32b9634533c715,1536,6
CT1(M10),Tm5c,63667a4a1a53,2455576c666d,546b026d2dff,empty,,f6af71d7d4b221863097db39cf40852c99016ec83756d0bfbd5257f78f81f708,3487,7
CT1(M10),Tm9,63667a4a1a53,d00cef6913df,ac4f838d27a4,empty,,d9f75d54997903e8b415f9649113113559a34ba0916d59ff232be38adad6f554,3073,3
CT1(M10),TmY10,63667a4a1a53,d1d3392c46d1,8b9858eba04c,empty,,c2f3f74aa60e31b57d79a1e1ce5cb89fb1fa49afe3d603e363b24609aff93b6e,2756,6
CT1(M10),TmY13,63667a4a1a53,e8c21941580e,36ad66bb0d94,empty,,abce34c32257d16330e0ffe0ecfa8acb5eb6b356617802a2e57784b71e3a4feb,2460,0
CT1(M10),TmY14,63667a4a1a53,28a670a5d3c8,712d9e2f8979,empty,,023d3872dc7ec86a3cc485e40262d108b561f2f19a30c2e88b5b47ecd6bd6acf,32,2
CT1(M10),TmY15,63667a4a1a53,18fb00442a43,ea5f783ba230,empty,,2f6d4fab682f8cea4721c6ef0aa9e1af495104c9ff1daba57f123775ac1e123b,661,1
CT1(M10),TmY18,63667a4a1a53,dd5eb1fb0caf,edbd209d629d,empty,,4d95071eaef07232856f64f812e833c0f230ac674f7e099976fe0a4025d71d2c,1083,3
CT1(M10),TmY3,63667a4a1a53,607b8ed34a33,2e439e274790,empty,,bc166036ae16873a3dadd6a9cce145c0cf13dd8f753ad3babb4e307be48f62b0,2664,4
CT1(M10),TmY4,63667a4a1a53,887ba31d1e5d,e2f28aaa5ad3,empty,,91c64038242d9de9a34bc349410aab8dd329790d104f3fccd57207f557ff78a2,2074,4
CT1(M10),TmY5a,63667a4a1a53,3ad6ff7262ce,38606745c26f,empty,,48f6526d03e90e75059f33fd046874abe141f79fc519974d5bbdbc57c313b4db,1013,3
CT1(M10),TmY9,63667a4a1a53,7af2610d274e,41868a1ea4d2,empty,,266e9411dd34350c53a1b53f9806e26fbf5015d6630e291ebd2ba3435b53d335,527,7
L1,Am,ad5110ebac00,ae7eec9cc6aa,c8158f4c5f5c,empty,,c06c8bb4874d0e3dddf364872ee8432c5d467691e801f4accd624aa9d27e3417,2715,5
L1,C2,ad5110ebac00,ac7377b4f393,9542b3744362,nonempty,,6cb3644ff0a17d10a842e6cf5fe02e937bc359d6423b5167785577bbacce250c,260,0
L1,C3,ad5110ebac00,6182a4f16e6d,cd084e808448,nonempty,,780267faa36557228667161c09170a482c094062dfb76f21c5b06cf41c121aa5,289,9
L1,CT1(Lo1),ad5110ebac00,7c280b5b9f34,6ca4e7f18a1b,empty,,806ac34746bca12f88fd1c1a6aeeb0c54dd7ae2e4d539e09b6bbacfa352ef9da,1823,3
L1,CT1(M10),ad5110ebac00,63667a4a1a53,f0518b6d2513,empty,,b69508bee493fcd2f72aa9b8a19442352f4b0bca0f6f9828989f1fdc60a33f04,2591,1
L1,L1,ad5110ebac00,ad5110ebac00,f1679df04f72,empty,,29d8074cfdc90d7042dc2b1f46167905e123f16396250ba1fc15ead1f6c23022,569,9
L1,L2,ad5110ebac00,36f25ce16c8f,1ec4bc41d99a,empty,,5b7c0680729083056c55a25b4ba1e2490dfb99ca20cca64370b1c8c337553830,1305,5
L1,L3,ad5110ebac00,fd5e84317740,8a64f9666261,empty,,0675c801244e33ef728fb38fa4fbd1d8c07ae3b77af89cb81c0d49851158716b,83,3
L1,L4,ad5110ebac00,7c19534e0d84,008369cdb8e4,empty,,c26dde791332ca52dbb2350e17e46eea8858930d5355c26c3721f1572ea96c24,2751,1
L1,L5,ad5110ebac00,cc98a8db805e,6aff5c889774,nonempty,,74f8071c5bbf56d8b669403432176de2de6bfaffa1d0793022d7d4c71954bffd,276,6
L1,Lawf1,ad5110ebac00,2627beca1340,e525ffafd4bf,empty,,defdf62250ad5ddd74182d54e39d99baded1680950325f5c0550daa10fa8851b,3151,1
L1,Lawf2,ad5110ebac00,3a1e8d7d01c3,e85b577b0950,nonempty,,2e24faf860defc4f2813b958d3ffc2db16dedcda0aa7b435d9c8ac532786952a,120,0
L1,Mi1,ad5110ebac00,af1ee12c7a13,ea91821cd572,nonempty,,8c35fcc03c448fc9290e3723388589d407b3c747c7b91390c332fd9b299e6653,333,3
L1,Mi10,ad5110ebac00,59362ec08e0b,19d346e4fb45,empty,,845bed6501c62cf0d053eef43e3cf53d162546863f87718bf0549baeacd43a2c,1885,5
L1,Mi11,ad5110ebac00,f8c7207459cd,ca940041db74,empty,,8eff0a8042b51e15bf0e8b47f31673e35a70a33b6e201a4d20570d1670bf753e,2027,7
L1,Mi12,ad5110ebac00,22599a5bd694,9573c33173e5,empty,,d019724614f3132e97b09f01de467f7fe6fa397c6f826798ca157920d466ee3d,2935,5
L1,Mi13,ad5110ebac00,7fd7d345df8e,f3620264dcf3,empty,,a0895a8447a21c29bd815e4698cabd5bc2a4d71ffdf23b19470d629ed1d79319,2280,0
L1,Mi14,ad5110ebac00,b33da6e1384a,f9c6ccebf643,empty,,9c55170b154b9213744773220cf873889f670fa0c8dcbd2a8e4b077017e03d49,2219,9
L1,Mi15,ad5110ebac00,4dd1eb26b0df,45947841601e,empty,,de5cf8995bb4b07759e9d6ea996ae26b2e141b47ca7e9ef8d9b9d3916f97f590,3143,3
L1,Mi2,ad5110ebac00,8d98b9eb6175,4e4fdb2e53b1,empty,,bfaee7fcb3b28c1935dfeadaa83f22696da2967377dbb07b30d2760b0f871c0e,2705,5
L1,Mi3,ad5110ebac00,0172ab6332cf,7af1c3ae4d53,empty,,b512c6ca4d05d8578bb8ab47a85e1f6ac433e722dc19b104f8c1a97358c28c69,2571,1
L1,Mi4,ad5110ebac00,7c9f2d10b0f7,0e3fae9c9144,empty,,0a6de03e1dc6cbc499249339cb13df49716c595307a6b01a3f1de86597213ee3,130,0
L1,Mi9,ad5110ebac00,760f78ba3287,629e1202783a,empty,,bb7972f019aa7f1ecdd4e720c67b60237cc2d887edd9e73b443af8285de1c3ba,2659,9
L1,R1,ad5110ebac00,9654b247b494,b9df4684820f,empty,,e601390e52ce69926de58f0384adfb8fc07186841826af0eabb6633ec8675e53,3241,1
L1,R2,ad5110ebac00,b075082bb026,ccf3df1d8cdf,empty,,a3e1fde33ae9a910d73e6059ac2de17a6cda62628e800c9c060da382e397a888,2335,5
L1,R3,ad5110ebac00,a9358d78ca90,16f4342ac169,empty,,818a2baef8111c87c2efceb0da9e071c2832c45f61a4d7dc78202f254e32a7ef,1843,3
L1,R4,ad5110ebac00,d54d0db004dc,2ecf88e58fae,empty,,677e6361d2e45fd53644bb3fa8e9f3b838598425375921d53e2561a5b48580cf,1462,2
L1,R5,ad5110ebac00,bf135de1db2a,648991144829,empty,,b3275835c6eb64ca7704ae62d39210e12fbb02b9c41ba392b196575c9651046c,2547,7
L1,R6,ad5110ebac00,ef2dad65a896,21eea8472a62,empty,,1867f6976f6f028af316a62bffbe265db064914499cd15f4fab475bb6b88c615,332,2
L1,R7,ad5110ebac00,ee8007a1d4ca,dc1a6ce6590d,empty,,95568325ca4015b49112fac1414f35cc04ba9e1d114a2fbdc1f9a9bb0bfec501,2126,6
L1,R8,ad5110ebac00,8c5b077524c1,90e341454fe4,empty,,9b139d857427c16dedb2937f5c7535682857dab1008845365472203d90e09249,2204,4
L1,T1,ad5110ebac00,7fccce4faa2f,3014f8ca48ff,empty,,e9c43ffce586eaceb3abfef1ec9b26a25abb125494959abfab56ae1ae07eb0b3,3305,5
L1,T2,ad5110ebac00,2c81c87fcf2c,5de52752ba33,empty,,c8347b374d03ef5477ba902fa5a549fcbdc31c88bd476d3b17df8b0b8aa674c2,2833,3
L1,T2a,ad5110ebac00,e4707238632a,ed8410ceae88,empty,,d5f669c45a1668cf3f702fd6a3218b6055dde2cf3f2b64d12e1ef2048337bf29,3018,8
L1,T3,ad5110ebac00,3b9aa8bb490c,57711cdc9388,empty,,37e4f908231bd02674230e66a59f066cd451ab0d4ab70e40cbfab924dee94247,780,0
L1,T4a,ad5110ebac00,a722a78be07c,28b9ac9bed17,empty,,9a8afdab388062b0e066f749765f094a7b7839c449cb678c48dc6f5abbda86b9,2197,7
L1,T4b,ad5110ebac00,8dac2399d9d3,29a017b6651e,empty,,aa00527766be442a17c3d8742da3f83f1450c9e767942504e164e83c96ed6cfd,2432,2
L1,T4c,ad5110ebac00,3a2a1325fb93,f08a9314069e,empty,,7306ac1db602bd27db732a14f17872868d9c8c1ac034648c93bdf9fc6687396b,1643,3
L1,T4d,ad5110ebac00,0645a54521a8,83a6bf82e3b8,empty,,4b0b75ee102cca3267f12a1c666ca38b9431713ede273dfe16fbefaa35e31c94,1042,2
L1,T5a,ad5110ebac00,9fd1579bc37e,b6ecd9176d5a,empty,,4e5acc725ee9336cf828c6e6ce5ef3867981c859282d831920cebc95d36db63b,1093,3
L1,T5b,ad5110ebac00,3c304e466112,fb587e988cb8,empty,,9735795c50b46b9a3a8fc8528e3185b1b06789a3c3b5d9886333285cfd990ffc,2152,2
L1,T5c,ad5110ebac00,4236c6342cc5,4ec74f9d35cb,empty,,6080f31e630da33c76dd90bd46952d6ebbbb3af421790c4fa560f3fca8fea03d,1383,3
L1,T5d,ad5110ebac00,f0bbaae7f4af,35450de1f835,empty,,3b8e1cc2b9822286ad2980c00aa1325d2d68ce5cce18d46a117ab0e42c39f148,845,5
L1,Tm1,ad5110ebac00,6b080cbcddcf,639edbda2dae,empty,,de78b8b03f04da8a4d2e831bb342ed4305daec0d95268d0265438e3c2693832e,3144,4
L1,Tm16,ad5110ebac00,7a0908bbdc11,28394a6da947,empty,,4430b7b97b657bb23e91cc89910aa6071edf7b9146264d6047d7a797e8906361,950,0
L1,Tm2,ad5110ebac00,1716679973ed,8a3851d2adb1,empty,,4adb3fc4781c7bf45bd212e25b4bae922ce797c1330debc481ff365a3f4c541b,1041,1
L1,Tm20,ad5110ebac00,5202f2beeefe,6f54d4ff97cf,empty,,0384c123afcb62e93392b1b5dbf6d55b92539b26871bb081d137a4d53e3ac9e8,45,5
L1,Tm28,ad5110ebac00,0a8ba80929dc,da05f4d7cf7d,empty,,f1f4d36c383a26aa7cec2354792b04cdfea64815471882da8f7fa7c5d3ed95cb,3416,6
L1,Tm3,ad5110ebac00,1d04dc9e4e44,2fdbc141abac,nonempty,,f9ae5551a41fcb0878cf487bcbd2ed8cb615c1eab8c0089e79ce8afe6f14372d,596,6
L1,Tm30,ad5110ebac00,fabbe5261153,e36907df4651,empty,,df566f729bcc206ca7700d07184e6b2cfa56dc48d9b7fbe6dbb076beedefb745,3155,5
L1,Tm4,ad5110ebac00,8f9d79739978,66b131a8e544,empty,,da2bb0e4530e6317c09d1eb2ffcfb9a3481a26d1fd2559e800c22f95a8dc3e71,3077,7
L1,Tm5Y,ad5110ebac00,05257d37421c,950369843211,empty,,775690ffbd669f2013458908efee5a62a4d71ed6437abd971b0cd0e46a828587,1707,7
L1,Tm5a,ad5110ebac00,e2174a9084c8,0921b5fd0c91,empty,,fa4020f95771a38f8a2ec86873ff84b41c043b3f3f857af4e5303c09f12f7b8d,3532,2
L1,Tm5b,ad5110ebac00,5bd7d91f26e1,8487e6f6c4aa,empty,,444d253926db8431f648a0774f0cb3ea6d6e001cdb9139954b43bfe68929a053,954,4
L1,Tm5c,ad5110ebac00,2455576c666d,f798a2fd78bc,empty,,386ab5c58b1d0a9852ff76d1379d1eba29572623582316e269560b68bd2670fb,789,9
L1,Tm9,ad5110ebac00,d00cef6913df,b278948a22ef,empty,,ae962fe7692bf1c891541d604f0266e629011cff52acf9de1d4864375f02b0c1,2503,3
L1,TmY10,ad5110ebac00,d1d3392c46d1,459b9338b469,empty,,55f50fe4d10e890663a536ac5a0a964a60e48b22755719a61400b713a47d8ff1,1215,5
L1,TmY13,ad5110ebac00,e8c21941580e,4456a9c8f5f3,empty,,4890835ee8eeeb48bda14159f86010d89ce3e05059a434fc8cae14c5c37ab8be,1011,1
L1,TmY14,ad5110ebac00,28a670a5d3c8,56b78dacf403,empty,,8e8b94b0cfae4d64c75277df8e8be054b179256ec1020506203ac14447552990,2018,8
L1,TmY15,ad5110ebac00,18fb00442a43,5768c45fe56d,empty,,b6be2014cb34ec78037cfeb3374d20fc7a75dd32c5d20212d331ae6e046e0d81,2593,3
L1,TmY18,ad5110ebac00,dd5eb1fb0caf,c47a97746e05,empty,,2481b2bc8edc9e57a76de22e179f68fbe7dce20c86c6ed84be5fc0ae716b8a47,503,3
L1,TmY3,ad5110ebac00,607b8ed34a33,6e906c168ae6,empty,,89b57c032c0e08d9d40547ce7904e6e0bf2ed01c9c98dc9a029b6889c964a751,1952,2
L1,TmY4,ad5110ebac00,887ba31d1e5d,ee87e84f72d1,empty,,f703d193283a61c60f9822588f1517f762e7a109904eb199e190e31e9c458918,3493,3
L1,TmY5a,ad5110ebac00,3ad6ff7262ce,d0b1a50c5c3b,empty,,4d1fddd68fca9f31e1f46cada795ad2f35ac2cf3a093347f9ef88f691b803662,1078,8
L1,TmY9,ad5110ebac00,7af2610d274e,2ddc89111636,empty,,664c288c9064ae285934660bc2e5e6310736fc382d0f7c1e402fafefe062ae81,1444,4
L2,Am,36f25ce16c8f,ae7eec9cc6aa,cd2381879f92,empty,,7fae3367218ecd04229c257f5fe7368ff7cfc70e0e18b88463adccbf5f1d5677,1817,7
L2,C2,36f25ce16c8f,ac7377b4f393,9cac08f2deb8,empty,,13b54af489ee9412b942d5ea318f798abeccbad5ff4414a7194d7b912750c149,257,7
L2,C3,36f25ce16c8f,6182a4f16e6d,651d6a0459a3,nonempty,,ae18c2ddd6ea7bc1a920d51e07e2be75392c01fcade688fe3c93453daeffe387,406,6
L2,CT1(Lo1),36f25ce16c8f,7c280b5b9f34,ccd973a3d8a7,empty,,4708933f4e69b1d687794222bf7089e1305d0d2534f578d14210e7363e143e47,993,3
L2,CT1(M10),36f25ce16c8f,63667a4a1a53,968bf0a439dd,empty,,63e65bfaf97e2bb0fef27954ed166344553704d1d1330581d24425a8593c398f,1418,8
L2,L1,36f25ce16c8f,ad5110ebac00,3d0f94634994,nonempty,,369c764e1d18f4df70cecbac2ba4154cedac2d634205cf9446e746195c893aff,141,1
L2,L2,36f25ce16c8f,36f25ce16c8f,55f89f3a7551,empty,,33118a9f6495c4a5398fc6251fbb23c9553f385a7888e95a76a5461320d84bbe,716,6
L2,L3,36f25ce16c8f,fd5e84317740,856baab44c80,empty,,4598e4b5ca9aa9ff53051f822f90f6205c2ef1b9f15ffec113fb14b401f33dad,978,8
L2,L4,36f25ce16c8f,7c19534e0d84,94abb6aadd00,nonempty,,110879da7925f080d2723f91a05af29fb8a398f1de12e7136183c725d2879713,51,1
L2,L5,36f25ce16c8f,cc98a8db805e,0ede4ef8f3e2,nonempty,,2e564040f9734f930da765a868f3badb4e6f3ffce381c940ed636c902bb61f44,121,1
L2,Lawf1,36f25ce16c8f,2627beca1340,227d32f43d7c,empty,,06016da5181aa48a3f58d17e581921a5f7e28b79dfe18e4152434eec3d2ad29c,76,6
L2,Lawf2,36f25ce16c8f,3a1e8d7d01c3,6037ceadfb3d,nonempty,,4a92048bb6bd52aa6ffa02e99ee393b010e5d784dadbad3ef16e38c0c1e47a4d,181,1
L2,Mi1,36f25ce16c8f,af1ee12c7a13,cc3a32d5b344,nonempty,,770da6374b2e18a5db29a7c8c75ddad5d2e7a551792bb46d7b8b0fe5fef75699,283,3
L2,Mi10,36f25ce16c8f,59362ec08e0b,9b3f922a22df,empty,,2a2bfeba727060bd4c030167aa139388582a483daad7b16f35b04f6f7e583a2c,575,5
L2,Mi11,36f25ce16c8f,f8c7207459cd,d32e1e0f29df,empty,,e6b1a4c3d43b86d8d74a5003e70659062fa250de24e62ca6644a99efd30ee10a,3251,1
L2,Mi12,36f25ce16c8f,22599a5bd694,d3e1cc1bb194,empty,,8f60d71ff457cec2fae57a4bde6f7293edf1e88da1472afb80aa1c7d556bc2bd,2034,4
L2,Mi13,36f25ce16c8f,7fd7d345df8e,ab11a54b58bb,empty,,6bf0db7cf24c701e510b4db09e696921b65f2972bdec302f103e7909ad8d64a3,1541,1
L2,Mi14,36f25ce16c8f,b33da6e1384a,0792e64ad166,empty,,d2762a81e436a0473dad29bfc320c75813e12ad1a454a079600452f92f4f3082,2970,0
L2,Mi15,36f25ce16c8f,4dd1eb26b0df,e13207d80e92,empty,,d211a5d6f45ac244e5f3e28a54210e3e1d85e0017864a9ff323e1a306ebc962b,2965,5
L2,Mi2,36f25ce16c8f,8d98b9eb6175,dd0c4f0dc77e,empty,,58a9ad86e883778ec50e696cb1479e0acefd97fc38516b402fa7ccb3993149b2,1260,0
L2,Mi3,36f25ce16c8f,0172ab6332cf,c9f7e986db8a,empty,,d7fbf61dd763157ec6c89e49d0cbba402e667d2ce1470ca8b677d9d8d342494e,3051,1
L2,Mi4,36f25ce16c8f,7c9f2d10b0f7,cde00b731b32,nonempty,,b461f96ef197700bdf5c201988b3a544d876a5b4aa9d17ff5c2a3e266658e6ef,420,0
L2,Mi9,36f25ce16c8f,760f78ba3287,2d74ecb57fd9,nonempty,,8f44224d66de14a7fbc757518195306201424bf71af57f6954bc56f2b2d26007,343,3
L2,R1,36f25ce16c8f,9654b247b494,c36783088642,nonempty,,11c262027ebf092c9d29c7e3e7a719d2d56c5b070e858659ef97ff1dafa51513,55,5
L2,R2,36f25ce16c8f,b075082bb026,97e3ab94a0e7,nonempty,,96264b39b8e4af7b325337290c001b5baafcb27bc70db70da5ae29c2ca7680b8,360,0
L2,R3,36f25ce16c8f,a9358d78ca90,76d1ea22cab4,empty,,4f5d743c3314182327d1e21a5853dbe01ca9acc7f9ad07d455a893e9010bafd5,1114,4
L2,R4,36f25ce16c8f,d54d0db004dc,c24c339a9a18,empty,,f54d29064649034a429c5f73b3476da334fc0eb20152060a22fe69e16b2e65b2,3469,9
L2,R5,36f25ce16c8f,bf135de1db2a,3d46dcc12100,empty,,5f148f3e922b714a538faa7770e449904e0f2e6ffc3cbd1fe5181703f65f7b7d,1358,8
L2,R6,36f25ce16c8f,ef2dad65a896,75235cf83379,empty,,33438e54a27b736fad58d580de66c0b393d32450eaf176dd8109c7e71eb4a6c5,720,0
L2,R7,36f25ce16c8f,ee8007a1d4ca,7d72c9444821,empty,,ec41708a62b2f11ec3d1c49cd9f9bb91a334651764a716672362e14909a7d87b,3347,7
L2,R8,36f25ce16c8f,8c5b077524c1,a368d2547813,empty,,2cd5fa40dd96a995f6e3364bf8a61dbfdfc4f2a64a661bba0419258689591383,616,6
L2,T1,36f25ce16c8f,7fccce4faa2f,76b49fd46942,nonempty,,37e0ef88051a5a784dfe8a0e7b235ead0c80650ae6a6796c9a83ec075bd8849e,144,4
L2,T2,36f25ce16c8f,2c81c87fcf2c,68b65f722ec5,empty,,3297fdce546154daae5ec37ca5fc3bb93b9449af9d26fe670873aad8890609e7,708,8
L2,T2a,36f25ce16c8f,e4707238632a,6d50af892654,empty,,a27096e145796fb352266ce075083e0a0295b062db21cbc8430021e3312fae76,2312,2
L2,T3,36f25ce16c8f,3b9aa8bb490c,8872f4258357,empty,,f6f2817fc661898e79c94ca5fbc77f68d478048e661fb9741807a510a0cd7663,3492,2
L2,T4a,36f25ce16c8f,a722a78be07c,adb67792d8f1,empty,,3f311f2a263a1d5553c05d24eb522fe623d38afe8df0ed50a7e177289000cb68,886,6
L2,T4b,36f25ce16c8f,8dac2399d9d3,eaa453d75c20,empty,,7e95b6499cd84cd73693a40be03f6da6cdee477ef820fb4f84b72cc8a7fea222,1800,0
L2,T4c,36f25ce16c8f,3a2a1325fb93,2656a9a62d42,empty,,08edf0f297066a891fb008f39c3e38a1fecad3a60b774d0f4c824a4f4475b22b,113,3
L2,T4d,36f25ce16c8f,0645a54521a8,f9202fd1dd2e,empty,,aa40633e92b9001b8586b12132376292a1c47bf9fad08b09e7739a3db9c19f65,2434,4
L2,T5a,36f25ce16c8f,9fd1579bc37e,af3fe3251d78,empty,,15a400954073bd65a1e7b823a8afc6669665ce48b3160703a6c344c69e78c9fa,292,2
L2,T5b,36f25ce16c8f,3c304e466112,f745e396d3fd,empty,,f1857c5b6c39c96e710ab724f4fbbad2fe4389238b1445cb1f7de5c5e58e9c1d,3409,9
L2,T5c,36f25ce16c8f,4236c6342cc5,292556d664bd,empty,,7cd6a023368a5f170be02f857c037eac0b17c624e45cf91fbcc069647cd5687e,1782,2
L2,T5d,36f25ce16c8f,f0bbaae7f4af,8c321c2923b2,empty,,2ee4993a8da186b6a68de94bfb92bda12ea594afbf19972c0b4a45598330dea6,654,4
L2,Tm1,36f25ce16c8f,6b080cbcddcf,fdf6fad6a712,nonempty,,12cbfd8b2684071fb7c241e55a1b099ffe1dd20f0936fd33b799c01f1231fc9f,59,9
L2,Tm16,36f25ce16c8f,7a0908bbdc11,781360101d12,empty,,48fef0da2f9153b8be0f9b93cff66e5d19e56f407233647da0d615cfcd94fb0f,1016,6
L2,Tm2,36f25ce16c8f,1716679973ed,a33ee6c4d9fb,nonempty,,a82a57ff72ddbcfce37dc045e401ac1346929cf76c84bca4870deeb6d1781e15,392,2
L2,Tm20,36f25ce16c8f,5202f2beeefe,5f6db25d06b7,nonempty,,c4c87d81bb10a4121a1fb92c667213aeea8aac2c6868395cbd4ec88dde11d58f,466,6
L2,Tm28,36f25ce16c8f,0a8ba80929dc,d1bffad8e5b2,empty,,c60ce964656d00494a2f8c73d912fe7bdabdef542bae253cc138edbf233f447f,2798,8
L2,Tm3,36f25ce16c8f,1d04dc9e4e44,9b4578ec047a,empty,,c191fcf1fd991817e85c6633724070eea4d5f4af7f310152e29bd1d470d218a0,2735,5
L2,Tm30,36f25ce16c8f,fabbe5261153,7930b50e386c,empty,,7f84216b108234babbef157d8ada483c76fcb9468b382d96e39e3dcd3b9a6686,1814,4
L2,Tm4,36f25ce16c8f,8f9d79739978,4e86cd97cc49,nonempty,,05ad518fa8191a69f10d40af7108c9b9ec361708fd4f41bb79a901ad99dc68c2,17,7
L2,Tm5Y,36f25ce16c8f,05257d37421c,4a3589371754,empty,,a10842d75a89efb94d67dfb1bb2cf7637a75f6274bf5cf913cb976578303b3d9,2285,5
L2,Tm5a,36f25ce16c8f,e2174a9084c8,71e56bc37218,empty,,77f64c85e1ec1dd118031e58af70be2edf8016a4d7e3679181fcc2f24bf36a86,1720,0
L2,Tm5b,36f25ce16c8f,5bd7d91f26e1,4188419b7eb0,empty,,51ac07b8c60e9fcb3f1406011579fda02e57c00b2ca1792af7fa939d4f14029e,1148,8
L2,Tm5c,36f25ce16c8f,2455576c666d,d256a375c09e,empty,,7f01eff23040f3c36be032af01e206407a14e9bdd6bfda4551d665b1ed72c502,1808,8
L2,Tm9,36f25ce16c8f,d00cef6913df,49f153db5f0f,empty,,14e7c54fc22520f3c73c42ce2ab605ae80204ccc80a67ec4d1874bd8b5176d5a,281,1
L2,TmY10,36f25ce16c8f,d1d3392c46d1,307474e4d745,empty,,d76bdcb384033dd8a6be43fbbb9dc6e0fdcd19a0aba0a85bda8bcccac1a22ca2,3044,4
L2,TmY13,36f25ce16c8f,e8c21941580e,9b1b92210531,empty,,9ac53e427597fc589f7de39a1784be7fc41d9fe34d8a56b47dec659cabb689c8,2200,0
L2,TmY14,36f25ce16c8f,28a670a5d3c8,a807af427fbe,empty,,760ed1023436fe8202c828117253e65eaedc53aeab8df645db991d5ff361f242,1690,0
L2,TmY15,36f25ce16c8f,18fb00442a43,8e42488b1929,empty,,d83e0018b5dee3f14f9d022ca3b682bd1c8730c891c6fd9dd4d06a17897c3115,3056,6
L2,TmY18,36f25ce16c8f,dd5eb1fb0caf,29172e03b3cc,empty,,0933052fda2c16844a1d7495509886e45d33abdb304e47a690b7d7303a4ad2de,118,8
L2,TmY3,36f25ce16c8f,607b8ed34a33,6cccba15bdff,nonempty,,4c8ce285bb2f1fb60fbe1d27fab87eac02c772ed27a2e9a27dd32b5507f0729e,185,5
L2,TmY4,36f25ce16c8f,887ba31d1e5d,0e93c973700f,empty,,2105a50c2842bacbd0f29723ab3e270f3714e96854986d0abf6f82cd4c00f8c8,452,2
L2,TmY5a,36f25ce16c8f,3ad6ff7262ce,9796f2fb31a8,empty,,8b7722e9f2eaa373cb5d517b10a960f05bc55081442cd6265aa11ed221d6762f,1975,5
L2,TmY9,36f25ce16c8f,7af2610d274e,1136aa0d4172,empty,,10adc5b010c38079b4b0c5b733811d696253511f3fd4ecfe4d50fc18d36b7935,215,5
L3,Am,fd5e84317740,ae7eec9cc6aa,db0585ade048,empty,,1d37ad89fc01bd9067a8bc36217dc1a9a5987efdcf52999b6690e7fcfe195b6b,395,5
L3,C2,fd5e84317740,ac7377b4f393,9480903dc3d7,empty,,b81af9d159639416185d161ffcca092a3435fe64da6cbec904cd859a29ab9104,2609,9
L3,C3,fd5e84317740,6182a4f16e6d,28618ec2630e,nonempty,,58bb0568468e9e02a2d998486ae8a4bcd937309b602bfac3f8c3e5472fb0f346,207,7
L3,CT1(Lo1),fd5e84317740,7c280b5b9f34,4e3e01c9d892,empty,,db5745e90acf06a2ef8462356f75d2c9917b41b3410e0f24f77dfe9107c4218f,3095,5
L3,CT1(M10),fd5e84317740,63667a4a1a53,3f7c2e681251,empty,,8dcc74228be46d24c5694d9df3a38f1c5a44936a05bb95cf2361d81a38c05eb6,2009,9
L3,L1,fd5e84317740,ad5110ebac00,007d8b8c55aa,empty,,e9b2462cf3376f3072ac98e0d868915d90bd46b7b9de1bc2a664c657caf81502,3302,2
L3,L2,fd5e84317740,36f25ce16c8f,79852fa945f1,empty,,19870779c7a0a71c01dee016289214b17b4a5142c09ba547e085d999f4f4d1c5,341,1
L3,L3,fd5e84317740,fd5e84317740,ef52d63e3b7e,empty,,408b650f1fb83ebd933ed3a7b45769db4afb0c007f3224feee5fe15baa45d1ef,901,1
L3,L4,fd5e84317740,7c19534e0d84,9b2a80344489,empty,,e9a1e71febdde6973c57059ec8776d96c1e70d4e5f2ccb415e838fa82767f14a,3298,8
L3,L5,fd5e84317740,cc98a8db805e,28b0f8fb8f84,empty,,a54b282e0942f221cd465f0a6c1a6672931d3c498eee91da61850a35526e260c,2371,1
L3,Lawf1,fd5e84317740,2627beca1340,f2d60e24efa8,nonempty,,88ead08cf070e5e260e78fb0c063275f973e4eb963ed5722db14c31e2983c32b,323,3
L3,Lawf2,fd5e84317740,3a1e8d7d01c3,bdac10684d50,empty,,378cb2ab67062004182f703e4eb365a559c8a6ce1802bfeef2930fc66a2eb0fb,776,6
L3,Mi1,fd5e84317740,af1ee12c7a13,16fb5e431857,nonempty,,e30c52dc1399b3fda3f083468240504f0db3360ad5e3fa330138026d2b599f57,541,1
L3,Mi10,fd5e84317740,59362ec08e0b,7771df14be92,empty,,80fe9ba4ae3741c8736e830ba14e7d93575e2b4864603fe28ac2f7c7aa28831e,1836,6
L3,Mi11,fd5e84317740,f8c7207459cd,f0800dd23a64,empty,,b40a130d121a87edefc1a9e48107ac3d895885c4146ae752f2d99a543fe0f45e,2564,4
L3,Mi12,fd5e84317740,22599a5bd694,8e22a9bb8c26,empty,,7387c139e432d1f17eabab7c80029992167b94e27ac3828a6fafa48328288764,1651,1
L3,Mi13,fd5e84317740,7fd7d345df8e,48910ae6cc98,nonempty,,d494182ada7aed7f62ee44d6996b99b7d962e0676f90a69095d4cfda02bf6bb7,503,3
L3,Mi14,fd5e84317740,b33da6e1384a,abdb46d29f75,empty,,da673a59d94830ec8737e4f026adf67064d00a30cbc78fb31b4d1534ceb83d6c,3080,0
L3,Mi15,fd5e84317740,4dd1eb26b0df,543da8f277ff,nonempty,,6271fcec0119bbe508bc9602624551dfe2b4161bbf4aeef8f6e9956fa3586bec,233,3
L3,Mi2,fd5e84317740,8d98b9eb6175,9ab58b7faead,nonempty,,366aafa7ba9c6204cc62cd8568ba569d9c92f9297392f2222aeb07fd9abc5fb3,140,0
L3,Mi3,fd5e84317740,0172ab6332cf,6687cd6e5c60,empty,,287f8d083d95a528c5efa44e51d409f6dc51d37e23d70ae897a1acb1a5378cad,554,4
L3,Mi4,fd5e84317740,7c9f2d10b0f7,e0968ed03e1f,empty,,1d6d07aca779e9fa9eb8edb9da588c3746aca904b4a643e6fb591b9508e5edf8,397,7
L3,Mi9,fd5e84317740,760f78ba3287,4dca5df1d84f,nonempty,,96be17b3c271711af92061938a38d498faa0381cc96b32de07cf57bd5baa13d9,361,1
L3,R1,fd5e84317740,9654b247b494,f615fcd3c933,empty,,02c11767359aa1135255733d80bfbe7262409baabc497eab62e4fc3a7055eaaf,39,9
L3,R2,fd5e84317740,b075082bb026,951d83093137,empty,,91817574524b4807dcf80931e32844ad0cfb31bfd0b8fa312d83c5e50a121b32,2070,0
L3,R3,fd5e84317740,a9358d78ca90,54cbd9be043f,empty,,db508836b95dc0bb61e2be47411bb82687cc7166c205bfabfb11bfc14eabd6be,3093,3
L3,R4,fd5e84317740,d54d0db004dc,54763fc359e2,empty,,95ab84dd9ba0d52455eebdae5f0b9cc87ebccb90fa5de80c9eff2efc693f6b2d,2132,2
L3,R5,fd5e84317740,bf135de1db2a,e9280fe0a1cc,empty,,71cb59d7e5e27dd8e3833e743255bcce4d5ca468d10733f767c6c2214bbcac44,1623,3
L3,R6,fd5e84317740,ef2dad65a896,db0585d39ffc,empty,,ef3eff52e4d41089dd81c45162cb7f8e13608bf4828db02682a0176242f82935,3379,9
L3,R7,fd5e84317740,ee8007a1d4ca,130486766c6b,empty,,9d2b37f4c0d0585e541901681e603fd3cffa98c19607070cdb815e9f992c05c8,2231,1
L3,R8,fd5e84317740,8c5b077524c1,3df55d487b00,empty,,6d1cfb5ff415eff44a61ce06e65f7366e3b469ac33663c87305b23141acc2b9a,1555,5
L3,T1,fd5e84317740,7fccce4faa2f,1dedd3e99308,empty,,3304bb1a0aabcd9d0258081989d59f96a4bac8cd06bf2cdb38e8612116b7f960,715,5
L3,T2,fd5e84317740,2c81c87fcf2c,50cfd6dcaf6f,empty,,775cdfd43fbbd330f6e3865a26da01cfc4d5cbc11312af1a3b6e583dbddb12fd,1708,8
L3,T2a,fd5e84317740,e4707238632a,7b1b34f7ae7d,empty,,6b939f65f9948bdde508da17a9e1e07b212aa25314dabeaff58a9892627652a6,1534,4
L3,T3,fd5e84317740,3b9aa8bb490c,536f68ccd0a2,empty,,1eff0165b1d7ec30b036abb6a9dbf8998d508fdd3663df14401f3a6fc06357c5,415,5
L3,T4a,fd5e84317740,a722a78be07c,a3b71e4cdafe,empty,,7f0ca2d6f69a4626870c9a740fd3a9b718af50d869d895975c490caca5986109,1809,9
L3,T4b,fd5e84317740,8dac2399d9d3,e4a77798daee,empty,,963d0960772f76e5c64f0a28a569395c6424779b830d3892f744935f07b6dec1,2141,1
L3,T4c,fd5e84317740,3a2a1325fb93,c8e3514d681d,empty,,aaffc9dce2b679709a13cbf65881185e6714de9840d9fa64a197b486f177829f,2449,9
L3,T4d,fd5e84317740,0645a54521a8,356a3f7498fd,empty,,cb71e6b62d3f3e52cc202098b936c761e95ee7e21f3782c525ecf18c40819429,2875,5
L3,T5a,fd5e84317740,9fd1579bc37e,5ceec9930db3,empty,,7d3454fcbc413722d0874dde1f99063f205e7a65c4df8544f37faf334c3fed1c,1784,4
L3,T5b,fd5e84317740,3c304e466112,87a6a4c55154,empty,,47c564ce3ed1d76b7e0a736df1f4e74fe0dec4dfcf4a8540afda2de84a431919,1002,2
L3,T5c,fd5e84317740,4236c6342cc5,3b2578cc7398,empty,,aa940dae4c1bf7eb9a6b7f66d9eaecce23b01937a160efdbe20314a9ac1fbd3a,2441,1
L3,T5d,fd5e84317740,f0bbaae7f4af,7d32391c334f,empty,,6ea4cb2ac790d5a2b55dd59ed2b917b15f472d08341b4370c56becc6b7cd83e9,1580,0
L3,Tm1,fd5e84317740,6b080cbcddcf,ca80e9894d37,empty,,11e67f61a72a46c5192b32e27e4ee2ac829e0f1abde67f78f7916014f53b9e8e,232,2
L3,Tm16,fd5e84317740,7a0908bbdc11,b120bdf75350,empty,,0cbc64ef0635c470d7b709baf498d44baaca881cc24b0303d6d6e5180f5214dd,165,5
L3,Tm2,fd5e84317740,1716679973ed,27bfeb7e466e,empty,,769ea5903f69d79c541d5b5a5077e8b7a39f1c3528bc24ab6a01575a1ec24b31,1699,9
L3,Tm20,fd5e84317740,5202f2beeefe,108b06d7106d,nonempty,,d386f45c0ce6852ca3e4a81178f6291184c736d6d54d610582e3222020dd5d6c,501,1
L3,Tm28,fd5e84317740,0a8ba80929dc,2fcb8e229ce9,nonempty,,814a42eddeb4342518ba8cc2baa30a133e3a497ace773e64c0a0d31a2e22402b,303,3
L3,Tm3,fd5e84317740,1d04dc9e4e44,64d73d7f83b9,nonempty,,2c2f9c8151a67fef4bb10edfdd5942fccf20516be00aee2b478ad04c4cf7e0bd,117,7
L3,Tm30,fd5e84317740,fabbe5261153,5b707301f6be,empty,,b14d05f3d827381d29212dbbf43c0c28be8bb31c3c161d1243bbe0d12a5aa363,2528,8
L3,Tm4,fd5e84317740,8f9d79739978,1eb0f136d0b3,empty,,f4379ea06864916175a8d2e8dffd7d694b81c8d3022fa8f1f202af8530eed586,3450,0
L3,Tm5Y,fd5e84317740,05257d37421c,eefad9c5396c,nonempty,,745e631356a7b4904ed3a7d26e1509bcc97b21b3cd3a18195378a8268ec9bf7b,274,4
L3,Tm5a,fd5e84317740,e2174a9084c8,1e5cf347d47f,nonempty,,3a7ed82d0611b2846dfadef34103a29045e8f7146a8a68767014c01f3fb20210,150,0
L3,Tm5b,fd5e84317740,5bd7d91f26e1,aa2790a9fddd,empty,,2e16151fd2973a43fc63c3f0fbc72e53e2787f7ef53471ad3bd6214c310aba0c,636,6
L3,Tm5c,fd5e84317740,2455576c666d,73f65ed9896e,nonempty,,03a0da17d0cb7dc335f35b724c66feb78cc7f6cf9a554261a9bd14eef9a90ace,9,9
L3,Tm9,fd5e84317740,d00cef6913df,1456ab86d536,nonempty,,3fd5d0e2bf732042fd332f5a6cd6d5c4b8c43f36da72a4a3885872bea683f996,155,5
L3,TmY10,fd5e84317740,d1d3392c46d1,dce025e45a8d,nonempty,,9fec75c6133061b79ce8165fa15a9ff103f30e8c2831743e7180ca0ad51cfe8b,376,6
L3,TmY13,fd5e84317740,e8c21941580e,c04251de640b,empty,,c53d8a6f28b9c75166e4a18b1a4432686efcb3d88e2dd4bb02501f97fb31504b,2786,6
L3,TmY14,fd5e84317740,28a670a5d3c8,70faa8b9e201,empty,,47ac190a6925f6b92d531a36f7b93a9b5ed0a32c90e52e2ead96a1939578475b,999,9
L3,TmY15,fd5e84317740,18fb00442a43,56627a3211f9,empty,,ecf0d31c940c6e5b0e77146f83a731e7121fd272de65c94fab7dd1368c7688d7,3358,8
L3,TmY18,fd5e84317740,dd5eb1fb0caf,c1636204d4af,empty,,64676ab08dd079fb1ae02bf1e7c7bdc95480e4f6177bb2fb17347389415dd677,1427,7
L3,TmY3,fd5e84317740,607b8ed34a33,fc6ff896f2f4,empty,,6eba8eed5b379e5436e24acfb7241af8169968b6216b1d09eeea3450c341d202,1581,1
L3,TmY4,fd5e84317740,887ba31d1e5d,eaed4e3c6a7f,empty,,a705e0888ad98e9d058347c74dbe8443b5e000c4bac715bc001250f96e62c6c1,2392,2
L3,TmY5a,fd5e84317740,3ad6ff7262ce,7388f43b3f35,empty,,5076e9c665096543ef5c271d5d9d72d3bac627a7cfb39924cabd7cfe814d628f,1127,7
L3,TmY9,fd5e84317740,7af2610d274e,e38658196a84,nonempty,,319814bc947cc4abfb65d93912e2f8d9aecbfecb51249fab913eb2338e800cf6,132,2
L4,Am,7c19534e0d84,ae7eec9cc6aa,839d0f2e12ea,nonempty,,091b98876b0f335fd7dd627bc57d3ef5522703f7992a7602c0c29912aef0e91e,32,2
L4,C2,7c19534e0d84,ac7377b4f393,2ed1395e7fa8,empty,,eb25cc5870b1decc06e5957fdabfe3185cc4a84b27399f1cd07908b886262657,3332,2
L4,C3,7c19534e0d84,6182a4f16e6d,6aa026a622d4,empty,,1a3a465d2755936e36a6bc8eabf80f07dcb8b2ec500e3429bc37efe7edab71a0,351,1
L4,CT1(Lo1),7c19534e0d84,7c280b5b9f34,efeff5b60a9e,empty,,548cd8050c43656f99d9139094567ee1f2846888f4ba1ceba613ba71a42a444f,1189,9
L4,CT1(M10),7c19534e0d84,63667a4a1a53,ff0b5fb75844,empty,,0414d812b71377af5efc73a3feb549f1295326e052e52f5731df337b310e95e9,50,0
L4,L1,7c19534e0d84,ad5110ebac00,c7aef30b916e,empty,,f23dccd354501f7fded3a249dbabc8a423cdbb110f395188439ab0f28398ead3,3419,9
L4,L2,7c19534e0d84,36f25ce16c8f,94b486cf7d4e,nonempty,,76e66c3f10f7047c204d0cb197e2899c12596e2f6a45b74f18c5b56f00b72bea,282,2
L4,L3,7c19534e0d84,fd5e84317740,c5f88f2e6bec,nonempty,,7bbd1cfeb8443abf767560f310c49d961927d05bcc9f9aa8f8021425b6f3a9f9,293,3
L4,L4,7c19534e0d84,7c19534e0d84,cb15116811d5,nonempty,,91a9239aa3caeba3cdf34443d079b830fe1dd9000b58feedeab88f015dce56c2,346,6
L4,L5,7c19534e0d84,cc98a8db805e,8ee85c6c9b6a,nonempty,,f167b115729441936d1b51ec1ddf7283fb962be922d019642d1287f4e0942b9d,572,2
L4,Lawf1,7c19534e0d84,2627beca1340,9a9672e94bae,empty,,ecf908a683bf37f1fce1b8a8336a4ddd7753e2a876585774828366270f0084f1,3359,9
L4,Lawf2,7c19534e0d84,3a1e8d7d01c3,c4c10fb5c0ba,empty,,43100f1f2a7cb73955a2b74d0cece055187c264ac03b8948ccf0d804c7caa054,933,3
L4,Mi1,7c19534e0d84,af1ee12c7a13,ad42a5730033,empty,,1f9347a1ac88dc2c310a99d42ac99718277a8b803cfa3e0e81f5465d91b8fe79,424,4
L4,Mi10,7c19534e0d84,59362ec08e0b,49b2639cbce5,empty,,272680736cc4f20241f87acbd5e35ff36c57a7203ab066526afed279f83bc5d4,537,7
L4,Mi11,7c19534e0d84,f8c7207459cd,bd3aba11802c,empty,,06d188fe20f068d6f28c177a0657d0f47ff6f4c25973638bda16140be4b3819b,88,8
L4,Mi12,7c19534e0d84,22599a5bd694,111f325026c8,empty,,2201ccee552227068dd29797bf10427b327425a8003fe87fa056ab34075233de,466,6
L4,Mi13,7c19534e0d84,7fd7d345df8e,f777e0afebb5,empty,,f1ae7f090f645334def79f304ba9081004f453feaae3a8b9a797b98b8c74055d,3412,2
L4,Mi14,7c19534e0d84,b33da6e1384a,7c274ea07ad3,empty,,bca8b6676529c64c57c7e8e7c4bd1e5dc74b37a71c5922282f947ec4f6f78c50,2674,4
L4,Mi15,7c19534e0d84,4dd1eb26b0df,5e684b86a380,empty,,75a8cdee18db8d2a9ad1aedc4edbe7fe057b32bc2217c1629c735abf679dc478,1686,6
L4,Mi2,7c19534e0d84,8d98b9eb6175,23df191673db,empty,,831267508084b551c088ac69e600d0e3add47d4a0e716dce0ba5451695430808,1859,9
L4,Mi3,7c19534e0d84,0172ab6332cf,0e113e17b973,empty,,dd5f3f8084728c1e3788fc4e883b4afb66e12df7502863d4f46a9d119a1d0558,3128,8
L4,Mi4,7c19534e0d84,7c9f2d10b0f7,61b4f7ae9f01,empty,,38d45f00d85773cc458a6d6daa260a94e30abda3c1236dc4da3fea778599ea0f,797,7
L4,Mi9,7c19534e0d84,760f78ba3287,b74cd03dc368,nonempty,,0d5b4a4a0c2df7a4e0b9dd3d0ccbde18a6c4c560d38ea95424ee9351e7e9ec8f,44,4
L4,R1,7c19534e0d84,9654b247b494,3d3ee06f4f53,nonempty,,926e574d1ad5a200766f3e13dec617334b3426003ba66584a5d6347f45bee38b,349,9
L4,R2,7c19534e0d84,b075082bb026,9404f2195fac,nonempty,,afd752e22ebf8aeaedb8c3c7027a8072e300184b370fea47cf1be15efeaa803d,411,1
L4,R3,7c19534e0d84,a9358d78ca90,82be9f671527,nonempty,,0e6934e016a3cf01520888f493f0078d54dc60324d3232d1600e59fc5eedc419,47,7
L4,R4,7c19534e0d84,d54d0db004dc,72d9bdcec699,nonempty,,ef3e39c08bae419b2d66f395d1f0165b074d9259cab822cf38c65ba3296895d5,564,4
L4,R5,7c19534e0d84,bf135de1db2a,50cf1060151d,nonempty,,c403ce505a11a317847191c17c9889e3ffc53c8b0de77e2bb4fd217286ac535b,461,1
L4,R6,7c19534e0d84,ef2dad65a896,d02432531ce9,nonempty,,628936d312b113bfe74e299ba5513406a3e04d6b8e8905e3d7301832ccb96184,234,4
L4,R7,7c19534e0d84,ee8007a1d4ca,3231acc4788a,empty,,43edf3ee729c41bec30a6d13257e29c17c6b9153f8a16e9c33c47bd653865253,945,5
L4,R8,7c19534e0d84,8c5b077524c1,5367790d735b,empty,,e670d8eca4bf69d148f89a769456333dbb310ba1072724aa164938876a946f4c,3244,4
L4,T1,7c19534e0d84,7fccce4faa2f,c4e22e7d5ef3,empty,,1c374f0320c324d5a2bac83ab1980179c39dc5a4ca25ca00b899e8fcc08b47da,378,8
L4,T2,7c19534e0d84,2c81c87fcf2c,071b9ba6a697,nonempty,,41614885e6d64fbc096eb50d32048dd8474599bc9336f25ac82f57e69fa2d15e,158,8
L4,T2a,7c19534e0d84,e4707238632a,f9e6ee2697b2,empty,,8bca0f09f108a95a0e20a6f9852b6faba79d747cae60b2e6e674f0f67e8a2642,1981,1
L4,T3,7c19534e0d84,3b9aa8bb490c,9de610c905e8,empty,,6ba4d6696d39fec7ce862338cd8f51945f0406a2901a79ccc1693a2bcdc13cda,1535,5
L4,T4a,7c19534e0d84,a722a78be07c,0707d90b793b,empty,,e9d82a6c624b4514857a85d660380ec2b9d7054241a2a83c899ab7d398590c1d,3309,9
L4,T4b,7c19534e0d84,8dac2399d9d3,f5a3e1d2507d,empty,,a2d914d7264e449fb41d5b5d999d5eb9b03f0b304f27e852c5f38cdd1ad1f797,2321,1
L4,T4c,7c19534e0d84,3a2a1325fb93,fc43edd18d9b,empty,,23706b7128fe6ad265a21189ab89ed354c4da8f2bb5768477715ee4aef555522,487,7
L4,T4d,7c19534e0d84,0645a54521a8,7254cb4fa7de,empty,,de9185f6ec098fda4c017836e651479aa00508a25aa4aba2cb249160c0b13ba6,3145,5
L4,T5a,7c19534e0d84,9fd1579bc37e,fe2eb793fe9c,empty,,9e99ad9e965b55692ea1ba2dbffca88e287b523be63665a92cb9bcb9ccfe5a35,2262,2
L4,T5b,7c19534e0d84,3c304e466112,ae8f037ad97b,empty,,86aeed6118dfc74a8b4e0a8d2289b4018ca285ff96676814d05831c8dbd6c17e,1916,6
L4,T5c,7c19534e0d84,4236c6342cc5,2d16174511ee,empty,,ef44b50d17adaed6f36ee72df8826235d3137948175056970fc1ef5b26b1fa05,3380,0
L4,T5d,7c19534e0d84,f0bbaae7f4af,1892e8b59c85,empty,,b9bf9142ce04f2014a4195a76fc9135bf996bccbe663cb5b9c264f9fbca1bf66,2630,0
L4,Tm1,7c19534e0d84,6b080cbcddcf,3743f3b1f467,empty,,1fac1c85b4bdd330622868ba9296405303fe51de9e81bfa16ede6a631ebeb0e1,427,7
L4,Tm16,7c19534e0d84,7a0908bbdc11,4c614f2aa945,empty,,61acbdf80268245340c99f20395827469a61c4140d5cab153d6b98a492813d95,1395,5
L4,Tm2,7c19534e0d84,1716679973ed,bc2c858f039f,nonempty,,40749fd2ba939d6c1f6358539e081c6ab4a050b431898f399df0818a82b55b8c,157,7
L4,Tm20,7c19534e0d84,5202f2beeefe,1e810e2f18d6,empty,,a48f2fde2f52113cabca404e5ad99c9f3059075f7313b7d1f800bb007ab07ba6,2349,9
L4,Tm28,7c19534e0d84,0a8ba80929dc,2443174bada8,empty,,fec592d9da4447172e870264da47cb9fba2e7556acf217ffe66c7d144ca5ffd4,3601,1
L4,Tm3,7c19534e0d84,1d04dc9e4e44,e68fb9a1f3f7,empty,,602eed63a5a80f236408a8e45d4fd274026914f02c82f03921b30df985b4d1a2,1379,9
L4,Tm30,7c19534e0d84,fabbe5261153,9915a8484f39,empty,,ca00cd43cbe9302414f5ee4508bd2a86f81d488b19df5ddc2b20f47a0c711389,2860,0
L4,Tm4,7c19534e0d84,8f9d79739978,2e09ee2fe424,nonempty,,f02a45c0e46cddf31892341a1b647f4c1c98383f35a2347715d03c35fb7cee7d,569,9
L4,Tm5Y,7c19534e0d84,05257d37421c,934f9380be59,empty,,5779f5b54d2fff1dc48f88a5c468a3288b59e0cf7b15e55c8054c7551c12738f,1241,1
L4,Tm5a,7c19534e0d84,e2174a9084c8,46e54ba2d763,empty,,9e526860be1dd37e98b58487a6d8dbf0507c7abcf3c0b3b311fe9a457d779e00,2258,8
L4,Tm5b,7c19534e0d84,5bd7d91f26e1,58367b1b8ab4,empty,,ce6320ec35b57307f1bcd34e59a0c643cda7762f58aed222cb1578db9cdc4796,2912,2
L4,Tm5c,7c19534e0d84,2455576c666d,826d5dd02e1c,empty,,ebc8978550dc202130aa3e2a3d6c0e319b0bd592522a3336b63b9785752af8e8,3342,2
L4,Tm9,7c19534e0d84,d00cef6913df,623d241c43bc,nonempty,,4f308b8daf2893af80898f768029dcb31fefad9df9cd94e046ce0e7a8fa15096,188,8
L4,TmY10,7c19534e0d84,d1d3392c46d1,766d49572871,empty,,999fdd3efe8181524cfc87b25d8684ad7fb4601e9a1da030cb48f0c28cf30f14,2185,5
L4,TmY13,7c19534e0d84,e8c21941580e,3e73c458bc09,nonempty,,a51b47e5db066e4101dc67e68adb6e7455bf9072d8f7a7165213f6803689d7c2,382,2
L4,TmY14,7c19534e0d84,28a670a5d3c8,beddc5773755,empty,,6d889b5fc9e9ee35856f98384c2faaee6e92f69800cb0d1d8758325abb76d1fb,1562,2
L4,TmY15,7c19534e0d84,18fb00442a43,b548c9f5fcdc,empty,,551f06eec8bbc81061fac6c8d96f53867052cca5197599fb0fb52884503b67e3,1199,9
L4,TmY18,7c19534e0d84,dd5eb1fb0caf,9c5d3c7fbaef,empty,,2d1cee0011e999f3503e09cc131fa8f8c8cc507a38412890c412edba6ba9e1cd,618,8
L4,TmY3,7c19534e0d84,607b8ed34a33,594e3bf1d46c,nonempty,,06af7d318aaf265f2e9078a45f3075eafb75b0eebcac9228101ea12c269047ae,23,3
L4,TmY4,7c19534e0d84,887ba31d1e5d,19b64a1c91f8,empty,,664f3a7432d0956246d4985820b26731fef26bbb6648817cbc5632f9c6d47552,1445,5
L4,TmY5a,7c19534e0d84,3ad6ff7262ce,ec438247a372,empty,,047ef2bfb697ca84bd32047060ad88c59d30237aaec8b9858e8d0d1350b6af6f,53,3
L4,TmY9,7c19534e0d84,7af2610d274e,92f8bd3b6d79,empty,,16a1a12d2f37b440a945f086f769e39d97d79993bd6608e7fef8dc6d3c41ec57,307,7
L5,Am,cc98a8db805e,ae7eec9cc6aa,0c9ada2bd3ec,empty,,4250e28899fd8989649390686dd1df0f5465bb7167fc50d236471f952e5c0d69,924,4
L5,C2,cc98a8db805e,ac7377b4f393,62038101dc0b,nonempty,,f4c05c915fef6fff3a7ba3c80a67719329bd5dd992ad2a9de1689f040b8c7acc,579,9
L5,C3,cc98a8db805e,6182a4f16e6d,942200a41c83,nonempty,,4a287b2123aa44245f6604ad8c4b4ae96c139ad4dfa3d708861f2a841a34a2c0,180,0
L5,CT1(Lo1),cc98a8db805e,7c280b5b9f34,d06dffb39795,empty,,3420450f1fdd5c5b8b7b34704072a547a1fd933533217a2ff4d6a74a1b4a7309,731,1
L5,CT1(M10),cc98a8db805e,63667a4a1a53,b2e155d696aa,empty,,98d51af1e2ebf8adbdc8b0b19ac0e75b997153dfdb2d382847b7e9996ceae804,2175,5
L5,L1,cc98a8db805e,ad5110ebac00,ed26c76556ef,nonempty,,68d96fef4961c3b9d7d7ce688b81b18b8710f02cf20c49135e5f135a8d7945f3,249,9
L5,L2,cc98a8db805e,36f25ce16c8f,652e71b9c29d,nonempty,,4fe41bd5cc9bf07f52e6447d3a1b69870fa4edfaf3c7765a05815216a0ee4af8,189,9
L5,L3,cc98a8db805e,fd5e84317740,f0ecc2466eb3,empty,,515e824353ae42c794ea911533e9305f7f4bbc1fdde1f38b80e2a5bcbd40c6c3,1146,6
L5,L4,cc98a8db805e,7c19534e0d84,86df8ab3e918,empty,,1f2a6fea035de4879b38b32614839446e183fc22e9f495e2925f662b396f8371,418,8
L5,L5,cc98a8db805e,cc98a8db805e,82aa933511b4,nonempty,,f935ea9622d099ae88960f650733aac5784290b7bcbeda38fb9122bd15f3d27b,595,5
L5,Lawf1,cc98a8db805e,2627beca1340,49340594cef9,empty,,6cb0354672e3d8dcd754621f7a5bb43c2cb9745dcdbb684f92ddbaa0b8085fb9,1551,1
L5,Lawf2,cc98a8db805e,3a1e8d7d01c3,4c53207465ce,empty,,c69f46eb51a09ab665cec1445c3c07ba5438c2b7e87729799fee382617313de0,2813,3
L5,Mi1,cc98a8db805e,af1ee12c7a13,4705c57db1d7,nonempty,,f646f809c47129bccc90c95bdca10849ffd9ae6f23ed677a28f1330293aaf817,584,4
L5,Mi10,cc98a8db805e,59362ec08e0b,035c583ea930,empty,,551eaa88287f67d4a0c6c1c779794b1d6721360ac42cd4dc7591738613f56694,1198,8
L5,Mi11,cc98a8db805e,f8c7207459cd,f4f6c021b27a,empty,,bd9c646c6216be551fb39b2234610f7c97f9c5199cdf882c80c836abb9f3a128,2683,3
L5,Mi12,cc98a8db805e,22599a5bd694,21d9659c57a2,empty,,7b5329f3af8cc80b26853d15475ebc0a3af045cd0a18b783b4f459b61fdce43a,1765,5
L5,Mi13,cc98a8db805e,7fd7d345df8e,969d60a02614,empty,,bc811c57f552e004db8c5840177c954425a7a49960d4bb4118dad37c3d998ddb,2672,2
L5,Mi14,cc98a8db805e,b33da6e1384a,f78da53946cf,empty,,892b36b6fdfc6013e14d7e3e4ced12af19213b738ed2f9be9208c55a2a7b579a,1947,7
L5,Mi15,cc98a8db805e,4dd1eb26b0df,9b1b571fec42,nonempty,,30f3be72db669c008ab64bd2963ef754e9101fa2d6ad224f6285cccfe6e8b986,131,1
L5,Mi2,cc98a8db805e,8d98b9eb6175,b05e8c868ed7,nonempty,,748e867ec11b5b73660d946551d4b75869d4b0fa61e8a19fe0d0cd9d3043f76b,275,5
L5,Mi3,cc98a8db805e,0172ab6332cf,fa441b5ea2ac,empty,,a6635cc104dc80ca6cae4f6ba25cdbfb49937407a2a346a28b9792442efe53dc,2386,6
L5,Mi4,cc98a8db805e,7c9f2d10b0f7,6550d51e3977,nonempty,,5f6313b654880123e1971968e345d4bb65ece558fe05e74809043c052110b6dc,225,5
L5,Mi9,cc98a8db805e,760f78ba3287,25cac468c53b,empty,,7e53c396b740b9fafc4c9102298f5d1af7822bedd283d173241bf096ee8d3dee,1796,6
L5,R1,cc98a8db805e,9654b247b494,3f38bc54a7bf,empty,,fa13504ecf044a9d43984c69de071eefc7cc5c1ebd831ba61190422aa94aa9e1,3529,9
L5,R2,cc98a8db805e,b075082bb026,95ead09c76c5,empty,,f27e9bb01c22daac63b6ba8cf3d4987f044dcf5f4d1b6e545eac063fdd42b656,3424,4
L5,R3,cc98a8db805e,a9358d78ca90,b91087965ae3,empty,,6029160d99b80285127058136ce67a2fdec5fc8d8c55d77f711989231f9aa90e,1378,8
L5,R4,cc98a8db805e,d54d0db004dc,0c1574243244,empty,,5c938abb8c266a1690e58fc0cdd87461eed67b081ad8012bd6bc0abe53a3d5af,1321,1
L5,R5,cc98a8db805e,bf135de1db2a,38a33658947f,empty,,0c7b37d02e12137cfe79c9f8aa2a963c02ca2ee3bda03d7ecf6f7d7f730348e8,161,1
L5,R6,cc98a8db805e,ef2dad65a896,83fb20f0acb4,empty,,1fb7cb60f11421ad1f121ea27078bd2d793599278edb5434f063ae22920a4105,429,9
L5,R7,cc98a8db805e,ee8007a1d4ca,aa4a1784cdef,empty,,cbc0932a74fbe3345da301463183198e71be9f1f91bb8518a5f961854b762be3,2880,0
L5,R8,cc98a8db805e,8c5b077524c1,ef21f60410bc,empty,,ab7058925135ba645bbece9deeba6b523dbc4945070d580a0143b34bb7a9440e,2454,4
L5,T1,cc98a8db805e,7fccce4faa2f,a22b2f124e84,nonempty,,794f00cbfc84ad5186e894026baf6cbee4eff79c2771bbd538b5e84201e5ffc8,290,0
L5,T2,cc98a8db805e,2c81c87fcf2c,4d0c9a594eba,nonempty,,f14fca1f560012261438d1ef9bc8df4e46543eec4fe057b3ca2cc7c211367b2c,571,1
L5,T2a,cc98a8db805e,e4707238632a,57ca8da8fda1,empty,,e3c537647721026e280703a38fa4208743036711b9df7c57e5d64fce62b9dcd9,3213,3
L5,T3,cc98a8db805e,3b9aa8bb490c,405acd3c067e,empty,,0726939909d2c68f983b50d6e9b9685e405d758fe7e01e7d3b989a2f20ff7931,91,1
L5,T4a,cc98a8db805e,a722a78be07c,9ff52e651b71,empty,,2c97a3d1fa4d4863d41074abec2c21622c8c7b76aad39c6f007a096b37ca715d,612,2
L5,T4b,cc98a8db805e,8dac2399d9d3,9d940110f7d5,empty,,749565cf47b43f83549a2a1997e2a617fe56072ccd5c76d9454804342476cd59,1671,1
L5,T4c,cc98a8db805e,3a2a1325fb93,7900a03aad64,empty,,2c3b4d873b9fa73635f4376f34b7ce5040f1a9868dae6043e05b4273229b073f,609,9
L5,T4d,cc98a8db805e,0645a54521a8,dd9b74b4b6d5,empty,,f22ef3ad171436f8ef25834772d7da013a0186996b094378aff18d02808e17d6,3418,8
L5,T5a,cc98a8db805e,9fd1579bc37e,cd55f57b97c9,empty,,44a3cc67ddabc22d8871b52f5234658a21b4d3ba7a9f1f9de5910623d80e4303,962,2
L5,T5b,cc98a8db805e,3c304e466112,76a3da2b3835,empty,,3efd62e5218b4085cea7122a6e71b22ee87b4b7142d54bfafe3e3ea1410506ec,883,3
L5,T5c,cc98a8db805e,4236c6342cc5,a475d286ba5d,empty,,187e5a542d29d610683d3024bbd5d6cb55c13cd3501f4ee099327ffd47a9bc0f,334,4
L5,T5d,cc98a8db805e,f0bbaae7f4af,d3e3848c55c2,empty,,885de6e4a8fa4684668fffdd0769b19ceba8905925951618f6c4d29dbd336c5d,1937,7
L5,Tm1,cc98a8db805e,6b080cbcddcf,67aba404680e,empty,,797d80cfdff7db055fb9d7096b8099c5a727d674948b38c5bd1a695bc21ad1ce,1737,7
L5,Tm16,cc98a8db805e,7a0908bbdc11,10fe228d3cde,empty,,58213bb46c594e319eda86def02ff23d478a8ef09adf395e62de6226ce6c24dc,1250,0
L5,Tm2,cc98a8db805e,1716679973ed,cc441f0b45c9,empty,,215004fbd0c0c14d4e716dc2943f60a640839568aa1896677ad2eec8677975bc,459,9
L5,Tm20,cc98a8db805e,5202f2beeefe,98f8ede7c521,nonempty,,47782ac585da60f34dabcbe291513daf2aa5765f5f30306e9634d6ee27b69826,173,3
L5,Tm28,cc98a8db805e,0a8ba80929dc,06356a6e6a67,empty,,4c3bc3d58ed11779886fab1d9e80ab9c9f504ba1f16c044c53cc9770187f89bf,1062,2
L5,Tm3,cc98a8db805e,1d04dc9e4e44,60fdecfa1c51,nonempty,,5e5ecb528fe44da98e6ebc93b75d4ee6ce55d63e6e4912940bbd10b2d832a153,219,9
L5,Tm30,cc98a8db805e,fabbe5261153,03027c0c7ada,empty,,e972a5d7d6d8cf91f410ab43d3cb43d9da499105350801db4ea5135010851ad6,3294,4
L5,Tm4,cc98a8db805e,8f9d79739978,7db8c356a5b2,empty,,25f272749d6f64984e117c104a4a87b441ade5713d89897ffad5fce974ae80a6,524,4
L5,Tm5Y,cc98a8db805e,05257d37421c,1a467e51948c,empty,,c5d2e55cff995ed827d1ea4966fbfa8b9b165d38869dec40387c2f57dbcfdad2,2793,3
L5,Tm5a,cc98a8db805e,e2174a9084c8,c44a689311d7,empty,,c083d03bbeb5bbaa5ed073e9114bd21eb8bed63c6d7e12e5736c3bd87547ebc2,2717,7
L5,Tm5b,cc98a8db805e,5bd7d91f26e1,3d94a5837525,empty,,50f2fad15ddc4224105786c8d3b624d95f76dbf3b5727e0d18a79915ffcb01cb,1136,6
L5,Tm5c,cc98a8db805e,2455576c666d,67cf4cce0054,empty,,ff2910f740d35768174f1647ef6c4bc184fe5ef115ebe300ad72e42eb59bee30,3611,1
L5,Tm9,cc98a8db805e,d00cef6913df,2d1619bd1c51,empty,,a1ab76c716d3c14fe34f6d3e393271c96a554fe9c3bd42e36ddccfe4c9ddf648,2300,0
L5,TmY10,cc98a8db805e,d1d3392c46d1,0012b11be798,empty,,e951ea09a4e0bd73a4ab65f6cdaf4947e4be41a4f189d60f284a3a1dc1474d26,3290,0
L5,TmY13,cc98a8db805e,e8c21941580e,258895532845,nonempty,,ea452bdd273a7f4470727348a226f600a872da4280746c26bd6a91a434b77a84,556,6
L5,TmY14,cc98a8db805e,28a670a5d3c8,d6bf01ec187b,nonempty,,a929b930fd2867d070d3efd7d9ecf77f9ec7da3390b902b2c0bad293769469d1,397,7
L5,TmY15,cc98a8db805e,18fb00442a43,65fa2aebfa12,empty,,3c16f0a7d305b394f39721c532ae44e0a0a50ab19140a8bc111883b6456052df,855,5
L5,TmY18,cc98a8db805e,dd5eb1fb0caf,40b716770207,nonempty,,0ce5c351c30c0d7f92cdd818a140950ef4e676efbc319e5946ec69db91a61ce9,42,2
L5,TmY3,cc98a8db805e,607b8ed34a33,eea3d78c605b,nonempty,,f8218bfa8d7d78a9c6304cb2463ea85fb855345084bda4128baf119c371173a0,590,0
L5,TmY4,cc98a8db805e,887ba31d1e5d,6d6d90f02156,empty,,33a5b0bdd97ba8a2f869cc4614ef9e4c434512803539f3fa8452945cbe94cf7c,724,4
L5,TmY5a,cc98a8db805e,3ad6ff7262ce,22e252646417,empty,,b850db1921e4225de5e46d8ceab21241a34931050b80c40bd8e17a28e42aac97,2613,3
L5,TmY9,cc98a8db805e,7af2610d274e,52ae4cd66f40,empty,,920ac79b4bfb68bb99dfb285fdbcb665494e820892536d75b96740b5ebf90c72,2080,0
Lawf1,Am,2627beca1340,ae7eec9cc6aa,02c8caf41216,empty,,72aed1f97e4db519d84bf1a3c00cedefc6540f3797d2446fd1eaf3dd734cc292,1635,5
Lawf1,C2,2627beca1340,ac7377b4f393,394ab76cd59b,empty,,f3da277836ac21eb3929f266ebded1c6dbdf963dc1006d5bc2b866125b6175d1,3445,5
Lawf1,C3,2627beca1340,6182a4f16e6d,e1727ceced9c,empty,,e7375fd47632b39681e666d72237f6dcc50cb496b3132c6451db1fb8181bd7c2,3256,6
Lawf1,CT1(Lo1),2627beca1340,7c280b5b9f34,cb9137269302,empty,,6070ae8e746842f4c81ab7387f3373a93df8e2637a10b1c46ad20f3a6c882d78,1382,2
Lawf1,CT1(M10),2627beca1340,63667a4a1a53,3c6cac16afcc,empty,,4a3a7b523200dc4ec4b9d1218a750c8a2e3d3fb5246f0bb0ac99d961cef7e149,1032,2
Lawf1,L1,2627beca1340,ad5110ebac00,0594a8245fcf,empty,,f048e9ec8343a8a4263b7df3c6a4f94e871ca05a2a45383a7be0b77995fdf58d,3392,2
Lawf1,L2,2627beca1340,36f25ce16c8f,40b1fb9320ae,empty,,23e9a995847e44ee2be34bedf2c85c3b097c401685f685d02a37103e0ae9c77e,494,4
Lawf1,L3,2627beca1340,fd5e84317740,93ecc75bca33,empty,,ae5700d2a3d36f99bc563e2166b6a5f4068a31325ee6655c19596f650d831c28,2495,5
Lawf1,L4,2627beca1340,7c19534e0d84,766401aa7f6e,empty,,ddedb06c0560d4789f70a01d23aa4a3eb2d62667fcceb211303b9c70fc6bd724,3138,8
Lawf1,L5,2627beca1340,cc98a8db805e,e6766a96ea17,empty,,6b4fa98381a025906c9b2376642b7518834637f23a87e4a789ba8d6e7b3ed0e8,1530,0
Lawf1,Lawf1,2627beca1340,2627beca1340,16031c360590,empty,json_pair_never_compiled,ab55b82383498a95cf026a2eb2b3c2bb3c3296f5c1fbe1ecb300fc664c679b82,2453,3
Lawf1,Lawf2,2627beca1340,3a1e8d7d01c3,3d2c46717a70,empty,,83843a470e95fd59decc786a49d28653f00c9f8e934ad783a3c365c7e8de0004,1869,9
Lawf1,Mi1,2627beca1340,af1ee12c7a13,416e63a0eb71,empty,,dd06043284c8bdafca325f9858d3d5c7fe8ecff6ac99e5421dcf345e36be1861,3121,1
Lawf1,Mi10,2627beca1340,59362ec08e0b,7d3bce1f9dbc,empty,,85e36962601ed563997eb44912e9f6eb3062d51fa07deeaf307ebc4dc9ec5c3f,1907,7
Lawf1,Mi11,2627beca1340,f8c7207459cd,a7e91b1f8037,empty,,d8dd4f7ab6241abb7201780c4a59be1cb9696dfb65b37e077b5e657249e8e623,3064,4
Lawf1,Mi12,2627beca1340,22599a5bd694,71b028082607,empty,,3a8a8cc0a8cb432afe35adc3882e43d2622d0809484218c525c17f66ed6ada39,829,9
Lawf1,Mi13,2627beca1340,7fd7d345df8e,55cfdec15fe0,empty,,6d16e97266398817882627f27adb5ae2f6601fe7f89dc57360daf38eb5140e53,1554,4
Lawf1,Mi14,2627beca1340,b33da6e1384a,b8ac64a26085,empty,,f15dd000cab47fb0be3c2e5b74de6b32a6c637b0b865cf57cca3beb474da8d2f,3405,5
Lawf1,Mi15,2627beca1340,4dd1eb26b0df,d5187b369615,empty,,1c198ccc3338f8050e657c3847313e14d68bfa407641203d88541f49769c4d74,374,4
Lawf1,Mi2,2627beca1340,8d98b9eb6175,845facd1f6b6,empty,,ae14e755b744821b0b7617b25bf72d2c7c752caf60085b26cf011fe01ace6c5c,2493,3
Lawf1,Mi3,2627beca1340,0172ab6332cf,df0196e36996,empty,,d47ba7cb1aa0e8ecc45998b84f31ffa63cbf86ed0e64fad4ee2d0ef2feee30d9,3001,1
Lawf1,Mi4,2627beca1340,7c9f2d10b0f7,7db09ff89a36,empty,,58450ba4caf48da33fd66e90790a3a9ac002bc64af023e6cbde72bfd527c16b9,1253,3
Lawf1,Mi9,2627beca1340,760f78ba3287,a5d8d5d37e2b,empty,,5074b22748bc553667b6f0ccf1fdf0c60d3acda39849f5b0d96254b7f77ca8a8,1126,6
Lawf1,R1,2627beca1340,9654b247b494,de945af717e2,empty,,007cf38b466319f2e3e80e41933ac592b83bf7d0cefa64e31c5197faebadc528,10,0
Lawf1,R2,2627beca1340,b075082bb026,a8a6f622ebd4,empty,,fb6de66cf4910b6fd0c4a0d1c1117b295faef6cb88fe33252e3760c97ad2fa6d,3545,5
Lawf1,R3,2627beca1340,a9358d78ca90,557c808eb824,empty,,3a3b60a505f427e800ba410d780bfd80e869cf00bdb3771548697db3d6060c34,822,2
Lawf1,R4,2627beca1340,d54d0db004dc,5895c9ddca06,empty,,6bc197204d30c728c93a5a159220382eaae29e74d4d6fed5d1d2ca33daa2cade,1537,7
Lawf1,R5,2627beca1340,bf135de1db2a,8d8247414555,empty,,08d3f30e0f673b411ac321124786f7b4cf90ae96df5d2467a1b256cc5ceac667,109,9
Lawf1,R6,2627beca1340,ef2dad65a896,033a0c73fd59,empty,,5dd8d24d30a9a569d3b8278fc58394700016ee58aebc3737393d68184e131dc4,1344,4
Lawf1,R7,2627beca1340,ee8007a1d4ca,1505cb86eb52,empty,,6c94760ecbcd887ded163542dcad673e322da31fbbda0af24cdbd3418e0a490e,1550,0
Lawf1,R8,2627beca1340,8c5b077524c1,ecaed4783533,empty,,a330361884d3d836035131d68548b5df3c490c0e6a2c8eb28e53f67046624527,2329,9
Lawf1,T1,2627beca1340,7fccce4faa2f,02fd26ebecce,empty,,5a29ccb2caf74ced683a0719ef31e006e7a21be5bd5ce8feb74f083e5b3d58eb,1285,5
Lawf1,T2,2627beca1340,2c81c87fcf2c,c109fb7b289a,empty,,5dc4c0a2398cae091581f34abb823f98cc44f3f88cf7d7da8a2d0db156854d4d,1342,2
Lawf1,T2a,2627beca1340,e4707238632a,65be7312f154,empty,,d262ae5de10c0054151a5f33c791fb9ce7bf79d0e201017253d11dbe6d62c478,2969,9
Lawf1,T3,2627beca1340,3b9aa8bb490c,c6b2a1771927,empty,,58d6ae76f2034e310ec9f4ea4bf10283a73245695a3353cf6e64742d0456e572,1263,3
Lawf1,T4a,2627beca1340,a722a78be07c,787c4d72cf00,empty,,ad33dd2be0341d39174a5b0f3a6d013c565105f0c061d6f51e8274d7f160b158,2485,5
Lawf1,T4b,2627beca1340,8dac2399d9d3,a01e216673aa,empty,,3a1730e19fa94994a4ccc7c2397e62af98e56079535fe89da5efd9b03d2dc00e,820,0
Lawf1,T4c,2627beca1340,3a2a1325fb93,c9dd4e136c71,empty,,202ce31db07387ef08b00be71d51168cf7ad345ea7d555a45500934a733053c5,438,8
Lawf1,T4d,2627beca1340,0645a54521a8,30c233b545b8,empty,,87593fb12f4f676a77fabde206e72490bb0f1e33196962ac2cc9559bb9a6c362,1928,8
Lawf1,T5a,2627beca1340,9fd1579bc37e,8b94882c63f0,empty,,91c179c92b9b72196c9976c96bcb572db526b8d0bdb2a1c569c5b04976618fc5,2073,3
Lawf1,T5b,2627beca1340,3c304e466112,50e2ea8386ac,empty,,50ab37164216e82f765f4e505b6bc23547ece3c6537932cae6114df99c41fced,1132,2
Lawf1,T5c,2627beca1340,4236c6342cc5,df1f40287df9,empty,,afe2ce74f661d457debf6efe7506b329477394b561fd5b9899ce408fb1e3f10e,2516,6
Lawf1,T5d,2627beca1340,f0bbaae7f4af,b9091a4ddbfe,empty,,720cf5e270cc36e1e15f85e59fd0d80ea890a69b42dcb264d79d50eadc8fe5eb,1627,7
Lawf1,Tm1,2627beca1340,6b080cbcddcf,9da3fa0046c6,empty,,3446bcedca13722f5b403adb45391839d048ea35bbf657f8d63cb3d07cbda3ed,733,3
Lawf1,Tm16,2627beca1340,7a0908bbdc11,d2af44b9a800,empty,,dbce70fac8028a10299c4a9562bdaab05d3c9c004309a6f255e308936d6b62d6,3104,4
Lawf1,Tm2,2627beca1340,1716679973ed,ac0bd6de652b,empty,,6b0b01766fb21a2a831105222b7f3d1fc97d740e09691030c8c27f7d6a3e830a,1526,6
Lawf1,Tm20,2627beca1340,5202f2beeefe,feb8622412e4,empty,,c96bae17429d554abbb9fac54365a32462bd4b914ec530df8b21ea74c52d1010,2851,1
Lawf1,Tm28,2627beca1340,0a8ba80929dc,be92f8b4d1c1,empty,,6189b4ed6c05279c7b022c625b948f23e5de47a5934623d6eeaccef5d906f092,1393,3
Lawf1,Tm3,2627beca1340,1d04dc9e4e44,f542bbaab113,nonempty,,98b8ffcd1a744c04b2e63b0bc41a3b8a96110690b286a51670fc868b60cdd19f,365,5
Lawf1,Tm30,2627beca1340,fabbe5261153,204b5754af91,empty,,a304e27c339b4cf47eec3b43f30e626f1a6be1d2e6735d6c549524006aa2cfb0,2324,4
Lawf1,Tm4,2627beca1340,8f9d79739978,0db912f4a0c1,empty,,40f3bf4a08e18f7fdd91374642e78848fd6a6cbd16605762f18517572cc60926,907,7
Lawf1,Tm5Y,2627beca1340,05257d37421c,848607ec3c18,empty,,c936e277025e7acc225dab4bcb7e28d3906174e890b96c5819ed456c35c753a9,2846,6
Lawf1,Tm5a,2627beca1340,e2174a9084c8,d6187cb83fdf,empty,,ce0eb06a0fed7ab81c1bf6af96a3640dea3def8938c1bda11d824c18dc8460f2,2910,0
Lawf1,Tm5b,2627beca1340,5bd7d91f26e1,a079b3d87a93,empty,,aeef40ae730c2e72d0b2f26e511847b2d1f053b22ae37ddd7a30305166325e3c,2507,7
Lawf1,Tm5c,2627beca1340,2455576c666d,8ca016accaec,empty,,6dcfd04c1b3a09a60ef61fe05457de645b3044cdc8c79e55877f7eaab17bbd0e,1568,8
Lawf1,Tm9,2627beca1340,d00cef6913df,1425e515f1cb,empty,,0ccfe7e454752f05451ace6f3f847c7e9b35b19c87c466fc106d88a6586c24e4,166,6
Lawf1,TmY10,2627beca1340,d1d3392c46d1,0ec6479fb6b7,empty,,e6a09020477884d10b7ef86cc74a2e32c62bf685a8c3aca6430d1ef0ba9c89ca,3249,9
Lawf1,TmY13,2627beca1340,e8c21941580e,a06006ddddf0,empty,,a08764c663afcbd3e7873c7e509e2c91af9a27a09d004771ad0b6b80beaa0b78,2279,9
Lawf1,TmY14,2627beca1340,28a670a5d3c8,9c6f415d6dc4,empty,,5b98a0cc5592949cce0dd2a96d5496c50a29e7628f445c5366b8dae4105cbd18,1307,7
Lawf1,TmY15,2627beca1340,18fb00442a43,211cbd58cb5d,empty,,1fa184d68c3a2cc3448290f59d14325add4d3a8325e70d56ce4b1dadb3cbdbed,426,6
Lawf1,TmY18,2627beca1340,dd5eb1fb0caf,ca880d5e2b4a,empty,,2d91edcaa5cefbcd1cbec594c4b77fddbc9ae8b3f71984a9f019e287330bc36c,626,6
Lawf1,TmY3,2627beca1340,607b8ed34a33,9a549305db55,empty,,c315b16d1bd6e63d8ab3955ad8aba2c00783faa817f794aa35c48562280a3d5b,2758,8
Lawf1,TmY4,2627beca1340,887ba31d1e5d,27c411a555fd,empty,,b6e99fc40baffbc82ec3df5f3caa8cf18fda56f8513e9e6c88c226ab37b13e4b,2596,6
Lawf1,TmY5a,2627beca1340,3ad6ff7262ce,59c0b82d1f35,empty,,5973bfd940896780b2b4553907a8359a4ff6f89addb940432083bce8023573e8,1275,5
Lawf1,TmY9,2627beca1340,7af2610d274e,bc10a2efec0a,empty,,2e45613cbd48b81aadeb08452eae316a87b8f9b2ca721dff93220d40d69cc4d9,643,3
Lawf2,Am,3a1e8d7d01c3,ae7eec9cc6aa,a0def5452e33,nonempty,,649c8ca2f75558cd832edd489c1c4709abc6b69734aad4a6c9cef5b945caaeb1,237,7
Lawf2,C2,3a1e8d7d01c3,ac7377b4f393,1e7776c70ac7,empty,,e65ad2dfdea6c14ee08f2f33924772d170acbe1ed130ee001d13911d0e64ae38,3242,2
Lawf2,C3,3a1e8d7d01c3,6182a4f16e6d,e506fe5c2b8d,empty,,a50db62822fd6c12a158271ed65f3a074a01349ab3fa3cdb2f604511206c7c70,2365,5
Lawf2,CT1(Lo1),3a1e8d7d01c3,7c280b5b9f34,0b95aafba3e3,empty,,c8179f15c4d5e6cb8f9564b9a4cf488d98f005c18a9a512bbcf4bafc5c46072f,2830,0
Lawf2,CT1(M10),3a1e8d7d01c3,63667a4a1a53,a7dd47423c28,empty,,c7d075639839bbb4ccc09230a5759e31aef2c558640007f151ae30f1034fe104,2827,7
Lawf2,L1,3a1e8d7d01c3,ad5110ebac00,9eabe6c585aa,empty,,2894e6fd624e0b4dace22a22711b7663e45d5a7cd5ba275aa7f97cdab833777a,555,5
Lawf2,L2,3a1e8d7d01c3,36f25ce16c8f,fb1e6c98ad4f,empty,,7f47fe3d5d349485fc76773b1d050418b7e0305d0473eac8742dbe7414543c30,1810,0
Lawf2,L3,3a1e8d7d01c3,fd5e84317740,3c6174ab5da5,nonempty,,cd2c35ca823938a75f13eee3a9e06011015d7054a8c4347ec576b7497bc860f5,483,3
Lawf2,L4,3a1e8d7d01c3,7c19534e0d84,de27f3ee89a2,empty,,9bd24c8fe5485a0e1f1dc67efe3b0c751a68da3ba5e187a44d43fe083fed5a8d,2213,3
Lawf2,L5,3a1e8d7d01c3,cc98a8db805e,13378510daab,empty,,a566a68607fbf94fc7842760bc60e8ea8b63e6bda84dc206153e823d1197d55f,2372,2
Lawf2,Lawf1,3a1e8d7d01c3,2627beca1340,c6aa3304062a,empty,,860169459165e25a95c1d743a6d21484c24aa5e555898a0766df1aaac32c5ed1,1908,8
Lawf2,Lawf2,3a1e8d7d01c3,3a1e8d7d01c3,69418d53cf85,nonempty,,ff85428b62e4835b75d6447060cea28e0ba4a40f05962fdadc9ab405cdf6bc16,602,2
Lawf2,Mi1,3a1e8d7d01c3,af1ee12c7a13,9d276f39dfb6,empty,,42a13705d0680e781783420256128aacab355d196a7e8ee43ed1677c010ea674,929,9
Lawf2,Mi10,3a1e8d7d01c3,59362ec08e0b,58471efd6a9a,empty,,b9d939eb365ae9a438b9f52c39d3396bb39388373f28812a6cd2cbd028a26cd7,2633,3
Lawf2,Mi11,3a1e8d7d01c3,f8c7207459cd,0a7150c59504,empty,,4b85e9f3d00200f00faeee30487bf435cf2ae4621da29cedb9afc088a7984332,1047,7
Lawf2,Mi12,3a1e8d7d01c3,22599a5bd694,547d4b0727a9,empty,,679aac4bb2dec2c1a5269a87fe44aa3459a321d7328d3091f42e7f0e763a6946,1463,3
Lawf2,Mi13,3a1e8d7d01c3,7fd7d345df8e,43bdab43031a,empty,,4e731f2391989d0bd317831bc7fe32cc2969ddf308fc482eb724689b6a71d62d,1095,5
Lawf2,Mi14,3a1e8d7d01c3,b33da6e1384a,2820f245e25f,empty,,f28911679e7934a88b0e15177d20ac28cf06928f3e5878915dd50dd26c759288,3425,5
Lawf2,Mi15,3a1e8d7d01c3,4dd1eb26b0df,ec149b2a91d2,empty,,6c393707f0b125c7ab2715c6e97832ad0f0d647e8fa1177b2820de4740960ec8,1544,4
Lawf2,Mi2,3a1e8d7d01c3,8d98b9eb6175,7cbb020311fa,empty,,849334d35cebd9f1e402a4a447423987034718ac52a1046a6e7f7fe18e2e7b9e,1888,8
Lawf2,Mi3,3a1e8d7d01c3,0172ab6332cf,ac5f8ced5a26,empty,,0594b2d9777f36b2a28204375521ab59fe5037516b0073d6ab426c133a69b74f,70,0
Lawf2,Mi4,3a1e8d7d01c3,7c9f2d10b0f7,7cce6a404682,empty,,ce0a613680a7fb09640ba42a0561a3804791d89efa9b5420939b7740a991649c,2909,9
Lawf2,Mi9,3a1e8d7d01c3,760f78ba3287,1ab634c59086,empty,,3900a3c6f62b05137169f9bad4e3905093d74cfa3ccca672701e45549eef393a,800,0
Lawf2,R1,3a1e8d7d01c3,9654b247b494,ce313a4bf7f5,empty,,f6176e0999d718a2c1829e11de48489b88eb59d60493caa21b67e366f719988b,3479,9
Lawf2,R2,3a1e8d7d01c3,b075082bb026,5b4e5b459e36,empty,,365c6f502eebb005f24b459bff691261ceb69234965503b018362a2e95fe4085,767,7
Lawf2,R3,3a1e8d7d01c3,a9358d78ca90,f9d8ff04a2b2,empty,,6e12392d7ef7b5adc54a1ed8739ed02f9591fc29e3a833817a7f2301ca10c8e5,1570,0
Lawf2,R4,3a1e8d7d01c3,d54d0db004dc,d8833599e76d,empty,,8dcdc9f9c0ac67d26504907f5325a3cdabf038bdac0c37b1943c4764d50f8654,2010,0
Lawf2,R5,3a1e8d7d01c3,bf135de1db2a,f9ede3de647f,empty,,19434fb868eb6e42042146e108227fa2ac308497512215a081e116a5c6571aba,339,9
Lawf2,R6,3a1e8d7d01c3,ef2dad65a896,adc1157f72fd,empty,,ebbb12ea1009ff60fe124c7a194baad5b4e009095a428bf3b37f7af80c6f1faa,3341,1
Lawf2,R7,3a1e8d7d01c3,ee8007a1d4ca,59cfaa8f8c90,empty,,66398a9036957f155393e4b259c2dd026a032d566879c6d20be68ae58094f5dd,1442,2
Lawf2,R8,3a1e8d7d01c3,8c5b077524c1,9e40d724fbf7,empty,,b5e1ea14eb474151a5149d473abdc6f2efe4b83de561cf5a3bc0030bf0bc9952,2580,0
Lawf2,T1,3a1e8d7d01c3,7fccce4faa2f,f3ef293ec6b9,empty,,6e907759418b2c0072d7ca3b21b9802ee70bb0187c1d323b9b456fb0f06206ed,1578,8
Lawf2,T2,3a1e8d7d01c3,2c81c87fcf2c,fb4bb9dafe71,empty,,31d57262d6819d34ac0962a7f8059f08f51e256f6d582f404952f183136a62ae,700,0
Lawf2,T2a,3a1e8d7d01c3,e4707238632a,0670ac8c900a,empty,,5717b721f5b27f53cf603c218ff71de1ce7c082fbbf079555f209ca269543868,1229,9
Lawf2,T3,3a1e8d7d01c3,3b9aa8bb490c,3719031242b1,empty,,343d3df29ab5688be8ef10a30073c4e21a07e03b521d1384c2e2ba2379373ba1,732,2
Lawf2,T4a,3a1e8d7d01c3,a722a78be07c,2c3e05c5b76d,empty,,c9051df66b24e92a30ed04948cac20434e2dbe3ceda5608bc6e1fe06ba11ecb3,2844,4
Lawf2,T4b,3a1e8d7d01c3,8dac2399d9d3,9088b7efd0d5,empty,,d6fc840a0344a4422bd38035dfcbe48f9e60860a3f5291521bf6c2465b6b096c,3036,6
Lawf2,T4c,3a1e8d7d01c3,3a2a1325fb93,526392a8b434,empty,,356f4287d3f5a42f04641572660f551d2f7beec0e82e914960750ab379e3f5e7,747,7
Lawf2,T4d,3a1e8d7d01c3,0645a54521a8,135204241e37,empty,,3b7a19858474b58862b31dbd43d7fb1b7361cff11d35b985b6687de788a76537,842,2
Lawf2,T5a,3a1e8d7d01c3,9fd1579bc37e,f6dd3f4d8df1,empty,,813c8943935964cafa8df6a28eae3b3542e1ec1916743e6545edd19d315e84c1,1838,8
Lawf2,T5b,3a1e8d7d01c3,3c304e466112,15e8a0b1de12,empty,,fc072e818e6fc75a503dfcba6efde89a05bd43a89a9d09d61ea1826b52d13433,3557,7
Lawf2,T5c,3a1e8d7d01c3,4236c6342cc5,cf57d9710d4b,empty,,1673c8ef27e161ccea937c4eedd478ac957b3ad89ec35c53865f15c0026a525f,306,6
Lawf2,T5d,3a1e8d7d01c3,f0bbaae7f4af,7f2ce6008413,empty,,3401374897bf1f3c94438f3d3a1a3893dc601f21d228f95933867b9e1026a0a2,729,9
Lawf2,Tm1,3a1e8d7d01c3,6b080cbcddcf,5ec08228d691,empty,,210fc36dbabc5fafa44593ff71e38c35773d6031529d04d7f72b25e9f3f0fd3f,454,4
Lawf2,Tm16,3a1e8d7d01c3,7a0908bbdc11,9fcab5f31415,empty,,83dc199329c9c5cc7faa28f063bcffd4743c9e08d8e2c194171bac792700f1d3,1877,7
Lawf2,Tm2,3a1e8d7d01c3,1716679973ed,9d38b3f81640,empty,,41f7cf8df528a787de405ff6a0545457788dbe507f457000d69849c78ba3ed80,921,1
Lawf2,Tm20,3a1e8d7d01c3,5202f2beeefe,cfe6afbb950f,empty,,472c07c6e130dcb16b67b312331f2a5577d8fbbfb5bd078d6b228dd42d65f3e2,995,5
Lawf2,Tm28,3a1e8d7d01c3,0a8ba80929dc,a2f37a550989,empty,,4a682710bff4ac5c24abfcab03aa452faa3e5a5a0e78ce5d43278ff55e6b71ef,1033,3
Lawf2,Tm3,3a1e8d7d01c3,1d04dc9e4e44,31977fcfb0ed,empty,,e19f9b71ae85101982b5b5b8d6fc29ce69209872ac0123e506b833ddc88f8669,3184,4
Lawf2,Tm30,3a1e8d7d01c3,fabbe5261153,9f502e3e877c,empty,,e3374e3392f4df24b4bc922611c8c772e1a7be2994d596a3143da6ba75ec2823,3203,3
Lawf2,Tm4,3a1e8d7d01c3,8f9d79739978,3a6364ba009f,empty,,f2d01c166bb4358c1b020fd95fa1c279a1f5c0803c25edb1488d720635c63904,3427,7
Lawf2,Tm5Y,3a1e8d7d01c3,05257d37421c,2499c3013f35,empty,,49eb7771c64945f68ff276e39d4264c4de8e538e4760f5007581e260b2e301a9,1027,7
Lawf2,Tm5a,3a1e8d7d01c3,e2174a9084c8,d2ab0531fc0f,empty,,1bd635160258ed962def66c8c33e2244f95dc8acba6bc0fa0fb7edb74c55e1c4,371,1
Lawf2,Tm5b,3a1e8d7d01c3,5bd7d91f26e1,5e2b8add337a,empty,,ab32099c8dfd09184a19e5d7aeace2e11ab32b4f5416f9bc8df43f7c1cc1f281,2452,2
Lawf2,Tm5c,3a1e8d7d01c3,2455576c666d,7aed787f7db6,empty,,64a411abbd2e3b3f0be4bb1ee2c791346c1575ce5b3c899b431f1e37047d093a,1430,0
Lawf2,Tm9,3a1e8d7d01c3,d00cef6913df,0c39303ff60a,empty,,e49944755d93498a48e6698fc72dbf115fb4145a8f9fe6acbdcf1a29ad2994c9,3228,8
Lawf2,TmY10,3a1e8d7d01c3,d1d3392c46d1,7cbb2263b364,empty,,da9ab549d0e94623a5057dd2d6a245c159e5d965715b2958c04ef4eb268f007c,3081,1
Lawf2,TmY13,3a1e8d7d01c3,e8c21941580e,c153aa40c7ae,empty,,d92d18b5684dba704f46a97743dca2398b60a517d678dadf60873456bdca4072,3068,8
Lawf2,TmY14,3a1e8d7d01c3,28a670a5d3c8,e955dec8597b,empty,,f618286e5837855d9e8fe822a533c6dcd126ce619dc05bf903ba696970e9925b,3480,0
Lawf2,TmY15,3a1e8d7d01c3,18fb00442a43,d44556a3d51e,empty,,35945b4b9f7d404d532f967495e5e6d12ab1f8a230b170f3dc4f3ea05ccc7310,751,1
Lawf2,TmY18,3a1e8d7d01c3,dd5eb1fb0caf,b150bd913760,empty,,0befd99fa4b333363d977e85595a41e3e175acc07320b9a7a2da9255c3133af6,154,4
Lawf2,TmY3,3a1e8d7d01c3,607b8ed34a33,ad60d1887132,empty,,0bf10a6272013072052039441cf2894a558ab71d1b7d6c6d3d580da59f9bd930,155,5
Lawf2,TmY4,3a1e8d7d01c3,887ba31d1e5d,ae155a6693f4,empty,,d1a025332a58c3f0cffbda4be5c344b9a648048b534b5b15d236a37833946802,2956,6
Lawf2,TmY5a,3a1e8d7d01c3,3ad6ff7262ce,e22b6bf98b31,empty,,636cfde87cf195abc861a6f73107b1e13ceee1c1fb1b0a01b25a7d8bd4e22e32,1413,3
Lawf2,TmY9,3a1e8d7d01c3,7af2610d274e,1193681c854e,empty,,20d4be5f134974dc06efca8135fc8dc636039b4732635f8c0ac9d0b334a57bf6,448,8
Mi1,Am,af1ee12c7a13,ae7eec9cc6aa,f1c1654981bd,empty,,2775e0f13eba304ed7f65238e630bec37f1375033482d1e6b358ba34c04664fb,547,7
Mi1,C2,af1ee12c7a13,ac7377b4f393,27b57a289b1b,nonempty,,3227fb9a030c5935482eedbb8936512edd79d18962e527bbe7955405676c0633,133,3
Mi1,C3,af1ee12c7a13,6182a4f16e6d,19b185c89187,nonempty,,07437ffffdee867a8b094a0931f9240d8eb7ed5550a3bc5ffa42c1716f3020d1,24,4
Mi1,CT1(Lo1),af1ee12c7a13,7c280b5b9f34,521b07c5d16b,empty,,b881862cce79c3b21005a1218863f1de445d86924c356b4c06eaac06922a623d,2617,7
Mi1,CT1(M10),af1ee12c7a13,63667a4a1a53,6c4eac100549,nonempty,,2d3f2e13f588bfe4f2f61e42ae79031449ccaff2671aafc2ae8dbd983af863de,118,8
Mi1,L1,af1ee12c7a13,ad5110ebac00,c20fd147fa33,nonempty,,e20f5d4ee89adf82d93ced99c32af3dd8ec0f1da0226833a9d345704df1f4bcf,539,9
Mi1,L2,af1ee12c7a13,36f25ce16c8f,d02e79555a66,empty,,68d14c3a4c3f62c287a7ee37635f778971418f265e071edbf26b09cfa8b68fcf,1481,1
Mi1,L3,af1ee12c7a13,fd5e84317740,77394a0a7f07,empty,,f72794451fd41f009c6ffbf99b5a574c07fa9b3108c35abdbdd5af5af52e8841,3495,5
Mi1,L4,af1ee12c7a13,7c19534e0d84,ccbc47a56efe,empty,,76ec91d4c60bcee06ce315096d9f9d3391155588d05e269d90c3264453ad9060,1704,4
Mi1,L5,af1ee12c7a13,cc98a8db805e,219f36eed813,nonempty,,72654542044f2aac2401edc355563fa7a085bf5fd6739e82ba934ab8b1cd9a57,267,7
Mi1,Lawf1,af1ee12c7a13,2627beca1340,6fe9e2600836,empty,,abec736d6526d4b3f5d3dffd7b29f95bdfeb3061c5361f6835b0d560b350868f,2463,3
Mi1,Lawf2,af1ee12c7a13,3a1e8d7d01c3,5d24d981fae0,empty,,58decdcdef176dbb816e89377cd508da8e396096b9a6ba842783f649fdd958a9,1266,6
Mi1,Mi1,af1ee12c7a13,af1ee12c7a13,be1318d83325,empty,,9de5f3d8eee79fa5171736915df5897f4452a49d2ba53081f918d9b992853336,2249,9
Mi1,Mi10,af1ee12c7a13,59362ec08e0b,64b4ad452803,nonempty,,88153765dde3db462045f7fd688e8f00b6998de510cc455f67112ac9f008923b,321,1
Mi1,Mi11,af1ee12c7a13,f8c7207459cd,88ed0c5f19bf,empty,,f98de4df327746388becee752a722a1913c8f019f073903a29b98a0073959c4a,3522,2
Mi1,Mi12,af1ee12c7a13,22599a5bd694,607facef5525,nonempty,,42a7140f326c7ba3ff451325e635dfc4347cf05bfb6a25474ffe11b9119c7ac6,161,1
Mi1,Mi13,af1ee12c7a13,7fd7d345df8e,0f1422bae278,nonempty,,bbf17aded3ed8d083d801c261285358d36e35ab57780bc0f299d30c13b5595b4,440,0
Mi1,Mi14,af1ee12c7a13,b33da6e1384a,c566ca14a8b2,nonempty,,d51091bb75227538d2fb446f7fea57d9f3ec39ad0a60f216b0bc6d7c8df45650,507,7
Mi1,Mi15,af1ee12c7a13,4dd1eb26b0df,4b1da44e7638,nonempty,,eeaa431b356f1914f431036230f65d668016aff47b504b26786eedcb98de7ff6,560,0
Mi1,Mi2,af1ee12c7a13,8d98b9eb6175,ea82d688fd99,nonempty,,be4a721f110e6b53112a780398517b066106b545ffb3134343efc1758439642a,447,7
Mi1,Mi3,af1ee12c7a13,0172ab6332cf,c515a64789d8,empty,,f0c8aa6bf9e9f5c8358f3f7bce123615937475d342aca85860bcf8582be319b9,3399,9
Mi1,Mi4,af1ee12c7a13,7c9f2d10b0f7,c32eba3f85ac,nonempty,,5f3bf51d50f3fae3fb4694fb8afdb52400ed4b4385b95ca49f9b437328dc9c4d,223,3
Mi1,Mi9,af1ee12c7a13,760f78ba3287,cb0b5dc29c76,nonempty,,26bcdf436386c7beaea3eef98d92ad9bcebfc264b9402e6138df9e1774c70511,104,4
Mi1,R1,af1ee12c7a13,9654b247b494,b80a0b64b922,empty,,e9c92e9bdfb5639f7135567e7516da4659f579ab13609b11482cbd3cb3ac2685,3307,7
Mi1,R2,af1ee12c7a13,b075082bb026,4703d5c7b649,empty,,e68e098f52f819cd0de1c41964742cba3344738b80c8f4810b6090826147466b,3247,7
Mi1,R3,af1ee12c7a13,a9358d78ca90,2ea03eeec084,empty,,4403ea70ffb1fac1960f627ceb9254c145b73b434ef6c2974bf8530e96e77af0,948,8
Mi1,R4,af1ee12c7a13,d54d0db004dc,94605905d1bc,empty,,e920086ff92684c39f4e09473aea17329e2b1d0835e8e9fb5f5d6f1aee045a03,3285,5
Mi1,R5,af1ee12c7a13,bf135de1db2a,ddb41501bea0,empty,,26f6fb6869109bc59972b81568d8663a7cab44d1084943e63bd6a965667527e7,533,3
Mi1,R6,af1ee12c7a13,ef2dad65a896,4f9b5c6d4a8d,empty,,4c13204c04eead20babaacb5076653ac377f0a02587dfe637c2a5d8be2766e00,1058,8
Mi1,R7,af1ee12c7a13,ee8007a1d4ca,e07c0f7b0a2c,empty,,a906fc8e3dab1a7b846fc11ec42bec81694ada6bfd539d15a6bb81962069a750,2420,0
Mi1,R8,af1ee12c7a13,8c5b077524c1,edf2bdb05782,empty,,6bc9909ec492090fd4059e73ed03d65fd60fc366e6fe99ceff359d08995cc64a,1538,8
Mi1,T1,af1ee12c7a13,7fccce4faa2f,19264fa578ef,empty,,90ffdf045a8452b640c40bca99553c8f5be21c086f7e9238021c3c8165a27eb6,2061,1
Mi1,T2,af1ee12c7a13,2c81c87fcf2c,1e69236e4948,nonempty,,d91da618d3630d2dc5142356f74b25c627a9a0578deec2b97433aa65f445c6b9,515,5
Mi1,T2a,af1ee12c7a13,e4707238632a,800e45bdbaee,nonempty,,b7640faa51903da4764d74f77cc7e9a1945eea8429114053330acd6de1f8c4aa,426,6
Mi1,T3,af1ee12c7a13,3b9aa8bb490c,56aa969bdc83,nonempty,,b478fcbd2f8306c4a98dbe8602578e60255ccfeb447fb9f718f5b9a11dc4a078,421,1
Mi1,T4a,af1ee12c7a13,a722a78be07c,e438af8fab0d,nonempty,,e53d3786f7324da93582dd59ba31c0a6546647ea6a3144c2442e0d1296864d5c,544,4
Mi1,T4b,af1ee12c7a13,8dac2399d9d3,ef8f392c4c23,nonempty,,c0b6b1e5b9a16b21c0be5b4bf4a8a7f21d3ecd2d5a04775f0725d127d0cb31a4,450,0
Mi1,T4c,af1ee12c7a13,3a2a1325fb93,89a6f3630971,nonempty,,bfff856c2049da76ece3e4051aa9e7f73c3574105604186786f270dc41b1dfc2,449,9
Mi1,T4d,af1ee12c7a13,0645a54521a8,59b4e88f05dd,nonempty,,324d6229e05a5899922f689de3fcf253670653fb28b1fd9761c12df119e3ca3b,134,4
Mi1,T5a,af1ee12c7a13,9fd1579bc37e,96f9d8a02b02,empty,,17f2403911f481cf68f47990bf5f9759d7e8bc04f341132a5883de5c32f760c6,329,9
Mi1,T5b,af1ee12c7a13,3c304e466112,ff09cd2ffc51,empty,,96d4a937ef8103d3b9b5cb6168c0aa5ca1f05564c2be2e58d348d9cac7e2ef1b,2146,6
Mi1,T5c,af1ee12c7a13,4236c6342cc5,d2e6f3e2e347,empty,,081e330cacce7294a4483b6745f10f99256e1663301e90a68979d6c6dc817039,96,6
Mi1,T5d,af1ee12c7a13,f0bbaae7f4af,375aea5b855e,empty,,3bc1a1294299834d0a8622d7a674f4562c65d0c9beb88189b1743c25b9f04b09,850,0
Mi1,Tm1,af1ee12c7a13,6b080cbcddcf,cf4a8e87b9c8,nonempty,,4c37ecf482f2c65c66ef12776b5aa3eb786fa99bb39291b6e2351b7658d16163,184,4
Mi1,Tm16,af1ee12c7a13,7a0908bbdc11,f33bd9d2ad1c,empty,,8c9b810b9104c747444e2ebe080e69b4d1e2bb0632a13d2ef391e07f33d167f1,1990,0
Mi1,Tm2,af1ee12c7a13,1716679973ed,a5040dcb7ad0,empty,,b8cbcc5f6cba260771803e0e38c91e4834a7c48fe12678bdce8c73400a6298ca,2621,1
Mi1,Tm20,af1ee12c7a13,5202f2beeefe,f53f96367a07,nonempty,,df3b475d2e8a081510cf79b1a09b1ce9f0d893104f3ce1aad5d37abe7b71b0a2,533,3
Mi1,Tm28,af1ee12c7a13,0a8ba80929dc,cfbceafa5c7d,empty,,d88edc631e9d235fe20da34053fd29d9a7ab6e3af3a3b4cfde223c6d634d1441,3059,9
Mi1,Tm3,af1ee12c7a13,1d04dc9e4e44,3547760e706b,nonempty,,e13f0bb6ee213d62b0923ffbdf2504434098d23259ca2527741153cfb9210f2a,537,7
Mi1,Tm30,af1ee12c7a13,fabbe5261153,d3d93282a3bc,empty,,20fece91ddb56c00b6bc66f9f3161c1e020312f8d73fbb3b9eb779c03f233bb4,451,1
Mi1,Tm4,af1ee12c7a13,8f9d79739978,db8c5d972c2b,empty,,58d9a31476cc41873b53201983cfbf0afd3f0bc94d2dada309700ee1735f00a7,1264,4
Mi1,Tm5Y,af1ee12c7a13,05257d37421c,058b477402ac,empty,,e04b043e4856a519c5acc77be9013cca89b1886cb8cd4149dbc6fff2d234a33c,3167,7
Mi1,Tm5a,af1ee12c7a13,e2174a9084c8,28eddcbad602,empty,,ce54bb8694d92850194e212487b59142641a820684cb628c4b50d5d27e369f39,2911,1
Mi1,Tm5b,af1ee12c7a13,5bd7d91f26e1,e7dd6eec4f97,empty,,2bf1f63e8a6847d6448de881d19840c1f7c728f7e5b12ddee36a3b20a314f7fa,600,0
Mi1,Tm5c,af1ee12c7a13,2455576c666d,bc239457d763,empty,,ec75cfd31bc1fb7e85545f50b9e2c54b5a19540a561ec269ad7f6d462c32fce7,3351,1
Mi1,Tm9,af1ee12c7a13,d00cef6913df,9b411018527b,empty,,ddb9da63a3815afd772ec5333a53f20109dcab2fd1747bf0a66be0f45d0fe5f4,3133,3
Mi1,TmY10,af1ee12c7a13,d1d3392c46d1,68b9477575f1,empty,,dde570e4c419b3609d25dd4590ac1fb9bba633dbb536dc4944359fc024da3b76,3137,7
Mi1,TmY13,af1ee12c7a13,e8c21941580e,4b4af59ed8d6,nonempty,,b13cb8f43c5794a2bb0f5360c9125927a5e72c1d77112c7ea3a7ca2fe2745904,413,3
Mi1,TmY14,af1ee12c7a13,28a670a5d3c8,e7a620258947,nonempty,,3df71f1426b8eebd51720f02b089f2526f88596feca526e16b7c9c6f978749dd,154,4
Mi1,TmY15,af1ee12c7a13,18fb00442a43,2f295d765e3c,nonempty,,7f8b576cb7384a94a1e495a903005ff2bd76e00a96cbf1614b907ed1600fc49a,299,9
Mi1,TmY18,af1ee12c7a13,dd5eb1fb0caf,d7e6d77e4c85,nonempty,,0322fb3d255cebc7e57eb9f4c5b3aa0961c60aef5bd5c7d94b56a294930a171a,8,8
Mi1,TmY3,af1ee12c7a13,607b8ed34a33,c8ae9bc6c400,nonempty,,2f2caf28d165dbf428666999d064ff380ae2324bb2aefceec5b7847bda98ef52,126,6
Mi1,TmY4,af1ee12c7a13,887ba31d1e5d,fcf31c044216,empty,,d4cc2592fe58d611dbcfad8bfa93fb8bcb322c6f8a238f394b42b53fd03faf7a,3006,6
Mi1,TmY5a,af1ee12c7a13,3ad6ff7262ce,a4e82a8bced4,empty,,41b01e8ad75a88b8c26caea135b40c463d7e129b1d9a2d4d122bce2dbaee8c11,914,4
Mi1,TmY9,af1ee12c7a13,7af2610d274e,fec8451a28aa,nonempty,,aaf510e387caaa3c27088eb2073249b885a550b51784ae85db218359d4590450,400,0
Mi10,Am,59362ec08e0b,ae7eec9cc6aa,0c37381ce0fa,empty,,8ad303c46edc701cf494ca5c7771f25778833d4d24cfffb06b1389cd20157825,1965,5
Mi10,C2,59362ec08e0b,ac7377b4f393,4b1e341af0e5,empty,,bdc30f9cde1830daaec4ebe15b6d57f452868667eaaa0603be5159e23265333b,2685,5
Mi10,C3,59362ec08e0b,6182a4f16e6d,d3598e9f2fe0,empty,,612191c5332e368a76a8e899ad49731baa6655d82d012496dcd7393d129d2740,1389,9
Mi10,CT1(Lo1),59362ec08e0b,7c280b5b9f34,d29b841742fd,empty,,99749e7864e5ec82a72b01f677de1b4709a81207b84f887f1bdd54ec094a7b43,2182,2
Mi10,CT1(M10),59362ec08e0b,63667a4a1a53,28053afb310b,empty,,645470d6b82fda7f5b744da7d31533aa543c3d26f02c9a25c65ea763d8feed0e,1426,6
Mi10,L1,59362ec08e0b,ad5110ebac00,839b060e2c8d,empty,,e051d56c2a3af2076defa23d953fe384032241de5d803d73e781a09eb1270e74,3168,8
Mi10,L2,59362ec08e0b,36f25ce16c8f,9829b9a4d354,empty,,aaf279d74e547a42ee42be9eb98b6aa055aa40e699963b630b42e6b0e2a4483d,2448,8
Mi10,L3,59362ec08e0b,fd5e84317740,3299a3809473,empty,,79fd92642cb5999423f54ca49c2e9535bb2fa8bd8235793d9381b4bdbb35408c,1748,8
Mi10,L4,59362ec08e0b,7c19534e0d84,5fbce8d8aa71,empty,,a8cc2ea1b4fe22c393c13bba720759b65bfa988bbb885445cdde0be3df50c302,2416,6
Mi10,L5,59362ec08e0b,cc98a8db805e,9ae0722b6178,empty,,b8694e31b3e184f5bf6f28de42ae86a04144a2e5b000e7cea152ad9873fdd3da,2615,5
Mi10,Lawf1,59362ec08e0b,2627beca1340,ac2272d7a1df,nonempty,,242558b4342ae7854eca8e4b6206d7f6defbf7e85ac9acc0934f5b4db20ac8e8,98,8
Mi10,Lawf2,59362ec08e0b,3a1e8d7d01c3,791e6d26ee5c,empty,,2451e610cf5c4c6e6aadaabcf5d0598b7a510aa71d01576c44bbb724a4449363,498,8
Mi10,Mi1,59362ec08e0b,af1ee12c7a13,b4458c23163b,empty,,d740aa267ffb08241f25a55dea5935d00d24cdad9be5777f81adec73d5f6f2f0,3040,0
Mi10,Mi10,59362ec08e0b,59362ec08e0b,13988c06d7cf,empty,,a96687a93f32f113d45a14b21d382ec5074362602536c4ac626405470e015500,2424,4
Mi10,Mi11,59362ec08e0b,f8c7207459cd,bca697a94673,empty,,36f40f1b82d5126f3ae9d6279e25636a7eca315b9bb5a998b4e79a8ec05a77f8,769,9
Mi10,Mi12,59362ec08e0b,22599a5bd694,6c4fcdbe0de5,empty,,0edf82156abd0dba47f78bc4ea0a83785c4e8d1b62d7826c8942ef626aa6f590,193,3
Mi10,Mi13,59362ec08e0b,7fd7d345df8e,ec22e5833b7d,empty,,81a4cf372bde72cc9a97673a37d4bfd68d28c11eb72d0490275d6c676a100f37,1845,5
Mi10,Mi14,59362ec08e0b,b33da6e1384a,57ac00a92659,nonempty,,adaa5fe8461e3c3125cada3263910a72a0a203f6a0bdfc0a32b2c5bebf70cee9,404,4
Mi10,Mi15,59362ec08e0b,4dd1eb26b0df,b6cb0dc44480,empty,,7f01858db17c859034471cb733579012cbf0f2494f3be91fe1c24653274fdc45,1807,7
Mi10,Mi2,59362ec08e0b,8d98b9eb6175,8b093de82458,empty,,ef6077ff494c14175d86a59b7d8eb31de1b8074d4a6b3257d7e30c19501b27cf,3381,1
Mi10,Mi3,59362ec08e0b,0172ab6332cf,ed72fff22687,empty,,85d4431e31cc5d9cb30f6b0bbee2a1701561e4b1535d9fe18bc30502257c754f,1905,5
Mi10,Mi4,59362ec08e0b,7c9f2d10b0f7,79bb36c17899,empty,,522a8c688b4862d24a1024b9a060b109ef8855f7710f0cde589f932e2e8cf960,1154,4
Mi10,Mi9,59362ec08e0b,760f78ba3287,ddbcc4eb8de8,nonempty,,c2b13b7e9902ce987661cf2cdfe94f87136a7018e173507fe2cd3ea1a66f94ea,454,4
Mi10,R1,59362ec08e0b,9654b247b494,7f8f67b744dd,empty,,978a21f830594ddddc5eda808e3a11a42123169fc73c815620bda898378ebaa4,2156,6
Mi10,R2,59362ec08e0b,b075082bb026,e6cc1f6d253b,empty,,0e47b0931def9f6a1b9a3cb1934ab607407c9c1281c7689d3b6d5bc37edd2a5a,186,6
Mi10,R3,59362ec08e0b,a9358d78ca90,19c7ebc73091,empty,,9dfa79c542a3f4dce6f0e946b527b7119f8d99d22aa6c874babd8c5830842d47,2252,2
Mi10,R4,59362ec08e0b,d54d0db004dc,4fa2a10ad21c,empty,,676083001729a8dcd5e1506734df40bef283d0c50c41806d87ab03b91dc84562,1461,1
Mi10,R5,59362ec08e0b,bf135de1db2a,ce6c1ec36b45,empty,,909dd627de2ef76ea0e00e379eb4e20f195638d5bf3644073ad4eb798d052da0,2054,4
Mi10,R6,59362ec08e0b,ef2dad65a896,ae76f408b8c2,empty,,0f7f3db1eeea14354878e174db28a1f0e7578b89e077566d455ef4a7104507b8,201,1
Mi10,R7,59362ec08e0b,ee8007a1d4ca,d0770a309260,empty,,44e9d78361753ac2ff405088ff684f04671a948200027df403003a52772042bf,968,8
Mi10,R8,59362ec08e0b,8c5b077524c1,67ea3eebfd97,empty,,d441cc87a7d9bd1d55f402a633a65d600ff41771a4fde1d101fe2b69831ea943,2999,9
Mi10,T1,59362ec08e0b,7fccce4faa2f,de292f257a57,empty,,72eed0bb7975f63be9135bfa91c3ff732c12ea792af9cd4cef1986a5d00231bb,1639,9
Mi10,T2,59362ec08e0b,2c81c87fcf2c,f6962f2c377f,empty,,db01dc4f18cb539ddaeb914b742214c3f85985114eaf471f07e9205c59e382e7,3090,0
Mi10,T2a,59362ec08e0b,e4707238632a,841ae89cc15f,empty,,f64a93e8c8a19e3d1d01c97ac4b92cbe1859cdf0351b113c6132fdc21777db8d,3483,3
Mi10,T3,59362ec08e0b,3b9aa8bb490c,6f89f876587a,empty,,2dc1f514a0009f282a2965c8ecfa4137fcf06036087d72ff5a20d5151f19d5b3,631,1
Mi10,T4a,59362ec08e0b,a722a78be07c,87a3a91eb55c,nonempty,,246fc767d6ecf41e4942bf60d5179451fd04a1729d5746a8db0a31c12747a045,99,9
Mi10,T4b,59362ec08e0b,8dac2399d9d3,61fae72a3b97,nonempty,,d0eef84a485ae8e3dfba6bb7a2fbeef7beb1930df210416cdd35decf80317087,490,0
Mi10,T4c,59362ec08e0b,3a2a1325fb93,98c4193d5577,nonempty,,a973b22f3143ac36d8300b56b2bfa2661a6d9bb3e7aa74c4ef7dad2b26e763ab,399,9
Mi10,T4d,59362ec08e0b,0645a54521a8,d4a5a68a3675,nonempty,,d1853b69a9109940953418bdce27e29c679359cfc4a6abc760d6c6ac71472823,491,1
Mi10,T5a,59362ec08e0b,9fd1579bc37e,2fa5ef72e329,empty,,754730d477b21eb14d600ae50693193c4978b12711750bca8feb66ef5b630e6d,1681,1
Mi10,T5b,59362ec08e0b,3c304e466112,757171d031e3,empty,,43eeb661289934a2d9c1619a79d31924c2fdd7a59a181bb1b6841bd9fe033499,946,6
Mi10,T5c,59362ec08e0b,4236c6342cc5,9e0a2d2e43a5,empty,,15f8b25c0c2403acc17f809fa5de7e6b099058ea55379aecb01d6a7dbb7d90c3,296,6
Mi10,T5d,59362ec08e0b,f0bbaae7f4af,ae3a719ac23c,empty,,d3fb13c69ffdfa7d5941ce3ce8c838dd781f143564a675ec345c733a37737a8d,2995,5
Mi10,Tm1,59362ec08e0b,6b080cbcddcf,4ba9b31b2082,empty,,24a436782b25d4270773c0c427bc7e0a74f7ecd7503f523da43847de573a7e18,504,4
Mi10,Tm16,59362ec08e0b,7a0908bbdc11,eeac30a253cf,empty,,bf8aa29ee6c7aa50afad69076282e7d56fef96731c9d095fa3abc107fdd80f8e,2703,3
Mi10,Tm2,59362ec08e0b,1716679973ed,a8049a4cb5cb,empty,,209ca26fb210fb15a256e300d9d238a8bb7f105147db4f7a4ac0071130974f25,443,3
Mi10,Tm20,59362ec08e0b,5202f2beeefe,858a186c9b88,empty,,ce90a008d58e7e4489fe6327997b00e70f8bcdf11ab69bac9893a86b415694a7,2916,6
Mi10,Tm28,59362ec08e0b,0a8ba80929dc,e09659779b92,empty,,508559eadd0038cc7032b1cf77623d6bc114f7db0fcabb87b4087506a6db3a82,1128,8
Mi10,Tm3,59362ec08e0b,1d04dc9e4e44,e824d1dff83a,empty,,0500c04d247992f420464bdcc57a624688637b88a59627b90d5787411b280450,64,4
Mi10,Tm30,59362ec08e0b,fabbe5261153,4c4398bf0910,empty,,d4970962375b1f682d1faf87787c88c7ebab2194010a048cb12eb1a31c36415d,3004,4
Mi10,Tm4,59362ec08e0b,8f9d79739978,f2c00cc8a509,empty,,987c785f558ad07b9fae00c8fc75db1cc086f3c309e98a805489eba04d860375,2174,4
Mi10,Tm5Y,59362ec08e0b,05257d37421c,4a7b9dc7995b,empty,,d70a2aebf0b777e04bc1f23d1e04823bed157a4ea1be9aa934f2ce9a887db7d9,3037,7
Mi10,Tm5a,59362ec08e0b,e2174a9084c8,ee95c629dd14,empty,,9d41de70f601be2d31a48ea4d42fd5e9d04a62f982d07cb5eb689e9526fe7150,2233,3
Mi10,Tm5b,59362ec08e0b,5bd7d91f26e1,fac467a2d0f1,nonempty,,ef9f7cd1459e9370158fe6e13103f6c10282442719b79e3a5a9022fb33e24a90,566,6
Mi10,Tm5c,59362ec08e0b,2455576c666d,ecb3443fd0eb,empty,,db555df15658cd8994f5a1dc3115c603c56a8474ec78eed0f0845b7b41acea82,3094,4
Mi10,Tm9,59362ec08e0b,d00cef6913df,0d49943c6dde,empty,,680c044bc693378d44d730bd380584151880f1760bf69542a420147139b1bb5b,1470,0
Mi10,TmY10,59362ec08e0b,d1d3392c46d1,3f57fde02fba,empty,,5ca281b49484a5ad879e6c64e093fdff77f3cf4e5227aa60e7795002572a9b69,1324,4
Mi10,TmY13,59362ec08e0b,e8c21941580e,7be51cd46f55,empty,,bc500a942cf8ea0448e8813b1a5375afbb0352a29b3c409fdc031878d2f434f4,2669,9
Mi10,TmY14,59362ec08e0b,28a670a5d3c8,95871a53895f,nonempty,,499afcc421893ec1602753eaa2b960715a08bca28b7b9c08f379214107fb7662,178,8
Mi10,TmY15,59362ec08e0b,18fb00442a43,9c45aab5da7a,empty,,2da332c5f99ea0b26f40296f32dcbd730761ec7e3c307c2a0b991f4b3ac415a8,629,9
Mi10,TmY18,59362ec08e0b,dd5eb1fb0caf,9e90427c460c,empty,,66557cd76114cbcba5bfa7fefc90894d1316d17c4e6ca0792cb0e1b2d1d875fa,1446,6
Mi10,TmY3,59362ec08e0b,607b8ed34a33,0cf8a3303237,nonempty,,269d3ccde74dc8ec1b0f36669da78d278573802d184ba627e2fab34edb039b88,103,3
Mi10,TmY4,59362ec08e0b,887ba31d1e5d,9827535f0112,empty,,68af5b8616475ee77d3a30863bfb10aad6bf3b69e3d3b1c43110d56a8ef0b4c0,1479,9
Mi10,TmY5a,59362ec08e0b,3ad6ff7262ce,1a0c043a9f58,nonempty,,084500e01aae75a0d38c88e9b6129c414b22227325d14d5651157efabbf0b4ff,28,8
Mi10,TmY9,59362ec08e0b,7af2610d274e,cb3b97b663f5,empty,,516c9d7d621ac500f2bdf482bdd563b6991c9cfdf837e3d2d8d2d913a68f0c45,1147,7
Mi11,Am,f8c7207459cd,ae7eec9cc6aa,42b369ac1adf,empty,,eecf56431ae70eb0c97a2edf05cbb206545d0cbf271ef7329b1d6b2456361724,3377,7
Mi11,C2,f8c7207459cd,ac7377b4f393,0643e9193c03,empty,,10ac516e353fb87462f5856a31801bab18bf7adaaa02a920239ddc3d07a9d0aa,214,4
Mi11,C3,f8c7207459cd,6182a4f16e6d,abe710edbbaf,empty,,0e1cc433f1a69b11ab725e2e574261d38ef4397b926543da7befe6379a8a8bd8,184,4
Mi11,CT1(Lo1),f8c7207459cd,7c280b5b9f34,f0830fa7c845,empty,,cdbe19733abadd8ac29c3653ce28a150173856cf2c9a9726a3f1c57dc6e54026,2902,2
Mi11,CT1(M10),f8c7207459cd,63667a4a1a53,3e9081bb1bd4,empty,,27eb1cfd9dc17038410dd27a5f0162ad4dda4649f0684bcccf4550aba9a4a1f9,551,1
Mi11,L1,f8c7207459cd,ad5110ebac00,5cb1c4d4043c,empty,,5279417895ac5b90ec549cd1770809be7c6ab0192a305f706cb39d3993fb48d2,1159,9
Mi11,L2,f8c7207459cd,36f25ce16c8f,42031fbd005b,empty,,7b411531caf6a76f2b40572adabe3ef139a682e20ab5c1e249bdc57cf562f6ea,1763,3
Mi11,L3,f8c7207459cd,fd5e84317740,524bb1a0ad56,empty,,3ae04516a56f95fc1ca833a8ba9966baf5d4d677257c44723fce87bfd3bff384,836,6
Mi11,L4,f8c7207459cd,7c19534e0d84,77c67223ee04,empty,,f4eec38d2b65fef62755fa19d0bbe4714d4b45d2eec2acfeff429ad856cb4753,3460,0
Mi11,L5,f8c7207459cd,cc98a8db805e,17703bca4884,empty,,6906a8319060cb709016a97c3055c068e6163e7d3b7de1c4df48cab71e325d0d,1485,5
Mi11,Lawf1,f8c7207459cd,2627beca1340,ba349f0fe30a,empty,,4325f0fc53e6aa90dc1105b7856a2d37d17f9c664ae494effcd4c2b4d8a764f1,935,5
Mi11,Lawf2,f8c7207459cd,3a1e8d7d01c3,76faf174553f,empty,,b384afd60ff0ef5b1ce1783a8c494a0f90ce6249e376cee8d6e0a5bae47c62ee,2557,7
Mi11,Mi1,f8c7207459cd,af1ee12c7a13,a688558099ca,empty,,769978df5606b9921489ce62101e95c19462e40901a46d97f34c523102add93e,1697,7
Mi11,Mi10,f8c7207459cd,59362ec08e0b,885be3af138b,empty,,7cd57dc8ebe60df08322b8fa6e118a139ee59573cf4d5ecdaf5b6c6cd2adaa9c,1781,1
Mi11,Mi11,f8c7207459cd,f8c7207459cd,c6ff0b8106e0,empty,,459eff84b2e0e4c9a58c6104868bfd749c4edde05d977e7a5b8e6f2ee84c9051,979,9
Mi11,Mi12,f8c7207459cd,22599a5bd694,8e6a2fc42a08,empty,,3b0f94360b0c7309e97bffa084a6b0cc67cc1a1e12b3a1953ca1fce3ca443a6d,838,8
Mi11,Mi13,f8c7207459cd,7fd7d345df8e,2af352e2da88,empty,,571fc794d3664944ab190524268820566ca6c4086c46872f077d455928bc2bc7,1232,2
Mi11,Mi14,f8c7207459cd,b33da6e1384a,e7f059c1cda8,empty,,d1d91c7a77b5e538d6fa606ef7fbffc6ef30fcf258542b9feee852e1d4747c7a,2961,1
Mi11,Mi15,f8c7207459cd,4dd1eb26b0df,f34e492e132e,empty,,3f5bda42bc8cf0d7ff0b6c8bd65662323e30c48880da871b7981a7f2d448fdd5,889,9
Mi11,Mi2,f8c7207459cd,8d98b9eb6175,816f591c4aee,empty,,5da09407d7098e7b93d600e560e7f96f245afc3cdc37148e3601b2f34e3de02a,1341,1
Mi11,Mi3,f8c7207459cd,0172ab6332cf,54d3af2970f3,empty,,56d5fe6615104c02e93a2e5a81ddfaaae9284690b5d568f42190df67378a0d80,1227,7
Mi11,Mi4,f8c7207459cd,7c9f2d10b0f7,36eaaf96ac9b,empty,,2b0d2c6bc49a52ca44ad2df5692315157b69a64211171372e739dd3fda6d8e10,585,5
Mi11,Mi9,f8c7207459cd,760f78ba3287,9b21cf9c6e12,empty,,f44490d68c683cbbecb1e61e4bd3ada780ba9ea87d1883d6abc18e49301b563a,3451,1
Mi11,R1,f8c7207459cd,9654b247b494,94a106aaf8c8,empty,,cf6980518e8f5e3a0817095b4cc3f126a65157f17cdec21270362470ad968171,2928,8
Mi11,R2,f8c7207459cd,b075082bb026,4918ef6365f2,empty,,7aa75805d9d5a03943b08ffeec171a29b83ab91a5b6cf3f70b72d12ff7aa5ebe,1757,7
Mi11,R3,f8c7207459cd,a9358d78ca90,22a6ccad64ed,empty,,493eacc4c966773cd06f6c5d6289e4d5f6321fe359a76c82a593ce3a4707f3e7,1019,9
Mi11,R4,f8c7207459cd,d54d0db004dc,2d7e7a15f97a,empty,,a4fcfc128433cd8978153eae2a66d7f90330b0677465f84d8c36ce86148940d0,2361,1
Mi11,R5,f8c7207459cd,bf135de1db2a,5a571641d3be,empty,,70e42c6d3549f4ae7b40b67217c661f33308113fa5e8ddebf2f93626038930cc,1610,0
Mi11,R6,f8c7207459cd,ef2dad65a896,c3e38f57b2e0,empty,,568f4a22d6189b3e1f0605eb9842300a58e9d224bfff1d116fe1721c509f688f,1223,3
Mi11,R7,f8c7207459cd,ee8007a1d4ca,f06ea22d89b8,empty,,decf3e36c17da2f23d59b435949912883e14c202ebc598fdba979039d03e1da6,3148,8
Mi11,R8,f8c7207459cd,8c5b077524c1,f039d7255b43,empty,,e9523091e62beb22b0ba5e84fdde14081ac5cca44cd901471eafb7d6a3a7f5f8,3292,2
Mi11,T1,f8c7207459cd,7fccce4faa2f,90064b757121,empty,,536edd0e40daf5f5fe135693026ace4323850cd1137ae794b47e1fbac6047043,1168,8
Mi11,T2,f8c7207459cd,2c81c87fcf2c,c8c7d3f3db8d,empty,,eae61651181bb7fb0b324a62b1b0183b2e35b6a797c3aaa68324a5e08c374b7a,3329,9
Mi11,T2a,f8c7207459cd,e4707238632a,cc110acfc28f,empty,,57d7fb6c8d7c29286e2a155cb26730ce8c6bbd6cb5af3c60c0cb16be18999313,1244,4
Mi11,T3,f8c7207459cd,3b9aa8bb490c,9ee1436879af,empty,,c308531b0ce8b216b4c5b52be79a4d7a25d391ef8418014e8fdbb4ef5f88c16b,2757,7
Mi11,T4a,f8c7207459cd,a722a78be07c,17a66cd838f1,empty,,9281521274937d5c46c4ce111503dec6eab57f317265a0f9fa9e0145dbccba46,2084,4
Mi11,T4b,f8c7207459cd,8dac2399d9d3,0b0c6400d36a,empty,,870fc90cfb44df87e374e88346f4148e39b4c51c4c97f9a76254c7920ed78b49,1924,4
Mi11,T4c,f8c7207459cd,3a2a1325fb93,797b77010548,empty,,f18ccd745fba7e7b239c79d05c26d82b66273801c084bf9d414632e6b686a62f,3410,0
Mi11,T4d,f8c7207459cd,0645a54521a8,2f94ad7818c7,empty,,b689d52d8781c99d60e3e6dcdb16b32262fe1af2dff7f204ceea64d99fadf7f0,2590,0
Mi11,T5a,f8c7207459cd,9fd1579bc37e,de1de12661ce,empty,,573fd66048818d2ccccc0b01168fd5b352f179434a9237741b07a5e17f08a5e6,1234,4
Mi11,T5b,f8c7207459cd,3c304e466112,6197fc4bfb78,empty,,310c633e5c38a6786e5da9c4ec72ce503fe679d8d136e7717a0c01af161e955e,681,1
Mi11,T5c,f8c7207459cd,4236c6342cc5,9d2cf6de4c3a,empty,,ceff7070257db48c179fd184758918810794fa09d7900e8664cad588ab147dc4,2921,1
Mi11,T5d,f8c7207459cd,f0bbaae7f4af,95c0aa5d75fc,empty,,2ce2c5cdd5c80b459101720b644ab07367df6697696b6d778cdbbd5593ca06a1,617,7
Mi11,Tm1,f8c7207459cd,6b080cbcddcf,b1c7b0d0e059,empty,,a002ae87353e8e0ce406b5f7702b7d60d85b820a5d108e256256cdc67751b6e0,2276,6
Mi11,Tm16,f8c7207459cd,7a0908bbdc11,ad27b81fd509,empty,,711ddd313e37ec543ca76afaf04ab5d9b9cf04430cbff9c22ca2c67eb5366cd9,1614,4
Mi11,Tm2,f8c7207459cd,1716679973ed,5519cab2af72,empty,,69d6bd02f3c6cf12b6dd743578939d39f483b66c16c25b7a7961922f41b537d7,1496,6
Mi11,Tm20,f8c7207459cd,5202f2beeefe,b224b88924cd,empty,,44347bb00c43dbb74873c036ac04831e59123c0e0ac659c5be0fe5c02465acd9,951,1
Mi11,Tm28,f8c7207459cd,0a8ba80929dc,51dd23024686,empty,,590cf65af9fe92b5cdb6a7f6483f1153fd5fe2bf3f06e3b1bd9ca9f9d94ea111,1267,7
Mi11,Tm3,f8c7207459cd,1d04dc9e4e44,d2f0426a14f5,empty,,7ab0c982854a28ff10c058b62559fa1e2decfde6f661f247542d152e9ea24e2d,1758,8
Mi11,Tm30,f8c7207459cd,fabbe5261153,8601d0cc1b0f,empty,,3747839ad61eb762b48d7e408b64766f720c472bb5b6917b75f0d28f15d1939e,772,2
Mi11,Tm4,f8c7207459cd,8f9d79739978,064948e10838,empty,,7d2fc9a4ff5fb71e38c6c1f7327b34a4b83b5ea59f12bf1b4d80332d73b83c5d,1783,3
Mi11,Tm5Y,f8c7207459cd,05257d37421c,44beb5b35c4f,empty,,001e80a4eed6ba65b345334700e95eafbd0aa30999c07f41ff46d6c4e11ea17e,3,3
Mi11,Tm5a,f8c7207459cd,e2174a9084c8,1201c1a4edf1,empty,,a2e7cbb284b48a6180fe62840ed2595737b48a7ef26353ff447fc7d38f153e96,2322,2
Mi11,Tm5b,f8c7207459cd,5bd7d91f26e1,9c7568bf6e1e,empty,,8cf1bc2efde7edd3895fd4bbddb50f0b698567736f80f0a9011cdfc77287891f,1997,7
Mi11,Tm5c,f8c7207459cd,2455576c666d,bc25ffb47a00,empty,,c4ad88272f84973cd8c54ca3bb146780f8d4b4f13a3f8aec87aa227f8c260794,2780,0
Mi11,Tm9,f8c7207459cd,d00cef6913df,47780054fed2,empty,,589385d59a09d6131356a1105a2a11a1f1e45516acd3370623e8b065100b0fa2,1259,9
Mi11,TmY10,f8c7207459cd,d1d3392c46d1,046b8cb9a01a,empty,,c875c69b8ebc68899c618ca76b3175f84826284236cff3a694b1175e81f5dc72,2836,6
Mi11,TmY13,f8c7207459cd,e8c21941580e,29fab3034beb,empty,,5d4a5488c704fb14dcdfec68aa94ec5fe5bdfaa1eb5deb384b6bb39b747afb8b,1332,2
Mi11,TmY14,f8c7207459cd,28a670a5d3c8,387cfca23c4d,empty,,86f46a34389f5212d91a3f4a950e8f9456cf2ca4bf67d46c5cad3b0dc0d4a5a3,1923,3
Mi11,TmY15,f8c7207459cd,18fb00442a43,472522c8b230,empty,,9fc210f934caa94bdc136501ec4012ec64535867506ab22b3f1a62c8bd7a32da,2272,2
Mi11,TmY18,f8c7207459cd,dd5eb1fb0caf,45f32ec9c88c,empty,,5ce0afee5f6886909fcd8b8ea72672a23f8f686e90d93d48288bd4021bbebe62,1328,8
Mi11,TmY3,f8c7207459cd,607b8ed34a33,a25fcdb92638,empty,,ba0f18436d500ee5db868749f4317f3463416227b76b02131c95c73e58f62d06,2641,1
Mi11,TmY4,f8c7207459cd,887ba31d1e5d,df496b00e684,empty,,575195933d50214da5b8e29f889280fb3f12db01d0c74d611ed10d3012aad681,1237,7
Mi11,TmY5a,f8c7207459cd,3ad6ff7262ce,39824a33e4b8,empty,,7e2ffc068e5c262ba401b9ce31c23d12559e7a8fa86b19e5b50973353ddcf206,1793,3
Mi11,TmY9,f8c7207459cd,7af2610d274e,02613ada9fb8,empty,,02fbf3598c8f25ab2e98a51b5ab6f9813ac0ed72d81d5823d0aa16cbd05ebbd2,40,0
Mi12,Am,22599a5bd694,ae7eec9cc6aa,77500518d95c,empty,,fe7f677218253c6ce301cb9a7c3c00040d47d5d9f9e6696412446e7eca97d395,3598,8
Mi12,C2,22599a5bd694,ac7377b4f393,6a1f579d1581,empty,,15a8fdeb33b923a5c7bf04358c1e0f3f7f9fa77a877a8e28026a63f0c831d21d,293,3
Mi12,C3,22599a5bd694,6182a4f16e6d,9c59b10fa993,empty,,1caf09a471b69a16e3bbda402c9cde8f6e052d50df5edfc65ec9124d74edf9fb,386,6
Mi12,CT1(Lo1),22599a5bd694,7c280b5b9f34,188bd0767e60,empty,,47ae7d43094a49bbebe130ce048dc2105856022bf2dc3dd69568ad902edb31b9,1001,1
Mi12,CT1(M10),22599a5bd694,63667a4a1a53,a87d17845eb3,empty,,9958005e4db5f014cc78f536a8634bebdb9b823508247bd58a61257cc6b40b1e,2179,9
Mi12,L1,22599a5bd694,ad5110ebac00,83597511d736,empty,,1541b3a9711a602fb6c89319dae1565a23d7d575b484f91a205f49b2ba7b9e6d,285,5
Mi12,L2,22599a5bd694,36f25ce16c8f,9ab0c3539d23,empty,,0479eb2af29c9c17c6f3bf32b7d1463403a210929593a1dd17d184ffa3f08911,51,1
Mi12,L3,22599a5bd694,fd5e84317740,6a4cc55c642e,empty,,04bf9c420e09aec3bf57acae06659e211176d4e14b0f9c358acc089c52df3f0b,60,0
Mi12,L4,22599a5bd694,7c19534e0d84,d385d498149f,empty,,5b672b65d9e9c1444aa042dc3223164c98effe4810694c60dbdaeb6da15c5d45,1304,4
Mi12,L5,22599a5bd694,cc98a8db805e,033dffe88de5,empty,,94a0279720642857bd801c94e842a9f362607a631d1e63b2bf14d3fac0e9a3f9,2117,7
Mi12,Lawf1,22599a5bd694,2627beca1340,389cd1da663b,empty,,778255d94d447ada11c2adaac15d1a3247748155f05dd674fef0666d95aa19fa,1709,9
Mi12,Lawf2,22599a5bd694,3a1e8d7d01c3,ada636c9d043,empty,,9b0d40eac59940e6531907becf9692cbb76afb9234069016d20ea52f776ae3f5,2203,3
Mi12,Mi1,22599a5bd694,af1ee12c7a13,0c43c51d94e5,nonempty,,121794ee246c31320ee59cebd07577d0dec9e3f443bca90c6e8dc14df6c6810e,58,8
Mi12,Mi10,22599a5bd694,59362ec08e0b,07637803b0e9,empty,,cc1e7e14a13e627b80e48543da8a0ffde7189f49a40abfcf114d2834a82b2694,2885,5
Mi12,Mi11,22599a5bd694,f8c7207459cd,ffe08cb83416,empty,,51c337a606b61086f242fc197a7720e1239aee852e394275ec9d69f1d97890f3,1150,0
Mi12,Mi12,22599a5bd694,22599a5bd694,22e546c4ffdd,empty,,82e7793b6c7f34a5867c748fb9a324c234ac7263215ca5f80090009b56e1d4bc,1857,7
Mi12,Mi13,22599a5bd694,7fd7d345df8e,fff830272357,empty,,32e19687c5e5a1a430dccc8671f2ca03b2468dd86320da8268021049c1919897,712,2
Mi12,Mi14,22599a5bd694,b33da6e1384a,73c17a2dcaf3,empty,,ff91c095416639e75b672f75353198e2ea693ea67c773ae47cef7abd36a87b01,3616,6
Mi12,Mi15,22599a5bd694,4dd1eb26b0df,1411dadbd7cc,empty,,162fc661e3b8dd98d20159e32ff822f82f9794992cd84854c6c3a418b902928a,302,2
Mi12,Mi2,22599a5bd694,8d98b9eb6175,a8475ea37e79,empty,,f79ffaf574741578900014aa72d182e5952a5851dcd18b0451a1d784be3d2ab8,3498,8
Mi12,Mi3,22599a5bd694,0172ab6332cf,93fcbac87d19,empty,,9a1caff056a67d283155d2520116248a3d1bfae14032ff2fe6d3bec35a250020,2192,2
Mi12,Mi4,22599a5bd694,7c9f2d10b0f7,b7f6297ddca6,empty,,76481ccac4bbfb16d35f9be39a428e753a44ae86ee4da0878dbc01011f743c5c,1691,1
Mi12,Mi9,22599a5bd694,760f78ba3287,9b5f761c8266,nonempty,,c1b596e2582de7015d4f83d5dcad9dfe0dd1117b98b8f75b5c71c6dcd0436d22,451,1
Mi12,R1,22599a5bd694,9654b247b494,b2b1d017528d,empty,,b1d9dff2a8a5ffa4eb2bad1baa75bea1ec33f6f28526a5e5597cc2a741d975f6,2534,4
Mi12,R2,22599a5bd694,b075082bb026,eab005180052,empty,,6c7823a03577f260c72f6e5e26d3d229ede163b0d413a7c097b114aaa43572e8,1549,9
Mi12,R3,22599a5bd694,a9358d78ca90,7e2eb3528afd,empty,,a895245be6490669df36f2934e07cad87ac1867428a37700915715db7e64eafe,2410,0
Mi12,R4,22599a5bd694,d54d0db004dc,e4d8c8df9038,empty,,77f3ce545da9818c2183639b4af35abe1e3b8818126ae3f339b24d462773aa15,1719,9
Mi12,R5,22599a5bd694,bf135de1db2a,d49323d9edfd,empty,,d663f428f7f1104425495d0720f0885a3de989d8189518ac8a997529d2443781,3026,6
Mi12,R6,22599a5bd694,ef2dad65a896,4da1e461d9e4,empty,,0066f263fc006902f9d20c50d982721c377214c16ba51d3394ac86959024d234,9,9
Mi12,R7,22599a5bd694,ee8007a1d4ca,74969a9c0087,empty,,1c5dae4796b8c06f74040cb1f2ba53631aa1562e0b03202a1a0b378a55b79a0a,381,1
Mi12,R8,22599a5bd694,8c5b077524c1,f88cf1661661,empty,,6e74267626d1e97db8a5737c0d55d6527e6c55e39834d919ac6d93d8351147f4,1577,7
Mi12,T1,22599a5bd694,7fccce4faa2f,65699dbe1e64,empty,,c94bc035a95f753025fc1dbbb6ceb1362ddb342c5fdd743d5371187b36e63167,2847,7
Mi12,T2,22599a5bd694,2c81c87fcf2c,0764bab177b8,empty,,5050932f2b1b0ff4ee20da012544812cb352b560df988c19e9e0a0772bc35708,1124,4
Mi12,T2a,22599a5bd694,e4707238632a,0ad04a9bf9ee,empty,,30684bbf2c9a6bdcbf14ea327713b109beee097e3af8c8649af0993505297c9e,676,6
Mi12,T3,22599a5bd694,3b9aa8bb490c,e53af8110473,empty,,8cf450d49891967f52747e09a560afde1d45fe578a0c09d0c6707349f5a8cd03,1998,8
Mi12,T4a,22599a5bd694,a722a78be07c,7b8ac29b8cda,empty,,ccfa407bee7922782ccd827d9121a520ae65b8dc945b2d79df721697970ba058,2899,9
Mi12,T4b,22599a5bd694,8dac2399d9d3,03c511642642,empty,,d391724aa42f3505de33dcc6e07cb5532e5c884d8e81e16818e1c13c45d9939e,2986,6
Mi12,T4c,22599a5bd694,3a2a1325fb93,ce148d9a6537,empty,,8881b2e7eda4bd65ceeca6d172feaee02409e23ca97971e3dfd274b8d0ea520c,1938,8
Mi12,T4d,22599a5bd694,0645a54521a8,68b104a61731,empty,,7a1324af8ce534beef057c4dc804eead70c894a4e135e3b3ad4118bfd4537a44,1750,0
Mi12,T5a,22599a5bd694,9fd1579bc37e,c6f16d1bb3b7,empty,,48bd02f4021192972b3d2b0ba6436481d439678b29e43017eaf1c51fad7af36f,1012,2
Mi12,T5b,22599a5bd694,3c304e466112,4b28c1a41f1b,empty,,a57b2f6b247ff4b2d7f5b42576144eecddff49e4a83cf09858586aba10edbd3f,2375,5
Mi12,T5c,22599a5bd694,4236c6342cc5,03d1b4815bf9,empty,,5d684bfe4d8f5f184c72565d860bb66d31e5646d1572fd4c759b9d46e4f9a0af,1334,4
Mi12,T5d,22599a5bd694,f0bbaae7f4af,d78f1c9bd7e0,empty,,f7cc69cdf46aef63ded2adc5d26439dcedff37802a99066beee816652f1e751a,3502,2
Mi12,Tm1,22599a5bd694,6b080cbcddcf,3ccb592652be,nonempty,,20ca197799a4dfee7cab61438ec01b6be2965caf0bf80d8f5a53194ee9432ed0,93,3
Mi12,Tm16,22599a5bd694,7a0908bbdc11,3bd8fefa08db,empty,,b414ddc9899ec57f71c13fd5f18b439d67d5d6b8357a89f8059818429e5eddf5,2566,6
Mi12,Tm2,22599a5bd694,1716679973ed,27b7af0f1c30,nonempty,,590d97c71b088d0889965c2da1d15b0a14ef5ba8521df61eb083c04bce8993e9,209,9
Mi12,Tm20,22599a5bd694,5202f2beeefe,36bb07a8bcbf,empty,,c7866eaac849c9a5d16211ffae0974a0a2ae78ccd0f4da509e29654257c3881b,2822,2
Mi12,Tm28,22599a5bd694,0a8ba80929dc,68afeba87805,empty,,386516f33e184643ee9191f4f65fed9ec65f8ea7a382bdc12a826c4e638b34c3,788,8
Mi12,Tm3,22599a5bd694,1d04dc9e4e44,d17a399500e8,nonempty,,a969d394c33bc44a1388a6bea2d3e253839a0d0907d59e57cace069dcb47c77c,398,8
Mi12,Tm30,22599a5bd694,fabbe5261153,9f61fe6d9edf,empty,,268e829e815b0988f9d32a2d8c93324190eea637fcce9e16f075f64f04aa1135,529,9
Mi12,Tm4,22599a5bd694,8f9d79739978,a9e80683b37f,nonempty,,739afe1d346d8d519e830907e36eb3aed346d5bdce298fd4a6ceba2fffb2952d,272,2
Mi12,Tm5Y,22599a5bd694,05257d37421c,e60c623246ab,empty,,42d63e63de93ce9b99dd02d4e9d320810842eaea22e9ed710a8029760b071a0b,930,0
Mi12,Tm5a,22599a5bd694,e2174a9084c8,a7c61fceb677,empty,,dec1a41ae851a969a7de24f55e900d4b91faae5be7fc7812f044a2977967406e,3147,7
Mi12,Tm5b,22599a5bd694,5bd7d91f26e1,c41056f84df9,empty,,4f12796f4c17e0f39dca6bd40cf01547386f54e0a8d2d9c136e9ddd42d767964,1106,6
Mi12,Tm5c,22599a5bd694,2455576c666d,548862b94a67,empty,,1160dffd8802e111a1d03e0bbbc3039d25431aecf51eea1dd73c4b931508df37,225,5
Mi12,Tm9,22599a5bd694,d00cef6913df,eb1daced7baf,empty,,38e1c1bef22c6efba84105acbd9d4f18f275ee47b938e0f23c10c59559686834,798,8
Mi12,TmY10,22599a5bd694,d1d3392c46d1,028ae5df8f0e,empty,,69be2fb1c75f6ce2c1d41e0baaebbcd68ac2f724c40f76d8a0f54577fad1a8f7,1494,4
Mi12,TmY13,22599a5bd694,e8c21941580e,e231841d11f8,empty,,1652c593e184825b20a4737a0cacb89f9236c56457ed637cab805d52a362027d,303,3
Mi12,TmY14,22599a5bd694,28a670a5d3c8,9007476145ec,empty,,7ac48e7de94184ca7badf3a3576e8cfd3b1832339aeaae1b2c491977f3d67157,1761,1
Mi12,TmY15,22599a5bd694,18fb00442a43,25d931b74e91,empty,,34163af1b67281b7145675e4401e5b3f387edfe2ad07b15c018d3a83a76be1bb,730,0
Mi12,TmY18,22599a5bd694,dd5eb1fb0caf,c9165fef86ec,empty,,a1a4920e057f1bdd02275672a09cb2cfb714de6979368c4977f302d7276c7636,2299,9
Mi12,TmY3,22599a5bd694,607b8ed34a33,2854f3af6fb3,empty,,0397c692edda2bc17447c587f15ca23a3f0e1a2a4e15f0651f68ae5e8da01f74,46,6
Mi12,TmY4,22599a5bd694,887ba31d1e5d,27dbab43681e,empty,,694b1221c76e35dccbd60248740391d2e2fd987adb88e8cffca73472999678aa,1487,7
Mi12,TmY5a,22599a5bd694,3ad6ff7262ce,6a8821d6f8a0,empty,,a6d863bcfdd78d56b0c5521d22156ba0f52095911c37c2715715db2360db8dea,2389,9
Mi12,TmY9,22599a5bd694,7af2610d274e,9c0666921078,empty,,0b138a797548cbfca6772fedd8f40b259f7b7d2afd558fa00e3c66d899f50206,146,6
Mi13,Am,7fd7d345df8e,ae7eec9cc6aa,8e74a6eafee7,empty,,f1be76de4f2c47765ed9b277abf40c6d2bd4c92ea3fc2d6d8a00592ce33ecb80,3413,3
Mi13,C2,7fd7d345df8e,ac7377b4f393,0cbce05b9eeb,empty,,74256198c8b10d302b07d8f4907904b1a5d435272f20c89f53e3e5bf3fd24d24,1663,3
Mi13,C3,7fd7d345df8e,6182a4f16e6d,af4261b927c0,empty,,7df3be87f23c7d72e58793c272012836a75a8550da7cfb6d5f3e1611be624e17,1791,1
Mi13,CT1(Lo1),7fd7d345df8e,7c280b5b9f34,9012ed6d94b6,empty,,bfe6098705ee985724d6672fceafc9ca5267da630e366b01168e67df0f49851b,2707,7
Mi13,CT1(M10),7fd7d345df8e,63667a4a1a53,cc5759acd7cb,empty,,c57f42b7c3ea650a5f6106ed98ecf1a4760c53d0b3bc50b77920b31a24bc0c5d,2790,0
Mi13,L1,7fd7d345df8e,ad5110ebac00,3f8af1c43d50,empty,,436ef61546743ddd58ce1eadbafdfeb27795ed86e944414008a6d1ce0fcd9630,939,9
Mi13,L2,7fd7d345df8e,36f25ce16c8f,b2ec2676c54f,empty,,80f8c03e24c2b06991096917e6e88498207828213318a5a38ceaac1e6c764d1c,1835,5
Mi13,L3,7fd7d345df8e,fd5e84317740,2eb3ec53fd95,empty,,eec9fc1933014d34344de93fec7fe6975475a2c6451f189d35c689fdaac7f5f6,3375,5
Mi13,L4,7fd7d345df8e,7c19534e0d84,d3d9ee8b0206,empty,,5bf36647a6a9462343bc319ff94bdf81b6361db9ce2453d348a20c78571b6c93,1311,1
Mi13,L5,7fd7d345df8e,cc98a8db805e,6f3fff0d2728,nonempty,,ea36ae97e35c059bef1c379d1a65d9232a9f261e2cc639fe51286037d01f100c,555,5
Mi13,Lawf1,7fd7d345df8e,2627beca1340,c27652b733ae,empty,,fb62ee5dd7c15880520dce8b6e4f1565d6dda45c74ed49f5aa52cd035d26016e,3542,2
Mi13,Lawf2,7fd7d345df8e,3a1e8d7d01c3,4d28e9e0ee7e,empty,,2c1f513c3be3550d0b0228f015c3947f0cc97c1af749bb56e3179bbd728a0407,604,4
Mi13,Mi1,7fd7d345df8e,af1ee12c7a13,6a8d2200186a,nonempty,,620d9e25d0af1bb24f7414fb7f6944aa6a58ff408386e906ddf8ad59da8903dc,232,2
Mi13,Mi10,7fd7d345df8e,59362ec08e0b,43d66d47d29a,empty,,ef97d20a969485f871a5200f75ce9b5345fdf27e96cb27b6c1d70422d3b69461,3383,3
Mi13,Mi11,7fd7d345df8e,f8c7207459cd,b086a4b256e9,empty,,50367d88f4e043ead62885ec6550bfe67974efd132957e4ee793918d38cad43e,1122,2
Mi13,Mi12,7fd7d345df8e,22599a5bd694,d09ab68b6f63,empty,,ecee02b095e334fd9f4495ff2cfa490d93eab11c8307996c77829c176c20d89d,3357,7
Mi13,Mi13,7fd7d345df8e,7fd7d345df8e,664185c7e87c,empty,,9466c3d89a46dc0b2487e137411df0235e40d37fb14d856afce649cb6cfb9dc8,2113,3
Mi13,Mi14,7fd7d345df8e,b33da6e1384a,7b4e38e3b4ce,empty,,53afd3075d4fa38809b8a9e92f7d12ecbb5000b884ef5603f51b08d1ec93eab7,1173,3
Mi13,Mi15,7fd7d345df8e,4dd1eb26b0df,50cf918bee36,empty,,3d28e103e3c00ca2801d82fd23d8fa8494e6542c3f3e4797436aa478b5c231c5,867,7
Mi13,Mi2,7fd7d345df8e,8d98b9eb6175,d7a4b76517b1,empty,,0007a3efe038d4b9fb8a8ff33f4e6e844e680973f6a2c0fa296b72e6546a7f9c,1,1
Mi13,Mi3,7fd7d345df8e,0172ab6332cf,a30ce8687e43,empty,,b385af059f660f9d05ca0e14a8295b01fe0c2dba4997fb06be464148ed733d60,2558,8
Mi13,Mi4,7fd7d345df8e,7c9f2d10b0f7,780fe6e6461e,empty,,8d6acf65e000142baf2f3f1fb89a8e98bd52f5974a34179a65a07470c7fa3726,2002,2
Mi13,Mi9,7fd7d345df8e,760f78ba3287,d2d3f0d65d2e,empty,,090c9d3938d1a29cdc3fbd8ebaed48dd54b0de0aacf1f78feeaf01036e3ea004,117,7
Mi13,R1,7fd7d345df8e,9654b247b494,f089496c5be7,empty,,d125f68ae96ffce4775ce2619116962012fcdb902318675f5780f33d5b7fbd12,2950,0
Mi13,R2,7fd7d345df8e,b075082bb026,4f297f766cc8,empty,,fbebc2a9a8045f9b8aad98a17837677a908369a12f0129018c3e6346e738b4c9,3552,2
Mi13,R3,7fd7d345df8e,a9358d78ca90,f42f403676d2,empty,,f9037ee669d3fadfff0383e31272701a973c4fb4fb87d1462083bb94be738cb8,3515,5
Mi13,R4,7fd7d345df8e,d54d0db004dc,5df9a8262c68,empty,,40c95662a5271db1c56086dab7b77db7dee69000747b8b3dd92278f667a6fd03,904,4
Mi13,R5,7fd7d345df8e,bf135de1db2a,da4ef72d320f,empty,,3520cb3aee3deb260f82e8586a2c78230ac736d27944b456c79e23417379d365,744,4
Mi13,R6,7fd7d345df8e,ef2dad65a896,be72c2c50260,empty,,453a8f3ae78af67ea847b19ce44717fe8a76d81846358e89169b24657a88845f,974,4
Mi13,R7,7fd7d345df8e,ee8007a1d4ca,83d851bdc2b8,empty,,92de7fc1f958506fdac15b700451f03f149b9291800b4725a83ddf4a303afba7,2088,8
Mi13,R8,7fd7d345df8e,8c5b077524c1,47127721dcda,empty,,7f82872252f815ea9950899b699bff8df7d2e940e7760aaf5cd69241ffcfd674,1813,3
Mi13,T1,7fd7d345df8e,7fccce4faa2f,e6afdd635496,empty,,fa949f203032605531e4daa619b75cd0364b4d619031a2bea9e712e66a709700,3535,5
Mi13,T2,7fd7d345df8e,2c81c87fcf2c,e0012cbd73f0,nonempty,,c3cf1ce1de4087a1c8fc0f2235bacac12c1f87ac2af14c4a196f66844fd193e6,460,0
Mi13,T2a,7fd7d345df8e,e4707238632a,cd6dba47fa4f,empty,,29675df353e27b87944bcaf1e18560c26cbc64f1f5d558c0911ccaf4144dad2d,564,4
Mi13,T3,7fd7d345df8e,3b9aa8bb490c,3a88b09852e0,empty,,e8fe715a4d741b21f5fdac32fc886b287e145c473088986922116a81f88e752a,3282,2
Mi13,T4a,7fd7d345df8e,a722a78be07c,ce9d46fff5fb,empty,,0523bb84c316d3aa5c7baba93462a6a8044e8a7907119cca2f506fb20aaec976,65,5
Mi13,T4b,7fd7d345df8e,8dac2399d9d3,505075e6c47e,empty,,c41de51a893fec9335c2d68cfa27c3783bd8a4f039b432ee36b529f08013d29f,2774,4
Mi13,T4c,7fd7d345df8e,3a2a1325fb93,5b570a93fc2c,empty,,d13264c1d040e9867ffbb963890a00349352e5bed510825021c3a4e8501ae7ce,2951,1
Mi13,T4d,7fd7d345df8e,0645a54521a8,ce989552fa27,empty,,8e0664e3f4e19d38a9bf81ed6dc9dcb5d6fc460d8e187ee84b8b0ae6713748aa,2014,4
Mi13,T5a,7fd7d345df8e,9fd1579bc37e,b8151ee4c3f5,empty,,d8a5df3bc9010c1633d5ba9dd66d8a1dbca9e87af59049de1c02a29dbc3475a7,3060,0
Mi13,T5b,7fd7d345df8e,3c304e466112,c6eab6b8a80a,empty,,b34983c67ff93c962a70dacd366a6fc2162ed9ae48174ea77e45ef52feaff23b,2553,3
Mi13,T5c,7fd7d345df8e,4236c6342cc5,cd6fe90ecd7f,empty,,f6defe9420a2cf3bce53eb0c5cb023325f267b571f70f7880bb2295def78247f,3489,9
Mi13,T5d,7fd7d345df8e,f0bbaae7f4af,64c95277d3eb,empty,,e0ebf74399165caef4e94fc3856acbd89c3694ac2f8b2ff8682944a7ab58da3e,3178,8
Mi13,Tm1,7fd7d345df8e,6b080cbcddcf,de41945e85b9,nonempty,,dce75685a62ba6b457fc5dc5932e127a41e5631f64642bb9d89dd2235dcc36aa,526,6
Mi13,Tm16,7fd7d345df8e,7a0908bbdc11,3f987ed6bbef,empty,,230809f5136f85837b0fbe276fc07df80435a911ad83aa84079635cb848999d0,483,3
Mi13,Tm2,7fd7d345df8e,1716679973ed,2340d43625ce,nonempty,,ea7b56e7e0af8533dce8569cffdd5a778eb25e275d9dc150d66d6dd38d54b659,557,7
Mi13,Tm20,7fd7d345df8e,5202f2beeefe,e200f20763d4,empty,,6fdec9416ea3d91d6f20ec61b81d987e2053c9c4446b4cb5967914d68c2863ae,1595,5
Mi13,Tm28,7fd7d345df8e,0a8ba80929dc,8714976171f0,empty,,b0677a6eec7f8d9a07a1ecb5be96f2b402f67426d476d03efc3c45dac6785e1b,2521,1
Mi13,Tm3,7fd7d345df8e,1d04dc9e4e44,6b3995bf7ec2,nonempty,,d401ef327a266ad34a7fba4a06983f061ab441f0e1e44c0d11c64a87a98ed65b,502,2
Mi13,Tm30,7fd7d345df8e,fabbe5261153,38103b204aaa,empty,,f32567efe19d11de48dfdc72dc8d8485bc91b834dd50d025e9b372a73879b952,3433,3
Mi13,Tm4,7fd7d345df8e,8f9d79739978,3997f92b8e34,nonempty,,2b36ceb291205015533ddedca28c3c63a8b836c38a37ea1e5b392315e7bcc78c,114,4
Mi13,Tm5Y,7fd7d345df8e,05257d37421c,f8bdddb2a809,empty,,a13b09bd940436f5db41175f3c7499da780cfc021ca3fd1a8405d87a12461ad9,2289,9
Mi13,Tm5a,7fd7d345df8e,e2174a9084c8,2a5924c187ea,empty,,f7ebe82047c400983d28ec23bf18267169e2f934e4c7792c43bef89549dcd4e0,3504,4
Mi13,Tm5b,7fd7d345df8e,5bd7d91f26e1,a9142ec180c6,empty,,1ed880225c4012622fe9ce937fd37032fb7aeb5114d604f0282a2c0d45b25342,412,2
Mi13,Tm5c,7fd7d345df8e,2455576c666d,76449b595bcd,empty,,b93557b1847a1b965232e21f6ce12142ee238498acb1a16eda6ddb3262bba2b4,2624,4
Mi13,Tm9,7fd7d345df8e,d00cef6913df,8e7eefe160d0,nonempty,,c5dc6a6f16d9193d279cadd04d776f9089739f67de1744f2994175d6c305bb38,469,9
Mi13,TmY10,7fd7d345df8e,d1d3392c46d1,31ae21b7a8a0,empty,,6331789bba78e22d498a7fa28c366a84e4e23256bfab9637bb7f06a0bf2f8694,1409,9
Mi13,TmY13,7fd7d345df8e,e8c21941580e,d234dff73eb7,empty,,158ed6ca476f72f4e74976ede9c68cd8d55c451484e958f5f14120d7f6630ef3,291,1
Mi13,TmY14,7fd7d345df8e,28a670a5d3c8,af238753bb17,empty,,304705115afb02830cddf8d589f82993a067f71cec7b04608e43e4f3f4892bf3,673,3
Mi13,TmY15,7fd7d345df8e,18fb00442a43,ccf89fd23956,empty,,0b33e5af0c322b3a1cdb23f23056311b3e8885d20d8797d4468ac99a6bad0aa0,148,8
Mi13,TmY18,7fd7d345df8e,dd5eb1fb0caf,2f991e8492ae,empty,,0f4d33656a9563a34858d4694c4e5d939381c2dd69276e6171329a1006d38549,199,9
Mi13,TmY3,7fd7d345df8e,607b8ed34a33,99c6694ee8ca,empty,,5bbb4fc537d83e34c4346598464fd437026dd6f5a85a527e74cb4346d059c468,1308,8
Mi13,TmY4,7fd7d345df8e,887ba31d1e5d,46de8d963b8d,empty,,1eb26ba3ce595f7f775b4bcae940b0182ec5607aea223ffca95823430aa6ccc8,410,0
Mi13,TmY5a,7fd7d345df8e,3ad6ff7262ce,f5dd9b1ce4fc,empty,,a16c7a19dfdcdd29a8a1881bd306ff2c66929c29837a3aeb76a6ce15377878f7,2294,4
Mi13,TmY9,7fd7d345df8e,7af2610d274e,155eb2c9e1ea,empty,,55be41d965fbd5391bc4f480602bb1af9081013130b747cbc5948d2d379022c3,1212,2
Mi14,Am,b33da6e1384a,ae7eec9cc6aa,502180647896,empty,,0f094a6feb53629f5d8a2be42b826a98ce9c9fec4b6e6ac23e38ae36f6f5b2a7,194,4
Mi14,C2,b33da6e1384a,ac7377b4f393,f5dfb39bb56f,empty,,1659e78809fc696092415a7c5c62de40c7140ee3f30b1f2fcbe5eea9442f9bce,305,5
Mi14,C3,b33da6e1384a,6182a4f16e6d,8d745dac505e,empty,,152f0d1d673263d670a0fc2dceed1d259ea879ac3d134e0176a23f046e7baf68,284,4
Mi14,CT1(Lo1),b33da6e1384a,7c280b5b9f34,87665c39e38b,empty,,630f9d63e9b1dfa9fda44a4a8ffd4bb74a010280b85e3414498f60a6728e8a38,1407,7
Mi14,CT1(M10),b33da6e1384a,63667a4a1a53,b1bfcbad7c9b,empty,,b29d467db1938d9a5da9c234b5a1913d0b1a7084f0d314369527443207014d1d,2542,2
Mi14,L1,b33da6e1384a,ad5110ebac00,4365f5518eb0,empty,,af264e33fa5203f9998400b79785c9b780aa648cf4607d4df26900d6c2d05096,2508,8
Mi14,L2,b33da6e1384a,36f25ce16c8f,16fa577a492c,empty,,5d3888a521b2fa04db76095a4acf58556a651fb894b5b3b0ccd3e2ebaae1ca83,1329,9
Mi14,L3,b33da6e1384a,fd5e84317740,f634bc1dc744,empty,,a8c0304976edbe306fc69e14308b8b5ab2e58375eb44c32d2a5d2e65386d3cc9,2415,5
Mi14,L4,b33da6e1384a,7c19534e0d84,cda1778c6792,empty,,8e98d55b104d71f2cbc3a6de9c5278c6dc0fe8002741193509b98ec61189f88e,2019,9
Mi14,L5,b33da6e1384a,cc98a8db805e,cc16677de10b,empty,,9db4bb9b57ebf61fa6e924a997e805748b3a3459ec491b0d7548a3fb4c40ac60,2247,7
Mi14,Lawf1,b33da6e1384a,2627beca1340,abcd68b6294b,empty,,5620ed9e4dd62e1bc2aa744ac09951fb9d16575d843263e6fbb83e78ee9aaf51,1218,8
Mi14,Lawf2,b33da6e1384a,3a1e8d7d01c3,acc8f7e85ed9,empty,,16fbcda4b76e8142a6e099a18f3eea4c5bebd63d7df959856d90c6784dd8c643,315,5
Mi14,Mi1,b33da6e1384a,af1ee12c7a13,ee3c0852dc42,empty,,e42c276856cbcd2b588343c48a749cde1ca2c104c215d7e94b03e14c5c8d9595,3220,0
Mi14,Mi10,b33da6e1384a,59362ec08e0b,0bb3e20ffcaf,empty,,9507b6629275b2b192a3296385d8769e1b77b6c7d1efdd5f41443c4d06d7cfc2,2124,4
Mi14,Mi11,b33da6e1384a,f8c7207459cd,cdfe28ba9204,empty,,50389dad7088b5aa8e87ecf75bf8fb6f07f23e5e794b682c81b45ad7195d6e7d,1123,3
Mi14,Mi12,b33da6e1384a,22599a5bd694,cccd59bf997a,empty,,a0d0c5bdc5218d164cf2e56a855ebbae0c0f2ab6bc54d42c961d7dd2abebddcc,2282,2
Mi14,Mi13,b33da6e1384a,7fd7d345df8e,669f28e74777,empty,,3a8239889ca1946bd777cab2c41618423080fe7fed70e5ece0d5713d2d936d20,828,8
Mi14,Mi14,b33da6e1384a,b33da6e1384a,c036dbe8ef0a,empty,,a660b20936efeabea2045ca9a328acc7c3b5826842646886e000f4bc5c9431b7,2385,5
Mi14,Mi15,b33da6e1384a,4dd1eb26b0df,dc39e12510b9,empty,,e20f4e49c2fff187579376d01231163599d33dab249897dfc58fed317e87e1c8,3188,8
Mi14,Mi2,b33da6e1384a,8d98b9eb6175,017d30910f42,empty,,23d543ffe4099806ed7d463f73a92e7ed80577abbfcd3f79cb0b94debe2682a9,492,2
Mi14,Mi3,b33da6e1384a,0172ab6332cf,28abc781c9bb,empty,,d48a3659d58cfac7ba2ccdbdc050f0f6e6f491b44c7ee0585e3a7afdef17d463,3002,2
Mi14,Mi4,b33da6e1384a,7c9f2d10b0f7,f743a878fb07,empty,,5d7efb5b7e0c570a0acad2be5197bd327e1749fa12cdff0f1019afffa53b68e4,1335,5
Mi14,Mi9,b33da6e1384a,760f78ba3287,afe9ce8c7981,empty,,39d888655ff3c3ecbbd667ec2af35c1766a3d27dfd2b0aee4dc855864960cf22,817,7
Mi14,R1,b33da6e1384a,9654b247b494,2720073cd5e1,empty,,fc713b289cdd0a9b9eb9eb31d7a20880ef44206ba7aa2a0604a5e226e91d139b,3564,4
Mi14,R2,b33da6e1384a,b075082bb026,aaac2b7c202c,empty,,f534aa6e1f3f1ca2c32a71bd603fd4dda9ae6ff9ef24cf6c00c77d4d2d2e2fae,3465,5
Mi14,R3,b33da6e1384a,a9358d78ca90,018a1de978d0,empty,,911cf5aaa0d9f582677c97558559082caaaf1b4affa210a41b22b59a8f6f406b,2064,4
Mi14,R4,b33da6e1384a,d54d0db004dc,eaf5533371f6,empty,,0ae14aef813d944e877933f0656fd89248b60642172a0398271a92b610e3df14,141,1
Mi14,R5,b33da6e1384a,bf135de1db2a,fb57feef7f79,empty,,dae8c420652b36be8f31953e4bf3aa5fa6b2cc7c16d1fa61964d20351021bdad,3088,8
Mi14,R6,b33da6e1384a,ef2dad65a896,8ae8766f3c94,empty,,407c02a43d99da410db9e8174871b28161b56159e05118c12dcb61fe1cab9136,900,0
Mi14,R7,b33da6e1384a,ee8007a1d4ca,d4ef16e5acf7,empty,,68965b6d8509039d383c71ead6450f57ac9ef1e02715f2e343194f371ecbc4d1,1476,6
Mi14,R8,b33da6e1384a,8c5b077524c1,904aa76048bb,empty,,7ca1b848759b8dac0d94f01d0ba852c57920fec63e870e3a20d8f7436135911d,1778,8
Mi14,T1,b33da6e1384a,7fccce4faa2f,2988db2aa906,empty,,74eaab36f8e6420ea71ba0813667c530bd63e067249105cbc96bdaa845c8b9dd,1673,3
Mi14,T2,b33da6e1384a,2c81c87fcf2c,8b281a92b220,empty,,c60cbc0b02b34cc402fdd6cc9eeb7ae407a6868b0f05f34e7538766a0b987141,2797,7
Mi14,T2a,b33da6e1384a,e4707238632a,2b9419fcc332,empty,,5484ed82550b7d00d5cfabf12cb8a4929e4932baed1efadc8ca60eeef36f7ddf,1188,8
Mi14,T3,b33da6e1384a,3b9aa8bb490c,f1f2fe84ce72,empty,,08345558bb61e7b97a623777a65b18e53db9c4f5c1854ddcb92f7121e58cf4fb,98,8
Mi14,T4a,b33da6e1384a,a722a78be07c,ec0a7995cbbb,empty,,642cb01ac6d7aae14ff54ec0aa3b22f3ab13ae2537ee187fe9c07e0ae76bbf6a,1422,2
Mi14,T4b,b33da6e1384a,8dac2399d9d3,cf87fc638977,empty,,606c32793592573958083e6918475f4782ade2a16061945a54c43f093026653e,1381,1
Mi14,T4c,b33da6e1384a,3a2a1325fb93,9d8c125a7349,empty,,eef872738efbe3f2b87c5dfa120c32a536ef23b8bb05105d7e4cb59bebc64f37,3378,8
Mi14,T4d,b33da6e1384a,0645a54521a8,b32a611b3af3,empty,,e5c73d0e275a4ccf7fbeca08acd77193511e8835feddcb86235cd1efcec64e47,3239,9
Mi14,T5a,b33da6e1384a,9fd1579bc37e,fd5a8260a47a,empty,,24e91b3c4ac32d4e2bb3613c5ba072895869603e7795f4b47606754d9249a6fa,508,8
Mi14,T5b,b33da6e1384a,3c304e466112,63b8da22ad48,empty,,1c95a080be85d52ac919324eda9be293ab7322fb15ec2282977bd84c5d17c57f,385,5
Mi14,T5c,b33da6e1384a,4236c6342cc5,2d1854eb8d40,empty,,39550ef33d505c88ce19d4322c4643d5be2e8f19eb3a4becb9df6a02b07876f0,807,7
Mi14,T5d,b33da6e1384a,f0bbaae7f4af,957c74144560,empty,,809fa6976e114cdc254db371a09d8cac6c976fd469a96018fd73fb43c5d535a9,1828,8
Mi14,Tm1,b33da6e1384a,6b080cbcddcf,8775385f6d6e,nonempty,,a096c3dad6b25d95994c2f62937370d27e2920254e95c705dc2d54a68b5259d0,377,7
Mi14,Tm16,b33da6e1384a,7a0908bbdc11,d0519f19d949,empty,,7546ac1be1c74a7fe5640ae4feb559d1a63ead3067ed88a1ad2066c52a2a9364,1680,0
Mi14,Tm2,b33da6e1384a,1716679973ed,ab8ae6af55f8,empty,,ba16d6332acdc077a30d6071d0a0b2dbca623227e611e1be756f7fddf4932768,2645,5
Mi14,Tm20,b33da6e1384a,5202f2beeefe,bed16bd119a4,empty,,9d0860e41f312c90e8da4a4cdea8558a4feaa53fc647cd9d40158b9e59c0a006,2230,0
Mi14,Tm28,b33da6e1384a,0a8ba80929dc,e53a2dcbff78,empty,,22fd5f099eaacf94f67eacd80b323bad2346a774c20f5c0b3995320dff5f367f,482,2
Mi14,Tm3,b33da6e1384a,1d04dc9e4e44,2d3ad90fc77a,empty,,db1d5b3c44c7e1d8b5525981e49e3e54b9c1185a696d5865102993caa58743be,3091,1
Mi14,Tm30,b33da6e1384a,fabbe5261153,b976744aaff8,empty,,dbb30e3206281ca7e3da0a601625a68a114a394023c7ea4b6d91342ac09063fd,3100,0
Mi14,Tm4,b33da6e1384a,8f9d79739978,74bf7fb6e733,nonempty,,634aba74a2f8fe5c70c6523d800738de2b9aabab281185343ef158e1e68169f4,236,6
Mi14,Tm5Y,b33da6e1384a,05257d37421c,be0079af3d2f,empty,,28c87c1c8893af67a086f718c454ca20c0bb7c64529fe4643c6dbc66ad80b1ec,557,7
Mi14,Tm5a,b33da6e1384a,e2174a9084c8,214704220be9,empty,,12aeee53217c4b5ed00683e3aa64cebe25a5a9fc82280025395f27b328ac9a7f,245,5
Mi14,Tm5b,b33da6e1384a,5bd7d91f26e1,3cb03dacaf67,empty,,f3e584b1ef23b5adea0e95f0e352f8ceec28b3f82db2cb8b9857b69fd76a5466,3447,7
Mi14,Tm5c,b33da6e1384a,2455576c666d,38af7752ab68,empty,,ff08e927bc1a767118f73b479d6b6fc202e8a93fdb7a59c9438914bf3de5291c,3607,7
Mi14,Tm9,b33da6e1384a,d00cef6913df,a4a8a4f1ea7b,empty,,728760e37c31589b34a69201cf4664a17c6a70ebbcfa7723c100955a815984ef,1633,3
Mi14,TmY10,b33da6e1384a,d1d3392c46d1,b8f25713eeb9,empty,,c8750e1d5f60a2a87c43200c3fc49362d4bc9d9b4bb508f7b9d76e3e36ba3036,2835,5
Mi14,TmY13,b33da6e1384a,e8c21941580e,c16dee739aa5,empty,,a3be4ede6df1716b721940d9ce0d9676e58ca4ebec11b815168067a0dfad517d,2334,4
Mi14,TmY14,b33da6e1384a,28a670a5d3c8,ad0c8b4e8b07,empty,,ffa7c9f0ae719bf1dc4b4d167ef453977ee98fdc41978e34dbe56e251b607ae3,3617,7
Mi14,TmY15,b33da6e1384a,18fb00442a43,84e4a18722bf,empty,,d8f5f7d4d2731f4df3d2a93d327ef5362d1db4583c38ba737c1108a6566f3488,3067,7
Mi14,TmY18,b33da6e1384a,dd5eb1fb0caf,96c84e651d7c,empty,,083d83ade86b0a5f8f3d2d645e266586db22e7a090410510c00bf969c8835a1e,102,2
Mi14,TmY3,b33da6e1384a,607b8ed34a33,282671ae8429,nonempty,,5e82577075ae4ed2a8e436399ee872234cbd416737ca429a2f10d712734fe2aa,220,0
Mi14,TmY4,b33da6e1384a,887ba31d1e5d,714f30d3ca7a,empty,,a5e5450829c423beb7dcfc04b1c38332c5652ef9126c4b9247bf80b082dc77f9,2381,1
Mi14,TmY5a,b33da6e1384a,3ad6ff7262ce,1b2166ae47b7,empty,,7d8bf631f7c26a789a6b96f654d33df30a3bf1d09f9b63920e755dab706d4df7,1787,7
Mi14,TmY9,b33da6e1384a,7af2610d274e,ee803366c151,empty,,9f9f840d3d73c573479057f02d9efb8b18ceb5655f263304c0ca1ba03bd55d93,2269,9
Mi15,Am,4dd1eb26b0df,ae7eec9cc6aa,2345bdeead72,empty,,b3c837c6bc4aa39a8a75b472dfa1b35e87b31f02361fd1df201657e116d0a2a1,2560,0
Mi15,C2,4dd1eb26b0df,ac7377b4f393,6a17d5c1ef70,empty,,466093ab03ffd657b7012a2dd33c5d4c7a071ceed00af1d6ae17bf9b07d08d2f,987,7
Mi15,C3,4dd1eb26b0df,6182a4f16e6d,22f609a7a486,nonempty,,3ff4c4a1fa0be9509923fb2e01cf08fc7ff640e42c840ac59925c6cf833ecfff,156,6
Mi15,CT1(Lo1),4dd1eb26b0df,7c280b5b9f34,9717999deeb7,empty,,d1c85de8dee4a1c021f3809e87ad8489a00c1ae82051479a9f17d29818b9cf58,2959,9
Mi15,CT1(M10),4dd1eb26b0df,63667a4a1a53,c7e5d58e92f9,empty,,8daaed87ab8a515f60c43613f327f19f8d900d9fffc8354b7a83b2c75d232f86,2007,7
Mi15,L1,4dd1eb26b0df,ad5110ebac00,f84fbc87de5c,empty,,d6868a257831ed035bdfa7986c683a234551890c8046c41c76d2d889ca00c731,3028,8
Mi15,L2,4dd1eb26b0df,36f25ce16c8f,ec58ec8d3e1a,empty,,95e143c7ca7a6183d85c2710cbe39baa4df8def79a7d0c15f250a0dcabe884e5,2136,6
Mi15,L3,4dd1eb26b0df,fd5e84317740,42b21a20de1b,empty,,789aee8a375df09d5bb00679d4be54714dfe8b85ba795bf40e0a80be6ca7b009,1728,8
Mi15,L4,4dd1eb26b0df,7c19534e0d84,b8de0156bd61,empty,,44481dd4a67af1ca7d7577031c166c07337d9b6686077f6e89d5c7580303c967,953,3
Mi15,L5,4dd1eb26b0df,cc98a8db805e,b7a1f422e677,empty,,3df1597d4cc3461281cc2f308f73721d62505bca4833836f464ce26f1c42917d,871,1
Mi15,Lawf1,4dd1eb26b0df,2627beca1340,3514368d93e5,empty,,1ab329265711f6a1f6a73d9f091e5b6565a1ca870c144910a3b998c8dd439130,358,8
Mi15,Lawf2,4dd1eb26b0df,3a1e8d7d01c3,a1d73214a2f4,empty,,574a3605b9449c14a5dd2cbba9dd14ba73efac99afaef07534993ce7fb60e424,1236,6
Mi15,Mi1,4dd1eb26b0df,af1ee12c7a13,8c3e2acbfdfe,empty,,602194945a5d6400966af484f45625ebfda23b48a8464880e028247708f2d265,1377,7
Mi15,Mi10,4dd1eb26b0df,59362ec08e0b,460bf5517db3,nonempty,,24b230eb2340a3301d8fa4ebb27f3213c9852bb5e166a1b1d2b388ba2b87798e,100,0
Mi15,Mi11,4dd1eb26b0df,f8c7207459cd,ce323b0fe6d2,empty,,274ff39683d9bde511eeb67cc49816aa418e540590a999125d76ca10e9f82711,542,2
Mi15,Mi12,4dd1eb26b0df,22599a5bd694,a91ba8055e62,empty,,a6e8dda46fe7b5e57505d9df4109a092b3bb948c75d897da3f049e98668c8f1a,2391,1
Mi15,Mi13,4dd1eb26b0df,7fd7d345df8e,9f72b10f1235,empty,,b9d23382844b292baa256c716e6e595b0f78df993974a3dcf7d2359583fc8f47,2632,2
Mi15,Mi14,4dd1eb26b0df,b33da6e1384a,b7b4f7899585,empty,,508d3efa1c2d53e09be6058a5ff206b2ab1dcbfab5a617076d34a5b555475433,1129,9
Mi15,Mi15,4dd1eb26b0df,4dd1eb26b0df,08b3b96c860c,nonempty,,e15889b00885364bde35990eb9f37fb3b15f0402c23c74c958aa11949433a907,538,8
Mi15,Mi2,4dd1eb26b0df,8d98b9eb6175,8f90e81cdf87,empty,,5752a1f7b8916da3ba9b8c96f274a827ea818faa0f7b4227ef265a6e2f51d2b3,1238,8
Mi15,Mi3,4dd1eb26b0df,0172ab6332cf,51279bab6075,empty,,e28e53c1ee7e495574c9dbcc28e9fdfe9e1dd6b7ba97b1063f4a032a00bb842b,3196,6
Mi15,Mi4,4dd1eb26b0df,7c9f2d10b0f7,6a08849089b5,nonempty,,1de2adb6c3167901323f0dd236524f3efb30f412ed29932e309ab22bd29e61f9,84,4
Mi15,Mi9,4dd1eb26b0df,760f78ba3287,63cb1b4d6576,empty,,1742e68172a39176e4cb3c3e44021e7cc954e88553093a10e3ad974172726ae1,320,0
Mi15,R1,4dd1eb26b0df,9654b247b494,c8535c902d23,empty,,a9df725ecfdf6dc94fa3a4d0b82cef7fc8a18542c0e3a7406ad3c87118417226,2428,8
Mi15,R2,4dd1eb26b0df,b075082bb026,5bbb043491ae,empty,,25e7ba80f6564b5bfc9c6bf2f360eb0b1307bb7a6ca4bf9d2a41a3f09d2931c3,522,2
Mi15,R3,4dd1eb26b0df,a9358d78ca90,75d008d0a91e,empty,,9484d58522f87cafd95c642df96e2e9f7a16592c16fdff1614eb5cde058c5061,2114,4
Mi15,R4,4dd1eb26b0df,d54d0db004dc,e8d4deea98b4,empty,,feadda0e88eb222e306da124ac8d9795c569b0ac8107b7b5dc532ae21e11f7df,3600,0
Mi15,R5,4dd1eb26b0df,bf135de1db2a,9209220d319d,empty,,cc0b2d371036e497feb8397f97c0ae1f48eece704b28b93275eaf4b5ed72a808,2884,4
Mi15,R6,4dd1eb26b0df,ef2dad65a896,9a8aa945ca7e,empty,,c168ab1e28fd49cbb0e2f4cc6e5f90c5c5990afaa9d7eb33976bf205c0abea3c,2733,3
Mi15,R7,4dd1eb26b0df,ee8007a1d4ca,ca743e5b9b4f,empty,,615988ed03808be5740d8f383505ba1420e7110db27ac7be8698cb8d7f0cd779,1392,2
Mi15,R8,4dd1eb26b0df,8c5b077524c1,ba45b6a22193,empty,,6447fbce90609a17e2e9b0bd6241ef597939e1c078477e87499af2388de0ec4d,1424,4
Mi15,T1,4dd1eb26b0df,7fccce4faa2f,b15f94db8f60,empty,,a45dc3374e8bf5a6bc47aecd58938058cabd8f5a70114707316d1513a54f240a,2346,6
Mi15,T2,4dd1eb26b0df,2c81c87fcf2c,1ad97e5c50b9,empty,,67154e0ba12d3d2eb551360a545ba5a7677aa30e2c7b356366a2aefd0fc1c48f,1457,7
Mi15,T2a,4dd1eb26b0df,e4707238632a,9c3e1f80d477,empty,,2157b18c132b0e638fa64cf48b625c84a7d5ea625ffc840cd4219fa4aff278d6,460,0
Mi15,T3,4dd1eb26b0df,3b9aa8bb490c,d618ad5091c9,empty,,21467771b2b9ebf5d4028ddbd2d24fb0c736b4d982bf5bfd0ebf2fe9e94f31f1,456,6
Mi15,T4a,4dd1eb26b0df,a722a78be07c,b63dc56d97aa,empty,,c4ef955240761d7e5ed6c6df965917857d37867b84b956782aa388a170f49a3b,2783,3
Mi15,T4b,4dd1eb26b0df,8dac2399d9d3,7fd1598ab67d,empty,,bf4dea24e0b2c9e6cb991da518007e9d539e605f6d5893547d13fff2dabcf4bb,2702,2
Mi15,T4c,4dd1eb26b0df,3a2a1325fb93,9e1eb40c265d,empty,,f16ef7058e8c05e0b6c4286ba66d9aa951c2a561bec4b572006af5cb55789fef,3406,6
Mi15,T4d,4dd1eb26b0df,0645a54521a8,608e3845f996,empty,,f1edb0a82d113e1ea385069709dbdf103dc02da438889dc6b07c53bc6bedfdc7,3415,5
Mi15,T5a,4dd1eb26b0df,9fd1579bc37e,62cd1b77dd78,empty,,b523d3267cf94f416e306cd5e017dd71620fe2703f80ceae1102fe2b84effb22,2573,3
Mi15,T5b,4dd1eb26b0df,3c304e466112,6a2bbefe67a2,empty,,c8973c86e5fd63ace5a0b17b0269587131c378d6b3dcd10f112bcf84d2d6ba8a,2840,0
Mi15,T5c,4dd1eb26b0df,4236c6342cc5,40540bc4e5ef,empty,,c69dddaebd878afc51f452cf1031607947c4cd844a470210bd06c5d18cbd456f,2812,2
Mi15,T5d,4dd1eb26b0df,f0bbaae7f4af,4eea8eafbf9b,empty,,6ace52ab76b5cbfe6e2d15c53d8589d499281a4e0e1bd752bb14e4d3fa8d6e9c,1515,5
Mi15,Tm1,4dd1eb26b0df,6b080cbcddcf,b25aa9055719,empty,,b0d32d78c32d706642413aae286250af7962f41e215c859975c7e5932addfe93,2525,5
Mi15,Tm16,4dd1eb26b0df,7a0908bbdc11,753d23924c7b,empty,,61af8a6a7fd0ee1cc77ffe8201f3c19d7fc1c55e9e28c94e04c28f00ee185e03,1396,6
Mi15,Tm2,4dd1eb26b0df,1716679973ed,09de1aac8f8e,empty,,c962c38943d77d4dfc2d1ebef41b4d29e120c0f43d56e65352d7c826bc33cd8f,2850,0
Mi15,Tm20,4dd1eb26b0df,5202f2beeefe,3c420f81ba5b,empty,,a22f4c20941da9d33c04d51b7b97aef7adeae28a814180eb52da86bc72254e13,2310,0
Mi15,Tm28,4dd1eb26b0df,0a8ba80929dc,772f35d989cc,empty,,7d6fe0bd66fcad2661d8bf9006f640f3d7ee6c153e60db08a8ec2d06d499209c,1786,6
Mi15,Tm3,4dd1eb26b0df,1d04dc9e4e44,857db2347bab,empty,,d0c27dcff80560859ce462567ea5e7e96a5fb83caf405b81856686306bbede9e,2943,3
Mi15,Tm30,4dd1eb26b0df,fabbe5261153,adb09f0b4c9e,empty,,94e85881f583758106994bd62b5c7a18cd1fa491644740f93a2a5c14844c15ea,2123,3
Mi15,Tm4,4dd1eb26b0df,8f9d79739978,2b7ced494657,empty,,05660374905957f76e218c652096260b8e487fc8598351f35937f75f33c718aa,69,9
Mi15,Tm5Y,4dd1eb26b0df,05257d37421c,76d7af1a29c5,empty,,5f476a8393b8878bdaab50e4691776cc6b75ae1572468032679bfceaf5a86350,1364,4
Mi15,Tm5a,4dd1eb26b0df,e2174a9084c8,dd276be8757d,empty,,3935da5c990ef50f6a299bfa3981732e0c35d097e5c4b3726a6cb60b239204fa,806,6
Mi15,Tm5b,4dd1eb26b0df,5bd7d91f26e1,1f00070d93a5,empty,,2e73a63ef11028efff0772399b96a4a98967f814e802eda61cf04637d093ad8b,647,7
Mi15,Tm5c,4dd1eb26b0df,2455576c666d,22c4171c8c30,nonempty,,fe82def29cf5198e41b62ffc5ceb814002619ba728b3144a930f858e353e0655,600,0
Mi15,Tm9,4dd1eb26b0df,d00cef6913df,6bd6b966ab29,empty,,a49e0f2a4dd8b634c0e46868f4f81d487864e09978dacf43059dc36e9548b259,2350,0
Mi15,TmY10,4dd1eb26b0df,d1d3392c46d1,99b4cf1b227f,empty,,ca9f7cdf397cd5c53a0861205d85c7dac7a32eed15ef0c8dd337d9279ba3d12b,2867,7
Mi15,TmY13,4dd1eb26b0df,e8c21941580e,3df562996241,empty,,86f1b962b3df2e5e6e8fc1caec434f02f6e7cd04acbb2505d3d803e21abe016b,1922,2
Mi15,TmY14,4dd1eb26b0df,28a670a5d3c8,2cfa76bd83ef,empty,,2fa674857625bdc9e207d3f256abecc60d314290869377aa72de2735577766bb,663,3
Mi15,TmY15,4dd1eb26b0df,18fb00442a43,5edabff501e8,empty,,54a105c3541b3e6677da9c7fff94ed5b42b07e035c24d9456f0fafc7bf9a54b0,1190,0
Mi15,TmY18,4dd1eb26b0df,dd5eb1fb0caf,35d680cc71b2,empty,,1b26b5ccdd72899b057a46f6e5438e05fff412d58c6568268c32d6653c23781c,364,4
Mi15,TmY3,4dd1eb26b0df,607b8ed34a33,dd4da486ce46,empty,,437914a2236baf294be7b5fb72fdc47cc8de321a0052841f0aefeb75dd364048,941,1
Mi15,TmY4,4dd1eb26b0df,887ba31d1e5d,2dd1e4060c37,empty,,c5f5072a37ec5082d2e5f3da0ff5c6801fe08c8a9579ed05a816f08ac5ef1059,2795,5
Mi15,TmY5a,4dd1eb26b0df,3ad6ff7262ce,d0f7b28ba9a2,empty,,3238850a9c97b7b75cd80156a04d9d8275c26067c4ba2edd760ed147461abd1d,704,4
Mi15,TmY9,4dd1eb26b0df,7af2610d274e,b41deac455b5,empty,,9984477cbb342ad7c2d705d0b46e7458da170e863f57fd18931aaa899cd4af93,2183,3
Mi2,Am,8d98b9eb6175,ae7eec9cc6aa,2c8565855f9c,empty,,730d82f3b812fe4b0fbab158dd8e39055379a7de378768bad98b890d7318fb26,1644,4
Mi2,C2,8d98b9eb6175,ac7377b4f393,b368c7f4fdf2,empty,,5532be35ab440c43248e214a8a32e93ad8ea1fcec44651d2b84b77cc96edb86d,1200,0
Mi2,C3,8d98b9eb6175,6182a4f16e6d,27c1684aa3c9,empty,,027ab92b8547e2adda565b9514c43222775ed2ed5000afb79d3e1115e7245db4,37,7
Mi2,CT1(Lo1),8d98b9eb6175,7c280b5b9f34,0b907a48f214,empty,,eb342a497b1fef36379d988221057b4fdb1e374e68d3ccdedfa96bb49020f1c3,3334,4
Mi2,CT1(M10),8d98b9eb6175,63667a4a1a53,865f027b82c3,empty,,802e583f2a44b15bf6503a54ad3718ea64579bb66c5646a35cc838fd794960fe,1821,1
Mi2,L1,8d98b9eb6175,ad5110ebac00,b89b6a708fbc,empty,,dc23144bc50a6a8f908649a41bb3bf95cbd2f3da9349714fd84fd1f24302994a,3108,8
Mi2,L2,8d98b9eb6175,36f25ce16c8f,b7f1811cdc56,empty,,ca70cbd5879432aa435e73b6219e699e512ffa7dfb5a69b6f8753c7137f0ea3c,2865,5
Mi2,L3,8d98b9eb6175,fd5e84317740,6d7cbbef8465,empty,,7a83b2d141f93df92081f5381d4ed11887196d074013c0887b7141b58ab499ac,1754,4
Mi2,L4,8d98b9eb6175,7c19534e0d84,e52d64d61b5b,empty,,0a9d865e3150a79a4b08fb55488a7eeff3d4260578b184e0df44041ce584d4a5,134,4
Mi2,L5,8d98b9eb6175,cc98a8db805e,f4e4a19025e5,empty,,794827c2f2f6dca426571efc19ff80ae3de1a6321dfadb40a97f7370a661f3e7,1735,5
Mi2,Lawf1,8d98b9eb6175,2627beca1340,1f0eba825c4b,empty,,0756c272d16196ef3d7ec8fe4de1ccdfe20071cb44cbb5d24133550d4112bb71,93,3
Mi2,Lawf2,8d98b9eb6175,3a1e8d7d01c3,2678b1d1df4e,empty,,e86c3a61a332bcc82886300b171e4ed58e6526285c9c8c7c068d222ffc397c26,3275,5
Mi2,Mi1,8d98b9eb6175,af1ee12c7a13,820c724ca803,nonempty,,0105851588c69fc0a3485d277db1968903a90238641c39440c8ad33a5962e591,2,2
Mi2,Mi10,8d98b9eb6175,59362ec08e0b,373bed5c67df,empty,,7142b1747b32926f822772ebb5f59d69f7793452acc05f305185259db22c2565,1617,7
Mi2,Mi11,8d98b9eb6175,f8c7207459cd,3d0342e040f8,empty,,62f78c42f8c3e170a732c74a37bdb6f1bf52fbdb04f352181bcfc9b52d248812,1406,6
Mi2,Mi12,8d98b9eb6175,22599a5bd694,eab524071342,empty,,ab842ab4675ecf4559e14cd7048924aadbd41622e9e23844e1be35ab657dd438,2456,6
Mi2,Mi13,8d98b9eb6175,7fd7d345df8e,801b3abf1d79,empty,,6663ab13b1817a6691fd6ac677342aa3c5f51b8dc399d92a23071c07a2c0eabe,1447,7
Mi2,Mi14,8d98b9eb6175,b33da6e1384a,cfc2cf721382,empty,,0e4de81dbcf28628f6ab2434907a0253407ba61029b988ce56131cd7af79939e,187,7
Mi2,Mi15,8d98b9eb6175,4dd1eb26b0df,c2d783be0c31,empty,,98ed4da4e23897c39b6f45c2ff58b6304475942b0c1c1d56664d8602ace27e73,2177,7
Mi2,Mi2,8d98b9eb6175,8d98b9eb6175,759aea3e01ed,empty,,aa8b86801f689c725e23adc623229d069cc8b7ed63759aedc2b00f3b20c882f8,2439,9
Mi2,Mi3,8d98b9eb6175,0172ab6332cf,828d01b71ae8,empty,,a3e27dc478b9feda3873495d5a0954f130c0413c8fd763521c4608a872dfefaf,2336,6
Mi2,Mi4,8d98b9eb6175,7c9f2d10b0f7,156a688dfa92,empty,,dc30cb60fbe716a5b7a53ba7bb653b0fc6850ec6b4e118eddcbe78eb3274cf08,3109,9
Mi2,Mi9,8d98b9eb6175,760f78ba3287,b8d22537c777,empty,,b845117875270df74441ddf4a2b4e856d48d5e3e9fcbaf384ab3ee39244df89f,2612,2
Mi2,R1,8d98b9eb6175,9654b247b494,35ae7f839c5d,empty,,25a951ae86cc56c334ab68e212ba028477a446557c9cbaf2b6873566495ad803,519,9
Mi2,R2,8d98b9eb6175,b075082bb026,3096483e8740,empty,,f88d29ea4ab1b8cebe19e9371b95af1f45bb875a54ab8bd29fb7d0f75630e16f,3508,8
Mi2,R3,8d98b9eb6175,a9358d78ca90,facc02b49f52,empty,,67e2889dede5a5475a5777bf547d17a3189ed1acf8ceb188048ad767489f849b,1467,7
Mi2,R4,8d98b9eb6175,d54d0db004dc,b356ba1318bb,empty,,fab9e80bd88739b10ba640b07aae166880c817afe50e7ed156d32deef0cecd10,3538,8
Mi2,R5,8d98b9eb6175,bf135de1db2a,f655fdbe7c14,empty,,e9796e1d4f56b58f06a1fcd0a7f55298575b0e6b0ef4c228690b4834a8ed0aca,3295,5
Mi2,R6,8d98b9eb6175,ef2dad65a896,c097e47f346e,empty,,8bcbd77e29a8ed4c2746a20ab516367302426f8a6fb23d1183354bc8f6d3bd21,1982,2
Mi2,R7,8d98b9eb6175,ee8007a1d4ca,9714b305c1fa,empty,,a63d232b05e3706dd85fac7374802c296b806c8a9e675626703086605b6b8958,2383,3
Mi2,R8,8d98b9eb6175,8c5b077524c1,a88bc4f51920,empty,,386fbff95f27341efe19ea41e25013bcd846de296eb01ac98a3e0bccdaa430c1,791,1
Mi2,T1,8d98b9eb6175,7fccce4faa2f,67360bc16aa2,empty,,212ce8eee9339682f488c5b6add18d52ddf24ab08dc7d7928a2ee9e53a2cb5ec,455,5
Mi2,T2,8d98b9eb6175,2c81c87fcf2c,c02f1badc4df,nonempty,,9ced362e414cb34f3ab700ca9fdc830722a810ed8f5abfb6f2414a49df008694,370,0
Mi2,T2a,8d98b9eb6175,e4707238632a,01a95261d9a8,nonempty,,61337a023d331abd6ea4eed2aa12ec50425fd3aa778124ee56a8dcdb26ef6a9e,231,1
Mi2,T3,8d98b9eb6175,3b9aa8bb490c,b8846fb4fca6,nonempty,,a7cc3a0f18db53d04e64d3ac0d744898faefff382961e8fe74da2426d60b218f,390,0
Mi2,T4a,8d98b9eb6175,a722a78be07c,10abf0219849,empty,,5a4fb3fac22479d73cbbae0786cab3e1a8d6b397fa93807d6a2159fd29664077,1288,8
Mi2,T4b,8d98b9eb6175,8dac2399d9d3,9b21b16def84,empty,,b2748d3cd7ab029c1dac5889c81c05cc89702fd75294fe9b252d4e007ef3326b,2540,0
Mi2,T4c,8d98b9eb6175,3a2a1325fb93,1fa408d42d04,empty,,3f553364f71edbcff8b67ad3d63dc32010f6affe755911eb94d177e1ee3a0ef7,888,8
Mi2,T4d,8d98b9eb6175,0645a54521a8,8b749ab1f459,empty,,9af4eb1ff559a4df188c248d0d92c7386f473103ebb6ccbd906b7a00cc3cb31f,2202,2
Mi2,T5a,8d98b9eb6175,9fd1579bc37e,5142a92756a4,empty,,be9cf11fc801fd95af194530c29d4ec0e666130421f1e9df5203bbeb9523f8c0,2695,5
Mi2,T5b,8d98b9eb6175,3c304e466112,f740ebf40018,empty,,658c3f3943ab344802e8d0c7a4b4aa26a996245ea14ed123c9af8dc1e9c65d7a,1437,7
Mi2,T5c,8d98b9eb6175,4236c6342cc5,110b6b018897,empty,,5dcf3cec3c07dafcc6fcd7a79d8e573f3fbc2c1896b1ac95e691f48425b337c1,1343,3
Mi2,T5d,8d98b9eb6175,f0bbaae7f4af,50b6ca4e2d8c,empty,,f967a9ade0236beaa54b0dfbd4c2ca261282b9b6fa0573044df38240902d006d,3521,1
Mi2,Tm1,8d98b9eb6175,6b080cbcddcf,87be54aaa62d,nonempty,,bfc52e61c74764e09176b577fc6208e6bfed1cebe9eb06270d0f4de99494ec21,448,8
Mi2,Tm16,8d98b9eb6175,7a0908bbdc11,5b7e630bf103,empty,,d1f291d7242311ff23c27b9a6522719a3a26aae57087c9351a61c45e5ea95922,2963,3
Mi2,Tm2,8d98b9eb6175,1716679973ed,25c37e3338b8,empty,,7996c3565034f1eaf81632d7ca83b13da29615252b74674d6e028ecf9c3b5780,1738,8
Mi2,Tm20,8d98b9eb6175,5202f2beeefe,912a4ba9a204,empty,,e330b770d03cffe1b3e17f9a23c181567752f5b1af3b9e300325524971069eb9,3202,2
Mi2,Tm28,8d98b9eb6175,0a8ba80929dc,a00eb307e784,empty,,9989695c908abb0d229218bdfed2c1c7b45c8e9dde8542d922864b72eea6fca4,2184,4
Mi2,Tm3,8d98b9eb6175,1d04dc9e4e44,d178c62fc6df,empty,,e2b56f0d29e3c3300bbb4ea8fb20cde4aa3cd0cff7df697a27f1521ea820f2e9,3198,8
Mi2,Tm30,8d98b9eb6175,fabbe5261153,e7889ddadaf4,empty,,dfb9cd2da4807f6d154c2579a6ccb4fd5abcdd8e43fe8622f866e32c151e3689,3161,1
Mi2,Tm4,8d98b9eb6175,8f9d79739978,9b27839ac729,empty,,ead1e64458508d01be17a2437068a3a34ebcc1e746d28b534d83b1f3a2541a78,3327,7
Mi2,Tm5Y,8d98b9eb6175,05257d37421c,cc5cb18ef28a,empty,,e38346eac04fc449c0ef425c8edb9d0f777ae3bbf900139228499a751c7146ce,3207,7
Mi2,Tm5a,8d98b9eb6175,e2174a9084c8,91ad4427227c,empty,,cde6aa851b452d328fb8a63f419aa388f5248e946051f185a875a3f2d68c8f21,2908,8
Mi2,Tm5b,8d98b9eb6175,5bd7d91f26e1,9d13d83fdb9e,empty,,0895be7aef339edd4bc613f3bf769226814614d59839d7b12f8d230f0d8d6387,107,7
Mi2,Tm5c,8d98b9eb6175,2455576c666d,4552a0f7802b,empty,,feca3885cdfab336533f28c46c40d96b7e707a38e6e60dc73e9e1a6b4fbc55cc,3603,3
Mi2,Tm9,8d98b9eb6175,d00cef6913df,9029aed1fc97,empty,,55a372b07193d7ca882b118f6018a69c10189380f5c4385976831c822ce0065d,1210,0
Mi2,TmY10,8d98b9eb6175,d1d3392c46d1,01761fd38e69,empty,,3263dc64bb6c86967098d2ce794dd29537d5f2ccde0fb17ccd3358ee68d2be65,706,6
Mi2,TmY13,8d98b9eb6175,e8c21941580e,e40192eba7c7,empty,,6f0f602ab374cb5d20b1d400df7227024861b832c31a983cfc0fed1ce3351ceb,1585,5
Mi2,TmY14,8d98b9eb6175,28a670a5d3c8,86a543adf7a9,empty,,8535e4bd9cae14631761ff63f3d67fc6b49f390a681be310aa8121655c8e3366,1899,9
Mi2,TmY15,8d98b9eb6175,18fb00442a43,1bca738e180c,empty,,c87c30fa73e9fc28436db7768e4c48b7ddd3fb2eadad4638100e4a630af8dbb0,2837,7
Mi2,TmY18,8d98b9eb6175,dd5eb1fb0caf,8774e8f922e7,nonempty,,70860ad8a5f4b4261cbb31af9f531dd4f88ca2826b5d2a3683cc7fae5841e2af,265,5
Mi2,TmY3,8d98b9eb6175,607b8ed34a33,6977a715be4d,empty,,913131c3cd06b55940adac54e7996328ffb770586c515f31a5af4d909e59a70a,2066,6
Mi2,TmY4,8d98b9eb6175,887ba31d1e5d,68c4598f770a,empty,,029f9f5dbdd22be89c4727474c75402f937b7459212e71ec83ab0c9e0e0bbdbd,38,8
Mi2,TmY5a,8d98b9eb6175,3ad6ff7262ce,ec8bae4c2e35,empty,,dbbd8e0e594a93f7471080708c8c8a0fef5cd5db80746cefdab741c9eeb1b93d,3101,1
Mi2,TmY9,8d98b9eb6175,7af2610d274e,aec63a72fd9f,empty,,bd640ce6aaae0f85ed263ae7c199a931d2a26466722e9575c959d5a44076cb1e,2682,2
Mi3,Am,0172ab6332cf,ae7eec9cc6aa,36fb46f0f1c1,empty,,01d9152b2df0674d1154e37c862e53a565f3b90df393bb91110c6890c7695dfa,26,6
Mi3,C2,0172ab6332cf,ac7377b4f393,0c25f1076fde,empty,,33db564379b3c97ca6b6649789dacb9ac1e5669ae8aa5e00ca59d0bb7f6258e7,727,7
Mi3,C3,0172ab6332cf,6182a4f16e6d,f0ad67a2bc77,empty,,bfb80a83af00baa0ff349f8773c3b16bdfede25ce359a88c507ab27f505b43fa,2706,6
Mi3,CT1(Lo1),0172ab6332cf,7c280b5b9f34,a3a014e29c32,empty,,d1d40e968561abbd7905eeb207fc3d9cf6fa06c162007527ee1dba55f0af3875,2960,0
Mi3,CT1(M10),0172ab6332cf,63667a4a1a53,6bfe88129c71,empty,,a1b529a86a5d8c9a571bdae2f434e3220b3eee50634777e0ad629c1c3314f231,2302,2
Mi3,L1,0172ab6332cf,ad5110ebac00,bc744dc40be5,empty,,932bd102b6f6eb8c91da8d90cdf11c5c6fe4a1c1db01ee51b84e0664154f4b76,2095,5
Mi3,L2,0172ab6332cf,36f25ce16c8f,2a642c96fa6d,empty,,ebff03fbc376165068973f8123517cc7e2e8409b604eabf090e4ce1a708b5eb1,3344,4
Mi3,L3,0172ab6332cf,fd5e84317740,7959a17a62a8,empty,,50fd9119261596f2c929c24d9fa44e543c870cfb88fc37a740ddf1f1994dd663,1138,8
Mi3,L4,0172ab6332cf,7c19534e0d84,164ee8251984,empty,,699a6784797a0eddf89e5f7da3ceaa59b9f7a21a76448337e207cbc1d3aaf7c9,1493,3
Mi3,L5,0172ab6332cf,cc98a8db805e,c76d922d821d,empty,,39805d4aee74a8c60e1ca4d0f4847f14eb95f0da6f2a90cd3e103e7457de8861,810,0
Mi3,Lawf1,0172ab6332cf,2627beca1340,d05ec421275b,empty,,fc92139a076c61e23b2ffbe6f840250c786270bbc6c8f1493ad35470d2cec463,3567,7
Mi3,Lawf2,0172ab6332cf,3a1e8d7d01c3,f49be22213d9,empty,,cedb4833a6765be759b5b40fe197ea5cd589006b1b65d6e7f8e6a00d4f0b169e,2920,0
Mi3,Mi1,0172ab6332cf,af1ee12c7a13,ff825f8034f5,empty,,120dea838ed4f02e58053ec946378a175c9ae954ea0e51e7c8921892a79d0503,235,5
Mi3,Mi10,0172ab6332cf,59362ec08e0b,ac0147046862,empty,,d2ee713cd4edce58b09d16ac322fd8b68ef4cfd4970edac29ee1f7a7b86569d2,2978,8
Mi3,Mi11,0172ab6332cf,f8c7207459cd,bccd9e76c166,empty,,cc4b912ea9f21d478fcb23ba8ce4b6c443f322d4a4c2025a9deb37eee78fcc82,2890,0
Mi3,Mi12,0172ab6332cf,22599a5bd694,05cfb584979e,empty,,b9dbbb0314af7bce815d7f240c9ae5709df3dd1c0e781f8629ad3518d6d7dafc,2634,4
Mi3,Mi13,0172ab6332cf,7fd7d345df8e,981d4afe99bf,empty,,c2481af63316c05a6d920f68934b8ce4a37533775a5a7e1bc02d237f083811c1,2748,8
Mi3,Mi14,0172ab6332cf,b33da6e1384a,e01346992e4f,empty,,f3f1e57cd2757a00ad13f0f82c4fe7935ee6dd0b0f990323743dec16e0609545,3448,8
Mi3,Mi15,0172ab6332cf,4dd1eb26b0df,ef899347cd4a,empty,,e92eca4b4951798afe2e06e73ad0058210e8d0180438e51f12d1d773d67ad54a,3286,6
Mi3,Mi2,0172ab6332cf,8d98b9eb6175,4caa47470034,empty,,52827b027a18d4c8f005ea15deef08a7aec72834ba1660a44b37d5fc9de3d548,1160,0
Mi3,Mi3,0172ab6332cf,0172ab6332cf,a87cc10c740a,empty,,5a129ce48294f982738f9f851ea653b83d72ff19e75bca12f4944d48ac065f25,1283,3
Mi3,Mi4,0172ab6332cf,7c9f2d10b0f7,4037addcb85e,empty,,4b5ba83f5773b00b709f864833c9a541551c480dcb2b590f0782570f5350e396,1043,3
Mi3,Mi9,0172ab6332cf,760f78ba3287,c71e0bb1c073,empty,,157fe34a6ba411540796216b853144a778ff9a6b7cd9789e98d53fb1c841d053,288,8
Mi3,R1,0172ab6332cf,9654b247b494,313574798e61,empty,,14cc9f8205229edaa897aba8f436ddd865bb6e46b08de693a826982bbacffc5c,278,8
Mi3,R2,0172ab6332cf,b075082bb026,a787d59ad4a9,empty,,b3d0adce75190966094cea4eca9c65d3c8525d4bf7b8ebb133a0029c3985f15d,2561,1
Mi3,R3,0172ab6332cf,a9358d78ca90,6f8c18f77e79,empty,,13dfeabc2cadb01485f05909680179a8163e566daa84d0fe4e344447f3a2b298,262,2
Mi3,R4,0172ab6332cf,d54d0db004dc,017dcf71f93f,empty,,1ad0cc3cea81e9a5bc9628649a8577f9d38572a376871dd3390e603be12f8b93,360,0
Mi3,R5,0172ab6332cf,bf135de1db2a,b7b56647cf43,empty,,8cd1916024d1c763f100036a14a9ef828abefddeb214990f34fed488e25da423,1994,4
Mi3,R6,0172ab6332cf,ef2dad65a896,9fd5da79ef14,empty,,4604378edee60573b85a5a9e2aa727fc40f764ca5f8f5ed8496ddc6b2b12aebd,983,3
Mi3,R7,0172ab6332cf,ee8007a1d4ca,589eae98b9d2,empty,,07d73503bdb271f159a5bee7bce5ab29b9ffdb760bcdf153fe6accc8663a134c,95,5
Mi3,R8,0172ab6332cf,8c5b077524c1,e8467d8099a0,empty,,0a89bcdb1a9c3e88d84e0b953e2b31a688dfa26157d300e9af1b18b859becbe8,132,2
Mi3,T1,0172ab6332cf,7fccce4faa2f,60c9c12386c7,empty,,fba2077e08fb1d9845b8e914c3675492827ed71420fa2173a5ade28b4613b6dc,3547,7
Mi3,T2,0172ab6332cf,2c81c87fcf2c,f6cc823ad698,nonempty,,3461e0d8f6a368061f5905f2b5c56af15f57cd28549eb39b309b1799e219489b,136,6
Mi3,T2a,0172ab6332cf,e4707238632a,9d9e4e30601e,empty,,8b66ed0ce96f6039c7b1b1fd9b37d69d3318e3dbdc8b2d5c142b446aba248244,1974,4
Mi3,T3,0172ab6332cf,3b9aa8bb490c,830bc059ed19,empty,,706c178284d9a2ff9fb6b9f581b625e68de3112ab46e9eb00f332496911df63b,1602,2
Mi3,T4a,0172ab6332cf,a722a78be07c,4c9407d5d756,empty,,e1bb8141d78017c8e038c1a35c64715d21cdc835fa586b8908a9dc4b51da9fbb,3186,6
Mi3,T4b,0172ab6332cf,8dac2399d9d3,3794902db950,empty,,2449ae8dd7f11866cf17898cd5e0b3985c74f262a255816024232dc72657257b,497,7
Mi3,T4c,0172ab6332cf,3a2a1325fb93,d14bc9ae0a97,empty,,65d132e07283238d0cc949d0cfb60e45fef0a3af8331c2dd230e2f6800e28f4c,1438,8
Mi3,T4d,0172ab6332cf,0645a54521a8,b4b4f82a5e1a,empty,,86669d15918f378a2692ebe02412db90332479d967c1738537fd47e01c266a6d,1912,2
Mi3,T5a,0172ab6332cf,9fd1579bc37e,2e419ea998b9,empty,,ba0953021ea78bba2e6c9dc38333226e6922acf17dfd1a9b427db36f73989518,2639,9
Mi3,T5b,0172ab6332cf,3c304e466112,9d24e524047d,empty,,8ac7eabbf6ea52a465a625a6c58dec2f8335c1e2259a3eba4ed0083f624469cc,1964,4
Mi3,T5c,0172ab6332cf,4236c6342cc5,145cd8d495a8,empty,,a73dc4123982afa08c4b7c55a5e3e96ec5f3e3c0be505dd55ec14c690b5f8ef5,2397,7
Mi3,T5d,0172ab6332cf,f0bbaae7f4af,c7712331db6e,empty,,b21fbca9efa3b53ff2f66c8e1f3bc5ac08b0f0a47739dde8be2cad1f59cc9f8e,2536,6
Mi3,Tm1,0172ab6332cf,6b080cbcddcf,44a6a4cfc77c,empty,,525eb618cd27cefa97a385693d862085f03ba361411764e6e979156a5268ea0f,1158,8
Mi3,Tm16,0172ab6332cf,7a0908bbdc11,83c1dea51810,empty,,1581b6cef8f210a95acb0632acea4025ecc0bf62938462e915652b9fd6147177,289,9
Mi3,Tm2,0172ab6332cf,1716679973ed,d91c0f6ac7d9,empty,,71383fbab29aab1d23ef0ece7c4e701b1eb48e8bac2a6b4c666a371310cf388a,1615,5
Mi3,Tm20,0172ab6332cf,5202f2beeefe,d3a036b24fc7,empty,,06196ef50dacdd5972548f0edfda78a5364f20a70585ab80cb14f342f3cbc08d,79,9
Mi3,Tm28,0172ab6332cf,0a8ba80929dc,0886df071d87,empty,,385ce763315f6ae604b96942c8484e689c3f37194ed1bea480dc27eaa52c1bec,787,7
Mi3,Tm3,0172ab6332cf,1d04dc9e4e44,5d41b3d1f325,empty,,5c9e62350d9eb72a9ff7675d3481462dfb6e20018c42aecd220043a62d3d033d,1322,2
Mi3,Tm30,0172ab6332cf,fabbe5261153,a5382f1cd231,empty,,556fc0540e6d036eeaefb5abff7e3cabc8aae576b0a09f4c6f9a1bbeb1eee683,1206,6
Mi3,Tm4,0172ab6332cf,8f9d79739978,7f518700dfd0,empty,,bbcc824aed847b013d2d1a7d7c2a1b8e99af4e3a36733478d8a3e57aa6ae8e3c,2661,1
Mi3,Tm5Y,0172ab6332cf,05257d37421c,a1beb0a7531b,empty,,ecc8768d2bd7707b1d28e30fe220f4eef7450a47a7a6d8dffefde28048d0c78e,3353,3
Mi3,Tm5a,0172ab6332cf,e2174a9084c8,a6095598ec49,empty,,baf74c11310ea514cc3611c715984d69114dc2faefa583ad1c140f52e2b84625,2654,4
Mi3,Tm5b,0172ab6332cf,5bd7d91f26e1,f85e860b5125,nonempty,,24cbced4565dc3769cd1ff12843071583907360a0882ce4dcf5a13fd55d19564,101,1
Mi3,Tm5c,0172ab6332cf,2455576c666d,f240595661a2,empty,,2bad4d363b2101f59fdc587a0dc0652df14ca9abbfcbdd83d981f08ee9be66a7,596,6
Mi3,Tm9,0172ab6332cf,d00cef6913df,f53c98d4c435,empty,,fafe16ab4b0ea2732ac6916f6db097d7c54b6ea29bba69aef301113c6ac82d26,3540,0
Mi3,TmY10,0172ab6332cf,d1d3392c46d1,aa824d578da9,empty,,a20e15b01868889db04fbe13325d1f09d50fcfbeb07fd6859f959c0613627422,2307,7
Mi3,TmY13,0172ab6332cf,e8c21941580e,f9d113e83772,empty,,35c0a4c629d9c2e2eb1e0bb867ba511e99e3892b118d7b1dfb40a0999f62dbb5,755,5
Mi3,TmY14,0172ab6332cf,28a670a5d3c8,dc4eda4df518,empty,,4eb1ab571dd0a6e66896554e7e182d6b85ee9ff5821653f3303fee6e9a1accff,1099,9
Mi3,TmY15,0172ab6332cf,18fb00442a43,79707bc68f27,empty,,85e00a241f19694a41723d1fd2e2a67832bf82502b822276c001cc48b471dfdf,1906,6
Mi3,TmY18,0172ab6332cf,dd5eb1fb0caf,a1dec70b2fe3,empty,,c38ee33395a3e0b7737130ffeb20c75419730e6c53acf5f77305af4524ba3915,2766,6
Mi3,TmY3,0172ab6332cf,607b8ed34a33,4cf0b1247131,empty,,caa937cbefe766bfa2f106305cc83212dbc4231e4068b2bb154cdb2322a50100,2868,8
Mi3,TmY4,0172ab6332cf,887ba31d1e5d,b2d367e5f33d,empty,,10d9731e46635f85ae53731aad356f87f11094626e894e350cd10bc2ec6f6025,219,9
Mi3,TmY5a,0172ab6332cf,3ad6ff7262ce,54a5c84c217b,empty,,d8d304a526c7cec16b7574383d2a61cec93a7e24ac25c5d4feefd985e975154c,3063,3
Mi3,TmY9,0172ab6332cf,7af2610d274e,574dcc837af8,empty,,cbeb6cbc7a9f7f69bca91dc29eae00cf5f435c4abbc0efa30b6004c9ccf9187d,2883,3
Mi4,Am,7c9f2d10b0f7,ae7eec9cc6aa,d33ec117f193,empty,,c70be45b8dcf791fa80dd8f2881bdcc97b7baf6ac72bae1e5e57f73f9d83ca4e,2817,7
Mi4,C2,7c9f2d10b0f7,ac7377b4f393,5e669df60d91,empty,,9a050d23fc1677f71ad63a66fa1315a7dda3cac5c8ac545a20c8f27c437dbe3c,2190,0
Mi4,C3,7c9f2d10b0f7,6182a4f16e6d,5a3bff8b2c7c,nonempty,,9f8bedb6f72143ae6a46479b6e9a3130dafcaca2b9f8bbc71dcfa925f35b876f,375,5
Mi4,CT1(Lo1),7c9f2d10b0f7,7c280b5b9f34,5a5ccad91259,empty,,4668e11580462813c4863ac90e4799fc67d0dad172ca357f6ea602d708e66ddc,988,8
Mi4,CT1(M10),7c9f2d10b0f7,63667a4a1a53,0a88aabc6ee1,empty,,767565307fb10b851309c01b8ca0a700a8a460921e0cf6f2f2b2b5609638ffa9,1696,6
Mi4,L1,7c9f2d10b0f7,ad5110ebac00,2f0011b34dc4,empty,,4fe9d6feb700cd428cc7e1cf31ea42ab80afe069efde22ab50cf1df1ca8d429c,1119,9
Mi4,L2,7c9f2d10b0f7,36f25ce16c8f,1678b105e123,nonempty,,f7313e50b57548d9d8171c4f8c724066c2f9ac30f6437024c4a36a36291728a1,587,7
Mi4,L3,7c9f2d10b0f7,fd5e84317740,410f963d5ac5,empty,,c71b601344cd4cb646767d0454a82bb5f7d3176ada7f8bd5a0fe388e4ea62f1b,2818,8
Mi4,L4,7c9f2d10b0f7,7c19534e0d84,4412e9a72638,empty,,344d3a62936d2a8a4d0fcc26effc92bed53dd9d0b05c0a2b89c3db7b1275edf5,734,4
Mi4,L5,7c9f2d10b0f7,cc98a8db805e,33af01e1c863,empty,,19f311709c92755ceaf8d62d34978ea7f885d88c2c5d174200720957db5e8599,347,7
Mi4,Lawf1,7c9f2d10b0f7,2627beca1340,e2125d87e0c3,empty,,0c40bb622f6de8ec6fc509f13da0bbdb53f98f0834cc74bde501bc39162be24e,157,7
Mi4,Lawf2,7c9f2d10b0f7,3a1e8d7d01c3,63734704ff07,empty,,1ace1f580d7cd248c6d708a7fe5d93c0d4b58d9dbde2a3e1eede01aef9a7d4e9,359,9
Mi4,Mi1,7c9f2d10b0f7,af1ee12c7a13,3b381ab94104,nonempty,,68c5de9a2e9b12bb100b02d92eb06c91fddecfda10023349ac3675716ca031fb,248,8
Mi4,Mi10,7c9f2d10b0f7,59362ec08e0b,f4b9cd22d178,empty,,637d2dd30a5ccc3d218c62be7c67038d9960fb4d0bd9ffe6f7de6737ccf58974,1414,4
Mi4,Mi11,7c9f2d10b0f7,f8c7207459cd,36285504e171,empty,,57fd68696b4944f3afaf4019308991bf646c899020e37efd93e6025605ab6dcb,1249,9
Mi4,Mi12,7c9f2d10b0f7,22599a5bd694,3b305ef005fe,empty,,a8d7d9296f2891e2476fa4826052931eaf2ad5055ead80b8d2e458a5de0c8dd8,2417,7
Mi4,Mi13,7c9f2d10b0f7,7fd7d345df8e,b9ae0ac629a2,empty,,9fb67911254052f78fd1d2f7f16a6200176c9c84702fbae71baa544ebe711e0a,2270,0
Mi4,Mi14,7c9f2d10b0f7,b33da6e1384a,a887cbeec19e,empty,,01b56fe45901d9379632332db34e75b3a5c7dc35e992c29bf51c51549b288c44,24,4
Mi4,Mi15,7c9f2d10b0f7,4dd1eb26b0df,c6771d4ef9f3,empty,,6e9a6c50dcdfe68d731de532fb0c8145446831e9a92dba0d97c18d9344aa32c9,1579,9
Mi4,Mi2,7c9f2d10b0f7,8d98b9eb6175,af4363b6e2a3,empty,,31a67ef88c2b6ebf7648d740785084ccaaca683d3f78abb8deafe5043dba4f9b,693,3
Mi4,Mi3,7c9f2d10b0f7,0172ab6332cf,d17e2ade671d,empty,,a53786a211d4744c033b2f98cf535447fc54c75373dd884e6fa7c5221c63f146,2368,8
Mi4,Mi4,7c9f2d10b0f7,7c9f2d10b0f7,dd8c26c3a3de,nonempty,,fc74d3c52b875f75837ee9ad264457a72e7563ca52a4c965db8e6a082de6109e,599,9
Mi4,Mi9,7c9f2d10b0f7,760f78ba3287,06b18a5f98c7,nonempty,,f8b9b2965c4882bc2c7e12ce717bf3a1b00766c5d4e1a968cf199d9f5cc8e21b,593,3
Mi4,R1,7c9f2d10b0f7,9654b247b494,9652984aab0a,empty,,fc5dcd74b8b24ea86f71661d8c09ee4b093892cbf63897064034921c4640a1f4,3562,2
Mi4,R2,7c9f2d10b0f7,b075082bb026,e9cf9c5a7e8d,empty,,b35f774ff0dcda64cb279e43ed58753fe8c7d23be2bc513d574b55cd5d73fed7,2555,5
Mi4,R3,7c9f2d10b0f7,a9358d78ca90,d5504d34236c,empty,,88a867adfd9256519b12312d2ec77e4a80940f51826edc860bc6a5e8f974f221,1940,0
Mi4,R4,7c9f2d10b0f7,d54d0db004dc,83272e0f8e61,empty,,983a2a4a5b499373f9f2dcdad605c8ba15b678b5b9ec06ea5aeb8b327f099b49,2169,9
Mi4,R5,7c9f2d10b0f7,bf135de1db2a,11a67523d3ff,empty,,2084f1628e895e1734df1f54ce3c90a0876db8de21d37389f25e3b1f308031da,440,0
Mi4,R6,7c9f2d10b0f7,ef2dad65a896,bf53ce842823,empty,,aaaea223335ca976f48b0f2b9255d7d73a780f761be5069a75c27276dff28b91,2442,2
Mi4,R7,7c9f2d10b0f7,ee8007a1d4ca,eda9643b38fd,empty,,297a6578bdff862d2271d68daacc9b7085780e51d454d5c45c76ea59de7525cd,565,5
Mi4,R8,7c9f2d10b0f7,8c5b077524c1,0f9cdf67a28b,empty,,101d9c3825b053795e58745534491be9827fedf9bfd38fb7d119c3838e28a912,208,8
Mi4,T1,7c9f2d10b0f7,7fccce4faa2f,ac5f2973cea2,nonempty,,1d34c4f2af5e503b1c64d6bd3b13f43734da1fe44f2d5167b454c53d2ea162ae,82,2
Mi4,T2,7c9f2d10b0f7,2c81c87fcf2c,28633da6c67d,empty,,5608318a076b0b79bc2912eacdb3f06d74bf6a227e781e1d392e704599b04075,1216,6
Mi4,T2a,7c9f2d10b0f7,e4707238632a,75fafd00dae0,empty,,7ea024af33fa3bc5a71a1d3e0b9f5befeb3ef29941ecfbb93dfa20c3d5003c25,1801,1
Mi4,T3,7c9f2d10b0f7,3b9aa8bb490c,dbb180ccacce,empty,,f1d51365b26c56a3932e7445ad860b4291a4f0c4ea679630ca70e74a50b204fb,3414,4
Mi4,T4a,7c9f2d10b0f7,a722a78be07c,f2c67519a50b,nonempty,,17027f2e8b50768b684a68caa63f813382b8ad9a48cb3da8b83e6e0abc4a0fea,70,0
Mi4,T4b,7c9f2d10b0f7,8dac2399d9d3,9bdd07be22d8,nonempty,,1f8a96d855979cfd596ded8deef00f6449f4e60fc90aaa10e78e729e6d7e787e,91,1
Mi4,T4c,7c9f2d10b0f7,3a2a1325fb93,05d1470a4198,nonempty,,bde1840ab1b3b84f69f3aa3acbc6f59f86ac522b33be631a4d57db50295c1377,446,6
Mi4,T4d,7c9f2d10b0f7,0645a54521a8,0d18a9aba7ce,nonempty,,43c441ce250be76b85c6fb283941361e630fd6da5c2e3968f5f15bb5eb6a4478,168,8
Mi4,T5a,7c9f2d10b0f7,9fd1579bc37e,aadedb3dcc59,empty,,4b9348aa37ac86710c586dd5189274218b4bd22f8d68cf29fbbed15378253942,1048,8
Mi4,T5b,7c9f2d10b0f7,3c304e466112,2fa5f127ec52,empty,,b22547eb1933e32abb3065f5803a566b656955e3f1825384331ce8cc90d2e2fb,2537,7
Mi4,T5c,7c9f2d10b0f7,4236c6342cc5,40d432abf4f1,empty,,6a8946e55a78521b324669526d5c4ec51fccf7c9c75de84d3ed9ea3015e567d1,1510,0
Mi4,T5d,7c9f2d10b0f7,f0bbaae7f4af,3bbf1775e73e,empty,,ce9ddb44e388f851c082a0718d81717a816a3526c773b0ebdf5adb0547befdcf,2918,8
Mi4,Tm1,7c9f2d10b0f7,6b080cbcddcf,2effd9780a37,nonempty,,e037752c0bef22a01552daedbab45067a375ec748bf3d7fb97921bec7b8cc048,534,4
Mi4,Tm16,7c9f2d10b0f7,7a0908bbdc11,d68ee223d041,nonempty,,09304b487d7f491a1507f8876f8a1c2b12745a5bf2654751a174e67f8bcb1f6e,33,3
Mi4,Tm2,7c9f2d10b0f7,1716679973ed,be512d5757cd,nonempty,,774ed87173fbcb09b7a18528a795b27454cbba3edb3cfcc514191999616138a8,284,4
Mi4,Tm20,7c9f2d10b0f7,5202f2beeefe,1c69f1c8cd75,nonempty,,466179744dbce5a003f1a4eceb8b7de83812beae819e9106ef81ca09cd361c91,171,1
Mi4,Tm28,7c9f2d10b0f7,0a8ba80929dc,01adba4597c9,nonempty,,1e12af418c8b88de559107427c5364c88bfe3d17a3277786fd0a940309d5a7d3,85,5
Mi4,Tm3,7c9f2d10b0f7,1d04dc9e4e44,23e5bc3bf923,empty,,a76f70ef85957e620ce114d37029d2d8c3f6c2399a797dec169f382a3fbb951e,2401,1
Mi4,Tm30,7c9f2d10b0f7,fabbe5261153,de651ea1f84d,empty,,3fc1f65b3b10718a0a8100e5df7572ad6ae35672e6f8410b1c805850e54ca657,895,5
Mi4,Tm4,7c9f2d10b0f7,8f9d79739978,38c01275e16e,empty,,2b03cbb4e5457ed6f1275264f5c7699dceec87f27d0a9a20ab7b0fabc0563cfe,584,4
Mi4,Tm5Y,7c9f2d10b0f7,05257d37421c,876652e8c7ce,nonempty,,066bc9506e4922e3eeec401d8216ad8ef2bb960a001ad215d0ae25db15277be5,22,2
Mi4,Tm5a,7c9f2d10b0f7,e2174a9084c8,2d3ec45de424,nonempty,,8cd931e1eca5ef28c649188e930df8afc22610e4d1b0b6d15111f4380fc1eb03,335,5
Mi4,Tm5b,7c9f2d10b0f7,5bd7d91f26e1,6fbbb7e6c782,nonempty,,ef2f69a7edf004c0a98c6d528f02c007c18113d2583d8372d49bf6a7646e79b3,563,3
Mi4,Tm5c,7c9f2d10b0f7,2455576c666d,69ffb269d406,nonempty,,188f14a70cc14921eb57e146263ef44c0f8059da4d165e4b50c1784a8132739b,74,4
Mi4,Tm9,7c9f2d10b0f7,d00cef6913df,a61b7496264d,nonempty,,086146788c669eb6c1aa8a4e569acbc03f1a6eeda25bfb6a1de4797324b412d1,30,0
Mi4,TmY10,7c9f2d10b0f7,d1d3392c46d1,b75a2afcca04,nonempty,,03a642da27612f10435592915572879b63333d4da63d714b0225d6c19885d22d,10,0
Mi4,TmY13,7c9f2d10b0f7,e8c21941580e,1706b20010cf,nonempty,,f7129d35786372d133849bac53e255280143ea806be91fa966dfd09076137751,586,6
Mi4,TmY14,7c9f2d10b0f7,28a670a5d3c8,c1cf20fc728a,empty,,840667fabaa9b99b6cd0095d375816c58feae16b35f4f3b8bddae19a77dd9e4b,1880,0
Mi4,TmY15,7c9f2d10b0f7,18fb00442a43,4bca1a3ea256,nonempty,,194841a986acd9253af25407edf31d8fd84228a9a5a0b0f60be76fd89eb36e69,76,6
Mi4,TmY18,7c9f2d10b0f7,dd5eb1fb0caf,fba512ece01e,nonempty,,14a4ea420b8be452fdeb9638e5be2d59aab611e54c7107aefb723e07b482367f,63,3
Mi4,TmY3,7c9f2d10b0f7,607b8ed34a33,46c1632da491,nonempty,,8bd769b4d73e3a5ad687ca7a5d3da2287ab52791b1c498fc1848402f43b9f27e,330,0
Mi4,TmY4,7c9f2d10b0f7,887ba31d1e5d,c16d6217273a,nonempty,,68e83b24250320dcae40f4c0f05a56d9dc60c06c2df48cd3d6689b573789541c,250,0
Mi4,TmY5a,7c9f2d10b0f7,3ad6ff7262ce,37461dd82768,nonempty,,14da7383b4957f02a83d7e44093a5b5dd4f4abf42b8d3139c28300fd402ad9e5,64,4
Mi4,TmY9,7c9f2d10b0f7,7af2610d274e,6f9a8e06bda7,empty,,2a0e3b2b24d475e6d7ac273dbc242bc1d58917b4692d3ae0717b8cf13590a586,573,3
Mi9,Am,760f78ba3287,ae7eec9cc6aa,8352ae756cb5,empty,,cdd87b5ce9dc4d41077ae58dfc3341f0c167ceb6d9035398e4880cae007e23a7,2906,6
Mi9,C2,760f78ba3287,ac7377b4f393,0b3d4745cbed,empty,,a89230697723926545db5e97f933d1f555c5157eb925951c36a18f3e71aa78d0,2409,9
Mi9,C3,760f78ba3287,6182a4f16e6d,46ca6bd9cf0e,nonempty,,8abb56539162a752fd1aca25c0c877a466281cab43a27a3281ac979569f6fb61,327,7
Mi9,CT1(Lo1),760f78ba3287,7c280b5b9f34,13c14959153b,empty,,cfcbd1c1a94d0ee3959281bc089b52c05114d1a1e418e99d69df206b6d7ee872,2931,1
Mi9,CT1(M10),760f78ba3287,63667a4a1a53,e6e1d2979595,nonempty,,7f4b6b3239d2c55504a876568c9c953d69f33d6905331654d659078ee51f1715,298,8
Mi9,L1,760f78ba3287,ad5110ebac00,86d39f3e0b9d,empty,,7da290340fe16a2e097db3e1f1820c8ff9d06ebdaf414b9a6fff9175f33594cb,1788,8
Mi9,L2,760f78ba3287,36f25ce16c8f,6ac5735f776a,empty,,9ab376bec470b5eebaf3d52eee75b31483d2340a1aca451fcca81e384d912ca0,2198,8
Mi9,L3,760f78ba3287,fd5e84317740,19e45ee3340c,nonempty,,7c0c3db30db6655d1994c4af02a28d6073853f5a4688e382bd10cf9391423594,294,4
Mi9,L4,760f78ba3287,7c19534e0d84,c25aa15fb08d,empty,,58b91ff059702e5389903a188420f5b85d995a52aca5f0a4f8bbc0635ab9d64d,1261,1
Mi9,L5,760f78ba3287,cc98a8db805e,45e68014d32a,empty,,972272c96711ff7298303c4c3c4f5c92477c1f11278ec828910e6eaca60ba720,2151,1
Mi9,Lawf1,760f78ba3287,2627beca1340,a10d1433bba1,nonempty,,7c9865399317bbfb9cbe4c710793c50a900f695a8aa62c75ea472324ebe9b092,295,5
Mi9,Lawf2,760f78ba3287,3a1e8d7d01c3,a0dadc9dcca9,empty,,8f63bb1ff5e5f70c0938c49d1136695bc7694c8a7649787ac173acd9201367b8,2035,5
Mi9,Mi1,760f78ba3287,af1ee12c7a13,eb2fb72ff645,nonempty,,d4df809196574a2889f2b54a1e761fefe71421039086564cea1211ee8dfa96f9,506,6
Mi9,Mi10,760f78ba3287,59362ec08e0b,38bbbca85c95,nonempty,,80a41355b6f7628b22e3589fc5c9763cd6582674e9397297f4881cee3b5b1991,302,2
Mi9,Mi11,760f78ba3287,f8c7207459cd,679b5e107e20,empty,,fdf7e5c98932f219063335c53066385237570d8d603469c9ff24e35eadf7ad94,3595,5
Mi9,Mi12,760f78ba3287,22599a5bd694,2b28c1deb08c,empty,,b6b1fe94a42234d5e32ee19a4f4829c7cf76cbc000d11a00cfd60e477b791853,2592,2
Mi9,Mi13,760f78ba3287,7fd7d345df8e,1b7a6fdd82b3,empty,,a743f2c543e568365655e7fa28cae7c92860d2038da9e2e818920f85004708a2,2398,8
Mi9,Mi14,760f78ba3287,b33da6e1384a,773ccae09f77,empty,,fc01f8157a2196a8773aa0dc62a50f6ba365161b9b7d0bfb1e2fbc8a13d7d519,3556,6
Mi9,Mi15,760f78ba3287,4dd1eb26b0df,f512c7317093,nonempty,,42bede650d3ec2d103586def00b0bfecc567abb21d2b827123cd3e33e8e64707,163,3
Mi9,Mi2,760f78ba3287,8d98b9eb6175,e016e3e101e5,empty,,67f362d48ee076aa8ba07cfe15b4c2e97550eb150ecc8abfbcfdf9024c85ef80,1468,8
Mi9,Mi3,760f78ba3287,0172ab6332cf,9ce83163b1b9,empty,,5fb005bd3488cbc9cb08934d486818259e6b5b591f66281fced3df43361e3f6c,1373,3
Mi9,Mi4,760f78ba3287,7c9f2d10b0f7,81b17a8eb7f1,nonempty,,7634b18145c318334164e870de71988d47dafa5f1550f68fd6d9b979be3636d2,281,1
Mi9,Mi9,760f78ba3287,760f78ba3287,b249411cabd7,empty,,dfdff818174c121e551612e9c0ecf8617f41754f0285391fad1983e145c6497a,3162,2
Mi9,R1,760f78ba3287,9654b247b494,7f11b751c4bf,empty,,475bd78f54a0739648d86a82049273c473844ec15e12753b7f3802d094bce156,996,6
Mi9,R2,760f78ba3287,b075082bb026,af54c479d828,empty,,c2b9f20646722a5228277542757a5682d3b757f8d277899f8e4da6191df7c236,2754,4
Mi9,R3,760f78ba3287,a9358d78ca90,ec0f56654d18,empty,,26e62d611016d1de3f86ae8a64859ec464ebf95dce7d31b700ad254184878eeb,532,2
Mi9,R4,760f78ba3287,d54d0db004dc,3888f14a0eae,empty,,b5eab44335df2f8f9b211e062adee3dc5e0e5715dfa47e22fd1fa69ce5143a0c,2582,2
Mi9,R5,760f78ba3287,bf135de1db2a,1d63259f38c0,empty,,53b9a00d928ec9ae7f32ca1d5fb7cebe3e3f4eed36af0b9b2f092095c3b5f50d,1175,5
Mi9,R6,760f78ba3287,ef2dad65a896,6c6fb7cd98ae,empty,,b0ab287c90b1b194be305ef7239fb52814343cd7543f296cceaae5658596a869,2523,3
Mi9,R7,760f78ba3287,ee8007a1d4ca,454c6b578e3e,empty,,22aed8b4a8c48d980da4bf4a2f5f236fc49dc4578e3964b4e3237957bd2e49da,478,8
Mi9,R8,760f78ba3287,8c5b077524c1,089f5fe9765d,empty,,bdf210e2248c1682333851d95ce69442b6c79bbf284e2f85fa7518c490e8f3b9,2687,7
Mi9,T1,760f78ba3287,7fccce4faa2f,6bf01838af01,empty,,9f13d6aca641f61d53adc3ccadc27a037245dba9871a643ce6fb8febcbae2e0c,2264,4
Mi9,T2,760f78ba3287,2c81c87fcf2c,0bcf1be5510f,nonempty,,c4650206468a6c691728f52214a745d09c67bb8aac2b88ae84d145d23218fb8e,464,4
Mi9,T2a,760f78ba3287,e4707238632a,2557d926b246,nonempty,,9e7cc04be95d7a773e650f319c1482dfa3a34809f882a7a2d1484a803f7a4f2e,371,1
Mi9,T3,760f78ba3287,3b9aa8bb490c,d5073972a7f3,empty,,cc916ada72fc35974f805f7fedcd39d4a4dfa8eaf3ec1db1695880dd7c26c66f,2896,6
Mi9,T4a,760f78ba3287,a722a78be07c,d3b2ef2a67ea,nonempty,,0d91500498a61284d0ef3a4d1c339b06c0e39d870e95ae824f59a74136f08716,45,5
Mi9,T4b,760f78ba3287,8dac2399d9d3,0bc6080e9728,nonempty,,6a10ab3ed16aea74fa1af305f73027abf9ba3addccc1803bfec6ba091f5e6320,253,3
Mi9,T4c,760f78ba3287,3a2a1325fb93,26d017de79b6,nonempty,,814aeba8ccbea7c2e22e7369765af9f568d7db397d14eb59ee476fb37c65558a,304,4
Mi9,T4d,760f78ba3287,0645a54521a8,241fcecd0136,nonempty,,ddf15ba4bcf5a83cc4856c996fd7fcc6cf852d6f7f656a7aecf976dc59829dbc,529,9
Mi9,T5a,760f78ba3287,9fd1579bc37e,a8492377c54e,empty,,cd78c3470bd3de79d5c51fcf1f2ffa52e389e82e4f962ce2aa6a1f697ea9cb35,2900,0
Mi9,T5b,760f78ba3287,3c304e466112,a0eee5256f61,empty,,268b9b1143a3abd2091b3794287820a9d5900e7d53ab0231059e18efdaba7014,528,8
Mi9,T5c,760f78ba3287,4236c6342cc5,2bd8d0623f7b,empty,,6e49190e8d6b5e479c00f012dd5d9e49921c7bbc3d4cdf19eaf0b1d07fae97b7,1573,3
Mi9,T5d,760f78ba3287,f0bbaae7f4af,95b20ed20dbd,empty,,975278f9fb2800be0067c07309814b90d6d57cb20630203dde7d898d58a7c570,2154,4
Mi9,Tm1,760f78ba3287,6b080cbcddcf,9cede825ccbc,nonempty,,9f6c2516882cc3dccff539a10144ab53c99f639b26b05994f468b43bbf7681d2,374,4
Mi9,Tm16,760f78ba3287,7a0908bbdc11,6c59caaf6d51,nonempty,,531e6d9e3e8e28a86ed489a827151c65a0799a55e1f62d8daf68c2322be8c40e,194,4
Mi9,Tm2,760f78ba3287,1716679973ed,07dad267d8e4,nonempty,,c9030147a3f97d43b5dff3d6f39effb5830741485f58f9ad23fdc7e424dbf47d,477,7
Mi9,Tm20,760f78ba3287,5202f2beeefe,85adf0cf4461,empty,,181451acddb9797385c11c1a066f8948c1c79db4affe23221a321e339c849f2a,330,0
Mi9,Tm28,760f78ba3287,0a8ba80929dc,e5be5dd72e5c,empty,,2fcd2fe9ab6aa0be6df2eb24aa9c2ecf9ab36775228d3aa5e0a8ab5fef841c5e,668,8
Mi9,Tm3,760f78ba3287,1d04dc9e4e44,2aadd84aa736,empty,,0130b5382456ce61186888d9ff757a6e113c79ed220da12e7dc621c304d01ffe,16,6
Mi9,Tm30,760f78ba3287,fabbe5261153,7af618838aac,empty,,8d8db8541c85dbd83d77bc281d5fcc6ffd4adc8c6fe3c2eb228bf2c648a80bcc,2004,4
Mi9,Tm4,760f78ba3287,8f9d79739978,ace0166ccbeb,nonempty,,42eb71f4b9db73c1e030c921f1544adc544819aaab3b9d013a1369ec3e89ea8b,164,4
Mi9,Tm5Y,760f78ba3287,05257d37421c,24cc075b5648,empty,,8374cd41e97083caf8f41cdab9f77a1e7f65ab2af11cd51038e38157a7b03599,1868,8
Mi9,Tm5a,760f78ba3287,e2174a9084c8,2fd445138924,nonempty,,5d9415d2bc38f167deb15cecdd10c368c253cbf2ff87613a34ba8b1feedd7131,216,6
Mi9,Tm5b,760f78ba3287,5bd7d91f26e1,983abf34af6d,nonempty,,d733e2cf00996b47ecd7b98e4911db0e434affaf65300c37f14ec665a66ace3f,510,0
Mi9,Tm5c,760f78ba3287,2455576c666d,a6bdcee90e4c,empty,,3bfdbf1dd9c8ff3096940d9fb1424237587b935fbbf85b43654cd8c49a6b0024,853,3
Mi9,Tm9,760f78ba3287,d00cef6913df,0a85a9b4f99a,empty,,0b208c29774192e2ff04549a697ab296302e7d58051a10aa84b4654b23263a03,147,7
Mi9,TmY10,760f78ba3287,d1d3392c46d1,a8d77835d6dd,empty,,5912231d8ae424ec462eed99799a45b91c1cffa7edad138d64f4e7f75f3f25cd,1268,8
Mi9,TmY13,760f78ba3287,e8c21941580e,4fc9a9c2a453,nonempty,,26d9b79965f0ebfd87d30d194d508f44078b4c76b4036764025573075ede89a5,105,5
Mi9,TmY14,760f78ba3287,28a670a5d3c8,308e57c690b3,empty,,1c8316627b2608f3a963471ca54092b319d88b3eed543fb19a828318815ca7b6,384,4
Mi9,TmY15,760f78ba3287,18fb00442a43,34d7aaa35dbb,empty,,dbb260cba6b2b42b9ce78f025260ba302a90ec525cbd4a576c4c0bce81d8bcd0,3099,9
Mi9,TmY18,760f78ba3287,dd5eb1fb0caf,d43bd2eb9423,nonempty,,e63e2415a75c9485f34aa47b82b1d59778fa04b7b53b9272c91da0b0bc539be3,546,6
Mi9,TmY3,760f78ba3287,607b8ed34a33,78ccf8d2386b,nonempty,,e06eef5d2234260114ee5c7d521d4ac8d2aed683d9ef9ec8d03f87846b002155,535,5
Mi9,TmY4,760f78ba3287,887ba31d1e5d,7ae0d306276e,nonempty,,3c848992dbd29a5d6124b342daf7d78ac583eead68205a1ae245e79d3a4ad2b8,151,1
Mi9,TmY5a,760f78ba3287,3ad6ff7262ce,a0e743250766,nonempty,,226aba5a4394930dc76dcc2a9b8fe72a6b8703eb114e9e346a609160265f9dfa,97,7
Mi9,TmY9,760f78ba3287,7af2610d274e,5a15b535c7a5,empty,,1aad12c8e2f5b32d0e57c0810652692e10999c83f479023acb1142725eb4efd4,356,6
R1,Am,9654b247b494,ae7eec9cc6aa,ec21a8d3009b,nonempty,,d927fcfcdf2cd89af9e5d8c7e0deac7ede2d6a529e999a3fa17c949f74971646,517,7
R1,C2,9654b247b494,ac7377b4f393,c938ef56889e,empty,,332374fd063caaaa36d5a7859e755110d9a32fba2f68aa2b3bd1910d59a4e799,718,8
R1,C3,9654b247b494,6182a4f16e6d,bf4b027780d2,empty,,450ba8d54625ef548455ec5c7b057fd6fa54f52f3af694596dbcc0cffd255a75,971,1
R1,CT1(Lo1),9654b247b494,7c280b5b9f34,f3fd6fa7377b,empty,,b6cc53d63b61f3d65a19d09006db02fa892b0c92966475c2b48e61fb9b8ad3a9,2594,4
R1,CT1(M10),9654b247b494,63667a4a1a53,afe3e416423e,empty,,5c78913f92811dafb1722a3dd45dd71f3b1bb8d555221d8a09501063efec4f96,1318,8
R1,L1,9654b247b494,ad5110ebac00,c42c418fb266,nonempty,,4e57c38743f2f803e488c5a871d1a99ab5b955d7cbac91321511350b43b8e8d0,187,7
R1,L2,9654b247b494,36f25ce16c8f,44aea3d9cfbe,nonempty,,00738148c4710c99712a615482a09187c5e518969f5d39186c3f9800905d6ee5,0,0
R1,L3,9654b247b494,fd5e84317740,a583aac394d3,nonempty,,259878e28cbd34cacd8d0966eaea73bf114553752d1b0546d7aff6a43b8aa576,102,2
R1,L4,9654b247b494,7c19534e0d84,d01f9f40351c,empty,,471b0b56370dcbc0a78b4b9d72025fe4ed22a6001d12a5e1f56d86b6bac9489c,994,4
R1,L5,9654b247b494,cc98a8db805e,1101099759d0,empty,,f48f08a493b724563bb716233bf5f539a20d71697f5dad30dfc96f3f7bb4141e,3454,4
R1,Lawf1,9654b247b494,2627beca1340,63734b3527f2,empty,,618f036018a134675577f47665e8e92fc391f49bba7559cd15a82cf73efa08ab,1394,4
R1,Lawf2,9654b247b494,3a1e8d7d01c3,aab899c4f9a8,empty,,a91c62922b6b10c6fdce34b2c66434f50c11488cda83f0d287fc4f19d33b9442,2421,1
R1,Mi1,9654b247b494,af1ee12c7a13,f01600ad1325,empty,,0ac185f16cb400772c40511b6ea60c24b4c6675ab2940291f7311bb7d73560af,139,9
R1,Mi10,9654b247b494,59362ec08e0b,391d64bbb4db,empty,,110f367f40feafe0be320c15a9d1994c21615bdf23ea9f981fb6ba590dcd88a1,220,0
R1,Mi11,9654b247b494,f8c7207459cd,f6d8931910c3,empty,,233763ffa16a8096b9c1d331353d51d58ed044b2d4d15769b62bce7d0751dfe1,484,4
R1,Mi12,9654b247b494,22599a5bd694,116b58e641c5,empty,,eb9b69c02b52f0a4b2eb19c0a0059a7be484d65992499f63532ab21c345f674e,3339,9
R1,Mi13,9654b247b494,7fd7d345df8e,ce06d8b18f73,empty,,c9a898de03ea601e40bfe407ad66e1ceca599e0af9a3b19b53aa00932c3a9633,2856,6
R1,Mi14,9654b247b494,b33da6e1384a,a3b8b9d7900b,empty,,fc76e4fae8f8886020764c0e216cca849b2febc938e3141bd95bdc4a83d64370,3565,5
R1,Mi15,9654b247b494,4dd1eb26b0df,19ed89373522,empty,,d1c018d843cbf581994ac21b1ad48252883a59e6505647ddfd505360e40ec137,2958,8
R1,Mi2,9654b247b494,8d98b9eb6175,64084a43cac8,empty,,d27978572b87c1a9d9b8a4ca3395f5c3af849fb7c87849e8cf18ff2b4a8e93a3,2972,2
R1,Mi3,9654b247b494,0172ab6332cf,eef65c98303a,empty,,ae689bece7e7493575f1e8aeb6afad4b8fc26bf0c7353ac460b2191140c0d4d9,2497,7
R1,Mi4,9654b247b494,7c9f2d10b0f7,3382baac32ff,empty,,d6145c0dd685a60718fc124fa079cf818dae696346f7766a649c3eec1f4ddc6f,3022,2
R1,Mi9,9654b247b494,760f78ba3287,ea417703c5dd,empty,,7413c44baa714341e2acececc919c980a74fe69818159c0c68c3dda5cc13aec8,1661,1
R1,R1,9654b247b494,9654b247b494,2ce67efd8a35,empty,,7370db3130dd072296c8ac5d73b6114735455570bfb028832ec8818a05e83e0d,1650,0
R1,R2,9654b247b494,b075082bb026,f2d4474523ff,empty,,0c9c7fb9ce0102080a80acdc4f24a283b2ab5f38e2ecd221dd2961af452a673d,163,3
R1,R3,9654b247b494,a9358d78ca90,198f67afc2b3,empty,,69df8283e0de3799102f9ac450dee3a65c08e49fa8ab4ba66d93f0bba7b8d19a,1497,7
R1,R4,9654b247b494,d54d0db004dc,50f49be80fc1,empty,,1454430b98931ac2ae07f8b82fafc638a276d19c718410cfe6f631ca16d2064c,272,2
R1,R5,9654b247b494,bf135de1db2a,91171c28083f,empty,,2bceafd571431ea78ab79b95330a41b027afd15befb2411d84cea63e5c4356fc,598,8
R1,R6,9654b247b494,ef2dad65a896,78161ef4360c,empty,,3356dcaa35e1ededc4a8cd1711a7e3099cdb6546689ec28a1007b78ee4d3d043,721,1
R1,R7,9654b247b494,ee8007a1d4ca,7f80fa02797a,empty,,04dd4a7e71727b1008ab5934d332cf3a893abd3bdadbea270e4e450606ad9fc5,62,2
R1,R8,9654b247b494,8c5b077524c1,e355cca9ed79,empty,,d3c85a383b3046b6cfad946b13f529bbfec00dba0017c84dd2da19c3cf53c09d,2988,8
R1,T1,9654b247b494,7fccce4faa2f,78535483bdbc,nonempty,,5731eacad0d9bc25b7a8f4e17f381c02b799ce72d0f25da289288e65c036ca7a,202,2
R1,T2,9654b247b494,2c81c87fcf2c,033e0c0e6151,empty,,8a5dfea8d8f07cf3ed56e2dba9bdb3bee651c510d0563dc1e51705ea8eb10029,1962,2
R1,T2a,9654b247b494,e4707238632a,0a3f10740769,empty,,94af506674253ebb060d5f754af3623ac377848ddd229a366c59b133e651725b,2118,8
R1,T3,9654b247b494,3b9aa8bb490c,26f261f82781,empty,,5f8efe0a538ffa0a8ae1b7bd69f449af6443a3af30a60975e08b6f06681f9986,1372,2
R1,T4a,9654b247b494,a722a78be07c,ccc922e28e63,empty,,f94dea0994059f8f8181974a690cefebabd5fb167e00fc1cd1c3b3bb7a6472ed,3520,0
R1,T4b,9654b247b494,8dac2399d9d3,6825f7fe1e6d,empty,,4f2f4c6afe3b5ac0943d7521e62697fc3eb5901839559691d1bf6d36ebe5ebef,1109,9
R1,T4c,9654b247b494,3a2a1325fb93,dea4780f44ab,empty,,dbd3780bcc746a958b855cbce673840149c35ede9266c1af3dfbdddd6f03a71c,3105,5
R1,T4d,9654b247b494,0645a54521a8,6327af9c75e8,empty,,57dd662be9f070ca5fdfd2088df2ec6dc47ca8e5c6b146acc460f9efdd0eaa52,1246,6
R1,T5a,9654b247b494,9fd1579bc37e,3282fe0b64c4,empty,,f93f0f94c3f64e92a91cf7863cf289e6e3ae8e0477bc46f141559ed54e0727c0,3519,9
R1,T5b,9654b247b494,3c304e466112,06232a80ed72,empty,,fdf1d0621b46ec4cb07c0d5ebfd1120218e4613685457c487d61a32089d6f150,3593,3
R1,T5c,9654b247b494,4236c6342cc5,b61b0ac312b5,empty,,2c5f16df65727bf2703c603aabbd76d57821385d7d04f9a8440ef8ccee83a11e,610,0
R1,T5d,9654b247b494,f0bbaae7f4af,2b23f6f52682,empty,,5c0557c9202f9d3d2c73f8120f05fdb7f6944003aa28327030eda7fdfa90f154,1313,3
R1,Tm1,9654b247b494,6b080cbcddcf,58a0b0c19ad3,empty,,dd29f5d45b36be8080687411c7f8d145bb0b5a208a46813a5f3cb40a4ea65c64,3123,3
R1,Tm16,9654b247b494,7a0908bbdc11,4c2adbba9510,empty,,79aa656c339ba62c400f30ac2c709b55522ec7baa7842036392ac03ff49afc08,1742,2
R1,Tm2,9654b247b494,1716679973ed,2fb9be3d0901,empty,,1d16c0739ba8737ee1790f723f6effebef666a3fa9fab7d4a906d77c7c0257f1,392,2
R1,Tm20,9654b247b494,5202f2beeefe,56ab9e3e4d60,empty,,429dcc9cb053a115e4d3e3aa9013cc10cdcaaeb88fcc28399f75b9122b9d3ce8,928,8
R1,Tm28,9654b247b494,0a8ba80929dc,196e0a95c409,empty,,4203d040f964f5b77acf06c910d89e1b5412bd88c1c9aa18b0b07cd169eee7a5,922,2
R1,Tm3,9654b247b494,1d04dc9e4e44,fd205cdae24a,empty,,ed2b6d5307574dadd6b9db83244e5f8dbda4a64d1fd0c4e00e3a59630c797487,3361,1
R1,Tm30,9654b247b494,fabbe5261153,8af29994cacb,empty,,116f39f020bbdc5677b12f80d3831f0a2c1e91a96b34e5437b63057185719623,229,9
R1,Tm4,9654b247b494,8f9d79739978,c115497e1ba5,empty,,49a80f6bdb1307ecebc1949b96b97ae1a42a67b200707886e3a6cca546dac790,1024,4
R1,Tm5Y,9654b247b494,05257d37421c,98e201aa9648,empty,,791010927970e5c3a333d0d457f356d40c1031c0ac7cd2674034b8db55328981,1733,3
R1,Tm5a,9654b247b494,e2174a9084c8,fb26daa55dba,empty,,546f19e4c503bed35d53a0d824aec46d9e06739de1123102edcc86c4ada08833,1185,5
R1,Tm5b,9654b247b494,5bd7d91f26e1,ab3127b50b37,empty,,cb868b506c2a7498b453fa7eb57b07ade7f9344265fe93d32d3a9f1e66919bf0,2876,6
R1,Tm5c,9654b247b494,2455576c666d,4c6db992b0ac,empty,,8a166a2094558424c5fecb62313c9f8d4bfd44ba3079534f9e7ef42b0c1a731f,1958,8
R1,Tm9,9654b247b494,d00cef6913df,d8effe5cfceb,empty,,ccf3f20aba2c48e1d277008139402b7938d191a31f49e14b0a451bc8a03d3694,2898,8
R1,TmY10,9654b247b494,d1d3392c46d1,dae05961627b,empty,,be259cec08b83d5ef7f82fb4128df76f42f94faf7994cb8b6fd9c64858651483,2690,0
R1,TmY13,9654b247b494,e8c21941580e,6eb19a1b65c3,empty,,e94cadc06bcfb8be4d9b5f91b2f3ab1fc51bb818b1908e76ffe851b687461516,3288,8
R1,TmY14,9654b247b494,28a670a5d3c8,f4d06ec01ed5,empty,,d0fed71940740ffbfabb10bfbc7190ac6399a060d7f217d87ae92f77c5616071,2948,8
R1,TmY15,9654b247b494,18fb00442a43,0fff35f6b4d1,empty,,5be4f1cdc5cde62bac77bb60619758e91b0def91daa09dc88084b281c91a14cd,1310,0
R1,TmY18,9654b247b494,dd5eb1fb0caf,c3a74e4a6d31,empty,,2c9f3a162f28fe9ca02c885e89d40ed49c92de21dc9764d63d2d210e79bad437,613,3
R1,TmY3,9654b247b494,607b8ed34a33,8f77ed7380e1,empty,,2d3baa2699062666f6f2f19ed49da0b944d153586a0bf0285e84cb4ad5bda28d,621,1
R1,TmY4,9654b247b494,887ba31d1e5d,1beff9954ac6,empty,,0cede44b60fe15d24b087e50b6a3a623766fb171de01f025d691b7d5fd8b35d4,169,9
R1,TmY5a,9654b247b494,3ad6ff7262ce,a9d6ec628da1,empty,,5a0faa31e20eabe362a461c64b569f5f9e9c13c1b97bd3f8ec63f2f1258c6abe,1282,2
R1,TmY9,9654b247b494,7af2610d274e,cd2683e71877,empty,,9320fe9a26ea9446d13bdf535a026b28a08c8a7f3507ac587490893a2f867f70,2093,3
R2,Am,b075082bb026,ae7eec9cc6aa,728086ffa013,nonempty,,1435d65c185fe830b4805f4775243f4a69df866bee29e6ee65c0b01873d557ff,62,2
R2,C2,b075082bb026,ac7377b4f393,53987ac9e145,empty,,3a46b7caef6d6a76dfcc7ec0d15f9694c9030d119e7d33d166dfdf7cf5bc5c15,823,3
R2,C3,b075082bb026,6182a4f16e6d,c541081c843f,empty,,284f76a988e0e96b88214566936af6abe32bc9a3835e610ed8a0f272ce70cb3c,553,3
R2,CT1(Lo1),b075082bb026,7c280b5b9f34,f5a84c33731b,empty,,cc85419e4e903ca2664199e1f101a65fc10210826e5083b59ce68f5b48ee5811,2895,5
R2,CT1(M10),b075082bb026,63667a4a1a53,e65ed1f72934,empty,,0b8f95006025797d9625d231dd5ee9397f35f818162d418f8f3ad8389bd8d41f,152,2
R2,L1,b075082bb026,ad5110ebac00,0bf7c7691c4f,nonempty,,de0d5b6e3c4fb745621110a497c76b8997ec5e48aa8eed888297b96da76ccc1e,531,1
R2,L2,b075082bb026,36f25ce16c8f,ebdf96e134ed,nonempty,,60f20646f397bfd65774934efbf4c957aff4d40311cb8850da07fa80f023858d,230,0
R2,L3,b075082bb026,fd5e84317740,8994c2e7c25d,nonempty,,ba5a95c3144ea66c90dc7e0a10dcdf954e696d2c718c5dbbd5aa19c98e1aade8,435,5
R2,L4,b075082bb026,7c19534e0d84,6f6f5c30e28c,empty,,09388d3b01a7721659dac3cbccc28934afd662a9c34be661a35c84296c78d5a3,119,9
R2,L5,b075082bb026,cc98a8db805e,1eae0ae08045,empty,,8f3dd31f7f25dc9ef7c6a76ff9ad2cc31b991a73a7d143afbe70cda1c4ded0cb,2031,1
R2,Lawf1,b075082bb026,2627beca1340,c95900de5f5f,empty,,97831b761e3393975fd93addc57e7a3a3aba35a0e4eb4c995fa645296277c4e6,2155,5
R2,Lawf2,b075082bb026,3a1e8d7d01c3,db1257bb5f20,empty,,3acd0e09b00e66cbf3ae3a3165705617034f5fe6b1ea692905c0ae72c8299b9e,834,4
R2,Mi1,b075082bb026,af1ee12c7a13,a5a3f981383a,empty,,e4856cbcfa2b88cad2b616cae1f71521050a2fc789fe151780a1aaec1d7563a6,3225,5
R2,Mi10,b075082bb026,59362ec08e0b,1827585f95b0,empty,,5f63858a646eb84f41a4399673caea600365a439cdd64c0eaf21e9be56ad6ad3,1367,7
R2,Mi11,b075082bb026,f8c7207459cd,e1643f65a44f,empty,,6823bc71fd14797f3873ebff49ed4b7bdfd41baeea8711d6918580649d3e54c2,1471,1
R2,Mi12,b075082bb026,22599a5bd694,1bafad5526eb,empty,,a45b3e94c492f7d800c318eeb75479af29c19f877f8d66185c36c250d6a58353,2345,5
R2,Mi13,b075082bb026,7fd7d345df8e,a078d955c860,empty,,7003dc715915022d96970714b90c4c2bbd01c8ef6d9d48f9dfcab9a4fb248cab,1596,6
R2,Mi14,b075082bb026,b33da6e1384a,851d66b02c01,empty,,c7e885ce4d23085655c75dd8bbfc9825a8d4c5630f0e4209d310f643b61c65e3,2829,9
R2,Mi15,b075082bb026,4dd1eb26b0df,6646b3e27d93,empty,,77d0c02ba19cd2764a8830f37105ff4a572cab4e8e9699b8176e0f8f8f26c45c,1716,6
R2,Mi2,b075082bb026,8d98b9eb6175,0d74b4202f54,empty,,9fdf3be0c7946002009c5f64b2a05d80fae059ef53a7735a9b312917ecdfb4f2,2275,5
R2,Mi3,b075082bb026,0172ab6332cf,446c3dd825d1,empty,,df9d66453f60955fcea9517a2efeba28cae40fe9a20161b2d02334726221abb6,3160,0
R2,Mi4,b075082bb026,7c9f2d10b0f7,b9627f2a566f,empty,,fd88ed51885e92b9424c6f2685e64e5343e83cb648a7ebe8ae0f922dff02849a,3587,7
R2,Mi9,b075082bb026,760f78ba3287,de0bbca68538,empty,,29c95203ff1d225aae00770b63f6e7b5f24c3a2ba8956bab1871f6375846fbe4,567,7
R2,R1,b075082bb026,9654b247b494,7f75d64942c7,empty,,eaef1e911c5b90754d64f62f8b7d41e88529f510b7e88b8fd6131741367a1ed0,3330,0
R2,R2,b075082bb026,b075082bb026,980a58bc5fa8,empty,,175fd217ae5bab1bfb7a20dbbb7bec441dc0466245a7e6c33fdec12ac22ee02e,321,1
R2,R3,b075082bb026,a9358d78ca90,e0ea5790ff17,empty,,30707e7724f52bd6921be9e68d8caa107df45d0155987236dcbc333588f74742,677,7
R2,R4,b075082bb026,d54d0db004dc,9b776892423d,empty,,9c9fa5d7e16ccd01a6521f3795b63ded47c7b971fb82532509c3de7d48154cc2,2226,6
R2,R5,b075082bb026,bf135de1db2a,441fb2518ef4,empty,,c147ade9423a129aa5d082f7840f4285147621ae9a21fb6294c0ff4c5be90448,2728,8
R2,R6,b075082bb026,ef2dad65a896,1cabd8a71dcf,empty,,40d7f35c76120513b679a88ee5742ddc9569bb96dbbbd04fdc5418f589547bc7,905,5
R2,R7,b075082bb026,ee8007a1d4ca,928e4ffdfbf0,empty,,a2533f79534794f10236439323a0cb7b14880560b60d7bc769f2482558fbf7f7,2311,1
R2,R8,b075082bb026,8c5b077524c1,772f9eb09025,empty,,c366982cab178bb083c84fb57a1812f1a3a31e74900a8fd926042159821758aa,2762,2
R2,T1,b075082bb026,7fccce4faa2f,db30ad4318e2,nonempty,,7581fc11dbf37900e661d22817345ce63634579f3d96afaa7a7d36777c8384eb,279,9
R2,T2,b075082bb026,2c81c87fcf2c,9e1bf75e690c,empty,,000ddb5adb1c7f66a4fdb5ca5b0485f4a1c2f7c76095642835f8610da464eb60,2,2
R2,T2a,b075082bb026,e4707238632a,cc3c12a87130,empty,,b05b5d195512fa9f80d18737398ffcdbd02f26901ffb23687cf4e6769c02283f,2520,0
R2,T3,b075082bb026,3b9aa8bb490c,3d83ea267319,empty,,e68773ab86f8bb80e30694fe9f1036ba09c0340466ee97fde91298cb4d2081ad,3245,5
R2,T4a,b075082bb026,a722a78be07c,82b82f95cc66,empty,,b7f70a4b42d9436ec65a4f7b10b5f125c3237fa95c290532c18ca7fb83c82bf8,2608,8
R2,T4b,b075082bb026,8dac2399d9d3,ae6b58d7c343,empty,,d603ba198ca829e4505bf6405c6cb22938ab8c93d1a808f30929a9417eff9bee,3020,0
R2,T4c,b075082bb026,3a2a1325fb93,894332434363,empty,,f0aafdc1be8b8b0b4e180cdd6496283d6b479b20d03d3fc6d0da72763d37fdfe,3396,6
R2,T4d,b075082bb026,0645a54521a8,579d8ca96131,empty,,f4fcf548816328b9dd215f4973110c45f5a42f0caf1efa04eacf6957ac3b5019,3461,1
R2,T5a,b075082bb026,9fd1579bc37e,111b8f6e1b09,empty,,c4e9592ef95126563c508259c11a25ed1f48df5c5c529b94abe8e8f6a6d7f662,2782,2
R2,T5b,b075082bb026,3c304e466112,9775528f2716,empty,,ea2ac32c83bf8109130f3111f9d97fdf364a2289ae230fc16be9f5d1f0172771,3316,6
R2,T5c,b075082bb026,4236c6342cc5,8ea136bc3a54,empty,,deea88f45d9e237ba82021b84bbc466b0de638e0c72da72af95f15803142e73c,3150,0
R2,T5d,b075082bb026,f0bbaae7f4af,1a73de3b4ce4,empty,,01b08f46ce4e70252a7213f920081b1b9943715b1ddf8b43951006648f8f7fec,23,3
R2,Tm1,b075082bb026,6b080cbcddcf,32fc442d2449,empty,,5f558b458fc0dca345959c2d70189e1d2a03da14d3328d3c20cb341369b3f244,1365,5
R2,Tm16,b075082bb026,7a0908bbdc11,9038e9919f09,empty,,cb5ca6e53374e781799b7b5074132eedca7778213ba95a1f906076d9298483a0,2874,4
R2,Tm2,b075082bb026,1716679973ed,664e2ec3802d,empty,,24799a106679ca0cef0287a60949e13ef4dd540cf68b52b5375a31b0f90a6df5,502,2
R2,Tm20,b075082bb026,5202f2beeefe,4781b56b3779,empty,,69ca146b78158738a838ec2c18845e76501467a9c40bfd99439c6c792fe2cc1b,1495,5
R2,Tm28,b075082bb026,0a8ba80929dc,3f9844165af7,empty,,0245a1bb398a3c99ce6b346a5c88b7764014cac6fe09ae5dea064ff24e4b3a3c,33,3
R2,Tm3,b075082bb026,1d04dc9e4e44,d5754264b476,empty,,1aaee1b53aa63a64da683835ce2ea7c973b67a2860b31e7f40ce18054030151b,357,7
R2,Tm30,b075082bb026,fabbe5261153,8042b3177e6c,empty,,7ba5d74ed6e0b1db682c526fda14c4f48a0ff0dc3dc0dc45d2c020a3ba48dd9f,1770,0
R2,Tm4,b075082bb026,8f9d79739978,548465ba5ad3,empty,,e59a611028b420c53ae31566a4d9fe6f642df5d091fa37b8cb199dd420e93cee,3235,5
R2,Tm5Y,b075082bb026,05257d37421c,298d94cddfc8,empty,,85b392488ac39f7c7bc2b094bb01f8593b4e22b97413cb06a28b84aaf7c0e877,1904,4
R2,Tm5a,b075082bb026,e2174a9084c8,8c767300594f,empty,,d66dcd6210347ccbc65c5e06d11c0f235b4ce1135c104ea3991afbd7c47ef8ba,3027,7
R2,Tm5b,b075082bb026,5bd7d91f26e1,c09f77e28e5a,empty,,e7f1b7209b3e49b36ade955ad0646afa854b50dab70e95f47e4023e67f3b7dcc,3265,5
R2,Tm5c,b075082bb026,2455576c666d,6f93754c58a1,empty,,ba58966502568a844896b02e304a84238de47bbbe4520b0cab27cb5528419c35,2646,6
R2,Tm9,b075082bb026,d00cef6913df,8b589a8be1eb,empty,,c9d994a61baaf5347eac38408fde8c13c3839be9a2b95d6225a92f1f122aa155,2859,9
R2,TmY10,b075082bb026,d1d3392c46d1,5223aba535e4,empty,,86b78df0c259ce7767094026b08b07256f9f42852174d70e9cd968508f68b5c2,1917,7
R2,TmY13,b075082bb026,e8c21941580e,021592812bb1,empty,,cb8a98c152d725287b7400e568b75f13157560053132d4cea46864ada25dc72c,2877,7
R2,TmY14,b075082bb026,28a670a5d3c8,983db1f755da,empty,,84f844e617d0740a1c2a9b5e89db976768e875fcaf12a3cd798820ef17cca767,1893,3
R2,TmY15,b075082bb026,18fb00442a43,8745c30a27ba,empty,,a4a873136af0bceafeb4381700e6f226eb05e154648946c48947d0d5de5b9027,2352,2
R2,TmY18,b075082bb026,dd5eb1fb0caf,ee55cea6ddbb,empty,,96d07c7aec2dfb2f4de78c6f2e04bcf861686f8d518ed2b4998cfb9b1b28cf2c,2145,5
R2,TmY3,b075082bb026,607b8ed34a33,3471ae938dc1,empty,,93bcfac150ca06d947cb5c4048daf21390f76e14964586112a5b3104d9cc9f25,2106,6
R2,TmY4,b075082bb026,887ba31d1e5d,49dd9304b40f,empty,,148bbb246cff4df828a9dcc7278f069e5adf8520364c47c214de32e527352a3a,276,6
R2,TmY5a,b075082bb026,3ad6ff7262ce,bfdb5c974317,empty,,448b96abdb6062fa8ef23dfaa931867c3b031a4d453122dafc1f9b2cd65bbb64,960,0
R2,TmY9,b075082bb026,7af2610d274e,54202d6bba1b,empty,,a6774d118cf2698d45c8855f460b012e8b8ef45c739b2613942c30ae92014eb1,2387,7
R3,Am,a9358d78ca90,ae7eec9cc6aa,7eb4a49eaae9,nonempty,,5f4dec8c1ae8791abc542c78fa71d516be6347f12efba3f1f82c39a4f8fd1075,224,4
R3,C2,a9358d78ca90,ac7377b4f393,8bb1c6485c46,empty,,4d11397fb76723fc99bbc18db5900bbb44cd572e04bd70c5c42834e585423fe0,1076,6
R3,C3,a9358d78ca90,6182a4f16e6d,c2abb22cac44,empty,,fef144833df9ae32fce3aaf067ca41633c47353eb7508466a2459ae98c94f189,3606,6
R3,CT1(Lo1),a9358d78ca90,7c280b5b9f34,5be6275ec371,empty,,2363de165040f9fbd1403bd5a6a28fdf8348f3753fc4ffe2b5b3bc6bae6a477e,486,6
R3,CT1(M10),a9358d78ca90,63667a4a1a53,baaa58ebbceb,empty,,76723adbbb65b97b59654f5044381778575421ebd705b1116f204ab6fa71c17a,1695,5
R3,L1,a9358d78ca90,ad5110ebac00,edfe92c65e69,nonempty,,9225606e1574bc3e9702fc387b1f37295d3ed762c5e1cc50145b0e5697dd0313,348,8
R3,L2,a9358d78ca90,36f25ce16c8f,b9851ea9bbe9,nonempty,,e0db77c9cf879723124c155736d3517f11e2f4102d9d841110a4ae0795f572b4,536,6
R3,L3,a9358d78ca90,fd5e84317740,ed306f2ad2d5,nonempty,,b9f70ab56138120fbf2ed3fcdcfec84d2e811afe3a1810659fc8fcc408433ffd,432,2
R3,L4,a9358d78ca90,7c19534e0d84,a727015d1a2d,empty,,a13f50cb0e6cc35f589b7f57980558afb4edbe5fd9f8ef5c40853e7d184d51e9,2291,1
R3,L5,a9358d78ca90,cc98a8db805e,274cc4a70cbf,empty,,951f68b2e21684dfe87832f4584ae508639d427207829f02d0d97f6e76e587f8,2125,5
R3,Lawf1,a9358d78ca90,2627beca1340,61bbfd76dbff,empty,,63ff3f5c3222c893771fb08ef1cb0f5c3103da04b673a10ab8aa41722075a942,1419,9
R3,Lawf2,a9358d78ca90,3a1e8d7d01c3,104faa1cc2d2,empty,,e554238ced29a65d72e5c6293957570d7f891d796f8db884adc191185c7e58c0,3233,3
R3,Mi1,a9358d78ca90,af1ee12c7a13,a06d84fa1671,empty,,2b648de4e451152ab1442e0f580578d8e504a2ebae3cf8eb588bf0db16ca76ac,590,0
R3,Mi10,a9358d78ca90,59362ec08e0b,6631fe8400c6,empty,,2ec3b95f1b898032607b1203469f7da34fbf02b826ef150b9f96455b52cb56b0,653,3
R3,Mi11,a9358d78ca90,f8c7207459cd,75e7d25e757a,empty,,6d1e0cdaa082008a8a5dcd5ee313ff59f4fc0d1d3444a625e5e6000365f60828,1556,6
R3,Mi12,a9358d78ca90,22599a5bd694,3eabdf5b12ed,empty,,d829113dfb1a05c9639c2fdb0a3e32ce1087a90e946fc5ba45e045bf27825182,3053,3
R3,Mi13,a9358d78ca90,7fd7d345df8e,36d48cac164d,empty,,b975df54e3480d9c4503e6a6568822da35f69e7c9210cc59b78f138db1fe9db5,2626,6
R3,Mi14,a9358d78ca90,b33da6e1384a,e098bd6f62b3,empty,,08d95d0dcff64f9ec44c418a2d606df0135b77193254703f022e29f75d1f69e0,110,0
R3,Mi15,a9358d78ca90,4dd1eb26b0df,69cac6582419,empty,,312b8b1bd881d26cf3f96bbc925272183c0126e10f338467c809423ff279a30b,683,3
R3,Mi2,a9358d78ca90,8d98b9eb6175,97a548b3a62a,empty,,db67b154380ef924679df0bc76b3769897e3791b064c35e6d23c76a0b1a25f5b,3097,7
R3,Mi3,a9358d78ca90,0172ab6332cf,c847e857a652,empty,,35b36cf0fd68c267d9148523b1a18a53e3e13bd071276ffa761c466f1b67b374,754,4
R3,Mi4,a9358d78ca90,7c9f2d10b0f7,2528c5e7d074,empty,,dc602d466b011e618b3070ad25612599a24874eddde3f1a3f030c268e6bd536b,3113,3
R3,Mi9,a9358d78ca90,760f78ba3287,96a1e0313852,empty,,2a4ccfae89d416d0e49c07e7bf8a298a3e5b35ac16d624ea04b58d545e32b3ee,578,8
R3,R1,a9358d78ca90,9654b247b494,60b1a38f4adc,empty,,592c76430412ca3737a8039ebbc2e3b5e0c14c43d172b4baa8f19701ebd877bf,1270,0
R3,R2,a9358d78ca90,b075082bb026,1c3ed38884f9,empty,,dccfe412533e9b1ed79540563dbe095d40bc1bbf21d09b94e21d3e43255e7de9,3118,8
R3,R3,a9358d78ca90,a9358d78ca90,53252f56cc1c,empty,,51bd142b4cfd444696feeb9d74c30b3685ebee6a10e89c709318979df8f2d24c,1149,9
R3,R4,a9358d78ca90,d54d0db004dc,6708e7bd47f6,empty,,f5a0795912f2167c61ed23dc8cc45ebd099cd32ca5092281b02997a3f3a71fe1,3473,3
R3,R5,a9358d78ca90,bf135de1db2a,29b38ffb1409,empty,,f462a42f352c797db5f0e8a0ef81f3c62d554c3c34560a0b4b73995e617f50b7,3452,2
R3,R6,a9358d78ca90,ef2dad65a896,408dff989df6,empty,,2c2c5feb00808c5c48269602218b0f337ca35b6295e2f104cb064bfab3b7ef95,607,7
R3,R7,a9358d78ca90,ee8007a1d4ca,1c00194ed76b,empty,,2fb62894662a1f81661f41d531eba7237d7a37da034f4102b31bb36113ab94e1,665,5
R3,R8,a9358d78ca90,8c5b077524c1,0522788a05de,empty,,46e89508d93f0b1d9d5dba512e3f5e2814791d46d5bdc2717d99ab4a8787a545,990,0
R3,T1,a9358d78ca90,7fccce4faa2f,2235189205e6,nonempty,,8e4ce39db7162dddb767fefeed948679f38bceb0b520f8a234415e9ddd0b33fb,341,1
R3,T2,a9358d78ca90,2c81c87fcf2c,6f4a8955df6c,empty,,cdc619ba1ffa8ccb9010ebefa37c03065f438817f26bb054ab6cbdbf99b60ab9,2903,3
R3,T2a,a9358d78ca90,e4707238632a,875f0927002c,empty,,6ab31c976f681a434ceaa3898d78e0ca68bf1a17953f5e00fcd809a75caae1ab,1513,3
R3,T3,a9358d78ca90,3b9aa8bb490c,990b9a939403,empty,,ece06b790e73c197e89dcf9272ddb0953b232bb35f234abdae48482afc7b02b1,3356,6
R3,T4a,a9358d78ca90,a722a78be07c,58f0bbd7e46f,empty,,31596b2e17c0036bf89d6f90d7ef465eaf1087bea7e88a59e78014467b48576b,687,7
R3,T4b,a9358d78ca90,8dac2399d9d3,e578ff39ade2,empty,,4e7b050ef735aa36c2dd2aedd1862bd6e06502d4b646e8bcd87941e8f2e43106,1096,6
R3,T4c,a9358d78ca90,3a2a1325fb93,103ac73a575d,empty,,19d92dae9fc1309b454e27cb97447d68beeec49acf2562329b647853674329a1,346,6
R3,T4d,a9358d78ca90,0645a54521a8,3e510baadd83,empty,,5863faf7f758ec861fb8079f11bad0d2fcc1112501390acc94190f53dc76ff39,1255,5
R3,T5a,a9358d78ca90,9fd1579bc37e,14350a221061,empty,,bef8e74fb016f85f762241732f584dea64dbbf82eb36cb855de479b40ba5b421,2700,0
R3,T5b,a9358d78ca90,3c304e466112,608cab02b381,empty,,7ab73b13cb288d8f26e1ecba22d78e82bf7c73f1950dbd4735d4e1fb5c604f39,1759,9
R3,T5c,a9358d78ca90,4236c6342cc5,612d5132d7b9,empty,,37e722ecbe4feaca148ef628d468e345f90067790e9db2b67a6444145ac95b69,782,2
R3,T5d,a9358d78ca90,f0bbaae7f4af,e46a3e745e91,empty,,c63918bcd428208ea5e557b77295bcf95066982b5bcc34393a4c1a8e4e0834fd,2803,3
R3,Tm1,a9358d78ca90,6b080cbcddcf,d1c5c417d333,empty,,ff8caa49633cc22dbd11efe49603d9d7240bbb64af7ff64b92685541ba0353c5,3615,5
R3,Tm16,a9358d78ca90,7a0908bbdc11,a11aba32217d,empty,,a0a6005555e1ed84ba142bd649f7a006446866a1fbfa930a107a9f9b816183be,2281,1
R3,Tm2,a9358d78ca90,1716679973ed,170a49fc5d39,empty,,4322b46f3378934db1e1cadfeacd649ecb2e91141bde08200e657059d92707cf,934,4
R3,Tm20,a9358d78ca90,5202f2beeefe,f71c2a369bd0,empty,,b4b501bd29a5b1696b995c51ee5cacee09369c017cbd881049d0f0aa5bfaaa8a,2569,9
R3,Tm28,a9358d78ca90,0a8ba80929dc,43fdc8041128,empty,,4c143ea0220f3d0a3f52f391b3b4adc1fd36c115a17cc36ca1d8a765f3998e75,1059,9
R3,Tm3,a9358d78ca90,1d04dc9e4e44,f6dc1b9708b7,empty,,7d6c0660aace6f2c718d502bafd17f0d3e54859943f0d795b76e411a2f44c090,1785,5
R3,Tm30,a9358d78ca90,fabbe5261153,4ca746eb2cbc,empty,,96e3b832398106e4be3e422b2a041351e49486dc63e01a15d3cc732f9f42065f,2148,8
R3,Tm4,a9358d78ca90,8f9d79739978,8537416c07d5,empty,,e077452a89509f41fcfefaa81eb2f0d7034dc869e890a8e3f95e636e27b410ca,3170,0
R3,Tm5Y,a9358d78ca90,05257d37421c,ee5d7f94e735,empty,,12b921e197bfb3a20cb59d59d15145a5bdccfccc82a4997c630f91a62fda3794,247,7
R3,Tm5a,a9358d78ca90,e2174a9084c8,7da04cac141a,empty,,cdcefabf4fdf7a2bf4a252f4f53c06de524efd58821390464ef51162c1f03ce7,2904,4
R3,Tm5b,a9358d78ca90,5bd7d91f26e1,38621bfc792e,empty,,f54b714135b84e584a92feab6a2e5f586871bab5c5f4e49f787da5e8816785e0,3468,8
R3,Tm5c,a9358d78ca90,2455576c666d,b4c35af3649e,empty,,78f60aa8dfc3b11d99a31139b4eaddf72cf9822d5c6987d6348fee83ddff004f,1730,0
R3,Tm9,a9358d78ca90,d00cef6913df,e4184c5eb49d,empty,,f37118358550b4f37d8b7d186be343730c51043069ca00cfa7e572a80aa8f748,3439,9
R3,TmY10,a9358d78ca90,d1d3392c46d1,7dc401b39fae,empty,,d5ed9214e60f90f2f95d2d94104a3960309ea3140f1e67603e4d811f240019f7,3017,7
R3,TmY13,a9358d78ca90,e8c21941580e,6ee036072622,empty,,9148d1dcd89f8451e2a8df11f1d3e923d5a7f11f58ee2b21f16aec010937adc4,2067,7
R3,TmY14,a9358d78ca90,28a670a5d3c8,ee9232a3ec63,empty,,b00ae146257f5d5e225008dcd8609e18d4460f88f0fa5e7f2ab9970cd7b28106,2518,8
R3,TmY15,a9358d78ca90,18fb00442a43,765bfe5b3e6c,empty,,349f8492c511ac01c658a0e024c5cd4a326bcdf99f78aa8c0e8f95705204e343,740,0
R3,TmY18,a9358d78ca90,dd5eb1fb0caf,ca44c3ee7742,empty,,2e47847c68a87b17be6e9e4b97f9dd89328249f9db5e2aaaa13b26e9085fc0b9,644,4
R3,TmY3,a9358d78ca90,607b8ed34a33,fffdb55b5fc5,empty,,ace641688ff336a50e63e473272de46298f650b13b8ed0fc7562c672b66f64ef,2480,0
R3,TmY4,a9358d78ca90,887ba31d1e5d,006da08b6446,empty,,77cc5033797981693f199adb1d265c1d10f992f37e356e60a60f4fae938c11a0,1715,5
R3,TmY5a,a9358d78ca90,3ad6ff7262ce,25db5814c387,empty,,c1dd7b0ebaf292d94ef55b41f7b325b48aaea5f5ab2dc8e464e8744d4cfe7d12,2741,1
R3,TmY9,a9358d78ca90,7af2610d274e,2d685a21dd28,empty,,cc204bf1082cac454695b958b84d0c90faf9ef9dc4a89cd791d45acc785dcd4a,2886,6
R4,Am,d54d0db004dc,ae7eec9cc6aa,403330e5f4a3,nonempty,,8a00989810db28e0581062a9572e185c089aed7c59f289bd74f234a93c1d789a,325,5
R4,C2,d54d0db004dc,ac7377b4f393,988a58b13281,empty,,9f5a2cf6b20525dbe5d1f10aa26a4d592af8d0d4dc2d7df91605032be53f23ce,2268,8
R4,C3,d54d0db004dc,6182a4f16e6d,e2f12c012131,empty,,744094a135537bee74b9fd48e178fc21278c7668e19447f207d638f6cc4d5fa1,1665,5
R4,CT1(Lo1),d54d0db004dc,7c280b5b9f34,3ddfbf1193b2,empty,,650d91ec63b6539cd9217d3df588218b4ae1a4c0b200b345b9155b7156ea7caf,1434,4
R4,CT1(M10),d54d0db004dc,63667a4a1a53,24d0c9e2e6e9,empty,,a2228b865a0e6eccdd35684af29ff26f191a7422632ad272becfc5cd484ea07d,2309,9
R4,L1,d54d0db004dc,ad5110ebac00,5d236157c1b2,nonempty,,bbf707b4dcbe3984f0a3ecae30828d79f7affa0ca8aac6969601aa8550ea865e,441,1
R4,L2,d54d0db004dc,36f25ce16c8f,0ecd5ae66970,nonempty,,2ea06a3e56e52047bd9ae1bbf9656935255529f26e58ad00c3bc5cfd62c0d9de,123,3
R4,L3,d54d0db004dc,fd5e84317740,40239835a32a,nonempty,,b2d81d683d289227ba0fc46613443eb4bb78d2920cd90571cd316966c58ab3f1,418,8
R4,L4,d54d0db004dc,7c19534e0d84,b862abcd37aa,empty,,57cac845c2f24430e871d6e2ebe5d02626d789365903969a345be0db2b2574af,1243,3
R4,L5,d54d0db004dc,cc98a8db805e,50e86d077572,empty,,b647d192bb3528df7c9b4ac39b9947a895c33e5312d084c7a605015595a94067,2586,6
R4,Lawf1,d54d0db004dc,2627beca1340,7f2e7e25c715,empty,,2753c404f1f790107358050d8b490e68820b2b98844c3d7815da3a7d1df61b7b,544,4
R4,Lawf2,d54d0db004dc,3a1e8d7d01c3,598e1a986c69,empty,,5fd92fd6b04e5fb835b00c255f7e8aa2240f09056882bb511cef00704f52a61a,1374,4
R4,Mi1,d54d0db004dc,af1ee12c7a13,481d89daf46a,empty,,84c5920f8d33f00f70bbb49f0fb6662c25ac40f0062eaa8f7c14ea24978b7503,1891,1
R4,Mi10,d54d0db004dc,59362ec08e0b,358486e768c7,empty,,13af2c3d5efeea3a3af6640dc0a1cb6601a140ec2c9acfcff5759fdd44eb525e,256,6
R4,Mi11,d54d0db004dc,f8c7207459cd,a4bff2c701f6,empty,,586bbeb909f6f3e2444197fd80b23e647a4a0b283de6bd5128ffabca447e6e80,1257,7
R4,Mi12,d54d0db004dc,22599a5bd694,20c7507e4fbe,empty,,bc324f91d8d2e64cfb6632989f1dbd59f045955c9ff0b8eff3daaef664ba0d34,2667,7
R4,Mi13,d54d0db004dc,7fd7d345df8e,66e6c3200b61,empty,,f490614b192a859c6cb8ba1238cab2caef58a88906d0323d4ad33fd0133d9a85,3456,6
R4,Mi14,d54d0db004dc,b33da6e1384a,f5859fa4c0e0,empty,,d5e2d544b4efdbd4f98dfa9f30969808a741f31274eb1b789b60a1871447dc36,3016,6
R4,Mi15,d54d0db004dc,4dd1eb26b0df,9d0e2b0a6658,empty,,2f3ae8cc11d76548c7783c0402262801466fc31c3477bcafdc44ac231216d6f5,657,7
R4,Mi2,d54d0db004dc,8d98b9eb6175,aa31489f1ffa,empty,,7ede684903d08cdeaa4fafe21caf463dd922699e20f152cbf5ed72408a304282,1804,4
R4,Mi3,d54d0db004dc,0172ab6332cf,75fc2b91cfe9,empty,,3007df82d7cf571ef95898d7aab4c8de5943e7dff2c05aa6bd675b6ec8d002a9,670,0
R4,Mi4,d54d0db004dc,7c9f2d10b0f7,0370fe37241d,empty,,b8b3a67a9321d79ea9d6e3ed977e5e611e2b4d050d01532e9c1b4b027c460335,2619,9
R4,Mi9,d54d0db004dc,760f78ba3287,9e9732792617,empty,,b332ed09d28f7b392ba7f4b2966d205a16febf3f8486f89f587a311f4c3a57a9,2552,2
R4,R1,d54d0db004dc,9654b247b494,c2d57521ed66,empty,,03c513963800828a666663f4741e8c9deb772a8321a052eb2a3bb29e37222a45,47,7
R4,R2,d54d0db004dc,b075082bb026,cd177137f83a,empty,,bb4337bcfb6c706f2a00406f1ca55ab149665c9384e5de7526afe70a671d8035,2656,6
R4,R3,d54d0db004dc,a9358d78ca90,ea9011e694ec,empty,,ebd4c4990d167a337435f526c88f33c296fe28461698b2c00ec0ee9caa7b5330,3343,3
R4,R4,d54d0db004dc,d54d0db004dc,772b05636d2e,empty,,621ccb9296de32a3c0e18ff14d5aa12fa2b82ea94c1782e520937bf698073aec,1398,8
R4,R5,d54d0db004dc,bf135de1db2a,c6b1da255c50,empty,,114f9e5da82f0cd3ce24b37f3cad9c3034aa78dee992d04e56619f13953d8459,223,3
R4,R6,d54d0db004dc,ef2dad65a896,1ab639ad9a27,empty,,b7c2740e916cb720ce523609cbb91720705f7dae003026c63110b388e03093b9,2604,4
R4,R7,d54d0db004dc,ee8007a1d4ca,e1eb63c43bd1,empty,,606238eeb4d442e18a77fcaede9f204829d905a28c36b06034d968ff8a8a5e3a,1380,0
R4,R8,d54d0db004dc,8c5b077524c1,f8c1b2e70036,empty,,272a1774379d5a9abc9346d795072378a985a6a36b4899552ab8d42edc5e9ad0,539,9
R4,T1,d54d0db004dc,7fccce4faa2f,28c2310e5695,nonempty,,e8dcb0b4a3ffe61b0308a450fae7933074a724933d5abb03eb2be161d34da4ed,550,0
R4,T2,d54d0db004dc,2c81c87fcf2c,c32b81596b38,empty,,6ad9cfebc168062afe63f19da3560b19aa081fa6b6df816e39667e56444602b8,1516,6
R4,T2a,d54d0db004dc,e4707238632a,e2599da593f4,empty,,44530bc3bd50860ffc3b49b9c3448089e1ad3ebad3cfbd758959edb0eebbd384,955,5
R4,T3,d54d0db004dc,3b9aa8bb490c,ea3daeaa318e,empty,,d3e6ef1537dc93541b6d09d84365cc39b4f0a9e3d4c2ce3d6986215cad58a2ed,2992,2
R4,T4a,d54d0db004dc,a722a78be07c,b692adfeed6c,empty,,851cd7dbc364fe876135f8de3f2616081e5e3596ac92c29dc9f897aec192845e,1895,5
R4,T4b,d54d0db004dc,8dac2399d9d3,41b8d6b40ceb,empty,,d3cbb3456b2efd5507bef07fdb2d316cacb97e0870dea269b457575f021aaf6f,2990,0
R4,T4c,d54d0db004dc,3a2a1325fb93,6d3317b501e2,empty,,05f4ea575011e4059ea98b7db80b411fafb049655e17a36946f2ec75fee12b2d,74,4
R4,T4d,d54d0db004dc,0645a54521a8,7fc6c0038e7a,empty,,a3b90f2e2d660fe682b88005b99a2deaf17b50e4279b53a8a7de2f080ae473af,2333,3
R4,T5a,d54d0db004dc,9fd1579bc37e,64211888e32c,empty,,1cf3b77d3398be88b0baad863c7493d0cf4d4d4db7a9f14a167df2065600b359,390,0
R4,T5b,d54d0db004dc,3c304e466112,ebb7a84ebd3e,empty,,379921c7cf37679ebe223a0035f239c30528be25bb2e03d3ec99925eccaf221c,778,8
R4,T5c,d54d0db004dc,4236c6342cc5,053a6eabb712,empty,,0db10b5997f8c916c9bd7a104d1c02fb412892f7de1cd9407ef9d41cbae59e99,175,5
R4,T5d,d54d0db004dc,f0bbaae7f4af,850e13616db7,empty,,45040d43cc29e04e81d48cc6c2fd8cfe6bbae0b2324ad69109a0defc184395dd,970,0
R4,Tm1,d54d0db004dc,6b080cbcddcf,f3ceaf481491,empty,,6fd24c12ed2bede2e9cc7a7027e0dd459cf7506798227c6186f9ac6ff96f7667,1594,4
R4,Tm16,d54d0db004dc,7a0908bbdc11,e20f26cd4230,empty,,754e2276df0c2c86953fb61c19f59e0290d8c92b4d6a13724209dfdb8713e97d,1683,3
R4,Tm2,d54d0db004dc,1716679973ed,08aa96d354ec,empty,,bae236ab73573db68528c1c046db92f12539ee1709d5fd39dcab40d3604bd04c,2653,3
R4,Tm20,d54d0db004dc,5202f2beeefe,0a712cdb684e,empty,,481c60cdb01ad346a38b30674c80bd7326eab8025010cb84cc3aec0238441d50,1004,4
R4,Tm28,d54d0db004dc,0a8ba80929dc,5f9078dc8392,empty,,59eb84ec31196be977fd1c5e2a5a37b4a008b6a8627c6ba406d3f4dabf087045,1279,9
R4,Tm3,d54d0db004dc,1d04dc9e4e44,5025ad0c77f0,empty,,f9ce995d02e8d5ec544391a57af4a495619cfbce101dca3e06edd752a3b661c8,3526,6
R4,Tm30,d54d0db004dc,fabbe5261153,06646738ae5e,empty,,fce2097f849095abc76cdf5c617074a24c574084cce54b2cc0a7723342950392,3574,4
R4,Tm4,d54d0db004dc,8f9d79739978,5babc7e749e3,empty,,9045175020c2c9ed5d5f8c5809d1c75c4c4b74a3ccf416b96236a1ba74cf616e,2047,7
R4,Tm5Y,d54d0db004dc,05257d37421c,b197c42738a2,empty,,e349041c92a723fa9a8666904bc0bc53bc659378a4264fa322145309b7183140,3204,4
R4,Tm5a,d54d0db004dc,e2174a9084c8,768265b63ce8,empty,,3583ed745e56de3e0cc28364a1ad5960acf3869fc8896d5036c3dad8dd1b9c32,748,8
R4,Tm5b,d54d0db004dc,5bd7d91f26e1,678858853ef6,empty,,6cef3b627a4d3f262bf22f3aa8011a505d78d3d94895119f40f7d22c0bbfb0e1,1552,2
R4,Tm5c,d54d0db004dc,2455576c666d,a1f8bd980686,empty,,67f691f06d590db0c01e28bbf0fb1883e25df80d4b78c767d5e9dfdde846f99f,1469,9
R4,Tm9,d54d0db004dc,d00cef6913df,eb104ffd49f4,empty,,94df8409ceaf610c2f4400fb285f633c4f5e4527b1b622d6dc96d18c9f4f86ba,2122,2
R4,TmY10,d54d0db004dc,d1d3392c46d1,5850c8d0abaa,empty,,9bc6e5f6b669b848086096cc1d906b85ea443057c525996d775a9f666bea893d,2211,1
R4,TmY13,d54d0db004dc,e8c21941580e,60dcddd6e0bc,empty,,a415a8f0ae166e9fdf452e7c6fa89a8ef6de0231a6e26d13a2c7ee0e5e89bd65,2338,8
R4,TmY14,d54d0db004dc,28a670a5d3c8,0ac19dea58d3,empty,,68cc37291cf53769a271a844516c1e0c0ac9e55497fd7cf079dbd49fd74ea7d7,1480,0
R4,TmY15,d54d0db004dc,18fb00442a43,2a4f3ccabc0e,empty,,8260bb421c9a8b3b1ce4a55a5a39ddb37713f291cb622c5cd747a085e3d70eb5,1853,3
R4,TmY18,d54d0db004dc,dd5eb1fb0caf,f6cc9f337c4d,empty,,8757a6e60c3b2d6e5200cadbd0a3c9e10ef7fda4b829ff20d065cc4a5dbd2b53,1927,7
R4,TmY3,d54d0db004dc,607b8ed34a33,add1a24825f2,empty,,379600f7beb83d2acd0992fb27082a182638c8cb4c1bd2e0cc3ca196bf39fc8d,777,7
R4,TmY4,d54d0db004dc,887ba31d1e5d,b374325d8cd0,empty,,d8110176fef729a4fadd9b3344cd6f212aacf54ee177fbbc0d8c8d7fb1f04cee,3052,2
R4,TmY5a,d54d0db004dc,3ad6ff7262ce,6e106ea2c534,empty,,1e52bc3b974de9e964ec74f54cb4bb2ea59a15551848f5ad06e303a13b740fdf,405,5
R4,TmY9,d54d0db004dc,7af2610d274e,eeacde9d06d4,empty,,a4ed342d28c7d73cc9fb9f74d4c272ac73d073303741ac1c2e4a78a6efba8e71,2358,8
R5,Am,bf135de1db2a,ae7eec9cc6aa,838f7a38c09a,nonempty,,53fed8c5a1920e2a3dfa3bca22e3cd92150f20fbf2f922627636ae4245237ad9,196,6
R5,C2,bf135de1db2a,ac7377b4f393,1da85c7368de,empty,,83b86d60846038c0caa5a0e47be5ad6c1383a2614dc9a98194ab85864a95c70a,1873,3
R5,C3,bf135de1db2a,6182a4f16e6d,4613b6af95c4,empty,,239059f11fedb91ded3837df0002ca6ef89401f3a054d99d7a01d30c55fd940f,490,0
R5,CT1(Lo1),bf135de1db2a,7c280b5b9f34,b8f239878965,empty,,8cb84817ff19615fe39c52de5e22631a1ec5d05ef9a7ad722537abca06f8fc4d,1993,3
R5,CT1(M10),bf135de1db2a,63667a4a1a53,9d5a24eeea3b,empty,,60f6f46c6951713d348bec1139d1141226cc4242e1f46b6f148870f5ab4af12f,1387,7
R5,L1,bf135de1db2a,ad5110ebac00,f4b7e8b5b79d,nonempty,,11dee22ceb339a20ee8b197faece4fc9ea2ba2d022f940c79d74364ff783098d,56,6
R5,L2,bf135de1db2a,36f25ce16c8f,c6f20de835f7,nonempty,,d927031b93275aa7768bd154e5f8d1dbcbf6b1d5c8c7c4503ee46355281be1d6,516,6
R5,L3,bf135de1db2a,fd5e84317740,ccf7870f21fd,nonempty,,de72540d1fb3cfba800d04ee029d9acbba10bfa9603c8c4815adce39f1098182,532,2
R5,L4,bf135de1db2a,7c19534e0d84,b527fb285c32,empty,,4a0fa081c1bde38407ac02c7d9bfe7df4f7097ba2e4401dec4e666c9b1d46d44,1029,9
R5,L5,bf135de1db2a,cc98a8db805e,05b3fe81949b,empty,,fd104d6d695bdea4e9cb8dfbba772fbefc556ecd0d43670b4a2bdc574c45be2b,3576,6
R5,Lawf1,bf135de1db2a,2627beca1340,0696d9f5a3f1,empty,,aecacff5f203a4f437d1df9869c4c151b774167e2fbca25add1bac450985b4ca,2505,5
R5,Lawf2,bf135de1db2a,3a1e8d7d01c3,1eb5bf7e9338,empty,,90099dfc7a94fc8ada0d83bec01833c6ca1ebd2461156e46df2b4445b2760e8e,2044,4
R5,Mi1,bf135de1db2a,af1ee12c7a13,9c59bf8c1f0f,empty,,f6ec97c06e0635ed1307cba527a0ef248c71c4826a0fb94d23f22928601528d7,3491,1
R5,Mi10,bf135de1db2a,59362ec08e0b,5ee38b533722,empty,,75626701bfa594609fb2bc78758cffdf9171fc4cf38fb303e0045ad54693f1f7,1685,5
R5,Mi11,bf135de1db2a,f8c7207459cd,2da6ec116685,empty,,934db97b22f92deba3c7f04c5a94e0fb52dac43a2095dfb02d006ccba55e6e11,2098,8
R5,Mi12,bf135de1db2a,22599a5bd694,596be2b0a9b6,empty,,4cd5e11a03acfc5ce8616dc7d35b47633aee14a908a05fd94db3b5735a9a8cc0,1072,2
R5,Mi13,bf135de1db2a,7fd7d345df8e,ff509f31e292,empty,,79c5e606c595dfaeed6e75cda3010cc2034b9c2521060d2e76958d0f8b75eac3,1744,4
R5,Mi14,bf135de1db2a,b33da6e1384a,a898dafb9066,empty,,53f4813ff83242d1bad9d4ca77811e46ab980e701835025b3bd73ba90c9e4dec,1179,9
R5,Mi15,bf135de1db2a,4dd1eb26b0df,251ce72c7b8d,empty,,e0dd0d832f1b80c8a4d050a37a04df83ada119d990cbd8514667ae7659127f24,3176,6
R5,Mi2,bf135de1db2a,8d98b9eb6175,a77106388f1e,empty,,0e183f7df3c1d43e48bf5bbad0b74ac6be2643b174fff539ec6bfa7b6c31dd6e,182,2
R5,Mi3,bf135de1db2a,0172ab6332cf,1cb339b51dca,empty,,eb41fe63b24366ea1c503cb6848212c2b06e133323912eff00b075be80618f43,3336,6
R5,Mi4,bf135de1db2a,7c9f2d10b0f7,988a207666f9,empty,,d57dbed109ae33b5fcd44dfd31fe4bab7da9a72cf70b9000868178412af9e0a4,3011,1
R5,Mi9,bf135de1db2a,760f78ba3287,567f1eade153,empty,,9054c8d8dd63f41e6553e286c85d571efaa2d3ec8b0c816f5359fb6bca967b52,2050,0
R5,R1,bf135de1db2a,9654b247b494,a75af38b7dc6,empty,,7396cda73f8f6188b3e7fa03961f9c2b2e3bb58ea97b162754cc7030cade88df,1655,5
R5,R2,bf135de1db2a,b075082bb026,560dd50c5a67,empty,,7163b4e42b0a27fc7584078903b670e84276b1e5829b2e15ebd90e62fffa12f5,1619,9
R5,R3,bf135de1db2a,a9358d78ca90,60d00a8d373b,empty,,16c1a27015529ccedef0686ba4dd624b08464ac8e05357587d3f327bf3b32295,311,1
R5,R4,bf135de1db2a,d54d0db004dc,efa9cfb41b0f,empty,,c5fd385a0d0c93dd7795c0fe350a1175b3fb9083fbe910c52b62356882727b1a,2796,6
R5,R5,bf135de1db2a,bf135de1db2a,1261fe4db3e7,empty,,51d3cf6d96cb6eb161df2f948c66ee817f09af0700c436d6ce70d35add6e66b0,1152,2
R5,R6,bf135de1db2a,ef2dad65a896,9ebee316b1a5,empty,,3adff9e099d203bb2053d9ac2167e3a9240a415163500f08637ea0e6405ef52d,835,5
R5,R7,bf135de1db2a,ee8007a1d4ca,7af74161dc27,empty,,5123531fb0ff58124fb1d7a91c25e0cefc888abea92b8a1ea38e2c9d984f2bdd,1143,3
R5,R8,bf135de1db2a,8c5b077524c1,5f59f06b49da,empty,,87383c0fa4b152ede5ddd438d05cbc95bf7047b6f627fd82a9671da7f09c86e4,1925,5
R5,T1,bf135de1db2a,7fccce4faa2f,cfb9d9a3f35e,nonempty,,5d84d47d92a8632352695d5c01bdc56fc7225beee72ad6dda5a8c5b7b257ab48,215,5
R5,T2,bf135de1db2a,2c81c87fcf2c,c14a78d5c592,empty,,4cd7bb46c1d6ca3fc4467ba289952ff8f877c758b91a053308a3775883e7877d,1073,3
R5,T2a,bf135de1db2a,e4707238632a,9a2d92b17ad1,empty,,9a781a92fc63f81071640199aacd13225abe581df9d700adf935472d896224bf,2196,6
R5,T3,bf135de1db2a,3b9aa8bb490c,b17f30a1d3e1,empty,,22b88135128746bb6b6ea6670892d5ec91afdc0afc08af9085ff0e3f7ea2026d,480,0
R5,T4a,bf135de1db2a,a722a78be07c,45cd9a7b24a7,empty,,125638e3792a7e4ef16f46b8544161ed5b0f53f9d2d115063d4986c974975c4d,238,8
R5,T4b,bf135de1db2a,8dac2399d9d3,495434e57b52,empty,,9d0074b6af7324ae951bf8832cab9d299f7fb0490068de18680742f9f153f8a8,2229,9
R5,T4c,bf135de1db2a,3a2a1325fb93,8a5861914efd,empty,,83a3ac980d56fb95fbd9c14976e86fa3d5209ceae69647d8ee328f7a96cfd8c2,1870,0
R5,T4d,bf135de1db2a,0645a54521a8,2fd6ab305772,empty,,6c5498a93fb58bb0ca2171b3d2327f08fd5d816832ba4e383e27995a96bb4137,1546,6
R5,T5a,bf135de1db2a,9fd1579bc37e,90d24419d04f,empty,,fd6b3cf03d0aa91661d19c1686213b66ad6d5d4702a0efa667d37be420bb6c6e,3584,4
R5,T5b,bf135de1db2a,3c304e466112,5ba0e72be34d,empty,,ab8c593850fdfe4741f8c3c3d8c7eec13b84aab725935b79d336e710b26c0f9c,2457,7
R5,T5c,bf135de1db2a,4236c6342cc5,858d104dd5fe,empty,,99e02069272c50dea12b9464960a9915d0254019c33af23fa0c20403843f0f08,2189,9
R5,T5d,bf135de1db2a,f0bbaae7f4af,626cc39f882e,empty,,9589d5a2140378c643d967a30fe06be3c0224f3b4f9aa8792fdfae62f8942a8d,2130,0
R5,Tm1,bf135de1db2a,6b080cbcddcf,5a63a8db4fe5,empty,,86079449ca5959b3aba9d12272336d0b293703359016a494dd637fb49abff2e4,1909,9
R5,Tm16,bf135de1db2a,7a0908bbdc11,78b97b8f4be3,empty,,509c3147fb2461c1f2f8d85bd145ef7a3e91c561e29060527d4852ffec346d1b,1130,0
R5,Tm2,bf135de1db2a,1716679973ed,5ba5b4a3872d,empty,,de5af27ed174a4bc4558aec59976183172aed659fa92eb0e4f1ceb3ef3823201,3142,2
R5,Tm20,bf135de1db2a,5202f2beeefe,1033d41a18ec,empty,,3218dc91a4192ead66133148e5f14c7d74636d9be7d9e676baa05e4cc887770e,703,3
R5,Tm28,bf135de1db2a,0a8ba80929dc,32034bd86c65,empty,,e7cab9aac69432c3eaeb1189ab444b94f93cfe95d3bff62d175886c136f7631c,3263,3
R5,Tm3,bf135de1db2a,1d04dc9e4e44,b3caced8cf78,empty,,0a52b82fa6e07a41a97606f1fb812b6d9746ee7b5b79eaf232c9d14499d0f5ca,128,8
R5,Tm30,bf135de1db2a,fabbe5261153,8e8e91ee6c2d,empty,,5aca3c09b2982f8cde2ee6081ccfbf5488480e35c101fe2d31cbe390a715d8b6,1294,4
R5,Tm4,bf135de1db2a,8f9d79739978,944a9bc713de,empty,,ba095bd2849047d25a5efc35bba3df2c1334ce1fd1de3d0317716bc9b7a30704,2640,0
R5,Tm5Y,bf135de1db2a,05257d37421c,263ed22b7cdc,empty,,e768e78655c1e90e243b63d369849c10984ca451ca685417e90bdcef77b7bd53,3259,9
R5,Tm5a,bf135de1db2a,e2174a9084c8,b5fa2e1bf192,empty,,d3b241840bdc93a1b2187c9e914ac2d817aa1d5dd978400fb163462c3c1a30e5,2987,7
R5,Tm5b,bf135de1db2a,5bd7d91f26e1,ebad970e2e45,empty,,da13fc275c1e4a72782388d85d769b9b70f03e47529039b9d1f55211bb0f5058,3075,5
R5,Tm5c,bf135de1db2a,2455576c666d,ee2f9f3a550c,empty,,3bc743674f61dc340e229e103021fbf4c7b1b0b816a22b570983d9c4c9258f6b,851,1
R5,Tm9,bf135de1db2a,d00cef6913df,48dcf03eb0cd,empty,,6a26910c86952862d674099aab6165b3e230f739ad1a5e9b9759ba279160c78a,1505,5
R5,TmY10,bf135de1db2a,d1d3392c46d1,30c91aa70373,empty,,5a0b9fb1e2002fd15eabb04ff90838085f417647f88cfa61e8d34155f927ecf2,1281,1
R5,TmY13,bf135de1db2a,e8c21941580e,5bb311c4b261,empty,,1af471abeadb94656aaa0ccfc2b993b79e42b4b56238baf1c11b76451e9845f1,363,3
R5,TmY14,bf135de1db2a,28a670a5d3c8,9c2134414b4c,empty,,713a684574710c2bdbac9b8acb8d2776a0087a56a93fd70689455b03eceb0acf,1616,6
R5,TmY15,bf135de1db2a,18fb00442a43,e0b76bbf5ee4,empty,,c0cabcc93cd78d4b1ae6305b6b043c5aa6dbf6b1ad0ebbf16ab165c3744186f6,2720,0
R5,TmY18,bf135de1db2a,dd5eb1fb0caf,df3cc6e717ca,empty,,b307d44044fa911089c004daeee17e874d7be25a34de77df27144201d4b0613c,2546,6
R5,TmY3,bf135de1db2a,607b8ed34a33,98bb81795c0d,empty,,1f9668317d05c80223771618186386868fda05b3f3a6feee14b90dc1ffefa5ff,425,5
R5,TmY4,bf135de1db2a,887ba31d1e5d,7885b8538304,empty,,547aab1f6018f99af560f9561f6816a651c64220994d55d475090f1e25cfcb82,1186,6
R5,TmY5a,bf135de1db2a,3ad6ff7262ce,a9d8cf752481,empty,,f39f3957358d5229cfb62fd8015b443d02c7841fa2a8af528a2904fe0b60e05d,3442,2
R5,TmY9,bf135de1db2a,7af2610d274e,5f658afb9ed3,empty,,4d7aaa04a40ad6b20043686a92bbd656413a41307ac69ddc913c54395658ed45,1081,1
R6,Am,ef2dad65a896,ae7eec9cc6aa,6c67303d7e65,nonempty,,49aa6734aa47fc0d6b689abc2e2e9645866632d1c7239919abb19722e984a5b8,179,9
R6,C2,ef2dad65a896,ac7377b4f393,35cce6297b30,empty,,37e65d21c0daa4ddee3ad550d11a2a165a6c0c11b4eb526e791403126b14f6aa,781,1
R6,C3,ef2dad65a896,6182a4f16e6d,4e3270dff37f,empty,,510f741983b7b91848e6d9644db9193ba2f4785cabed6836101a40194bd9a600,1141,1
R6,CT1(Lo1),ef2dad65a896,7c280b5b9f34,10722f88ef8d,empty,,4bd58cbc96b26b5105a93e62ceca869d02dc3b27c094ffab801c3b8b65d63499,1052,2
R6,CT1(M10),ef2dad65a896,63667a4a1a53,27142e0d2e88,empty,,4caf39a43988b2d2be700c4d7567b76e7072fe6fdd901ec37aa16366c406a81b,1070,0
R6,L1,ef2dad65a896,ad5110ebac00,8b350d106df3,nonempty,,4298a357218a3f628f481bbc381ed0f310df02e9b80438ff5d3cd016362a44ef,160,0
R6,L2,ef2dad65a896,36f25ce16c8f,ea27863d1ed3,nonempty,,48be5ba01459f95c55c2486053eea2a6d97b7596a6603cb4170a4ed4093f95ff,175,5
R6,L3,ef2dad65a896,fd5e84317740,5fa6d5d417d4,nonempty,,8d0c55892f2fc3e6224478963413192230fbb441624f9e76afb614ed668bd475,337,7
R6,L4,ef2dad65a896,7c19534e0d84,ae698cfa26f0,empty,,76e5a295d6e2aa8ef5063168fc6b9363e69ee93d3eb9fd0a75d1ed238237d87b,1703,3
R6,L5,ef2dad65a896,cc98a8db805e,8daf3d6a84ff,empty,,72c4136b211f90631a675f7d911ce9b2d85cebe0b0d36209d02fdfcd32f1e669,1637,7
R6,Lawf1,ef2dad65a896,2627beca1340,423dedc5f372,empty,,128aac7b05c8aac5b2570e427a0ae645dc312b3916777d15168beb5230151050,240,0
R6,Lawf2,ef2dad65a896,3a1e8d7d01c3,5ff0eefadb6b,empty,,0690aecad65498ec8d005581bd7e1f9a5137ad3fa762015278466c19e2651b9d,85,5
R6,Mi1,ef2dad65a896,af1ee12c7a13,6d2b1a1429d9,empty,,cc759b5d4e75c834b82254b1d0116c581632f51864b4a3e942236e974c1ef4dd,2893,3
R6,Mi10,ef2dad65a896,59362ec08e0b,3bf1ae0f6f14,empty,,d02d8d2aa3f01b8efffbc577e23b2eddc0eeb7779a67ca8ebfb2c4f5538d2623,2936,6
R6,Mi11,ef2dad65a896,f8c7207459cd,7213f7c9268e,empty,,9d6eddce6392eb2d2781755b4cbe725952bc3ab3c791018c8393cb9540465444,2239,9
R6,Mi12,ef2dad65a896,22599a5bd694,a2a94bdb3c07,empty,,a2a4d7393618abf6147327669b2a1a927aff5a6cc8ac7b903c47734f8222af5b,2318,8
R6,Mi13,ef2dad65a896,7fd7d345df8e,d3e27e0c6342,empty,,484e2e3b250c2aae648b09ed3413320a9d8778e53f798795518e48133288e2d5,1006,6
R6,Mi14,ef2dad65a896,b33da6e1384a,c1799540ea12,empty,,1a079c88e8e10f29337a7c9cea5dec5d86530ffbbc2bdd623dee068aa6becfcb,350,0
R6,Mi15,ef2dad65a896,4dd1eb26b0df,204603db9c45,empty,,5ae396de90d0307a06f2ce0bb05ac5704ad458e41bb5c50748a2cfeb71404fdf,1296,6
R6,Mi2,ef2dad65a896,8d98b9eb6175,88b3c215b0de,empty,,aa54163dcc16117ad85c08d8785ea145ad88303081e098fddf6b1b28fc5bdab7,2437,7
R6,Mi3,ef2dad65a896,0172ab6332cf,8305126e5748,empty,,6d93293052dcf96d4cbc26d9467d309bd1e7bf57a2811d54e8e644d1852caaa9,1563,3
R6,Mi4,ef2dad65a896,7c9f2d10b0f7,b00f0dc51ccf,empty,,e95205e51d0bbdfa324d18d5ff0d1688987946381bc974a193db4b25735aa8fa,3291,1
R6,Mi9,ef2dad65a896,760f78ba3287,0769d26593cb,empty,,1917a7b01054801d07a0269410807bae76540399287249a5759c78c2b0a611a0,336,6
R6,R1,ef2dad65a896,9654b247b494,5a60e5fa3a6b,empty,,a49ffb2b52bb875fb9901907fb70b4f63be7e5e1f28a2e74e26a5de2130d4e40,2351,1
R6,R2,ef2dad65a896,b075082bb026,992807a36120,empty,,1b8ce445dc2cfd227ac0d2956a77f6f977c3977c4244e3c7a92dc3030b04fcd1,368,8
R6,R3,ef2dad65a896,a9358d78ca90,8192e2c8fcf4,empty,,a42430ab407cd4cf08707f2d1df6b710b4b620bb7d1059aa27381ebf7993ea59,2339,9
R6,R4,ef2dad65a896,d54d0db004dc,0275448b51ab,empty,,45260be5f88149e2aa2d118c2ecc9528e1e0e64e185ea0a20370e65283e022b7,972,2
R6,R5,ef2dad65a896,bf135de1db2a,5cd99b74af25,empty,,401e166ba0eb86b0871c2720885730849d8815cae0e64b9ad8894ce96909ba54,897,7
R6,R6,ef2dad65a896,ef2dad65a896,5113adc69bb7,empty,,c1c48414b73c8e1a9662da74f0c19db332f4ae74b277ac510643947ff25d0bf5,2738,8
R6,R7,ef2dad65a896,ee8007a1d4ca,c91eb40da780,empty,,b7d1659f0038e7cb24de862cf864070e6d172e7a345be6fd9a2adccc37b7cec0,2605,5
R6,R8,ef2dad65a896,8c5b077524c1,e91b77affe34,empty,,74e2fe1e99c7d2f651ae05259c47b7765ec986fb70b5dfeeca769b209eda4aa4,1672,2
R6,T1,ef2dad65a896,7fccce4faa2f,892896247daf,nonempty,,83722cf9ae9df85d72e665de259332a5264e3d1a67e9f720fe65834b2bb99dcb,310,0
R6,T2,ef2dad65a896,2c81c87fcf2c,874ee62aac56,empty,,7f819873c154662690cc3bc9164ccf3ecabadf8b2963cd87cbbc1225c4cfa9dc,1812,2
R6,T2a,ef2dad65a896,e4707238632a,26eb637f9796,empty,,b8bfbe681f63b838cda71ba08c9e400b083e6eea891c5f86d915b10e992a1140,2620,0
R6,T3,ef2dad65a896,3b9aa8bb490c,1e8fbe85b597,empty,,8a2f88948ebf01fbc81998d5cb0ff9453ab290ea456420cd50f43cd14138354a,1959,9
R6,T4a,ef2dad65a896,a722a78be07c,4b2b8805cb79,empty,,6eda86d9b5cab608b2b3a80d2963793809d6c0690c677d07c65143a84303fb5d,1584,4
R6,T4b,ef2dad65a896,8dac2399d9d3,03e67d63bf9b,empty,,4e3729cf3a83f218b615f360f724a43f387b4f72a9afd55f5dee247261429099,1090,0
R6,T4c,ef2dad65a896,3a2a1325fb93,bd616d9fe0eb,empty,,6ed131cde861f3111a84e46960d093de7fa024a12a5d4b394fd646faab35b8df,1583,3
R6,T4d,ef2dad65a896,0645a54521a8,fc169a1c5e0b,empty,,8f1c31134f3edb4f231cfa0137674b74719851a1547506e00f3c52e01230458b,2030,0
R6,T5a,ef2dad65a896,9fd1579bc37e,f4c9e4f80eaf,empty,,d6e507d41efe6e8ad7c206fa19a5434f25bba71beb573f91e50d4f7307bffc9d,3034,4
R6,T5b,ef2dad65a896,3c304e466112,ee047cb0b1e3,empty,,2a1a16358fe39114a94bbd66e2a998b2658588781b9a63efec46f19cb6ad97ac,574,4
R6,T5c,ef2dad65a896,4236c6342cc5,2cf58aecb1bc,empty,,8d8ffaba4c6cbf59ccd64629046159680ad31704f19aabc432f5eefdbedddf86,2005,5
R6,T5d,ef2dad65a896,f0bbaae7f4af,3cf5e6ee3372,empty,,3b94712205b4030acd8818f34eb5ddddb9b407ace61b80dd74779e8d8e5eb5f6,846,6
R6,Tm1,ef2dad65a896,6b080cbcddcf,d5c0bf0d1aa8,empty,,9d539bdc24825b5bee0934f3f964190e4bd53af5bbe5f58dab7477a4137cbf02,2235,5
R6,Tm16,ef2dad65a896,7a0908bbdc11,a51dec07dd0f,empty,,28b7e9eb9209d915a73a42dd5e5dbfd528f1ba2512e64fbc220c34904426d33b,556,6
R6,Tm2,ef2dad65a896,1716679973ed,b5d6fc0d0868,empty,,6e175520885c83ed35f6001c69a4bce0fcac8bbd89ae5154d25ce631033e14b9,1571,1
R6,Tm20,ef2dad65a896,5202f2beeefe,8e27b24db17a,empty,,595041e7407d09cd96e872c981bd824cd26db128f7d825703ba2ce7dd0f538bd,1272,2
R6,Tm28,ef2dad65a896,0a8ba80929dc,c041663002c3,empty,,72db66bc957b69d30495b02e61935d429ffe9a987f8ad709a0a1063500095852,1638,8
R6,Tm3,ef2dad65a896,1d04dc9e4e44,74ef6b58a466,empty,,dcc8c24108d0d2aad8211fd53ed525ff926fdf9c6978cdbab200e55410da36c6,3116,6
R6,Tm30,ef2dad65a896,fabbe5261153,7572fbf8cbf4,empty,,3a763d90f8563cca6d4557b56c0fde129ff0d746790fec21d8d3f3aa4af369aa,826,6
R6,Tm4,ef2dad65a896,8f9d79739978,12b08956c214,empty,,a1605940cd716871b325f66395ceec301919437fd30ba760622a64c638a4ed87,2293,3
R6,Tm5Y,ef2dad65a896,05257d37421c,0df7850e6039,empty,,0aa146e3f88b792bc775ab7244ab4af1d580a6b64d06f5dbaa1b77dd9172b37b,135,5
R6,Tm5a,ef2dad65a896,e2174a9084c8,349c85a382e4,empty,,d932a87a01280c1f454dbcf6226b3dee86ab136df68e77fe51715c42c04166e4,3070,0
R6,Tm5b,ef2dad65a896,5bd7d91f26e1,511847d84ab1,empty,,a70929b807bb002d535f186a09669af8cfa4f53b66f9859983dd21a441d77c3f,2393,3
R6,Tm5c,ef2dad65a896,2455576c666d,49752d07179b,empty,,8579f3a4631f5d0fe6182127938863593af049a24950510ca70bc538471efe4a,1902,2
R6,Tm9,ef2dad65a896,d00cef6913df,42b306f0ec60,empty,,8cf0383936f7bc5c98aa90099717ca3e386751843aec7dd57a9c57f24397e954,1996,6
R6,TmY10,ef2dad65a896,d1d3392c46d1,336766a63bb1,empty,,f600acafc0c5d7d2c86099102365f096ce4e5d99ffca063c9b4a4275519216b3,3476,6
R6,TmY13,ef2dad65a896,e8c21941580e,11fb3c54d1b1,empty,,8f132a5ecae26dafb403dd0c4157279439912acf6af91dd84914763b0a159f4c,2029,9
R6,TmY14,ef2dad65a896,28a670a5d3c8,88dd1fdf9ff4,empty,,bcf795951abbfe9816650b06418500fb003c0b58f420fbac431600183019e9d4,2680,0
R6,TmY15,ef2dad65a896,18fb00442a43,a6e3596b51d7,empty,,42e6eae9912827a8f7d62fab8f1d29d641bd06b58c4b12d084e0d1438f193ed8,931,1
R6,TmY18,ef2dad65a896,dd5eb1fb0caf,7c0c1070c66a,empty,,9001a1b133e949c916bd78894f9a0ba73aa60a721d29572d1350775109ad5e5c,2043,3
R6,TmY3,ef2dad65a896,607b8ed34a33,afd271bd2ad2,empty,,cf341047e8b995c7a4c436f9c77f4e0a6432fab21095abfed659d9fa1561ad6d,2923,3
R6,TmY4,ef2dad65a896,887ba31d1e5d,580a9d02248a,empty,,199491fc7f1f80578e33b6d86c939e2c6904cc0b2c873b6b03709ba4f796d8e1,343,3
R6,TmY5a,ef2dad65a896,3ad6ff7262ce,d1974745f7ea,empty,,4ef56542bdc65be7d798ff99d28741f124b90d31ac6e5522afe6e05ee5df9f5c,1104,4
R6,TmY9,ef2dad65a896,7af2610d274e,219fee770691,empty,,5aaa14bb496bbaac78dd9136dbd1a9a4aeebb98e42228c2fcd3d8583880be6a4,1292,2
R7,Am,ee8007a1d4ca,ae7eec9cc6aa,9a44897be253,empty,,e8a420b642de4374cbb2813a51bc21c434346b8a47cf34d07e703d174da30b63,3279,9
R7,C2,ee8007a1d4ca,ac7377b4f393,18b9cd5649b0,empty,,dd65366a3947d1a847e4afdda765bb2d318ae8a4ce1ae55de097294651f5b83b,3129,9
R7,C3,ee8007a1d4ca,6182a4f16e6d,b02b07f4a1a2,empty,,ac94fe7c1009be973b1719aa0284b73a0922631bdde87ace6deb916d5f6c9d93,2475,5
R7,CT1(Lo1),ee8007a1d4ca,7c280b5b9f34,dd26423964c3,empty,,e782d77b6734377468c39ddcc521d877461b1e12fc7b7a421eb80337af3f3eaf,3260,0
R7,CT1(M10),ee8007a1d4ca,63667a4a1a53,b224e3b0590e,empty,,691bd946edc8bfe9b0adb4fdf723a5606f5c8a801bfa595cf160f8d45690c8a7,1486,6
R7,L1,ee8007a1d4ca,ad5110ebac00,a40a617f3faa,empty,,430859be79000efc01b487656870a302e4e4bafbed8b64ebac72b9498ac22520,932,2
R7,L2,ee8007a1d4ca,36f25ce16c8f,fd1857c095fe,empty,,d0b15f781a3032286d12eb6669b97f13c04e880574e5b88b0d63db9b6cc0884b,2942,2
R7,L3,ee8007a1d4ca,fd5e84317740,43b7b7634fbb,empty,,baafd8ec2dbc583ba2a556089bd52e54597709bc372c79c4b67d37394fd94228,2651,1
R7,L4,ee8007a1d4ca,7c19534e0d84,bc61ceb43cf3,empty,,b78e4e341f6370ea2cc998305a06ef9ee017e0b0e33d588d6ec566217ed34fa4,2599,9
R7,L5,ee8007a1d4ca,cc98a8db805e,e203aba81455,empty,,d3de36dda774f1be0eda1b4d924137a84163edad4be596f799457da0e81e8bcd,2991,1
R7,Lawf1,ee8007a1d4ca,2627beca1340,3f6cacb89d3b,empty,,d68dad86cec2cfe7c7c556a2bb87f725f44ac59948c7179dacd1f0260411e2c2,3029,9
R7,Lawf2,ee8007a1d4ca,3a1e8d7d01c3,95a6e7f2b731,empty,,21d00b5f05dc1e6a92732a4671dafd807de592cdf87866f3637fac29c5b9321d,463,3
R7,Mi1,ee8007a1d4ca,af1ee12c7a13,67e5fdf57fe1,empty,,fd807ec3fdf5e56d6c04805d8bd443640cb8dee0ef93c8ba40f798ae45ae4037,3585,5
R7,Mi10,ee8007a1d4ca,59362ec08e0b,dd73f1a6b8b4,empty,,3f799ab4dec6a775672bc8bf945533e12bd45607f012ef17769df868a349c059,891,1
R7,Mi11,ee8007a1d4ca,f8c7207459cd,d1425e1bade5,empty,,eada83e4d1d750ec0a3108b7de234a83d0bfedca34901dda4e2440b398fae8b8,3328,8
R7,Mi12,ee8007a1d4ca,22599a5bd694,3e9c0de3c617,empty,,a352d8dcb53d272a78ca54ea48cd719120fab69bff851ab1b33fc076a3270383,2331,1
R7,Mi13,ee8007a1d4ca,7fd7d345df8e,6b23030bb40a,empty,,c6356f798baa51fca2c7316be2889475cc05aca748ad2b0da2ac7bb4cb33a172,2802,2
R7,Mi14,ee8007a1d4ca,b33da6e1384a,b252e6ea659a,empty,,94c8ce66f59b4fd278dea92db181c996b617773768f2e888f4feb3229ca45d55,2119,9
R7,Mi15,ee8007a1d4ca,4dd1eb26b0df,728b11d470bc,nonempty,,94c92af3b910ba5c558a40f5335224e6682ada389ec903c7d7ed5f88a164d799,354,4
R7,Mi2,ee8007a1d4ca,8d98b9eb6175,f439cdb1d36b,empty,,f5379fe4ad89e3cd1355846e9382c7aa79a2f040d98170c8971120471ef851cc,3466,6
R7,Mi3,ee8007a1d4ca,0172ab6332cf,acab6925a8c4,empty,,f5626f14a66cd1597c13b6c9e4172ddb9481ee599a02a2f5cc4f158039617d26,3471,1
R7,Mi4,ee8007a1d4ca,7c9f2d10b0f7,1c722fd33ee5,empty,,07042dc2d213244d302c9ddd8c46f416fb45cf45860c24ff6c3cb5aa37dd8999,90,0
R7,Mi9,ee8007a1d4ca,760f78ba3287,59c13a1b0910,nonempty,,6c84c776156cb04ce81169a3a65c1741e14d46da995c6f7a5ea72d7a49d4c5ec,259,9
R7,R1,ee8007a1d4ca,9654b247b494,28d3d16dbe06,empty,,d5d1b6d866f6c332a7b4829c2af45a15078d1e34f991046689e9f6cefa36e69f,3015,5
R7,R2,ee8007a1d4ca,b075082bb026,f0e0de490cb8,empty,,5bf4562c077d4f11b3adbaa515b19734150f7f231d3c975335bdcc70636f421a,1312,2
R7,R3,ee8007a1d4ca,a9358d78ca90,76753abefe98,empty,,22b0960c6956f6fbcc1bf4526dc2a2b733a4131a786bdc18b7543ea2aaeb88a9,479,9
R7,R4,ee8007a1d4ca,d54d0db004dc,d99a16947674,empty,,3ac2f12bc6e22b7ef66108c419f4d2edb982b28b1a19e429177a1150b2e8735b,833,3
R7,R5,ee8007a1d4ca,bf135de1db2a,5e24bf2e91a5,empty,,83c87deb0e4b58038b6146b6b017fd547d186d43d455b43c82c660ce8ea792f2,1875,5
R7,R6,ee8007a1d4ca,ef2dad65a896,1f0dc92ad980,empty,,0a94ffbe6641d75d95483f1a92d7f7cfa8e366a74354fe7acd6c2a0c4b90eb16,133,3
R7,R7,ee8007a1d4ca,ee8007a1d4ca,1750ea8cd011,empty,,c7d8749271b88070ad6f758c6e661174f487a5d5c7f43f652b9fe8f6a5eaa552,2828,8
R7,R8,ee8007a1d4ca,8c5b077524c1,1e0c4886186a,nonempty,,d32ac7b9c8be9aadc05f3785f64177cefd247f6284ffd7bfc5b947ba1bb9ae53,500,0
R7,T1,ee8007a1d4ca,7fccce4faa2f,dacd01387695,empty,,aec5330cee563736f5a929eb4ef57e54bb94d72fdaa99d6d79cb0c5a23dc3b28,2504,4
R7,T2,ee8007a1d4ca,2c81c87fcf2c,6f05cb55ff95,empty,,2a03e348bfbcd309bff9526e9045e5b78ba8605f1718c58cf06a92974c1c66f8,571,1
R7,T2a,ee8007a1d4ca,e4707238632a,a8050404bccf,empty,,b63165a42504265bd4916a0a6c8fe8637bd31d0552b555320d7e1c8465371b7d,2585,5
R7,T3,ee8007a1d4ca,3b9aa8bb490c,be5e49e2968c,empty,,54fc2998364d46307dff3fa08c7cd7b80310d6857477aa9d29f16ed0bb3d4c34,1195,5
R7,T4a,ee8007a1d4ca,a722a78be07c,0979d79e854b,empty,,a9eea97bec4e57ecc7f61f801498f5996ab7f156e96007978f7e962325c752f6,2430,0
R7,T4b,ee8007a1d4ca,8dac2399d9d3,1db8c05e54b1,empty,,1fd07c424a8db5869db8f462e6c80aebcb1ae56b6fe08e3d61f364ed5d472002,431,1
R7,T4c,ee8007a1d4ca,3a2a1325fb93,89fbfa6fe419,empty,,fd18808db90f383fcd50d7b2b02bdadfe0d19a5231f75fa532ce940e9a4f08ff,3577,7
R7,T4d,ee8007a1d4ca,0645a54521a8,efc1fc013a36,empty,,4ad63f387db8f38a0761fcbcabb491de926f7bcd74c580abcb67acf9bec6b756,1040,0
R7,T5a,ee8007a1d4ca,9fd1579bc37e,75f97689aa99,empty,,f705b9fe51abc168af4f5fc960c8723087390e72cc4247b9e896c580282c61b7,3494,4
R7,T5b,ee8007a1d4ca,3c304e466112,b1f958f35809,empty,,99abc492b864dce041a63748bf8bc33ce0f2728f0fcc8989de1c5a25807717d5,2187,7
R7,T5c,ee8007a1d4ca,4236c6342cc5,e714b2adc027,empty,,24a502b5fd66b14a9275eefb0478e071ed8ffd583d2ee49c260c0882a3317a7a,505,5
R7,T5d,ee8007a1d4ca,f0bbaae7f4af,af28cec29eb3,empty,,d8e9c7c3aa956ced471cc51b90381eda267ab75c90367836ae49afeb10f6e219,3065,5
R7,Tm1,ee8007a1d4ca,6b080cbcddcf,6069fab3a304,empty,,8c17c3ca464f0512d297a2d898a5e18a9e96fcfce8860ff614892047bb32208a,1985,5
R7,Tm16,ee8007a1d4ca,7a0908bbdc11,e3bc673ae9f5,empty,,ae80be5eb7780432bf5d338f1c166b7f93cb7ececf4d3f87b37985eeb352f52e,2502,2
R7,Tm2,ee8007a1d4ca,1716679973ed,749fd35ab01e,empty,,4330ab016ca7abaa281a9d06ff9dff960d413d7eaf66880d723618e675186d13,936,6
R7,Tm20,ee8007a1d4ca,5202f2beeefe,bf45d96199d8,empty,,149fdc244018831c084e7a2a3161fbde655044a46e2257d0d9b4bc3deca2574c,277,7
R7,Tm28,ee8007a1d4ca,0a8ba80929dc,ca01ffa48ea3,empty,,7eb4a26e9de556e58aab1c0e6297ca9b2ac636228e7dfd7f764eec30c15c1fea,1802,2
R7,Tm3,ee8007a1d4ca,1d04dc9e4e44,3ac300ef2acd,empty,,e5370e7397631da472936bb7dd95bd053c11b5b4300ebb92f3725103d8239f57,3230,0
R7,Tm30,ee8007a1d4ca,fabbe5261153,a9a82d52e3b8,empty,,c53f2518a34b2816936b93d9ceda73fa9ea053bdf0020cf2a0e987e19d83345b,2787,7
R7,Tm4,ee8007a1d4ca,8f9d79739978,abc3d8df9a1f,empty,,db59d3a9942931df1dbc9b515800566411bb8f6e9a58290d8dd88427e69384e9,3096,6
R7,Tm5Y,ee8007a1d4ca,05257d37421c,481c9e1f09bf,empty,,c599b1789e0b83e7c31958750cf92749356bce05fc5f65602a843444823e2c77,2791,1
R7,Tm5a,ee8007a1d4ca,e2174a9084c8,8c72da2dd2aa,nonempty,,bc2e07e5765fc2be255daff3b1303a0a62b699c596d50b981007db7a2cfb5379,443,3
R7,Tm5b,ee8007a1d4ca,5bd7d91f26e1,7d8f2e7b5d1b,nonempty,,7fee010824b56745c59ab87d6064a8014a72772e59cae13acc37c65f8bdbed92,300,0
R7,Tm5c,ee8007a1d4ca,2455576c666d,b9efe3f969b3,empty,,a0809acb40af8f21a087a604f3f45cc321b512a5bbb2c695f4969a68089b27e6,2278,8
R7,Tm9,ee8007a1d4ca,d00cef6913df,4958f7e82282,empty,,4923e5c6affb0378108a220fa22f5fd89ce6ad103d6808df1d7b148079e3d940,1018,8
R7,TmY10,ee8007a1d4ca,d1d3392c46d1,2f95f388cbc5,empty,,a148666228f91a8779338a45e807af122bee733bfab40cb8e919aee7223fc178,2292,2
R7,TmY13,ee8007a1d4ca,e8c21941580e,49252e8c33ae,empty,,3f0e76945686ccde587caf54e7cdde4796192a6637d4cd0717e3d44cfa60b816,884,4
R7,TmY14,ee8007a1d4ca,28a670a5d3c8,33c34867054a,empty,,dfeb1585bdfd2125229bcd3dfd3aca1d7272eea8c93ef91c0b15d72678d51d94,3163,3
R7,TmY15,ee8007a1d4ca,18fb00442a43,4830d543a407,empty,,501b3e063aa886979af001641ba50209aba39da29b8e4b0756cb087833deb6a0,1121,1
R7,TmY18,ee8007a1d4ca,dd5eb1fb0caf,3805dbf07b75,empty,,c6864c0837806a4feb43112083ac677f25a2a7fa4f586617defb7fe3c026b1b3,2810,0
R7,TmY3,ee8007a1d4ca,607b8ed34a33,e8f86559ae22,empty,,d614aa4ca49ebc45b0b1d77c39333b0eabf8e853b3ef4307f7b600f4ca0939d2,3023,3
R7,TmY4,ee8007a1d4ca,887ba31d1e5d,0ff371d78367,empty,,eeca9105281b6607a4d8266832190567792e5bc370f53f9848efcc077681ea47,3376,6
R7,TmY5a,ee8007a1d4ca,3ad6ff7262ce,2bbc3d98055e,empty,,2949312884b1bea8da6ae0a9d0920c177ddd0c2752ac1ee8b8110756f2f82427,563,3
R7,TmY9,ee8007a1d4ca,7af2610d274e,acfff4552202,empty,,2df413b8e1f4a65a02ff0cdee6b3bc232b271f9db2ac1c0464b063c10ae0ac49,634,4
R8,Am,8c5b077524c1,ae7eec9cc6aa,f818d1a8cdb1,empty,,2c130fb90acf45b026b1a91e28549fe8de8381bd8d71b7255925e87d8a77c25e,603,3
R8,C2,8c5b077524c1,ac7377b4f393,884c00a8b67f,empty,,be237ac12adc2b3d8cba6e51896ee0a3223d5e186188d4a4afdda3cb9c620ea5,2689,9
R8,C3,8c5b077524c1,6182a4f16e6d,2ed553c30aba,empty,,9465581bc7dbfc10cdf2ce421a71a5876994e74486ece3c66efdc19ac3e1de1c,2112,2
R8,CT1(Lo1),8c5b077524c1,7c280b5b9f34,6a6bd4077422,empty,,9e4c458697c7441e449a39bf474a06942cede14ae98810b3ab9dc658f11065f4,2256,6
R8,CT1(M10),8c5b077524c1,63667a4a1a53,fb999dbaae05,empty,,75cd26be33bcac9ad16ff1b42fcffc32eef924099d139e7ab73f4b0ebc691207,1688,8
R8,L1,8c5b077524c1,ad5110ebac00,69803429215b,nonempty,,8ce72959cc00420786669889ebe6e069c7d9ffe826c3fa01b3d53df8825dc8db,336,6
R8,L2,8c5b077524c1,36f25ce16c8f,80c47d7d4015,empty,,f2c0b1a49df83420a434b4cd2785676e8b7bcd4a4db8343729e227456bcdb0de,3426,6
R8,L3,8c5b077524c1,fd5e84317740,d100d8cc4342,nonempty,,c763bef3e23c5b23fb285e58cf00324dceeeb218e02e58fffc186f946143252d,473,3
R8,L4,8c5b077524c1,7c19534e0d84,6a6a1ea1a8a3,empty,,5d8291af3a785d974f1c7aeafcab874e537ac3e01199ffa7f030cdf669d911be,1337,7
R8,L5,8c5b077524c1,cc98a8db805e,dd4297881265,empty,,cdd73feed8ef1cc2061ada48365aedc38ab5f83c53a9ac50a63c62449111507f,2905,5
R8,Lawf1,8c5b077524c1,2627beca1340,87b4c6cefc34,empty,,3a112f3abe80592881f1012cb275f647f4631a6c24983cf36b98fbfb74ad94c0,819,9
R8,Lawf2,8c5b077524c1,3a1e8d7d01c3,94c52973cbbc,empty,,f2472c5512ae968a2a555af783df471ef527558c0aa9515affac81956c96eef3,3421,1
R8,Mi1,8c5b077524c1,af1ee12c7a13,46068a920c62,nonempty,,95a4f7273342cfcc22121e6f58248bb09ae9fe0e23632852548e1b6a47b0a0d4,358,8
R8,Mi10,8c5b077524c1,59362ec08e0b,ada761fb274c,empty,,d7f2a8e16c39444a214fbe6e9b3cc085b343fde5c18fc44cc4f48cd59a34554b,3050,0
R8,Mi11,8c5b077524c1,f8c7207459cd,d6871ec6fd09,empty,,6afc1344c1b3bd3dbedc91ed559d950820f9e8651db3b4e69992b1461246fb6f,1524,4
R8,Mi12,8c5b077524c1,22599a5bd694,fddd1c09ec1e,empty,,71f8dfb2db4cce51a65cabaabd2e840ff16f9fb768fcc50ebd40f0a56bead0aa,1626,6
R8,Mi13,8c5b077524c1,7fd7d345df8e,d4c292d8e73d,empty,,c1fd471b458a3e001101844a66d7453c2b11df09d3ea872405feb2e59f458458,2744,4
R8,Mi14,8c5b077524c1,b33da6e1384a,caac5f51e716,empty,,21481496919f0ea259b3c7f640d68c113c65432de4f449129cbcaf8328e51ca9,457,7
R8,Mi15,8c5b077524c1,4dd1eb26b0df,04e378cd90e8,nonempty,,c4577acdc0a37c9aed26fa4e8438b69e3d6abcb294644daf8ca36a3258cceb96,463,3
R8,Mi2,8c5b077524c1,8d98b9eb6175,87228187cb07,empty,,33126634846c094a612e4a7b47a42f33ff4c8d54a1ced6dfbba44adcc1f2175d,717,7
R8,Mi3,8c5b077524c1,0172ab6332cf,162dc9835b7d,empty,,005ed12de344797ce53aa24ccb62ff858d590b1e2879973f05649f7112e13f18,8,8
R8,Mi4,8c5b077524c1,7c9f2d10b0f7,d48de603da19,nonempty,,afd26d1fda9d83008f007f47744fb4a58254590ca388a23c22d8f12dfc05d022,410,0
R8,Mi9,8c5b077524c1,760f78ba3287,6c25dde21013,nonempty,,7a7a1bdfe78e27f973761529593b14cb19657277afb22c9edea03556792cc72d,291,1
R8,R1,8c5b077524c1,9654b247b494,95c3c8ef31d3,empty,,944d0ae0369122b8209da6abbd10901d80ed2e3e2932b1cf589345ff644cb300,2111,1
R8,R2,8c5b077524c1,b075082bb026,5134f9737427,empty,,350f984f959cd66e08bd5eb2250ba1cdef418fd7d9739922de17627993cba350,742,2
R8,R3,8c5b077524c1,a9358d78ca90,e16d8509a1fa,empty,,a78fe9f176331a1164d0b773c8c69b1c9c68179379ea5193e1f0f26e55948b84,2402,2
R8,R4,8c5b077524c1,d54d0db004dc,e188634f0465,empty,,228efa73f5bea8e5a36495b215c09b261c4f5e6ac59714c23a41e71dc0b55fb2,475,5
R8,R5,8c5b077524c1,bf135de1db2a,fb05b434dbc2,empty,,7795d6ef1e6c90056ecd1769117210cf75b2345c6792d9fc2532ec1ae256ae62,1711,1
R8,R6,8c5b077524c1,ef2dad65a896,727a515015af,empty,,e3009b8f278d7c62ff83fc9c07400aa795b751ca5160962144dd47917ba383d8,3201,1
R8,R7,8c5b077524c1,ee8007a1d4ca,28819197f736,nonempty,,447a5784a3d50993d4fca11ac0642c229939d6d9ac96730cf485d4cc7053f0ea,169,9
R8,R8,8c5b077524c1,8c5b077524c1,a57c25397043,empty,,dcc9e1b3924c3b511f45a52e4b5b82e4570ac165196c3ae898dc661781bca6dc,3117,7
R8,T1,8c5b077524c1,7fccce4faa2f,76d0c53f4305,empty,,c1ba42843e0295ab4b0de6d8b348ea41973b5a3b168988c00210924d66e6b4ba,2736,6
R8,T2,8c5b077524c1,2c81c87fcf2c,82cb88458bb3,empty,,b8232e615e33fab6e46d616861f3d643eb0e2355c0a7179b3ddba74f6cd56a2d,2610,0
R8,T2a,8c5b077524c1,e4707238632a,1beeebae3447,empty,,1c7afd14246626d4d7452094cab3dae22c3890b89908070f0428f14d282ce686,383,3
R8,T3,8c5b077524c1,3b9aa8bb490c,0f7d55e1f041,empty,,774269b34339560e80c397c2a86bd236cf1de4e34e0bf5f01de23544949e3c50,1705,5
R8,T4a,8c5b077524c1,a722a78be07c,1c0aca44b0a6,empty,,850a6867fad12a94e496c42237ff6c904a8e60c61b4a2c64f3077dc741844857,1894,4
R8,T4b,8c5b077524c1,8dac2399d9d3,5c1acab9cebe,empty,,f4902893a9eef9ccb2fc8faa27ca742719dc821bdc1fec9d5dec0447c8a61573,3455,5
R8,T4c,8c5b077524c1,3a2a1325fb93,b25466177001,empty,,e35be08004c3521f6db284530b7cc02e410f22d4941c6dfc74981da53aabc03f,3205,5
R8,T4d,8c5b077524c1,0645a54521a8,3036d889182d,empty,,14d183a3fbd9e0574f0320e69cd9e110241fef060669ff71001305b54b997a5c,280,0
R8,T5a,8c5b077524c1,9fd1579bc37e,d340370c25df,empty,,fa1f43e204fd6800b775f2a84a69440c1fbef47a705caf7de8fad9bd6d18776f,3530,0
R8,T5b,8c5b077524c1,3c304e466112,b95d379fafb9,empty,,fd357fc0dc9a6d499ff1acc701bb4e030bda60244a8b0afbeeda1add89959c95,3579,9
R8,T5c,8c5b077524c1,4236c6342cc5,fe2abcf2b442,empty,,6afbbb10b910d82cecf5c8d5233d438e632077abace6301652dd2882345bb88f,1523,3
R8,T5d,8c5b077524c1,f0bbaae7f4af,44bb95f005e9,empty,,4ed086f26ac460d9d78efee1c4cc1a35b26414b086920c99623bc2848ebf4166,1100,0
R8,Tm1,8c5b077524c1,6b080cbcddcf,feda0feb7722,empty,,6bc9d0f1ba18b9e01f0071c158ca89c951130ed6e08ba9e1e312de121f2a1594,1539,9
R8,Tm16,8c5b077524c1,7a0908bbdc11,2475a3f94dff,empty,,fc143595a7cde6839fc98c48a2e63c28f4341b66f4d4ed7713331cfa9d248457,3559,9
R8,Tm2,8c5b077524c1,1716679973ed,24eedcd63960,empty,,330043ed0b61c8da4b4da7b92c1454db405ddc5d9118052b485e3f0b708c49c9,714,4
R8,Tm20,8c5b077524c1,5202f2beeefe,0d68c573e6c2,nonempty,,1216a52b2fd56b92db6080094fe17e2a6b3c25d29e700edf303ce1def9ad250c,57,7
R8,Tm28,8c5b077524c1,0a8ba80929dc,bf1e2d7c4389,empty,,c3939143e7e3cfcf7b55b27cdefab217eaed9300daa15fdc8f8078ab7adaefb6,2767,7
R8,Tm3,8c5b077524c1,1d04dc9e4e44,81f13e06b685,empty,,5c75a1886146967ca4cf54f46d66e100afe1dd99b789a02643a84cc1f4c956b5,1317,7
R8,Tm30,8c5b077524c1,fabbe5261153,4b8ce7032cdc,empty,,d43e26c81e5ce27973fd51b028d3043ffd7c5b51f83963a4159b0b7122c37d62,2998,8
R8,Tm4,8c5b077524c1,8f9d79739978,e176f93eabed,empty,,82840e1ac5911dfd54ce30ce53a7b8ab08a83d0423ff708ae602f674ecb161f3,1854,4
R8,Tm5Y,8c5b077524c1,05257d37421c,059a83686109,empty,,59d5cac1d4a242393800c2d7ed6bcd67f0580f1aea2edbe566fb8b856d6b23cd,1278,8
R8,Tm5a,8c5b077524c1,e2174a9084c8,cbde7c71b64d,empty,,7a144e0b7faef21f11c3fa456abf9a19f7473829da88c20a40ae233d0fbd313b,1751,1
R8,Tm5b,8c5b077524c1,5bd7d91f26e1,bf7b7f18745b,empty,,c18e16cf88efa877e6ad8721aff0d0666d27157e7cb5877815e66df91736b340,2734,4
R8,Tm5c,8c5b077524c1,2455576c666d,6db500031370,nonempty,,b5f7d28ebaef0dc4ebba6674a2c1a502deca0ccc9bd5f9e90b7008cfc6f754fe,425,5
R8,Tm9,8c5b077524c1,d00cef6913df,9b0d4a22117a,empty,,1c6da4798ba640fcf0f344dd108ce636369714fdaa1120678b0d8245fc33176c,382,2
R8,TmY10,8c5b077524c1,d1d3392c46d1,3f4d48efec45,empty,,f6e822a10a19759255364741754aa9c16b29d752906877a2204d43d0c1601475,3490,0
R8,TmY13,8c5b077524c1,e8c21941580e,8cf84396f951,empty,,ae7b296c857ad9b0e4e492c5be09256a1508b6f7aa98e5eb43ecc43bd4da001f,2501,1
R8,TmY14,8c5b077524c1,28a670a5d3c8,f962cc183e63,empty,,35e776662eb5e940ef0a0aa9c6d53e5f739821825efecdc898e408554a7c61d9,759,9
R8,TmY15,8c5b077524c1,18fb00442a43,b90ceb5b1b2a,empty,,4161778c003868f0966d82f9b50b3fe571a3079876e9a2c8253fcc0b8d73dd04,913,3
R8,TmY18,8c5b077524c1,dd5eb1fb0caf,574f26858ffa,empty,,db40f34b9e69cfd17e4ba1855b5459027a0a2bc087255ab937d6706707652ba6,3092,2
R8,TmY3,8c5b077524c1,607b8ed34a33,a7e0aa6b4e04,empty,,ec3bb9e53849e24d60719f3c8c5d611ebe0cb43e93d233d3a20d65fc95544709,3346,6
R8,TmY4,8c5b077524c1,887ba31d1e5d,28d72fa4fa92,empty,,e384fb2c6b43894ce876e7c34c02d425f1135b9f9197c30aaa755f99e5c5eb05,3208,8
R8,TmY5a,8c5b077524c1,3ad6ff7262ce,06bc406ab725,empty,,a4e171d8ab602304ab5480aa2f2646e8eaa6b3a57ebdc80006f8544bc2ce3071,2355,5
R8,TmY9,8c5b077524c1,7af2610d274e,248e503afb82,empty,,7e4c85ad5a6d904f7637a748f6b2a7ca4fd4f26019a77a723db5e6f88abbe6a4,1794,4
T1,Am,7fccce4faa2f,ae7eec9cc6aa,e82dea1f88fc,empty,,c9ccf051b3d106053e0cac77b33fdcef7ff20a51d93e7c451e139289a03364b9,2858,8
T1,C2,7fccce4faa2f,ac7377b4f393,186114d0c1bc,empty,,229251d4fe9cd545002bcb221ecae12cd5cfb0d1f3ccd2aaedc6e7d42f08f4ab,476,6
T1,C3,7fccce4faa2f,6182a4f16e6d,a970a593e3af,empty,,bf8c8de8347617cbb56d4f9a32962df3b47022ad2ddfa5cf9df5ce94f66a1cad,2704,4
T1,CT1(Lo1),7fccce4faa2f,7c280b5b9f34,e84125cf3010,empty,,485c48e66878454d687dee9f3fd58ce87f911693f53b3374363a1a9886d6f7bf,1008,8
T1,CT1(M10),7fccce4faa2f,63667a4a1a53,da867a7d72b0,empty,,fcbb343a64b4be53e1e53fdc0da997a2ab98a4a09d21806e67b03ccf9139aa35,3571,1
T1,L1,7fccce4faa2f,ad5110ebac00,82d2c67b2c95,empty,,4ff83593aa00d1fef41927f767fa61438e6ea3e9c337a6d75d5b382144e076f5,1120,0
T1,L2,7fccce4faa2f,36f25ce16c8f,e8ba9cc31d80,nonempty,,6311544226a58a6853ec29baf86baf306e78c49918d44430504bfd86dd278b96,235,5
T1,L3,7fccce4faa2f,fd5e84317740,6d1c6afcf3c0,empty,,9c5abee0b532172baf9bb8f0693bbb66f0b86d9965f9f5d187700c7aff075f55,2220,0
T1,L4,7fccce4faa2f,7c19534e0d84,c347fe589cee,empty,,6522586abb2fe4e99d40eb63ce9490b4b7534c42948dab82521ddee512889251,1435,5
T1,L5,7fccce4faa2f,cc98a8db805e,e2b366f2712b,nonempty,,2f83d05ee114697431d5ab29377cc9e36daceb6b28fea680b6fb5c8e00f9238c,128,8
T1,Lawf1,7fccce4faa2f,2627beca1340,c62d97ecb00a,empty,,69f8892a14e414706cdaa792070e0c20ffaa682f38e93ccc98c7b6c250fbf664,1501,1
T1,Lawf2,7fccce4faa2f,3a1e8d7d01c3,ecee913c9304,empty,,9db905f15647fbe28e8a74eaefaf4b7560fb07a24698ac13737523178d0b5ea1,2248,8
T1,Mi1,7fccce4faa2f,af1ee12c7a13,3e9375058d52,empty,,6af058dc3161af8f535282b110012da986fdbeaab567cee4e7dac430dff23bea,1521,1
T1,Mi10,7fccce4faa2f,59362ec08e0b,a27d35fdecd3,empty,,beb7d085821331fac71efa7a2b9c0c345c9a63745e794a35a300d4bb8226cd1f,2697,7
T1,Mi11,7fccce4faa2f,f8c7207459cd,4d2af523cbf8,empty,,64094263bd237c2ec26ed222752e9c840845ec67e8e8d902d3b51e73c906ea6a,1420,0
T1,Mi12,7fccce4faa2f,22599a5bd694,4226a431814d,empty,,eda0b29667995f8fbfd34d455f67557f6425f7e74a6a5fbfeeb42f4c30a305e5,3366,6
T1,Mi13,7fccce4faa2f,7fd7d345df8e,ab716905d5f3,empty,,e03e949dc4c502cb4417fc8db8d15959364fb00b9f0cf70849fc39617c14d995,3166,6
T1,Mi14,7fccce4faa2f,b33da6e1384a,38434e668319,empty,,df9891cbc26fbb5c9aae4216bb599a298523c5b107601c4d0f85accd6207f8b2,3159,9
T1,Mi15,7fccce4faa2f,4dd1eb26b0df,b8285494ba1b,empty,,ae730b9619043212a85f68efc87100fd228684fbac1ff2c5afbefabdf1432437,2499,9
T1,Mi2,7fccce4faa2f,8d98b9eb6175,9b3001f87f68,empty,,257e90386cecb653251712db93ad8ba5cc1de50a13ec575226ebc80a7483780f,517,7
T1,Mi3,7fccce4faa2f,0172ab6332cf,9eaa04bda82f,empty,,83a89160fd89bf8467f16cc4398815b05a0eb143893b3e0cdcff92a7aa480647,1871,1
T1,Mi4,7fccce4faa2f,7c9f2d10b0f7,070e108da6aa,empty,,9e726cae6490a85a5a12f35777d8c22160be4e94136679f4e583f7ce1a284e5c,2260,0
T1,Mi9,7fccce4faa2f,760f78ba3287,a2779d940ec4,empty,,58298e0fe16a6078e5af024c9996d7fd12bfbec1581193485bd3beecf2e29a04,1251,1
T1,R1,7fccce4faa2f,9654b247b494,ec4de898fbf2,empty,,7213f77656d3eac6baee87170fa2bcf26187860d27c20e57a21acca9fd028bc6,1628,8
T1,R2,7fccce4faa2f,b075082bb026,01c04a836ec0,empty,,391e5072e9018e54a28b15c6547a63286b7033630b5e6742468d45e0b05c2216,802,2
T1,R3,7fccce4faa2f,a9358d78ca90,88738c0bd9a0,empty,,3ecda3fa5d63f36028c3ca5bda9e43970955d9b9d862d28214a0d6449615bc36,881,1
T1,R4,7fccce4faa2f,d54d0db004dc,713f0cfa9c6d,empty,,a5172ec42ebaf8029989d96c4c4a92fe4c1f12a4bedb37ca86343dc2c1e45b03,2366,6
T1,R5,7fccce4faa2f,bf135de1db2a,617f1eb74b9d,empty,,147eff37843dc28d71946e6d8d6815460a5866b9b14dc6084970c4b35f49a2e9,274,4
T1,R6,7fccce4faa2f,ef2dad65a896,78278d3172d0,empty,,bcc9e706e1e17eb4571dd059567e499ca66b1f41ff0e4fd970388542c54d4959,2677,7
T1,R7,7fccce4faa2f,ee8007a1d4ca,daa2657c31d2,empty,,3161d9fcecb4e599744693ca55c24b2be2b9b39b094a3fe38f9bdc8327a55cbe,688,8
T1,R8,7fccce4faa2f,8c5b077524c1,8cb4d0cb150a,empty,,4bcecf370635840fe7a1714381863a627a328c8c61b6e3de7fa4f3ef58ea5bef,1051,1
T1,T1,7fccce4faa2f,7fccce4faa2f,e2c1d2d78fd3,empty,,9805738d2206ffc139105e2eef38d5d65056fa509bae0707a59391d16ec8eff4,2167,7
T1,T2,7fccce4faa2f,2c81c87fcf2c,013d9d458c0b,empty,,8db60b36e2927dc140b9dd90a223fc1cb7aadce5ae4d5b22c875b51897326df3,2008,8
T1,T2a,7fccce4faa2f,e4707238632a,88bcbf0fa549,empty,,a9e24d17a842f16ab55699a9a2aafcd9d240745362e84a50908da1196239f30f,2429,9
T1,T3,7fccce4faa2f,3b9aa8bb490c,ad6e63ef755f,empty,,0a37f491cfcfe9ace08bde985727aa14fbcc97842d1f5c5aeea2cf73cee82241,127,7
T1,T4a,7fccce4faa2f,a722a78be07c,6510d586ab52,empty,,8e249034ed7bbbc38e67433290ffb31b71307b0d1d867966d09282daeef07436,2015,5
T1,T4b,7fccce4faa2f,8dac2399d9d3,1979b30a5082,empty,,e2be7d3eeaf70c36ddc916682b2a124907e2e04402098097febff608202b1fc3,3199,9
T1,T4c,7fccce4faa2f,3a2a1325fb93,15d116ef0a21,empty,,4e3674e1043d5d6e3e405366360deccc0eef6b11208c7df65e4a37d736b4e392,1089,9
T1,T4d,7fccce4faa2f,0645a54521a8,87b7505bd7ce,empty,,3896d0574db32296412a4a4034fab2f25697c5a1fff182ce72fd74b930756ee9,794,4
T1,T5a,7fccce4faa2f,9fd1579bc37e,3657f702d567,empty,,00524d854e48198d5d3653da8bd9658351c1c2c5390dc3e94a1a22a0dbe0dd9e,7,7
T1,T5b,7fccce4faa2f,3c304e466112,0e799c24b87f,empty,,7ec7bdf074e0a1bd16799d6559a0fe45d66b5e557a4d4536a1c98e0b9422a9c2,1803,3
T1,T5c,7fccce4faa2f,4236c6342cc5,b3cf2500bd10,empty,,a280644045ff656bb9ba0aa498ea180f1482174959bdfef0658e59f43e8a4bff,2316,6
T1,T5d,7fccce4faa2f,f0bbaae7f4af,c7e1a676af9d,empty,,53a8509f1fc1f451489e240b673a625bcc3749c31164a671b39380c31fb4f15e,1172,2
T1,Tm1,7fccce4faa2f,6b080cbcddcf,27771091b1c2,empty,,17207d3586a7888ec122407fca74d78294b79dbfd4ab4e5d8473305a815f15d8,318,8
T1,Tm16,7fccce4faa2f,7a0908bbdc11,56d9402ae9ed,empty,,3ab5ffaa1cba8194690c42f4943fafa3a8296f30feff2b811f2ce4de994dc347,831,1
T1,Tm2,7fccce4faa2f,1716679973ed,f4e20a739ae0,empty,,ddf7e6f11be9ee6f2f699324c06c150cb277084ff4f7d48c365ae36d5a82ae45,3139,9
T1,Tm20,7fccce4faa2f,5202f2beeefe,15c01ed31778,nonempty,,43c28b6fba09e322bc147b5869c1751f65d6d4b42bf89d34c92310ee248ea57f,167,7
T1,Tm28,7fccce4faa2f,0a8ba80929dc,494972f14025,empty,,9c1228e1d4c7d444240e4040347927bfdab35bd5bb5360e7ee632fb7e696621c,2215,5
T1,Tm3,7fccce4faa2f,1d04dc9e4e44,05c5c6d4f9cc,empty,,4b803360544ad74caf4144973be86fb924794c9b0e3516f25636028b3975ae9c,1046,6
T1,Tm30,7fccce4faa2f,fabbe5261153,8408d09a7ae5,empty,,3537ab7a461fafd4e117518c1d03571f58d5d845497404591d11f9e945b4c2d2,746,6
T1,Tm4,7fccce4faa2f,8f9d79739978,7658131f65f2,empty,,53931a0a6ad3dc332baf7562ebbc73c89c2263cd6d1ba30251e2adb8e3e5622d,1171,1
T1,Tm5Y,7fccce4faa2f,05257d37421c,a0c3b0688543,empty,,710fba38e02f3a8a286ce6438a1e87264a0b84ccaeee36249e53224009dbbd62,1612,2
T1,Tm5a,7fccce4faa2f,e2174a9084c8,64fc300438bc,empty,,7c38ad95cc4760324684f1829b698952622462d1539d3d9b8ef0e1c031bfe996,1774,4
T1,Tm5b,7fccce4faa2f,5bd7d91f26e1,ec81d36ef8a1,empty,,187728b71bd1fe8af669d19394d54614d14d72573a54d45deb5d12b0905eacd6,333,3
T1,Tm5c,7fccce4faa2f,2455576c666d,14522ef9296c,empty,,919665568300af91657d04608c9f18eeed97cabfa28e258c5efb137a9353495f,2071,1
T1,Tm9,7fccce4faa2f,d00cef6913df,0b5d6c8c3dd3,empty,,eb36065fbf5353d6f57409022fa324cf54180497ac820a33cea51660f69b6eb3,3335,5
T1,TmY10,7fccce4faa2f,d1d3392c46d1,b6fbe22e1392,empty,,3b89f28a1097640c157057b913e165036ec45eb6de5066ada8df68688b982aa5,844,4
T1,TmY13,7fccce4faa2f,e8c21941580e,6d613875574d,empty,,709d64b074642dbab7f6c12ccc8a6963b25421a121ca7e45f5878fef4174eb5b,1605,5
T1,TmY14,7fccce4faa2f,28a670a5d3c8,cc6a2205da85,empty,,27d89e5906a069eabe0e2b0b12cfe217e06fa9bc19fe5435bc45724cc5ad6cfd,550,0
T1,TmY15,7fccce4faa2f,18fb00442a43,40b6644ae18d,empty,,a0d3844780c989c1a81d86929faec3322b2146282cdf958fe8cac12180f97cce,2283,3
T1,TmY18,7fccce4faa2f,dd5eb1fb0caf,e58549629896,empty,,cf4c6577e5210e157d163201ac0a916ee3b0645b82a70b5f297f6694de4cc190,2925,5
T1,TmY3,7fccce4faa2f,607b8ed34a33,a93e71198bd8,empty,,4eee5ebddf48cef2b1ca29f8f499b811b72bf0dc468697201f05b29b62e6f3f7,1103,3
T1,TmY4,7fccce4faa2f,887ba31d1e5d,fd8f9ebce9a2,empty,,9a178087f16542f614193def35c584bb53432f082b43b83e52282b6e1ce086e5,2191,1
T1,TmY5a,7fccce4faa2f,3ad6ff7262ce,262eb3e2cda3,empty,,a768b233a8afef529dd0d4d6eb92da1f928cec3be6b45adf2ce9c100a6763d53,2400,0
T1,TmY9,7fccce4faa2f,7af2610d274e,009d05a3fd98,empty,,fad766696e85e3d691cdd2436f991c9524b966a48227224554a006f803f01b88,3539,9
T2,Am,2c81c87fcf2c,ae7eec9cc6aa,f7b6469d7a70,empty,,b41021fe331382870ea2f6e4b5dad8df03fb5edab9d8deb4f51dad7209c48ef7,2565,5
T2,C2,2c81c87fcf2c,ac7377b4f393,1184371fe882,empty,,b768c11f695bcab9120ace452f319f31221b2668cbe5c05d64951947be38340e,2598,8
T2,C3,2c81c87fcf2c,6182a4f16e6d,a4119937864d,empty,,02204a6dd4807bad611ba4656b69f0e8a21b3f3f4173fe91ef19ce7b5fbf502b,29,9
T2,CT1(Lo1),2c81c87fcf2c,7c280b5b9f34,e882d5e85e3a,empty,,2a66dc4b1a9bf44950a3a38ac2c57bd8f6b84b6927c34062e8438b19b7536d35,581,1
T2,CT1(M10),2c81c87fcf2c,63667a4a1a53,a98292e038c3,empty,,e6e8a486464fca1a48fee87f8d1f2178cf121e5dad8514bba0cfa43cfd74ebdc,3253,3
T2,L1,2c81c87fcf2c,ad5110ebac00,46404aaae2a4,empty,,04ef85959cf6562df4f024889c63c407731cd696d8a80839ea1ed356f5b9a961,63,3
T2,L2,2c81c87fcf2c,36f25ce16c8f,3d98cfe36a2d,empty,,2b95cb57892b348936652a8dc081e9e863407f3566100d67bc31f7b894f270f7,594,4
T2,L3,2c81c87fcf2c,fd5e84317740,5ad0189e26d7,empty,,c954c522d6768a216868955b388605aaae55f5bbb70c55ea144c4365b9ef077c,2848,8
T2,L4,2c81c87fcf2c,7c19534e0d84,c5bf76d2b87e,empty,,409458f2220ff75f868f5b26bc818621d395e1a44537aeb421f43e172ebc14ad,902,2
T2,L5,2c81c87fcf2c,cc98a8db805e,87eec8518128,empty,,b9ff1c50d1620f12d156dd36ee37dd961f9d7852d903d98beb76285b5f19e43f,2637,7
T2,Lawf1,2c81c87fcf2c,2627beca1340,149fee85a7c7,empty,,9e153cb00feb5c729592f431aae560d6501791c5c995596602cfa3ebff52ae14,2254,4
T2,Lawf2,2c81c87fcf2c,3a1e8d7d01c3,fbce6cf18340,nonempty,,1a47896e7791b5636d04743a0f7189bb8c1a0a50a3ea9a82b5d5be179a2566c1,78,8
T2,Mi1,2c81c87fcf2c,af1ee12c7a13,2116f19e7d1b,nonempty,,517312a808e84a8d6e13d20a3a550687e73f7a33a9a56a05eab08044bf3097b4,191,1
T2,Mi10,2c81c87fcf2c,59362ec08e0b,d8569f831547,empty,,24f7656fa730560342b84e99e0de668782c3273f3c3f96005ee3162d73acebac,509,9
T2,Mi11,2c81c87fcf2c,f8c7207459cd,3c70b47f4d68,empty,,0f19e1b955772fa3ba70176976d4a24f102f22aa50d21fb13d4818c8b8c4333a,195,5
T2,Mi12,2c81c87fcf2c,22599a5bd694,7baedf7b3402,empty,,3e3e098d2a4864ab99d90490481d4a538f9db622abda56965596cb731919dfe4,874,4
T2,Mi13,2c81c87fcf2c,7fd7d345df8e,e8d9766fadbd,empty,,86ea214cbd49224cd8015ff534f0ce4094f970c300f0985a5d7d1c3821e4af63,1919,9
T2,Mi14,2c81c87fcf2c,b33da6e1384a,326e7083caa0,empty,,60a228f27b9457d75d64d56320858907e2b60a7e86df31f89a2357ac3ecb1343,1384,4
T2,Mi15,2c81c87fcf2c,4dd1eb26b0df,37b5fe53113d,empty,,ffbbe654b038f551040e81f8b9c70406b941cac7c0b3c5307b4943e1fae3f2ab,3618,8
T2,Mi2,2c81c87fcf2c,8d98b9eb6175,7a0f980a0609,empty,,ddd49111516a1894f82365778e8ee1be4dc1f96977ede44b80cb8b008cf7f0c6,3136,6
T2,Mi3,2c81c87fcf2c,0172ab6332cf,82a2a35f6215,empty,,d016e58f6eedf67a47c997762f33554ba7ff8be9e4f46b6851b5dc1d258a4d53,2934,4
T2,Mi4,2c81c87fcf2c,7c9f2d10b0f7,8b60762fd701,empty,,c6559071321a87f3edeeb0a3db8d464e2c88f9d3255542acd37bdc758d1e4009,2808,8
T2,Mi9,2c81c87fcf2c,760f78ba3287,1150dd3f8d04,empty,,fce106ec8a7c397cf95f5812313d2e56b11b8e0024de0432d807e56c839d1891,3573,3
T2,R1,2c81c87fcf2c,9654b247b494,4489a9e767cc,empty,,14d0e4d19e07dfa00875a0fc84033deba0f9db953507a9bfb0f0d7b33f9195c1,279,9
T2,R2,2c81c87fcf2c,b075082bb026,acabfd23baa2,empty,,fb64896dfd12801b2cfaceddd032b584fe11437a7931f4671cf8135064488d0d,3543,3
T2,R3,2c81c87fcf2c,a9358d78ca90,b8690dc8e1d4,empty,,86ee142b4a7e37df8daa8875f2006b5d06e5eb2eb13b9c1db51dd1a1c0f6393c,1921,1
T2,R4,2c81c87fcf2c,d54d0db004dc,371623ddb84b,empty,,e162044027bd271b659814a30014d60207883f4494676fb0410420799f421095,3182,2
T2,R5,2c81c87fcf2c,bf135de1db2a,245161b543a2,empty,,6b7c6b50cb227f9a5e6fbc9ca5e2c31398392786f805141d5ceadf9b20344334,1532,2
T2,R6,2c81c87fcf2c,ef2dad65a896,6bc51981d693,empty,,d5720dd6906d21a43016b278b8889603a0d93e67a69825db8058619c55271794,3010,0
T2,R7,2c81c87fcf2c,ee8007a1d4ca,0fb217a3152b,empty,,76a306d27e1049bd02622edf76ce1903d1beb54707920b694746a7e56d41ee58,1700,0
T2,R8,2c81c87fcf2c,8c5b077524c1,eff0932f313b,empty,,c72fa95854dcfbe8ca2a1772c54f56acacbae1081ebecb6c118c9d60b939741c,2820,0
T2,T1,2c81c87fcf2c,7fccce4faa2f,c3be783671e7,empty,,97c6d5a8a8a183edbfb41104a8a04b1af4084acc5afbf7abb77adc526ef6cb6a,2161,1
T2,T2,2c81c87fcf2c,2c81c87fcf2c,7d59d7201398,nonempty,,5af19f73c39227b19a36a1b73b431245ee417581d34652f117eea49aeb4a277a,211,1
T2,T2a,2c81c87fcf2c,e4707238632a,d8228ac2ad60,empty,,f2d5358c8caa86159ed0e8cf5c941f3ed971e10d29764c7aeeb1ffcf9c31695b,3428,8
T2,T3,2c81c87fcf2c,3b9aa8bb490c,2c1d1402985f,empty,,ad77b29afda8ae13500b9e692d58fad915f5d1ec9931857431dc7ac764f18caa,2490,0
T2,T4a,2c81c87fcf2c,a722a78be07c,5fa4461920e0,empty,,ab2f15e3d82d866f82e39e56798086844c2d0b9b54c32c819a538ebdcf477761,2451,1
T2,T4b,2c81c87fcf2c,8dac2399d9d3,0d063e6a02a5,empty,,910fb5e619ce2e4c3f120ed2672c821fa18d0ebbdad6f16a987dbacf3ae9b634,2062,2
T2,T4c,2c81c87fcf2c,3a2a1325fb93,600d81f275fb,empty,,59badd1644de49eea158289af7d0f5dcf932baec2d33a980450cdb466bcf5654,1277,7
T2,T4d,2c81c87fcf2c,0645a54521a8,c60d19c3d353,empty,,d40e71d5ac2479b3ba1f170ae20e12a3100ca3649165e30e801f638664dcd797,2996,6
T2,T5a,2c81c87fcf2c,9fd1579bc37e,23a122d9b379,empty,,7107fec189448ca892732400ab317ee914bde1a3cdc886d2eea651164f497571,1611,1
T2,T5b,2c81c87fcf2c,3c304e466112,0bff8ae9d3d0,empty,,e3cbe7c213d95ff6941dbd18a0c1567e4405ca536e49eb2d9e3646e3934daa76,3214,4
T2,T5c,2c81c87fcf2c,4236c6342cc5,13c306ed8ff5,empty,,e01841bc1790c92b4ead1db083c7c95f05356911264782aa045f9537a3b5c373,3165,5
T2,T5d,2c81c87fcf2c,f0bbaae7f4af,ef73d29221d6,empty,,2ad0176ec897a921332472711ccce8e44dfc417d763b55c2469f4e13a2dfaff8,582,2
T2,Tm1,2c81c87fcf2c,6b080cbcddcf,023e6d0ce2bd,empty,,91f72205b95d6845fba45a54beb18be04608045e15efdd7365535c14bd24dcbf,2079,9
T2,Tm16,2c81c87fcf2c,7a0908bbdc11,8915d3809188,empty,,610b96718c12fb6bc23ea40f839eaa42b66982a3ac9ee0067c0de226c8bff4ff,1388,8
T2,Tm2,2c81c87fcf2c,1716679973ed,5831259d2359,empty,,d22d6df4d34fbb5d56e49a5641a061ce3f9ef14e45d1ad3c75b5adf25469fc12,2968,8
T2,Tm20,2c81c87fcf2c,5202f2beeefe,21e7a5555638,empty,,a4e70ba2f7c3fc28e496ff3c54893a039aa15326cf5606a556e38a345125d6d2,2357,7
T2,Tm28,2c81c87fcf2c,0a8ba80929dc,fb73673a5974,empty,,f37f2cef928257b3fb3657f239f1ffbd84ecb5d3409c8851462f32e5e9c99bb5,3440,0
T2,Tm3,2c81c87fcf2c,1d04dc9e4e44,72ac88741523,empty,,20f774ded994b3b9187ee6d1baafddf53c2afc2e7c494690112a0cd398f96468,450,0
T2,Tm30,2c81c87fcf2c,fabbe5261153,31cc55764d98,empty,,cc397c78eaef57a8e09697d96a6f1f6ff5d7b069af7011ed979bcc2b584c26c5,2888,8
T2,Tm4,2c81c87fcf2c,8f9d79739978,4fe8eaf19d92,empty,,44d219732ec2350525e54245ecee53bac665b8eac0e12aae7be5a28da11cd425,966,6
T2,Tm5Y,2c81c87fcf2c,05257d37421c,2fd74582c0a9,empty,,0f6d7f3f5efe835f03c4f0c8d6fa740433296e3e2a6784cf6d8986c25ecf9d7c,200,0
T2,Tm5a,2c81c87fcf2c,e2174a9084c8,4cab330617da,empty,,a46681f1f2cf24c0c21589e97f89c7f7fd42103e9461e643411745a2c3d40f3a,2347,7
T2,Tm5b,2c81c87fcf2c,5bd7d91f26e1,cd32f801940b,empty,,17eb4119c00e47daeb516b2819a6ad07bfc9e7821ba162b8363e715b1bd8610c,328,8
T2,Tm5c,2c81c87fcf2c,2455576c666d,5401334051c5,nonempty,,6c7910bbb7f1203f0d8723d4aa0f021a966dbfdf835cd28c0a78adb7d7d46953,258,8
T2,Tm9,2c81c87fcf2c,d00cef6913df,2e7b9fea782d,empty,,39aab9296a5873f993bdf2a10cc42a339df28defbe3b48c8d2f1d5301a3d9cf2,814,4
T2,TmY10,2c81c87fcf2c,d1d3392c46d1,bbd236504e47,empty,,b546f6bc301c1229c4aa7faf6d3c88e6a99f4eb59bf02606d64822392024a0b2,2576,6
T2,TmY13,2c81c87fcf2c,e8c21941580e,b7f6c4102527,empty,,6500a3adfbfff920c21556c15b1a8a6961bb29929dfa162073fd7a0191a42bdb,1432,2
T2,TmY14,2c81c87fcf2c,28a670a5d3c8,108e91b3f0a3,empty,,ac3ba7edc6bee12643252dacf4fe99eaaf1fda7363744821b736aa6f4a958303,2468,8
T2,TmY15,2c81c87fcf2c,18fb00442a43,81c9db50eef8,nonempty,,a89900b3ad29d9a9b9bfd3b0939d3ad6e3569e699e8114c9ef3ee2fd7525f390,394,4
T2,TmY18,2c81c87fcf2c,dd5eb1fb0caf,740f2f17e28d,empty,,2b66719b45bc2466371cf1df73b886101e5bbabbccecc5752308b0d2dd4142cd,591,1
T2,TmY3,2c81c87fcf2c,607b8ed34a33,7a02818327a8,empty,,00b85380610f32f5b65bd6ca1179e5c0d258b5531292e62b24e6fa6c179d13d8,14,4
T2,TmY4,2c81c87fcf2c,887ba31d1e5d,481678afe3d5,empty,,237a854437edee6428f7e524833f43dc574136484abf9dc94357947bd1c8055a,488,8
T2,TmY5a,2c81c87fcf2c,3ad6ff7262ce,7ab83877aa21,nonempty,,e8e80d0b47bc3bbd640f997387503002b0ee5b44fb2b7ed98fe25932f7be68d2,551,1
T2,TmY9,2c81c87fcf2c,7af2610d274e,5141a25c4797,empty,,89cf83f5c8ff66700c25722c928048fa1ad7502d98e19b3f0ea1bebd5242453b,1955,5
T2a,Am,e4707238632a,ae7eec9cc6aa,c2163e3e51f5,empty,,1bdb7abec100876770ed3cd368bf7b6e1da8b0da13c31f8099acd0cd98e08cc1,372,2
T2a,C2,e4707238632a,ac7377b4f393,4d89e5133687,empty,,554d5a69c8e0a3f5c0c2542280ffec660973837d2f281ff431469a7a448bf93d,1201,1
T2a,C3,e4707238632a,6182a4f16e6d,11833ec030f9,empty,,97e078f6289ef4e0ab644a6ae158fca9842ac3f1eb7625c40cb851e0d2e7d0fc,2163,3
T2a,CT1(Lo1),e4707238632a,7c280b5b9f34,485d13007e72,empty,,4f20ea395e284bbac6678d55ec758d7fb5e8949df61f751d73d785496452238a,1107,7
T2a,CT1(M10),e4707238632a,63667a4a1a53,af542df7b2c7,empty,,5eef765c33debb5605ce9b087c45c17f4dbcb8f0dd6a288d4df42963cc432ef2,1357,7
T2a,L1,e4707238632a,ad5110ebac00,b76a15cb9341,empty,,956288b2e6a83a55c6f7e3711cf772b25a868b0ca7f31e2b6376d1d0123cdd15,2127,7
T2a,L2,e4707238632a,36f25ce16c8f,6a4952ea5d66,empty,,ae59c4ffd9027683e10d3dacdf64cc826734f93e2854cd6292c191948fce9e0e,2496,6
T2a,L3,e4707238632a,fd5e84317740,b290838befef,empty,,4bc52f627acda770a40a0183da98a277d03d4645fe48bfefd8750016956af62a,1049,9
T2a,L4,e4707238632a,7c19534e0d84,ebda17240a82,empty,,77b106afa1b25fa71c00ea971b8578904a31a30de565b058f7431d0309813fcd,1714,4
T2a,L5,e4707238632a,cc98a8db805e,ef69b9252ea8,empty,,c786a0fe088b4a4a8e1c3bcd2e5b92978119785ddd8ab84636f1bf21e7ce668b,2823,3
T2a,Lawf1,e4707238632a,2627beca1340,dbe6db74e1dd,empty,,6856e264e1247e9e4c63c67a79307e24ed5ab34445ff52e142f71cc11e02fbae,1474,4
T2a,Lawf2,e4707238632a,3a1e8d7d01c3,0dab45ae4cc9,empty,,d2ee520dc52577a6dcf51234935f385977ec17377cdfdf8dbf5bafbe706fe009,2977,7
T2a,Mi1,e4707238632a,af1ee12c7a13,718563ae9629,nonempty,,c2e9d8c117679e3e748ba4476092e1b4a49200e582863cb48f16abffcd65a526,455,5
T2a,Mi10,e4707238632a,59362ec08e0b,26863dbe9cfd,empty,,04894c03035a68af1c6573ecf1c97e122aef5b95ec2708be388740c0539ddfd7,56,6
T2a,Mi11,e4707238632a,f8c7207459cd,f23820891a7a,empty,,c988d0dff7e659e1e5675797f71427b258bfa82980fd1cd78b5335af9ecc462b,2854,4
T2a,Mi12,e4707238632a,22599a5bd694,7a51b1fb3b33,empty,,524c2423bbd843535b12a5bb5479c260785d6b42a53e706a01117ae67c394a37,1157,7
T2a,Mi13,e4707238632a,7fd7d345df8e,91622c0b5415,empty,,229dfbdfaf08a81b89926aaa72494e49f2f825fbcac6c23f3ada39e87e42b5f9,477,7
T2a,Mi14,e4707238632a,b33da6e1384a,8ad8ba71cafc,empty,,1584c67430ec8a97c37df9e186339198b2aa6fb40b08424b22d65802a7a9f006,290,0
T2a,Mi15,e4707238632a,4dd1eb26b0df,62844a655503,empty,,bc7212ddbd369d596ba2505bb02f420f1ba7ce40d55fcc01b14c36950bc0636e,2671,1
T2a,Mi2,e4707238632a,8d98b9eb6175,93f3be5c0783,empty,,39b392058962531a2250ab83d4d4eb9528b455e15ed2cc965de2e0f9526e2459,815,5
T2a,Mi3,e4707238632a,0172ab6332cf,438e7a5b2e17,empty,,d35cb32a8925889c5c5b75e560391c7d275e62b3211cd857fcbb005c63068c85,2984,4
T2a,Mi4,e4707238632a,7c9f2d10b0f7,fe5e1fafdedd,empty,,4a12a0bc208cb54bf7c6ca5142eb9a756861b92bd5664abbfe9c147b6b0cb316,1030,0
T2a,Mi9,e4707238632a,760f78ba3287,bb05796afcdd,empty,,a5e923e76d14b0c849800950d118a7aa78936baa92535fad6e83a54b532a07f4,2382,2
T2a,R1,e4707238632a,9654b247b494,3ce7334b7f72,empty,,f764451d52e7f3782f82382769e887d1a8b994c61def6fd4e936d23dbbbd9525,3496,6
T2a,R2,e4707238632a,b075082bb026,9c5445dc624d,empty,,92fd51b93dc6f989093085f3c42a919a4d0b20df8271fe23f4e6e4636172a049,2089,9
T2a,R3,e4707238632a,a9358d78ca90,d7cc11bb42f8,empty,,47d4939f7481ac3317444e43b6bf9ee8c78748c5644ed6039240103ad0925e8e,1003,3
T2a,R4,e4707238632a,d54d0db004dc,e27505683e35,empty,,68d8212022ef456bc0bc16f4e1b1baa487bd248dd2e6e231b2095d23966ccd15,1483,3
T2a,R5,e4707238632a,bf135de1db2a,43e4278e4bd6,empty,,c5d4807208abddf297b44323a0ccbb546a05d90d7e7eda7016b87827c11b85ed,2794,4
T2a,R6,e4707238632a,ef2dad65a896,0379eae944e6,empty,,2554c9845108ba602e0f32cc0083f2e7e7e509d321cd1424fccf903f35e6bf04,515,5
T2a,R7,e4707238632a,ee8007a1d4ca,825d206946d1,empty,,894d467c9af2ef21a070afc23b7ddc7b755afe910e4095501a3e57f5fc2f582f,1948,8
T2a,R8,e4707238632a,8c5b077524c1,0b8dea25bab3,empty,,5e1989255c1fc6b3167f2fcd3f761e38c715225a0a5a71a0cf185a94c6277db4,1348,8
T2a,T1,e4707238632a,7fccce4faa2f,01b9a460af98,empty,,47ac4c5ce468980a89118d8d9b3e429acbfa544b1cd7e643620d404edee1ccc9,1000,0
T2a,T2,e4707238632a,2c81c87fcf2c,ee90b2a3030d,empty,,faa0281d392959fb880b0b31ddfd9b9d946e1a94c4bfafd4d213e92b373d22de,3536,6
T2a,T2a,e4707238632a,e4707238632a,d8939e13e46c,empty,,6703f87ef4c5c45299e2c8e8a56b898c7938bdba17e39621a972c39f7cb794d2,1456,6
T2a,T3,e4707238632a,3b9aa8bb490c,6ec3b504ae96,nonempty,,e5114cffb8bf76ec36367c8b99d99be2939b52384566e6ad8b5febf812abbaf4,543,3
T2a,T4a,e4707238632a,a722a78be07c,b73728466414,empty,,68d9a5e2724c05b0eba47ebcaba85555240e48cbb465325d155ff265edcd5bcc,1484,4
T2a,T4b,e4707238632a,8dac2399d9d3,0123df6ebfbe,empty,,bc4bb4083ffd73e4a815dfb1a91305da1eb1f4655290c53ac3f57c0c602c7b24,2668,8
T2a,T4c,e4707238632a,3a2a1325fb93,b486c34c2bef,empty,,ebaaf9e4b577bbf3b0aac5360d9ea17b3bf4338d8b8c87ff4757960e855c2c1a,3340,0
T2a,T4d,e4707238632a,0645a54521a8,8ff18fe0457a,empty,,52332abc3579accebe8f848b761b2b2259caeaf133cc5c34ac42c7ff2e36ed2f,1155,5
T2a,T5a,e4707238632a,9fd1579bc37e,29f30f2345f8,empty,,08737323eced13455201a063105c5ac41e083a613c4e4ee784bac5afbc60f80c,106,6
T2a,T5b,e4707238632a,3c304e466112,1a8af7d17399,empty,,9ab86a295344925805f8c516e9316302f0a1e30c743f21d741ee24a4d4743290,2199,9
T2a,T5c,e4707238632a,4236c6342cc5,79a879de60d5,empty,,a1894365b42d92b3dc573dd3c4d6f4833f2808a3c8abcea4b685ef285c25bc9e,2296,6
T2a,T5d,e4707238632a,f0bbaae7f4af,0e53047d2ca3,empty,,5c80cadc44e9998f0813fdcedc1f6d9f2393189b2391b98adeaa7d0ee2118fae,1320,0
T2a,Tm1,e4707238632a,6b080cbcddcf,aa895a200919,empty,,e722997abd6f8d6ec1fd8b66b91d70eba2f6ea3047e0acbb604bea6cb6584bf0,3255,5
T2a,Tm16,e4707238632a,7a0908bbdc11,409ece724008,empty,,b0b7f38bac1360316f9d2c852775870afbb95909ca7622119a4ac81d8291337f,2524,4
T2a,Tm2,e4707238632a,1716679973ed,bec482b9c8a3,empty,,e9e00e075728586edc4d7cdc851de2392d1faf1ba1e08420096e69ec5e418500,3311,1
T2a,Tm20,e4707238632a,5202f2beeefe,755ef9ca2473,empty,,82f895f52a945945f34cb25bdcf58352e681f0a9bc7a15ade6689ed340fc7f5b,1858,8
T2a,Tm28,e4707238632a,0a8ba80929dc,c5b727dcd4b2,nonempty,,abaa7bab1f1d2723b87abf7851b3bab8d59998177cf8d4e78c031f0461645865,401,1
T2a,Tm3,e4707238632a,1d04dc9e4e44,e3af00a9d3c5,nonempty,,d672d21701b39a9d17ad014c8081f062f4e4c6056fa9ebafed30120ee0c239ff,508,8
T2a,Tm30,e4707238632a,fabbe5261153,449d6bd51405,empty,,df54d9fceefe25a0ddb8bcc29aeeb77b9b654e82648ffb316672374a0a76151c,3154,4
T2a,Tm4,e4707238632a,8f9d79739978,f7dfca78b3f2,empty,,11e6e2e187a6f272188e85bc3dc0de801afde85834ecdebb98a1ac42a3e7de1f,233,3
T2a,Tm5Y,e4707238632a,05257d37421c,9881e64c482b,nonempty,,9bd9921bb4c4c2ea4e11a285517c32b0a5b430b48420ae4fd31a1eb145a9f996,369,9
T2a,Tm5a,e4707238632a,e2174a9084c8,df7af5fe3b16,empty,,ce993c6255b897d6deddf283401d251332b30afbfcc2d33dd04005911129a4e6,2917,7
T2a,Tm5b,e4707238632a,5bd7d91f26e1,739de1658acc,nonempty,,f70734492215734649700daf5e66303c187ad46d6d14abebe253972badcd1e63,585,5
T2a,Tm5c,e4707238632a,2455576c666d,05011833da39,empty,,c49a6d9fcd09bce10f12c5107234b1fecc1832704b403265af236cf5ac1d92b2,2779,9
T2a,Tm9,e4707238632a,d00cef6913df,64632bfb0be1,empty,,9798854bfeeefee99ad78cb344e17660f54594bb977c22c5c637da8f34bdffab,2157,7
T2a,TmY10,e4707238632a,d1d3392c46d1,25b2d37b3f99,empty,,97c7c6ea82352ba7121f066e316e981207a4ba222f3eb61906bfb476e21cc28f,2162,2
T2a,TmY13,e4707238632a,e8c21941580e,aaa9c1c9a995,empty,,b59e1c0618878f2e8905f72fd862a2d7bdfa4fec71f39a2957ae8ce75b7c2304,2578,8
T2a,TmY14,e4707238632a,28a670a5d3c8,c82af4b24018,empty,,e7569ef7418ca59f0d27cacd06f9255e62278a1437f0bf0f033606453de7f227,3258,8
T2a,TmY15,e4707238632a,18fb00442a43,486ba4f55815,empty,,3aba84579d6e55e8308de5990f0aef9d4d5cf4c16b30dd35dbe248a19f0933cd,832,2
T2a,TmY18,e4707238632a,dd5eb1fb0caf,cd8c9a565870,empty,,da456a2f20cc84103b9584266d8275420fcf243098c0318c5d8d0614d04c1651,3078,8
T2a,TmY3,e4707238632a,607b8ed34a33,00a20a6212b8,empty,,97e67ed03a5d89243d9196de42edcc317f9abc623ea3fc363e1f130eb1cba6a6,2164,4
T2a,TmY4,e4707238632a,887ba31d1e5d,e9a169bc4d89,nonempty,,b59d9062dd1fbfc3123eb7e3b71fb7ae937056fe322585492a10dc774d39ebc1,424,4
T2a,TmY5a,e4707238632a,3ad6ff7262ce,58560bf3a88b,nonempty,,81807953fdeb1b658db384d926819a3c1ab0cace51d06c85e5f401033152b4ef,305,5
T2a,TmY9,e4707238632a,7af2610d274e,f34d1734d2e0,nonempty,,0b52642e6c029524b185513849a3f0fb74296d15c8e9efc326e4a877678b6492,39,9
T3,Am,3b9aa8bb490c,ae7eec9cc6aa,814cf6dd7c2c,empty,,6259b34c02a6a050b54cb1ab1b880c44eb117eaf5c6e687b84b79944bdc7f09b,1402,2
T3,C2,3b9aa8bb490c,ac7377b4f393,96a4db73f3c7,empty,,34646a6f247974376191b52362a54b7d3800f63e64d23e5fe8cf4b885051598a,736,6
T3,C3,3b9aa8bb490c,6182a4f16e6d,15f9d75c9e9d,empty,,b87849bfd0c6d89cc4e21cd94122f6e5e180064f248c63ceae7d001385e67dd1,2616,6
T3,CT1(Lo1),3b9aa8bb490c,7c280b5b9f34,45fbaf901374,empty,,c96062b8c169a8c3c9733055bf3ea733442e0c452532bf9418306768aac4bf58,2849,9
T3,CT1(M10),3b9aa8bb490c,63667a4a1a53,37daa255260c,empty,,92cccf5d8908539d0efdbd184a21288c9fb755bbd4d5d20ffee6eaac5665f9b3,2086,6
T3,L1,3b9aa8bb490c,ad5110ebac00,60e3a3fc8308,empty,,ea7aca8c8f17922ca7c3c06a055964cfdc1c92144ed5504030994dbe21fbea4c,3319,9
T3,L2,3b9aa8bb490c,36f25ce16c8f,1a2abc313c96,empty,,7484c4bf16f95e38a45a1e34ed5c29636d7469cf4be464a758125cf75c1f7a46,1670,0
T3,L3,3b9aa8bb490c,fd5e84317740,b6ea6cae7c28,empty,,a2aa17f4020f96bc7898363357a9e4de86396d54dc3406e182902db192dc9cec,2319,9
T3,L4,3b9aa8bb490c,7c19534e0d84,3064fb2dd615,empty,,34782315086b57e950f18e1f9ce93e515fd8cec535765802a885a6b45ca41baa,737,7
T3,L5,3b9aa8bb490c,cc98a8db805e,71ae3233b7cc,empty,,543152b879fd48b96a0406866032e8cd3387b3503dc9bda50f6b707a10273e08,1183,3
T3,Lawf1,3b9aa8bb490c,2627beca1340,e16365dd7771,empty,,be3e697ff25e088ec69125efdab7f2ec93b7c92f4039e1316d85ea3b49f4dc0f,2691,1
T3,Lawf2,3b9aa8bb490c,3a1e8d7d01c3,3f1f666f9729,empty,,e1543959c892aa28014973be37c1cfbd49765dacae356ed4a9cd4029bebd3dc1,3180,0
T3,Mi1,3b9aa8bb490c,af1ee12c7a13,971617a87f9b,empty,,21d31e239eb8439d0b79a2d6c25afb7398d2e7834499c0d16e652e56bf632a8c,464,4
T3,Mi10,3b9aa8bb490c,59362ec08e0b,40a59cbbb0d6,empty,,934ba4c6fbdd62f294c5ae0e6b80d3fe128515f1a5d8cb5b1d9a96d651be0fd8,2097,7
T3,Mi11,3b9aa8bb490c,f8c7207459cd,f2793e87cee1,empty,,fbfaf23934ac33b26cea0872687108af61d9731b9032ec74bd575fd64b7f4644,3554,4
T3,Mi12,3b9aa8bb490c,22599a5bd694,9b6d63ebf6fe,empty,,4347391eb87f3ad4a6c6923c7f4079c78f79ec7fcfc2a028e166a9571253bdd2,937,7
T3,Mi13,3b9aa8bb490c,7fd7d345df8e,250d29d5a969,empty,,f2754fb5951943747692dad4f02e2ad3f70317ab62bcfe71318717b70c34dd86,3423,3
T3,Mi14,3b9aa8bb490c,b33da6e1384a,97d19e77c032,empty,,b5e6939b6e4a544ca6f3b0383d735d9b396fdfc51fb6ca2d80b4ca759e4fe435,2581,1
T3,Mi15,3b9aa8bb490c,4dd1eb26b0df,77bc268bd96e,empty,,170d20e1ad67607ae45824b7804ae9dcaf9dc5e31b06b5b4ff62d76f3082d2cf,316,6
T3,Mi2,3b9aa8bb490c,8d98b9eb6175,263663e17233,empty,,d29ba121047766cfbca3615c7880a303a1459641c2430f1dfed29f3eb7e66f2f,2973,3
T3,Mi3,3b9aa8bb490c,0172ab6332cf,dbae598aa6d0,empty,,edc04ec5fa547a2c1d3b3e7182812193938644b0781b193bc3acdd0afbb2687c,3367,7
T3,Mi4,3b9aa8bb490c,7c9f2d10b0f7,4284165080e0,empty,,e26dcdd652c14ba42b5ccdb36d2abd32aa6390631dd697e20233fa04d4e0471b,3192,2
T3,Mi9,3b9aa8bb490c,760f78ba3287,2d537e573f7c,empty,,4bc66279e485f1bd8e22e8879b40b0111509887933135879109e302731a78f03,1050,0
T3,R1,3b9aa8bb490c,9654b247b494,c7036a34ea91,empty,,104beb85adffcae1f845d21d573d416d011f74b77d9582b6240bb757794cc89d,211,1
T3,R2,3b9aa8bb490c,b075082bb026,de09d493f78e,empty,,3d211369f7b0c8d36d3521de1ca2ef9a2f7df24f472fe35e13065591a199b6e0,866,6
T3,R3,3b9aa8bb490c,a9358d78ca90,3c209e2e4431,empty,,428ccaaade794657a928ed9222129767339fddb3b7853f3ba5338c56c26bfb0a,927,7
T3,R4,3b9aa8bb490c,d54d0db004dc,6724939d8b29,empty,,14fd41ee02cc7defdcf6e39c17a0e94adcf8191df953ce4493a667f6abc3d86c,282,2
T3,R5,3b9aa8bb490c,bf135de1db2a,943f56f2d2b6,empty,,73128ec6d4821ca9f798d709816108981ae6f3f956014331335e3c1c103447d0,1647,7
T3,R6,3b9aa8bb490c,ef2dad65a896,e833542fed29,empty,,42526957aea55cd9b02ce22208b85c6f564cfc689ff24887e43dcdee301612fe,925,5
T3,R7,3b9aa8bb490c,ee8007a1d4ca,cbe37cb80c6e,empty,,15edce8f5607cabf3d5b4cb529a938191bfa135c762117a774021572f055a7e1,295,5
T3,R8,3b9aa8bb490c,8c5b077524c1,aad2417c7e5c,empty,,bccafeef31054ebd273fc2e72f41e42e910a15a88923f408bb02aa9ebc3dee10,2678,8
T3,T1,3b9aa8bb490c,7fccce4faa2f,789e5d9f2781,empty,,cc3845fbec5e225701a851d7ea9015731d27d976ea2fcc02703ea5aebeb87ed0,2887,7
T3,T2,3b9aa8bb490c,2c81c87fcf2c,7808f161606c,nonempty,,c8d6b526c8b072d070fb44e47335351eff405957c7ad9c30b9e423d510114960,476,6
T3,T2a,3b9aa8bb490c,e4707238632a,dcfb28f40719,nonempty,,734b89527248472adc11be197212cad27bb1df5536d974a360295b283054faad,270,0
T3,T3,3b9aa8bb490c,3b9aa8bb490c,85bd4afcdcb3,empty,,652686596c01c53e5e95593cfb444eaf87104fe3740ef573f1fa5ef91c13e503,1436,6
T3,T4a,3b9aa8bb490c,a722a78be07c,a96974d8a5cc,empty,,764b031a2f75058bb6eef0bbc3ee781a6b6e730813b27ff2de262be527a34c4b,1692,2
T3,T4b,3b9aa8bb490c,8dac2399d9d3,5366e9f5d786,empty,,c6557b90f179c7f75aad9073c5ccb03e228196d76e2acef574506805683835d5,2807,7
T3,T4c,3b9aa8bb490c,3a2a1325fb93,a84b9c2c9101,empty,,ba8da270236305916702845b544fb5c06f53ece6d70ced0f4c96b8fbf704bfd0,2648,8
T3,T4d,3b9aa8bb490c,0645a54521a8,f1b0477b915a,empty,,fc2a774f1df7528b7b5d791942358849ab43902582d018237a663cbb5dea9412,3560,0
T3,T5a,3b9aa8bb490c,9fd1579bc37e,7a3a607c74d8,empty,,cebebb9baa6206f12c8aeeb235b59c85473a494ea0cdf01371514161763a0de7,2919,9
T3,T5b,3b9aa8bb490c,3c304e466112,a89ae050092a,empty,,57e1599d6e3146aa7599cea921c164b6a32d8f3288e3c18436c8ada8c312574a,1247,7
T3,T5c,3b9aa8bb490c,4236c6342cc5,ac4773023489,empty,,06120ec2cdb12d3ee1222d56ecbe86597ef61f0840282f8b5924971e34ba565a,78,8
T3,T5d,3b9aa8bb490c,f0bbaae7f4af,2a43d905bcc1,empty,,c706b9db7cafb570b156579bd6d99709a21584f6df52f9f0b2f4969f4a45fa18,2816,6
T3,Tm1,3b9aa8bb490c,6b080cbcddcf,0bf338ea68b7,empty,,0a03951dd9e15d9093a1d1ad610f146019d8f2542235d0761cd8578d8821610c,125,5
T3,Tm16,3b9aa8bb490c,7a0908bbdc11,c2812230d38c,empty,,1a48ef37d1352be8bccf334b68be8d7806967a1f6faa188debd2014b28b5d05a,353,3
T3,Tm2,3b9aa8bb490c,1716679973ed,42c8bdd5ea23,empty,,b799ef2598d9cad3e9f2f97f4e6979133eb3c514bafc7172548e9b007389e818,2601,1
T3,Tm20,3b9aa8bb490c,5202f2beeefe,e883e8b7325a,empty,,00a6c4c9e3d488785a5e6c8f079829970030f1fee239fd7a91460251b1046109,13,3
T3,Tm28,3b9aa8bb490c,0a8ba80929dc,57aecb2a80e4,empty,,9c6e09a087f1c1936413fa7f72f0a4a463df869c3435d08d21333bd60cab7d69,2222,2
T3,Tm3,3b9aa8bb490c,1d04dc9e4e44,992bbbc8f2e9,nonempty,,7574d1cb9fb7a7d46bd0308e3a262dd09224d5ddb59941c972bde61dcb796f70,278,8
T3,Tm30,3b9aa8bb490c,fabbe5261153,f769e69056aa,empty,,57422c0665406d086c04da49d09141e2a314acffb04adaa74978e50b05f967a7,1235,5
T3,Tm4,3b9aa8bb490c,8f9d79739978,77724c5ccb96,empty,,ee1e637817d423f5d47434f1bac45c5e92f92e06f4a166cbbb4250193dc7324c,3371,1
T3,Tm5Y,3b9aa8bb490c,05257d37421c,44320e2fad27,empty,,fe919f534926d9c934d55228bef4860ab87fe273e29725df41ceb792dc4d8275,3599,9
T3,Tm5a,3b9aa8bb490c,e2174a9084c8,d9aa7779ce25,empty,,d4c2bedd9213f6b16ed0b94e356bb6425bdc0f18eaebb653a8074ac4b00233e9,3005,5
T3,Tm5b,3b9aa8bb490c,5bd7d91f26e1,c9243c255d03,empty,,2932229bd683807512153b347e36458eb4c6cdca64275389978bb5260aaa52fd,562,2
T3,Tm5c,3b9aa8bb490c,2455576c666d,f7123c648f3f,empty,,949f02829b70a924f1fe88a353c141f9d3c51cb7fa1eb67274f9857739006abb,2116,6
T3,Tm9,3b9aa8bb490c,d00cef6913df,442771cfc09e,empty,,08e8a7ea4e793fe4425f9753c1cb9369913b29bff88b8cc4d19a64ed53a26b41,112,2
T3,TmY10,3b9aa8bb490c,d1d3392c46d1,5f23888aea51,empty,,7e6341490650a70a488d02c648ad9bd850479a5246b5a738797e93bdd6243af6,1797,7
T3,TmY13,3b9aa8bb490c,e8c21941580e,2bf756789b42,empty,,44bef4db091afa46e10cdee943cdab20713283582a1072c5be66ce7d244f78c4,964,4
T3,TmY14,3b9aa8bb490c,28a670a5d3c8,c388aeed84f4,empty,,937365c5fbba90691590802e0da5b5d09abc59dc4de00787716068162df7047c,2100,0
T3,TmY15,3b9aa8bb490c,18fb00442a43,fc685ef24a21,empty,,65fcca14c9ebd4e295c4639d3b123b179a82f32c59453d6a9e21f9a636acf2b3,1441,1
T3,TmY18,3b9aa8bb490c,dd5eb1fb0caf,367bb3884cdb,empty,,f8eedb00bf2bd96a230d37e63f6c1cb162eb672a43ee4c1b9814e3bcfe919e65,3513,3
T3,TmY3,3b9aa8bb490c,607b8ed34a33,6f3b6b698f36,empty,,2821f752d501143e7f30a295bc798d2c670e7f76962ddc18528a34a2cdfbad89,552,2
T3,TmY4,3b9aa8bb490c,887ba31d1e5d,e10670904874,empty,,1c5350f7f53aa713fef23aef7a8787049cee89b82f2603ab32c0d4e7c1ccc3dd,379,9
T3,TmY5a,3b9aa8bb490c,3ad6ff7262ce,41fb5562a713,empty,,562f0a9a2e333fad5b17ff4accd4f75be42859b8c0cf12a3e0a86b4036d8e3e5,1219,9
T3,TmY9,3b9aa8bb490c,7af2610d274e,3f00042d6fcd,empty,,1451bc35f5e8640cd94dccb2438e0994fe85440fb16470af8c42a329054af4ba,271,1
T4a,Am,a722a78be07c,ae7eec9cc6aa,c5e4e88ea830,empty,,a320ae4042031dffd3bcd6b63e96e98d2da09ca781ab52eaa03ea26ad01b10eb,2328,8
T4a,C2,a722a78be07c,ac7377b4f393,7ded70ac3c8c,empty,,8ec0306f2df74c5fe67e4466f230ae6f8bd3804a85ef0dfe8530d15edf36ca80,2023,3
T4a,C3,a722a78be07c,6182a4f16e6d,36e0182d10b0,nonempty,,116acf4eedeb973a02042958a9cb607bdac865fda14a14010c1fd6f95bb96d6c,53,3
T4a,CT1(Lo1),a722a78be07c,7c280b5b9f34,359e4ceb95a8,empty,,99a59d2022f75e4a1abaeb85e8fd6ba4e4f5ec85d82b1c95ec10433f96c721c8,2186,6
T4a,CT1(M10),a722a78be07c,63667a4a1a53,59020fc95a87,nonempty,,c5501e98895ca96331afb90d75ce46b382178db0bd7fea4f246b4d9350034da4,468,8
T4a,L1,a722a78be07c,ad5110ebac00,21cc182f4b61,empty,,c854dc07c724a8e0ac1a562b86cc0a7ea48bce23203ac62c73c94132e88fa747,2834,4
T4a,L2,a722a78be07c,36f25ce16c8f,a86f60a7847b,empty,,3e634ec1acfd41ee0f331354ff3f1bb8643b7558d6b09152967d94783d3eb87a,878,8
T4a,L3,a722a78be07c,fd5e84317740,aab799a3c83c,empty,,144dbabb54b314e0b7c3798beec945ddb9638a0f2c7b557090c111e4b29efa69,270,0
T4a,L4,a722a78be07c,7c19534e0d84,b7fd4e8af3a4,empty,,d0fe4255416c64336de4e718d049cf82849c5dcc84c12b5f184af15208c17480,2947,7
T4a,L5,a722a78be07c,cc98a8db805e,f949a1991004,empty,,af65e3cf3136c0afa319c9302f25c6ee61d9f250c5aca01a0bea90df20911ce9,2511,1
T4a,Lawf1,a722a78be07c,2627beca1340,34245b64951b,empty,,71e85331f076cc29b3fa6619b4515980c6a685dd0c074ac9021694b2829a3017,1625,5
T4a,Lawf2,a722a78be07c,3a1e8d7d01c3,ee06bf128ac9,empty,,93e461c40207509a8d99079dd060491c2d4a11f996a6c5d0fb22d3b670e62320,2107,7
T4a,Mi1,a722a78be07c,af1ee12c7a13,6f3d69c5ebf5,empty,,3654c626ca1f76e9bfc90a750f956352f5232b7af434821bac3945174d266ee7,765,5
T4a,Mi10,a722a78be07c,59362ec08e0b,7267df7d7b16,empty,,f2ffa91f7821583c99e6b29545772d6ad9d7dcddd2e3c6eeeedbf99066bae2c0,3430,0
T4a,Mi11,a722a78be07c,f8c7207459cd,e73f164bcfd7,empty,,fd3485a721fd96af3bd0d05be9ebb41f0d3584901542f8dffeaab71b1385ad4c,3578,8
T4a,Mi12,a722a78be07c,22599a5bd694,e47793c3add0,nonempty,,12ecff3742c0e2118c9ca17c0fc6d685a831414a3f01f9d7278eb01c0ed124eb,60,0
T4a,Mi13,a722a78be07c,7fd7d345df8e,e36b35fd6143,empty,,eb287b378293f25dc07ad01348f7d2f1c9fc66ee12fc6d97db1ed245bb3eed51,3333,3
T4a,Mi14,a722a78be07c,b33da6e1384a,0c7a3a39a3e7,empty,,0f3774d260846934741141c47c2d591d41a5eac5282448f4e4c910de2902e659,197,7
T4a,Mi15,a722a78be07c,4dd1eb26b0df,1d5d03dbc28a,empty,,a195f81808fcf259f94eaa21ed3d3af36e904edc34258e9065a51b016efb5547,2297,7
T4a,Mi2,a722a78be07c,8d98b9eb6175,bcf6810cd4c2,empty,,14093d437146d57deaeee3d7fc6bf39846a39afe03169cf30780ec91185f64c5,264,4
T4a,Mi3,a722a78be07c,0172ab6332cf,d5a97bbb16b8,empty,,fef0a5397924c895b7afdf45d655b7845e99618cbeb29ee9d3609a8f4523997e,3605,5
T4a,Mi4,a722a78be07c,7c9f2d10b0f7,d0032f76528d,empty,,d490c80dc384485fccdd242e153de86a5c4e7c285948cf5380f08016e56a8ea1,3003,3
T4a,Mi9,a722a78be07c,760f78ba3287,b15e207e431c,nonempty,,c3adbee2426ef9a8b566f0c3a1349779c251df4a84557291df5c46fbc29999ff,459,9
T4a,R1,a722a78be07c,9654b247b494,83418fa99cf1,empty,,dc6ba1f79baf0d6d8ca10c407a882507633117eec96d1b107da856d665268702,3114,4
T4a,R2,a722a78be07c,b075082bb026,4202c4405473,empty,,9c9fab036698dd6c78c7b1525a8b7261c1a74964a53f1b0bfc5382f77f7a4d7a,2227,7
T4a,R3,a722a78be07c,a9358d78ca90,84a675019fd2,empty,,31aadccb4672ecce34069e8579fbddd3dc37b81427803d2f64ba210e5daa8a50,694,4
T4a,R4,a722a78be07c,d54d0db004dc,5f0675c7b6cd,empty,,497b691da2c7ad7b23f9ea7cee96654bd28eb0eab16afa7988381b0afc6dfff6,1021,1
T4a,R5,a722a78be07c,bf135de1db2a,0304eb33af74,empty,,ee2fea7c36da460259d53c36276c6baced656ff6b6f2c9fe0f44be1a9661292c,3372,2
T4a,R6,a722a78be07c,ef2dad65a896,573a06325369,empty,,58c38e0f77d773b8bc91d20c152174050c10b0f61771138cd5df88452114b83e,1262,2
T4a,R7,a722a78be07c,ee8007a1d4ca,384b80617798,empty,,e40656a58dec3dbe0143b73787f6f172fa532342d1c33887c427c191919c8e89,3218,8
T4a,R8,a722a78be07c,8c5b077524c1,0c4b29bff0d6,empty,,c28f7599ede78caead4819cb2d0ae4515ecfeff1b8097f14c6fad5f6a7fa3957,2752,2
T4a,T1,a722a78be07c,7fccce4faa2f,aca84ba4db90,empty,,6350bc440598e293e1cfcb8357b280cc6a23196c12db45d8f457ee22eca1b376,1410,0
T4a,T2,a722a78be07c,2c81c87fcf2c,de5394f22897,empty,,671d0dc8e74def2851a779a5cbd82f54b1fcbce3a777ad369d384fb5c17564ab,1459,9
T4a,T2a,a722a78be07c,e4707238632a,265b940c9da9,empty,,bb5b4ab03c18e46283ebe26014db9351b42756c10b53f016093a9134e5a1f4e1,2657,7
T4a,T3,a722a78be07c,3b9aa8bb490c,cf903a5cc932,empty,,df16014ad7f881357be301827459a384afc170e482424e6d319d3ce31466105b,3153,3
T4a,T4a,a722a78be07c,a722a78be07c,e99426ca9433,nonempty,,3251b3e5087565cb24ea18354ab04c9fc0cf7d69b6e3bc87beaa4245b27271d5,135,5
T4a,T4b,a722a78be07c,8dac2399d9d3,e9e834953d40,empty,,0908e92fd63709226db62a2d80072224acb6aad9adedf183cd45a9a9bf0069b7,116,6
T4a,T4c,a722a78be07c,3a2a1325fb93,b5200aea9761,nonempty,,007d520faaf3dcc4595ca13f7aa2b87e0fa5a576a887dc65d0537980e4ad1200,1,1
T4a,T4d,a722a78be07c,0645a54521a8,7d9ed750f7e7,empty,,f395ed49a934889d6973af5ec13f99fe70684b6fe0741de132450c1c73334fe3,3441,1
T4a,T5a,a722a78be07c,9fd1579bc37e,43f7241c6222,nonempty,,d2762a909bedee2ba694cd5064751224816e84f65247f5168fceecc931b894a5,495,5
T4a,T5b,a722a78be07c,3c304e466112,b14a665ebe7a,empty,,b657a27a9046d9c842ad7048fe7faf5665955e6cdbac7a9c84840520169576ea,2588,8
T4a,T5c,a722a78be07c,4236c6342cc5,9b17128ad425,empty,,8dfbe1a2ae11fa9ae6945434df9c8a103aa17e946f421d948813d7a375746f90,2012,2
T4a,T5d,a722a78be07c,f0bbaae7f4af,6c49c0d0c2b8,empty,,3b7ab6717d9d137baa7039de8e747a278c079ce796e5c4857ee0851436021759,843,3
T4a,Tm1,a722a78be07c,6b080cbcddcf,4f413135f51d,empty,,802bd28e5bcd4230b3e3a8ec0902a336ad6c85bd08f04ecd509e905ed6a892b7,1820,0
T4a,Tm16,a722a78be07c,7a0908bbdc11,7e19ce019f3d,empty,,abe33484c330fba20d72a4cfd1c38eda98560df24fd57019bac9c83f080df9dc,2461,1
T4a,Tm2,a722a78be07c,1716679973ed,8b4c4a73b3f3,empty,,6a658397b3d84fa8ef16f06b5199b09bb4a424f75693322f38a98a063b069903,1507,7
T4a,Tm20,a722a78be07c,5202f2beeefe,3de87e8fcb19,empty,,8ec52b44042192ebe26873f7f06c0fa6cd531550b30a1ac64094e329dc6f4a7c,2024,4
T4a,Tm28,a722a78be07c,0a8ba80929dc,e55e2a344564,empty,,97a8f0f70f36224641dfab253be25f433cff4b46af4b9ba1e67b9649645da53f,2158,8
T4a,Tm3,a722a78be07c,1d04dc9e4e44,7505124c4c57,empty,,e230ccc4e1d800756426bd0b435ff3bad5f6f3818e931bd88f7f46afbb41a3a5,3190,0
T4a,Tm30,a722a78be07c,fabbe5261153,11ab4bc3d835,empty,,27caa83ba976ae9901c4903e4a0d41b1cb517121c7e997ce6f3d23c72569b072,549,9
T4a,Tm4,a722a78be07c,8f9d79739978,051736659be5,empty,,3331005c47d648fa5227cbc66083f523d350229489a9fc3ef5d4c491b3d90544,719,9
T4a,Tm5Y,a722a78be07c,05257d37421c,836911f0c0de,empty,,50edef7cd402edacd3f87cde7426e51f0602445b4fc3841947b85a7807cc43fd,1135,5
T4a,Tm5a,a722a78be07c,e2174a9084c8,54e433ae34a4,empty,,e1c69ebf3c6863581c6876931a7dc2c872578935adec8e41879b3fec94113f3a,3187,7
T4a,Tm5b,a722a78be07c,5bd7d91f26e1,5a6134aae76f,empty,,956dfc1d2161d55605566b4940feaa9308f5586b99f2064bbfc39953ed642f75,2129,9
T4a,Tm5c,a722a78be07c,2455576c666d,a586137bda62,empty,,742a8f6259b197248924796b83f7006b33aed942040b822f43233cc68a988a12,1664,4
T4a,Tm9,a722a78be07c,d00cef6913df,67de2af4b555,empty,,6e69453f1e30e0af934fc4854875344d8892a40b6e0ab47796e587a6006e3d3a,1575,5
T4a,TmY10,a722a78be07c,d1d3392c46d1,efae214eed65,empty,,c375a353f77ba0e926edef98dd3997f7a4d0a5a0ad359ba96c877c1e19c019b2,2763,3
T4a,TmY13,a722a78be07c,e8c21941580e,a3fce78a0bff,empty,,d845a49698dccc53b4a031eccfd653eac7ec35ccd9ec16b8258d11c350da51a7,3058,8
T4a,TmY14,a722a78be07c,28a670a5d3c8,2eb08e528c1f,nonempty,,093a7937694c51b6fa81e420cdacb36ee0383301db9886bac663869b42f71371,34,4
T4a,TmY15,a722a78be07c,18fb00442a43,6db5182e680e,empty,,6b6f9c487987646daffeeb0b4fbc7172cced279209e2fed0cabff35313cef5d4,1531,1
T4a,TmY18,a722a78be07c,dd5eb1fb0caf,014fbffac902,nonempty,,c734266f17ee00181c95d448836fa9317a2829dee8383ef61fef45e13397a13d,472,2
T4a,TmY3,a722a78be07c,607b8ed34a33,bd154ae05d0f,empty,,27307fba05a09209cc841c3da1dd56aee7ae519a748ca76b5f999999e2dc4a7d,540,0
T4a,TmY4,a722a78be07c,887ba31d1e5d,0e9ecc75b0cd,empty,,0825cdcf3b7d3e64586085c3fb475c7622ad91b8e25374c842b1cd5720ae7a95,97,7
T4a,TmY5a,a722a78be07c,3ad6ff7262ce,c969a677fb51,empty,,83f425314c6e59a0403ffcafc594641b5b5db0663030cc1fbabe62d5a98502e0,1878,8
T4a,TmY9,a722a78be07c,7af2610d274e,ddee8148a13a,empty,,b94091560f68436aa634e3d1ee8c2a94160f568127f44c739a3c47865fa5a646,2625,5
T4b,Am,8dac2399d9d3,ae7eec9cc6aa,9173c0e3d58d,empty,,e2d7609bf8b0bb72e9b5eb68a8c8d752e077f22bc530a243e44d72988d0c3417,3200,0
T4b,C2,8dac2399d9d3,ac7377b4f393,03221adec289,empty,,c79507e8e027c60ea3aebf5844fac855a6a139ff9660c180457cc1374a335ab0,2825,5
T4b,C3,8dac2399d9d3,6182a4f16e6d,ebd43e7ef754,empty,,f46d35d43cfe044e9e9bdf6f1a915649a787939cd8a9ce13bc693c2930aee24f,3453,3
T4b,CT1(Lo1),8dac2399d9d3,7c280b5b9f34,5c580e2ffcf8,empty,,362b9e8966fb5352b399bae7df58685c9e56f4c08b21b6293ee92891f01092d2,764,4
T4b,CT1(M10),8dac2399d9d3,63667a4a1a53,e867ef8fdbdf,nonempty,,1c91323d4e5b5ca6ba3affcb898d24573e95ebf3a50043b7e552c8f462999a03,81,1
T4b,L1,8dac2399d9d3,ad5110ebac00,de9518b9d2a3,empty,,143cab120dcef2455603871e3a9072ca3b6313f2b7c2f1757bd4e30e3a778635,268,8
T4b,L2,8dac2399d9d3,36f25ce16c8f,03ee38b2db7e,empty,,4d92009ab4a66a56de5b0548111c720b7727afde9aad61e46d5df60dcff60493,1082,2
T4b,L3,8dac2399d9d3,fd5e84317740,05baee5d5b0b,empty,,820e49c630a9fb63b64ccddf575f737346b034e79dc36fe96b042dd8ac5ea612,1849,9
T4b,L4,8dac2399d9d3,7c19534e0d84,a86253c53f37,empty,,b7f6c149523489d05adaafc4e044496e4a0b7e003775a93afcdaedcbe35736c3,2607,7
T4b,L5,8dac2399d9d3,cc98a8db805e,ec798bbd1082,empty,,fd81fbc42ec03b5b7072953f1b216b921c7bce0849fb86b62c5b20f5aa0e8b89,3586,6
T4b,Lawf1,8dac2399d9d3,2627beca1340,5e4b4877b197,empty,,7e52de441794343cf563c7088a7f3365edc53f9a4b5680c6bbc818829a978336,1795,5
T4b,Lawf2,8dac2399d9d3,3a1e8d7d01c3,dd5fd0dcba2c,empty,,8901482560ef919ceff0b728bbe09864f94a6988d5848c9521026c1400892f26,1946,6
T4b,Mi1,8dac2399d9d3,af1ee12c7a13,ed6194bcb5de,empty,,da0b6f8a57fe0b73de28857f9402108a436bf34288f30af95554df30658b615d,3074,4
T4b,Mi10,8dac2399d9d3,59362ec08e0b,04df51c31dba,empty,,1d1b4faa4bf920fe232c82dc7ef427ea9e4eb7e8c74e9087225a6e68032405fb,394,4
T4b,Mi11,8dac2399d9d3,f8c7207459cd,7206059a49a8,empty,,9431c7b54c69dd82b44095565a1a3ce24d8e5525cfa8a2e2b3a177acdd593aa0,2109,9
T4b,Mi12,8dac2399d9d3,22599a5bd694,aa1595e6d75b,empty,,583c92213df6a0f747e5a8ad20e32ed254d937302d4dda15a0ef72636985bda0,1252,2
T4b,Mi13,8dac2399d9d3,7fd7d345df8e,b871750655f8,empty,,107884718c91c216fa9e66a661fdecefd5e2d14a065b0c8b01a057b7d0541588,213,3
T4b,Mi14,8dac2399d9d3,b33da6e1384a,a07808619aee,empty,,5aedeb9068ddac76f0ade0a3456f7bbc5d98900c846943c80d01da8db5b65a49,1297,7
T4b,Mi15,8dac2399d9d3,4dd1eb26b0df,cad6cbbe5a63,empty,,60db708cd5b4b1e904fda7993710f36493671d112d2fd9125aca52dec97cb862,1386,6
T4b,Mi2,8dac2399d9d3,8d98b9eb6175,5f39fbc6f91c,empty,,59964ed5d52c0ac560cb744c9a75a694400db0548ed14e6713e261ca1c3837cb,1276,6
T4b,Mi3,8dac2399d9d3,0172ab6332cf,1b0ff01e72f9,empty,,3b2e88be63b13e1fd7e36a6e9de16bf67d89abf6e092483821d9d7a029841df1,840,0
T4b,Mi4,8dac2399d9d3,7c9f2d10b0f7,38afe2b55ebd,empty,,d6c81d66811be15c8a0d8d10ce5d189626d597bf2e00f8cd296d91f74506d62f,3032,2
T4b,Mi9,8dac2399d9d3,760f78ba3287,80efc31a42f0,nonempty,,2bad070fe1695e669dcffbdb8359979378fdf8d01aea24d1d3bbf5558693709a,116,6
T4b,R1,8dac2399d9d3,9654b247b494,d700c0f0aae7,empty,,d2e2c45bd69db0c5d5aa37e5a8471849e2c12933f11bd49cba6e557daa1f012c,2975,5
T4b,R2,8dac2399d9d3,b075082bb026,6e959501b6b2,empty,,6352511f7254fac457f21e99629fe5925de3cd4e4ab1e94cbadd7f4b847db5e0,1411,1
T4b,R3,8dac2399d9d3,a9358d78ca90,afe6014ca565,empty,,220c95bc4a88fe4a4abf33ba0375e671661686952fd6f394e8df9fddd7782ccc,467,7
T4b,R4,8dac2399d9d3,d54d0db004dc,d6b80e68852f,empty,,fa32b547f707d6a0cdc07416764633d14d053139b09778e34edd9836d342f2b5,3531,1
T4b,R5,8dac2399d9d3,bf135de1db2a,6bbdb55547cb,empty,,4a94dee7dcb0c1ea82c9b788486075ae7ce58e9eea92310cb5060db0e75d5606,1035,5
T4b,R6,8dac2399d9d3,ef2dad65a896,9c61e3f5a78f,empty,,7cc811d98cf29d71a34ec2cbc2625985182e31f64ad8edb3772ebd4734be9a75,1780,0
T4b,R7,8dac2399d9d3,ee8007a1d4ca,cf7899b3f7d6,empty,,6474803405e8cb679a293128ee1a751abc989515da08077d1c18e249eb440800,1428,8
T4b,R8,8dac2399d9d3,8c5b077524c1,12ab6d7ff4a8,empty,,ac70db6abdd8b8d648862493bc3aefd18178b29a26ec22ec9af73c0ef7456936,2471,1
T4b,T1,8dac2399d9d3,7fccce4faa2f,cc9d12a59b22,empty,,2ea3b65b26a7a96673b908de48fe84790d6dc6cd79a3ac98870a9719e8a39f39,650,0
T4b,T2,8dac2399d9d3,2c81c87fcf2c,3c38bf480f3f,empty,,7a337e725eabcf9139d9600a565328d5dfeb72b4f97ced846423cb171e2fa542,1752,2
T4b,T2a,8dac2399d9d3,e4707238632a,be382e60a96b,empty,,6ae321e4aea177afe0b474856c0e7a065af0425f55ae29ea612711da4950c396,1518,8
T4b,T3,8dac2399d9d3,3b9aa8bb490c,8d04190660a5,empty,,0e04055fbe2c3951b4f2b3a09c38f7995f28ac2e3047fae577b7719ea83843c3,179,9
T4b,T4a,8dac2399d9d3,a722a78be07c,0439fde876fb,empty,,69e488c20f8dad1fd6eaf6467c81fdd1eb9a03fcc1db78e13226111d91ab8e15,1499,9
T4b,T4b,8dac2399d9d3,8dac2399d9d3,b8b46e0f47c9,nonempty,,0532b5054f9144bc13d8454428b79e3cf189429c33b507ffa71331d270fa6cb2,16,6
T4b,T4c,8dac2399d9d3,3a2a1325fb93,d6a9966420b3,nonempty,,01847e257698cbf6eb4d4f36e70f619a31dfd1c4349870109601d14a108b5158,3,3
T4b,T4d,8dac2399d9d3,0645a54521a8,923dadbf7575,empty,,83391cf4aade3c0948c192e1221058cfaa34a2163d82ed2f1dfaa94ee25f1d41,1861,1
T4b,T5a,8dac2399d9d3,9fd1579bc37e,a301009fea4e,empty,,319d5df403618b149cb45fb3e3065b6f21d3f30209baa2580620560ccb6caece,692,2
T4b,T5b,8dac2399d9d3,3c304e466112,be58a9f75002,nonempty,,eb388b47b4ead2b9bd99d756b6a10cf48ef58c3cf773b41e83dab0cca588f73b,558,8
T4b,T5c,8dac2399d9d3,4236c6342cc5,f8a7f9ada0a1,empty,,acf15227d25b9e1cf3badd4ebc4a4807c393db10f1c681a2ba07aeb44c3cbb92,2481,1
T4b,T5d,8dac2399d9d3,f0bbaae7f4af,021e58e8f824,empty,,d712b0bcbb3ddd3ea3bcdaeafe90c12c851758c09e63b138ae38c6ff52a0e788,3038,8
T4b,Tm1,8dac2399d9d3,6b080cbcddcf,4d79f3ae139f,empty,,2b3560e49d284c2faa1f1c1a7a7fe663277cdc62c86669aa96a53e4809418121,588,8
T4b,Tm16,8dac2399d9d3,7a0908bbdc11,cd09d1784c13,empty,,4f54ed2b65e19bf75c94007450b2533b93779470d41f924bc58bbd0ed2549f5d,1112,2
T4b,Tm2,8dac2399d9d3,1716679973ed,e3d9f4d78080,empty,,f52d51d02847b34c01b8de377e98319671430079a856e765607eb5abae908bcc,3464,4
T4b,Tm20,8dac2399d9d3,5202f2beeefe,ffc490fa5904,empty,,858602e125220f920fa93204f0751f9c05898c18319f33044bce52cd388a3a7f,1903,3
T4b,Tm28,8dac2399d9d3,0a8ba80929dc,2ee1a2190536,empty,,0c086844c935a4f84891a7c84709b212f1424b1825b09aa26ab8c95939e92db0,156,6
T4b,Tm3,8dac2399d9d3,1d04dc9e4e44,0fc6022f0dd0,empty,,f78eea608b043836214a4b9ab152828b486cd115df17c4acc420b677c39fc852,3497,7
T4b,Tm30,8dac2399d9d3,fabbe5261153,cac18b6cc907,empty,,555993fb38de9c1d7f8bbe3928cb34694dba3516535cef6caf20022d48913096,1203,3
T4b,Tm4,8dac2399d9d3,8f9d79739978,fef6b390161d,empty,,0ae67a89ead9a6ba900c0c0dc7deeee3b6df67124d3c52af91754696b52490d2,142,2
T4b,Tm5Y,8dac2399d9d3,05257d37421c,71ba200335e6,empty,,5a33643094ce73e53cc7cf7d5ee55b96a523e810465a81c07a5fd5c8b63d8624,1286,6
T4b,Tm5a,8dac2399d9d3,e2174a9084c8,e20441aa0120,empty,,0a8261f33101ac8d9ea8628b846d2880c3ea8dd178759fb48732c769ec65118c,131,1
T4b,Tm5b,8dac2399d9d3,5bd7d91f26e1,f31073403caf,empty,,be5c6247e702ca5164f78ea06a58943d1953dacb772423e184e9d6fb116c6c3a,2692,2
T4b,Tm5c,8dac2399d9d3,2455576c666d,98d769c28e5a,empty,,63ce84307d1219edaa344bf8c8671a488bd014d92abd7ad0f8fdaa920931e3e1,1417,7
T4b,Tm9,8dac2399d9d3,d00cef6913df,bb3657a0fd46,empty,,bd4f0fa9d549515b32d4c22b8b6a8af9779760bd2d3f8a2c336422891d8ff898,2681,1
T4b,TmY10,8dac2399d9d3,d1d3392c46d1,6b6ddd0d678e,empty,,6fd109f2624bbb0f35faca70c89c2b75c418409c23bef78ac0d524b4dc350d6e,1593,3
T4b,TmY13,8dac2399d9d3,e8c21941580e,e9d6dde4d69c,empty,,46240a538d5e56013805bb08630823b25caeb1cfffbf3e18667c861d303d2e81,985,5
T4b,TmY14,8dac2399d9d3,28a670a5d3c8,981e1640372d,empty,,8770173af44ee673a0048beaf85f1dd5b689bb9f0b6320f30b8e841e64c79e62,1930,0
T4b,TmY15,8dac2399d9d3,18fb00442a43,010cf5068a97,nonempty,,37b3bfa936b05ae99e0f5587da4b23b4dd9eba3af7c3ae013342d8f734088394,142,2
T4b,TmY18,8dac2399d9d3,dd5eb1fb0caf,9f91717cdcd9,empty,,26a88b1c76c465ebcf9f4f69da11af11b9bc5290d2db15b06dd7cd1b8a412eb3,530,0
T4b,TmY3,8dac2399d9d3,607b8ed34a33,74dbf176d622,empty,,88ede27f76e1f3bfdc4be5b978e1473f0934dbe5ed176ffe90a4e1957470cfdd,1944,4
T4b,TmY4,8dac2399d9d3,887ba31d1e5d,05fcc9bd83da,empty,,428235f24dcbf50e8fb7db27655465eea907ce1c85220979801b3e6519034a49,926,6
T4b,TmY5a,8dac2399d9d3,3ad6ff7262ce,05355fd964fa,empty,,e90d495d162c81da314d1fce0f7e4ece4888e10399a6443dba6241c2a929f690,3284,4
T4b,TmY9,8dac2399d9d3,7af2610d274e,7e45cea737b3,empty,,f83daee40f6c06e1d032aa0564311f11d47599522b5ad4bb3937ecf5beea9089,3507,7
T4c,Am,3a2a1325fb93,ae7eec9cc6aa,fc747c23251c,empty,,81d5a6329532403bde859d72bff2b32a0db073e6a69db876e12ee762154c0982,1847,7
T4c,C2,3a2a1325fb93,ac7377b4f393,0cd9d4acecb5,empty,,980357d5c17a9796b8fa182277b294f393430eaedb1cfd34839f5a308688e575,2166,6
T4c,C3,3a2a1325fb93,6182a4f16e6d,ce428f948ce4,empty,,eeaee9025b3aadeb19b8220be9e8f20ad2f0527e5f6dca2da9ea5ba0e65fd2ad,3373,3
T4c,CT1(Lo1),3a2a1325fb93,7c280b5b9f34,511fc6930318,empty,,9b7e078568057e09d9b83b86af946bd529782ae67e5ef504bce19cf0f062f2cf,2209,9
T4c,CT1(M10),3a2a1325fb93,63667a4a1a53,aefa450a5e97,nonempty,,774f15a74ccf922444894e03b65d6d999ede00f7af6b18ee3e456f8d30016b49,285,5
T4c,L1,3a2a1325fb93,ad5110ebac00,eb0611749d95,empty,,0839e9625258febd62e8a66d9f396a86af4bde9f0e6d7cdd0185a7c188f83143,100,0
T4c,L2,3a2a1325fb93,36f25ce16c8f,3b64f3fc62bc,empty,,2f015d4fd9b58bb709e83f0d161f3c97c22b2b475d8b6d8b0a861e02563e6916,656,6
T4c,L3,3a2a1325fb93,fd5e84317740,e4140f275bed,empty,,8181f795c63f4e7198dad0dd652da40b22bdd82a001c80e5f6426f1a1b7b65e4,1842,2
T4c,L4,3a2a1325fb93,7c19534e0d84,b0b6ca1c09de,empty,,358cd923a1abe1479e65c3101a77c481eacd8ad6dd173827d82ec325cba0db01,749,9
T4c,L5,3a2a1325fb93,cc98a8db805e,7a930d9bdcaa,empty,,4e3c862d9c799f11b2d1ec4e1f05929abbb9102bd6e8099caaf0d5e1c535ac8e,1091,1
T4c,Lawf1,3a2a1325fb93,2627beca1340,a7b45f119010,empty,,0993e9c5707ca58d6708e3d382605d09d23428c1f6c790b7622ceacfe83d2336,122,2
T4c,Lawf2,3a2a1325fb93,3a1e8d7d01c3,29a67a757bfb,empty,,e1548559d873b03b694b9c2b9472283d900c541606aca5ec11b3e287ed761b49,3181,1
T4c,Mi1,3a2a1325fb93,af1ee12c7a13,de37e7ff4b23,empty,,71e50104c3eae63face4226b2479fff7fdbe05016034d97643e3b2d10696a0a3,1624,4
T4c,Mi10,3a2a1325fb93,59362ec08e0b,4cebf97a57b7,empty,,3840f81a4441f52ec13a96af17fdc204a51184ca32190d2bcaecac384e00e0be,785,5
T4c,Mi11,3a2a1325fb93,f8c7207459cd,5c3dd522a12b,empty,,a8be20fe3fde2568ad8b0dbacc523f468145650262eefeb5ba4492a89863810e,2414,4
T4c,Mi12,3a2a1325fb93,22599a5bd694,b7e1835e64f7,empty,,8da4c88b9c75df948c23450e8515ed425af31066395e45d978d03e7114487ea0,2006,6
T4c,Mi13,3a2a1325fb93,7fd7d345df8e,b834e71f8fb5,empty,,d76c4332370a89155623e383499dafa4da3c1953b0e5a317ae0db6b578c5dc33,3045,5
T4c,Mi14,3a2a1325fb93,b33da6e1384a,9cd4af11ffdf,empty,,b7be29047e78765b45bb776a4fa42555777c334c7416bc6e716b64b7b96e6d9f,2603,3
T4c,Mi15,3a2a1325fb93,4dd1eb26b0df,a1808915e15b,empty,,c8d1e71629f6ad699eb57ea53cf764929dcbf47763b76ade76fe77b6cbaecc2a,2843,3
T4c,Mi2,3a2a1325fb93,8d98b9eb6175,943644c04842,empty,,f3690b259c0ddcecb52059cb73bed82d2a7447e9369e4cc81390abbcd578efe5,3437,7
T4c,Mi3,3a2a1325fb93,0172ab6332cf,1745043cd908,empty,,91a4c7ae55d1d1602fce46cbaa076d902062b4ec56bab4433390cad19e77e597,2072,2
T4c,Mi4,3a2a1325fb93,7c9f2d10b0f7,1d8ecae2969d,empty,,9f090f2d01d9e390faa30ad107be3a6bcd5a690a0dc3accc2aba1873a68ddf72,2263,3
T4c,Mi9,3a2a1325fb93,760f78ba3287,452cd1037da6,nonempty,,72609f4fdb5c6ff7f8830ecbf9c7c23379714172ce53008a8393a09a5367a956,266,6
T4c,R1,3a2a1325fb93,9654b247b494,bc596d568abf,empty,,6c6ec2678d810e216c04d160d018e26c28e85ee83ff917fa85b0befa2aaf1139,1548,8
T4c,R2,3a2a1325fb93,b075082bb026,39c0bfb22cd7,empty,,f67ab7b2fa289e1945db362076a99c0e81758efb61add26b5c5d230108846c6b,3486,6
T4c,R3,3a2a1325fb93,a9358d78ca90,70c17b8e1b17,empty,,ffd75f573e23d00385b3fdf36db305fba0893da4d95816f0e738e549e1b794e7,3620,0
T4c,R4,3a2a1325fb93,d54d0db004dc,2008c64bdaa6,empty,,90bf881d9a76563423794c2bfbdc4f67f71dc700fa0dba8b8f39fbdd2dd8988a,2058,8
T4c,R5,3a2a1325fb93,bf135de1db2a,9700322bd0a3,empty,,eacb9e5ce4ae8e1802f870c46fbeea85aaa5ca42931a68a583905c4047288ca9,3326,6
T4c,R6,3a2a1325fb93,ef2dad65a896,b8594ad5d75c,empty,,eb4fa02320cb47f0a1dfee1595faf4db9e03b02372af0ec48a0e113bad7b0327,3338,8
T4c,R7,3a2a1325fb93,ee8007a1d4ca,ddff6a33f7ab,empty,,51153bb88bb4f9b9cd3b7252ed58f2963943dd777758553e2410b0045980a61f,1142,2
T4c,R8,3a2a1325fb93,8c5b077524c1,7698caa98c6d,empty,,056329a68faa4ed573411ff46904ca958ab8703c21a623c74f412e3cf54f96a4,68,8
T4c,T1,3a2a1325fb93,7fccce4faa2f,f4c0cac9bbb8,empty,,7979548da2ab894a6110034906b4844d6f7480ed8952f1e2d52a8d3c06881f45,1736,6
T4c,T2,3a2a1325fb93,2c81c87fcf2c,124091abbdf3,empty,,3a20b1f3dd6c7e44f1f26f997bcb9a9c63f22312e05e1486d9894abdd1b17a04,821,1
T4c,T2a,3a2a1325fb93,e4707238632a,53938b809697,empty,,e09c03ae985e9b025155bb742bd58c94885df766e2bef938f1252a03cc7d2756,3173,3
T4c,T3,3a2a1325fb93,3b9aa8bb490c,26d2a7579369,empty,,38cc0df7feb989dbe04b5dd6e23ec47d425b496c83ff68e7e506f75c33d24265,796,6
T4c,T4a,3a2a1325fb93,a722a78be07c,fbd6415680cd,empty,,efdf496fe546845b4dc20db0ff00e5bd5d9721cbb03ac7ea2715862e5fd733ed,3389,9
T4c,T4b,3a2a1325fb93,8dac2399d9d3,01440bd42a68,empty,,a37009f9b6883dc40a22b806d05f1df064be00d29d281dc1394308a017b36545,2332,2
T4c,T4c,3a2a1325fb93,3a2a1325fb93,50ece94aad4c,nonempty,,5bcaa611414b4e51d1e96f4597b02ddf6a4c7a6464683a34b3c9f18ae6fd6ce7,213,3
T4c,T4d,3a2a1325fb93,0645a54521a8,121c59009cb4,empty,,8532f23cd1040a404090ebc324dbbf775b3f95eca43f5d57f84f14314c958810,1898,8
T4c,T5a,3a2a1325fb93,9fd1579bc37e,f79ac0e5dee0,empty,,0222feb7cd54e48eb0308f10924e858317f1ae976c7b13b58bc4442e487b0916,30,0
T4c,T5b,3a2a1325fb93,3c304e466112,77d36c2fb8ca,empty,,10c28694f1f9d812abfd353506c57b1eefd7520783400142a5e5acb48db493d0,216,6
T4c,T5c,3a2a1325fb93,4236c6342cc5,0cc29e8fa6bc,nonempty,,0486138932b1a9138151c0a53f9cf6e1920cfdc88ac551e003ab27859cd9ee9b,14,4
T4c,T5d,3a2a1325fb93,f0bbaae7f4af,69b421f8cb96,empty,,2c972616385f6cb2422a307acda879a2bfb0bea826d63ac2b2ad6c9a631a4c3a,611,1
T4c,Tm1,3a2a1325fb93,6b080cbcddcf,d276877357ee,empty,,2474b1bafd5e4db9791c432fea11afca24dfffc71ea81b3d2767657cb60ffe1c,501,1
T4c,Tm16,3a2a1325fb93,7a0908bbdc11,c75a74b88de0,empty,,15cb9449e12073c3a5a3d3f3991511e8d17eabc1b038eecc873926dc786a2078,294,4
T4c,Tm2,3a2a1325fb93,1716679973ed,94b7ee3ddb54,empty,,915d633cb898601df392ebb97ac24d96eda1ff9d8741b7eb8b9d709460804c3e,2068,8
T4c,Tm20,3a2a1325fb93,5202f2beeefe,96ce1f7a6442,empty,,e2b1990ef5f984b5ca344d63b3540c5d73637c2a21011b664d81627bb9822671,3197,7
T4c,Tm28,3a2a1325fb93,0a8ba80929dc,66c40df7453c,empty,,7c577a81efc734c37c1eb1dc1f218aece16d61a60a862fe08e0937be0f727a29,1776,6
T4c,Tm3,3a2a1325fb93,1d04dc9e4e44,4169d9de6887,empty,,06ae9bec73364b4553d9094b6076e447508fc72f824ec3241547ea9003b56ad8,86,6
T4c,Tm30,3a2a1325fb93,fabbe5261153,02e83243a2fe,empty,,8355c3a48a989a44160ea5ebb146519cac3317f81fc6c1673f491da8dba50d0f,1865,5
T4c,Tm4,3a2a1325fb93,8f9d79739978,a6ffd35b643e,empty,,4f2d23b53c1180a97f5d1055598d76108ca01bab6d3fc8a80e6546b821773535,1108,8
T4c,Tm5Y,3a2a1325fb93,05257d37421c,86cae07549dc,empty,,7ee9e2637632e8a66ee5dac5cfbf478dcc0ee88d5eafaede0ad3a03cbb4b25a6,1806,6
T4c,Tm5a,3a2a1325fb93,e2174a9084c8,c4249d7850a5,empty,,95ad6c4e84777f220533e060858ba4b3aa6232d877a603fd12eede57e6df47da,2133,3
T4c,Tm5b,3a2a1325fb93,5bd7d91f26e1,6f1c33b39124,empty,,c0d764558f99c084fb53dc6863a3f69e6f3ea128072898ac5aa92347cc924ad9,2723,3
T4c,Tm5c,3a2a1325fb93,2455576c666d,1792bebb0efd,empty,,2f9b3928facaecb0585045f4f35752c96768f5f72823e34bebf41f90422fd1b4,662,2
T4c,Tm9,3a2a1325fb93,d00cef6913df,0333cbe7e935,empty,,5319e3a3165c4f7c88d5b85beb5b1e234ee8ce958385bdaa521beebf3e8f5fe7,1165,5
T4c,TmY10,3a2a1325fb93,d1d3392c46d1,f5c884c0d9e2,empty,,6968d2624440ee2f5deaf6fd3ee564e30cd67712dd607126cd5ec19cfe6c9917,1491,1
T4c,TmY13,3a2a1325fb93,e8c21941580e,5ca5ec8285bf,empty,,fbdd93ea5e31ad0a537bf286219dad8a316cacfbf943e75917df7f214fe92f08,3550,0
T4c,TmY14,3a2a1325fb93,28a670a5d3c8,8e79314b78e3,nonempty,,564d2189eb51d7f652bde7075fac4e11a7ccb79b48419cf0fc55b2d5b8d9d91e,199,9
T4c,TmY15,3a2a1325fb93,18fb00442a43,09828a57a790,nonempty,,96c61886dd6ba12c17b1953836c9b738d8f4e754d94f1c00be3b5cfd264afad2,362,2
T4c,TmY18,3a2a1325fb93,dd5eb1fb0caf,22794d5c50e1,empty,,c984d1a937945b5403b1dce10270bf375d33a08ec6830bc4d5530fd1b5f4d35a,2853,3
T4c,TmY3,3a2a1325fb93,607b8ed34a33,f8a1ca04f18e,empty,,3a78ff139d2193f4c9564d03013a622153fc1fbe521a04f14159d1c1d76a20fa,827,7
T4c,TmY4,3a2a1325fb93,887ba31d1e5d,d6d25452cf8a,nonempty,,10185f287797c70f445f792b3b570e09f85b1840bcbe8669ce19c6eef2ecdbb1,49,9
T4c,TmY5a,3a2a1325fb93,3ad6ff7262ce,c0ecc11c46c9,empty,,1ddad91fcdecbd8bfe30078d586ebe8a63180d9df3f423bbae8a82929adcbd7f,401,1
T4c,TmY9,3a2a1325fb93,7af2610d274e,8518cf24d401,empty,,4fa2cee1e8b3d5b9179c9891eee309bd8a1ca957c6d258dba7897bf2c8a44acc,1117,7
T4d,Am,0645a54521a8,ae7eec9cc6aa,e6331a27d22e,empty,,46318765a137d4c4b3b932b8448fd026c21d448d91b38d88fddfcc0c17629d48,986,6
T4d,C2,0645a54521a8,ac7377b4f393,5da336b3bb1e,empty,,048b2b834160adce49ff54e5b6a2275f1c420f831e84978ef2f71dd3f2fe2f70,57,7
T4d,C3,0645a54521a8,6182a4f16e6d,da763948cea8,empty,,38077dffda68752e9c71219859b78bec29de2d53291004ed752e81410bd5ab9c,783,3
T4d,CT1(Lo1),0645a54521a8,7c280b5b9f34,51eeb17b6496,empty,,84a90ed08a7702de3e767c3bdad79c6ec8be45e457bcf59681252239b3642b08,1889,9
T4d,CT1(M10),0645a54521a8,63667a4a1a53,b5441a080b2e,nonempty,,04c897f14cc7e0f083cf349a0b212380186122235b45851229ac856a1a917b49,15,5
T4d,L1,0645a54521a8,ad5110ebac00,69c71e88f8bc,empty,,b2119cb23238d332076fff5887419c7933f0248aafa906f33df15ea66ca6bf72,2535,5
T4d,L2,0645a54521a8,36f25ce16c8f,b9bcc9bded5a,empty,,25a67739ad27452f190d21ed0d1f698471f9d07edd8b351d42f05e5e220e46e8,518,8
T4d,L3,0645a54521a8,fd5e84317740,c545a7208c4c,empty,,9376b23de65c0d55e9fba26d0724174a8d59be50b3e768be3be00021bdcce7e4,2101,1
T4d,L4,0645a54521a8,7c19534e0d84,13e4f039ec5d,empty,,54e1031a3020ed62ee7bac2f3f3f519a8934c54977490a09a5eda15e9f927630,1192,2
T4d,L5,0645a54521a8,cc98a8db805e,37dd6089df6e,empty,,2011713449178e2211409bbed6e0dbb5c41b37735632187b56fd01c7f1b627b2,435,5
T4d,Lawf1,0645a54521a8,2627beca1340,718454350c6d,empty,,9053d45aa11c7d2687be8edbbd93bfb075e10b773fcd66175db8baba81aa72d9,2049,9
T4d,Lawf2,0645a54521a8,3a1e8d7d01c3,6c5cba1cccf5,empty,,2ebbaaa2ee9b684c801a478080a67bb9cafa04c9ed694c5a252f0f9b49742de3,652,2
T4d,Mi1,0645a54521a8,af1ee12c7a13,6fa2fd45ec54,empty,,ae69a665b1b7e6b4f9ee6653117ae01480accbb6ad941e78050af6bdae75978f,2498,8
T4d,Mi10,0645a54521a8,59362ec08e0b,12399ba3f172,empty,,efc58018963ebc8d1f0024b05dd339cd07c6add903062a6f9761596b2ee6b206,3386,6
T4d,Mi11,0645a54521a8,f8c7207459cd,9166fff12229,empty,,1351a03da5dc42630eb6274484d7c3c996e1e21186b070401d93d39d56a132f8,250,0
T4d,Mi12,0645a54521a8,22599a5bd694,4266a6569a5d,empty,,48fc0c61f6cedac5899a21fa7322e13312dbcc732a9be060dc5b42bd264384ad,1015,5
T4d,Mi13,0645a54521a8,7fd7d345df8e,ee39cc44a778,empty,,a5733fccd9b3dbe9e7966e0e92d6167b97524326e33a5169ab427648fbff7dd5,2373,3
T4d,Mi14,0645a54521a8,b33da6e1384a,093e4d4be355,empty,,5cabd18c986abd314369974908e9b31a7c559610fe12496c646f046f58b78847,1325,5
T4d,Mi15,0645a54521a8,4dd1eb26b0df,99ff02d25b9c,empty,,2545b3d5fa533e7991e7a6fc190bc9367607cca1de05782e3c6efcd77a541ab6,514,4
T4d,Mi2,0645a54521a8,8d98b9eb6175,3a92ebc80e3d,empty,,18374b360220f6bd02169755f2c0db9159b57849c8d089c5d8c67d7db47450bc,331,1
T4d,Mi3,0645a54521a8,0172ab6332cf,0a531dfb960f,empty,,547e1fa54a96e75881c8fdbc8f351bb9e547981e7ca61c8978624e1b5ad87ff0,1187,7
T4d,Mi4,0645a54521a8,7c9f2d10b0f7,02b35ea1fb5b,empty,,a5e10143ad5cb55a84e095aa24595fa1fbdd945f90f5db172f33b295639972d2,2380,0
T4d,Mi9,0645a54521a8,760f78ba3287,c28587e57a9a,empty,,9c191d6e46728c4ac4c5918adefbe3f8993091e35311acc4cbad4624311129f4,2216,6
T4d,R1,0645a54521a8,9654b247b494,d5051784df44,empty,,2c0d3696377666d9c475421c69efd10bc748ac5a33b41759dc93bbac97891e51,602,2
T4d,R2,0645a54521a8,b075082bb026,59744116d713,empty,,d5182de6c1031b899130b01f16e4124d0979413195d40d15e2e7594caf6f5612,3008,8
T4d,R3,0645a54521a8,a9358d78ca90,0eddfd32b581,empty,,ecd55fdb67c3db958aa272db145210a9b93819b2166ca9245420ecc9e5d966ca,3354,4
T4d,R4,0645a54521a8,d54d0db004dc,ebeb668fae25,empty,,e8a3989ed1217ae30a2058d11cad5e21c896514e140710f40de96bb2d6e3a5cf,3278,8
T4d,R5,0645a54521a8,bf135de1db2a,236597624060,empty,,5109750ac3cc5d990d325628b62e1ab2c48952eb6949f9a8d0fc7483c5ef6b8b,1139,9
T4d,R6,0645a54521a8,ef2dad65a896,328c1ad11166,empty,,9daa0833053838425ae8e38078c58fea15f1093873987939c82897211fa3eb8f,2245,5
T4d,R7,0645a54521a8,ee8007a1d4ca,47519ae3953c,empty,,75515edceb91b2fc300c7898b8bf191990762aa128cb8f97310f88aa1c0a0fe2,1684,4
T4d,R8,0645a54521a8,8c5b077524c1,8bda81c3d5f4,empty,,12642e07e7ad0188aa30a83a74f2edddd362278e60dc7d778eed76ec71b53cfa,239,9
T4d,T1,0645a54521a8,7fccce4faa2f,0d0706b0ee42,empty,,81acbb40f10bd718ac88f0380f7f2c816250901cd3dfd33ef0e917052e28fd1d,1846,6
T4d,T2,0645a54521a8,2c81c87fcf2c,1ee50134445f,empty,,f3693cebb8729e6a1202fc18c7dc3425cf090bd9541c069b51ee55d9af1202ba,3438,8
T4d,T2a,0645a54521a8,e4707238632a,ccd873699cec,empty,,2b96fbbcb9931fc185b71282da3826b846beed0982dfcedb4fbeaa417bc6d1ae,595,5
T4d,T3,0645a54521a8,3b9aa8bb490c,5b3c341abdc2,empty,,5380d715fd0c3a85880d85d59a1025e5c27980e460f91b8b60b06b1c7c5e2f73,1169,9
T4d,T4a,0645a54521a8,a722a78be07c,2ea8f0016c5f,nonempty,,1ec264ad979926f68774c452cf3a678025321aa213932ec1931c3042d9f67bd7,88,8
T4d,T4b,0645a54521a8,8dac2399d9d3,4559a3a6af0e,empty,,c1f710ccd238c019baec3b60d65950c553bf608c3e4c902cb9e6c52158a63aba,2743,3
T4d,T4c,0645a54521a8,3a2a1325fb93,6f5b120bd896,empty,,67a03b6b03cd52e29663a6da583c4b550d873acd443ad784ca96b789b32f3a4e,1465,5
T4d,T4d,0645a54521a8,0645a54521a8,49f717f4375a,nonempty,,424a29ce89c20f0e96f400bdf60aa717cdfdb87703470f7325ce4e1a2877c723,159,9
T4d,T5a,0645a54521a8,9fd1579bc37e,3b78af8c8a04,empty,,4e086a459ec4e8e308cdd46a9b5535d052cff2bab4382a0fcb8cbd7691871889,1088,8
T4d,T5b,0645a54521a8,3c304e466112,2d8be49f2fa5,empty,,84f66d386e40660d340e61011e289056dba6761e8c9b3d3ff02d872c996a905f,1892,2
T4d,T5c,0645a54521a8,4236c6342cc5,ec041cdd1f0e,empty,,c078b784df6e50f885f4b414bd2960357da95c37e2cecc035e1003fc6062c250,2716,6
T4d,T5d,0645a54521a8,f0bbaae7f4af,a5f72fac86dd,nonempty,,8e93f07adfd5f0388b25e7e70adf899ab51eba42b164b9621d54da53617bbdcb,342,2
T4d,Tm1,0645a54521a8,6b080cbcddcf,7fdd0295fa2a,empty,,d531d7aaf9d1e726445b5f011747b1a9c7a4cfb7801b8b05f2970aba9113948e,3009,9
T4d,Tm16,0645a54521a8,7a0908bbdc11,eea3fa531466,empty,,6850933d3a5ac76be7c7bf947a5855ba4341cbd6c6e456a1e332cc4cc625cb2f,1473,3
T4d,Tm2,0645a54521a8,1716679973ed,5b78da4a9780,empty,,c55d674342b986c6e8e24fffbe1bb7e4e008f63f5098f38a0daf885f8313f722,2788,8
T4d,Tm20,0645a54521a8,5202f2beeefe,e59177eca2cd,empty,,a81777a3cc31a4015e7996b64e8cb91d7adae9c39df58e5ac6b3e9b9bcd8fd5d,2407,7
T4d,Tm28,0645a54521a8,0a8ba80929dc,e233e3905391,empty,,161b7aa080d2207a55ae7cb8c967520ae299ab6751d8237df6a6736c5cea2dc2,300,0
T4d,Tm3,0645a54521a8,1d04dc9e4e44,c727c0097c22,empty,,21e43da3d69299b6a3bab10458cd60195c129cd4699109a5146edc4f1a80e92c,465,5
T4d,Tm30,0645a54521a8,fabbe5261153,0d647174c949,empty,,b2d40c34efde18faf2f39e30ffc913ba55518c012b2159f6739934f993c39340,2545,5
T4d,Tm4,0645a54521a8,8f9d79739978,43f28f95a1e9,empty,,06455bff251d970e07bcbd3f12d9f64ec788209f98bdffd5f7696b3dcdbe58e6,81,1
T4d,Tm5Y,0645a54521a8,05257d37421c,30100244e44a,empty,,8b248ed6f601091e9341e9e58c7816d94892e442035f8be8470f157874be3a56,1969,9
T4d,Tm5a,0645a54521a8,e2174a9084c8,2c65a5ee57e8,empty,,b0e5faf269e057cd55f8ecd8e9265edb7fd3a7328df2ff6e006947bf1d7d55e1,2526,6
T4d,Tm5b,0645a54521a8,5bd7d91f26e1,caa85d3988e8,empty,,f4cacde78b3f99ce513170033bb8541ca30583079423fc81777ae909c99f5fdc,3457,7
T4d,Tm5c,0645a54521a8,2455576c666d,47199626b7d5,empty,,fbb4a388e3eba35fa561b4c0e066a2b95fb21586ad32cc1c0a5473eec2fa0000,3548,8
T4d,Tm9,0645a54521a8,d00cef6913df,3b738c0f8ed5,empty,,4ccaa279c59d51764336af437a8c92dbb343af3610758f8d6e370d614d36ad76,1071,1
T4d,TmY10,0645a54521a8,d1d3392c46d1,bf3d20daff87,empty,,44ee3952c69a32ace024e81f597e7c3cfc39fc6696c9c0ab860214abeda93cd8,969,9
T4d,TmY13,0645a54521a8,e8c21941580e,9d80a61a5c23,empty,,bcac0dec27667bbfcfb4d900457a7355c22733577bed1d116c0c28dc12e3b35d,2675,5
T4d,TmY14,0645a54521a8,28a670a5d3c8,29bccdb53c15,empty,,f64dc8ab5b0b4a6b68cc774a74c634185c0c5e516610c79428d9948e4a0126ff,3485,5
T4d,TmY15,0645a54521a8,18fb00442a43,f9d08a3e45f3,nonempty,,0cb84c8ee0f9ca6d0543b120b5dff2c4ad42fd1e66e1dd505745b90a1bf8cc56,40,0
T4d,TmY18,0645a54521a8,dd5eb1fb0caf,2230c35690f1,empty,,79c6bfa635edf58a35b2593a0e73edf3eb5a24699a6acfedb1df90a44f67d2c3,1745,5
T4d,TmY3,0645a54521a8,607b8ed34a33,8a7de3ecbdae,empty,,db00b6e5750d05df33275a7940327cbb4eb07ba6a3255d6a40d730be5e27d348,3089,9
T4d,TmY4,0645a54521a8,887ba31d1e5d,a06142552426,nonempty,,6c213b6345d0f61e119f65bf6b3b03651d7ed7a582f7d12c9f6e0793bcab5d97,257,7
T4d,TmY5a,0645a54521a8,3ad6ff7262ce,46bfbb6bb605,empty,,245ab98df343df81e13c8a73c505daee30e82e69608ad6f478a3f8f1398e0c29,499,9
T4d,TmY9,0645a54521a8,7af2610d274e,9697c330693c,empty,,c63fd4bf6627e537a94f4799838d8a015b9afe46911326b6e620dd0d670d5ae7,2804,4
T5a,Am,9fd1579bc37e,ae7eec9cc6aa,1783105181f7,empty,,3145184871cdf09bf1ef48c9516b1ef0e8124a7927b5f32b4635de96df16a6e5,686,6
T5a,C2,9fd1579bc37e,ac7377b4f393,35b26402e817,empty,,925fe343509a2f293b171b44990bfc42619273514928a6747439ef4b3d020a13,2082,2
T5a,C3,9fd1579bc37e,6182a4f16e6d,3958ebf0fd8a,empty,,396f0aa2af01caeab16e3b19cd50c3585e9a2f143c0b893befce2a1cfebad9ff,809,9
T5a,CT1(Lo1),9fd1579bc37e,7c280b5b9f34,262ca62ad0ca,nonempty,,2a57ad042517022e1fb38e7929d60876ed7048deaeaf6d641a890ccf1b8c3317,113,3
T5a,CT1(M10),9fd1579bc37e,63667a4a1a53,bc19a0b7f8cf,empty,,a8ebd843241924eb88b45f06b55c5e3565b33e689467ecea92934465a0410584,2418,8
T5a,L1,9fd1579bc37e,ad5110ebac00,8c2184fcb043,empty,,a79e7df23caaf969167a11ea2944b15e3a6f13cc2cdb20776dfb5f1ac015e72a,2403,3
T5a,L2,9fd1579bc37e,36f25ce16c8f,cba9e292c79a,empty,,145b240d4c8b8bf75dbaba9dfe5850a1e5b02dfba7afe138deaf21d9967f8be9,273,3
T5a,L3,9fd1579bc37e,fd5e84317740,6a2e7f70c4f1,empty,,e451b5c63c9ca1d1189c46d0eda9330e18e996cf35900daa16e92d1cebc82383,3223,3
T5a,L4,9fd1579bc37e,7c19534e0d84,bcb32cfad7fe,empty,,4991d053f15e0f8fd92af3818bb7008b6ec702e257cfb7fd15f52ff59508de06,1022,2
T5a,L5,9fd1579bc37e,cc98a8db805e,a3aebbfae22d,empty,,e854c3cb4b7a4e33c02dbfc7a25bcc7102ad03348f7c1a6f1c29d9e9be9a59f8,3273,3
T5a,Lawf1,9fd1579bc37e,2627beca1340,ef1d0bf37b07,empty,,fd521b4a7edc75c545c447d6481c658b545386e606a042d816bf71ae9fe1f04a,3583,3
T5a,Lawf2,9fd1579bc37e,3a1e8d7d01c3,263061a62b4e,empty,,780a0ecc0b6ab0779650b1fce827a527de4c460b091c4d526b3fe69d131773c9,1724,4
T5a,Mi1,9fd1579bc37e,af1ee12c7a13,f4d31f62d2d9,empty,,5e8f48fe37e3e6b2eed945cf79cf990756fa5dfe65328ecaf0fb09e45fb0b597,1352,2
T5a,Mi10,9fd1579bc37e,59362ec08e0b,fc89106951f8,empty,,366552263fdc95cda0a33cc6073b48a3ab91ca44081f6031d2b4484f3207d594,768,8
T5a,Mi11,9fd1579bc37e,f8c7207459cd,fabb9a510334,empty,,b34a069805aa044ae5aac8b83fe4a4246057729f2d445835a57f3a9aac67fa76,2554,4
T5a,Mi12,9fd1579bc37e,22599a5bd694,5db5852ac6c8,empty,,31f72a2c730cae21bd6feb43a8005eaff23e200107cdb0160ed8e8cd1e260bc3,702,2
T5a,Mi13,9fd1579bc37e,7fd7d345df8e,01df52e2a6f7,empty,,dabbfff36b442df234cf0bdc6bddfa23aa159526c70c5ac01edb47493a345ad0,3083,3
T5a,Mi14,9fd1579bc37e,b33da6e1384a,f7e43965cb6e,empty,,a720f6d55a2781a04957419eca036785369ba9e80d231016f0efcda186e1d497,2395,5
T5a,Mi15,9fd1579bc37e,4dd1eb26b0df,adcba26656fd,empty,,197489eb3a35cb15e3611ef990a2f71a640eab3fd04fb013eb6e1ff5e3a67a86,340,0
T5a,Mi2,9fd1579bc37e,8d98b9eb6175,e4a639fd94ff,empty,,a4eeba32b52990e05ad1a6f8c085ffaf876d33dc55407baf7e9997f77fa5ee13,2359,9
T5a,Mi3,9fd1579bc37e,0172ab6332cf,b20313cac798,empty,,fedc0d1d100960dce3fc48dc02435668ba68c9123d543715b53888aa716fb706,3604,4
T5a,Mi4,9fd1579bc37e,7c9f2d10b0f7,432813103b39,empty,,9116b894ca198ef163e6163b14483a1d2e377c1297bb664ce767b3ff2466b5f3,2063,3
T5a,Mi9,9fd1579bc37e,760f78ba3287,51105a1a043b,empty,,c792aaee1546366f5ba88f1643cef3ebe37611589ee15f108746a03e561c8410,2824,4
T5a,R1,9fd1579bc37e,9654b247b494,eda401b7c04b,empty,,ad067314482df1978f89baf584ab75b83e4f68135c3e5a54a000473ef6b2969d,2484,4
T5a,R2,9fd1579bc37e,b075082bb026,1f3877b4808b,empty,,667ca7d7228ee0be8869f194f491f5341b9b86e1480e6a14e194ac90020c7d19,1449,9
T5a,R3,9fd1579bc37e,a9358d78ca90,f422a864c56e,empty,,94d15c8bad3c3110e886b0401d71cdbabd3dc3f72acb4bb8c692c7ebb11618b6,2120,0
T5a,R4,9fd1579bc37e,d54d0db004dc,7b7ae65ad608,empty,,8baaf0fe19bc94ba0171992c1045ce0d62c1f0d958606120a63a264b594cf10d,1979,9
T5a,R5,9fd1579bc37e,bf135de1db2a,cd5f5b9ded61,empty,,d6f69b39d4c7561c818b1262dc12b483be0a4c9c14447080cdbad50c5c2c1155,3035,5
T5a,R6,9fd1579bc37e,ef2dad65a896,9fc377f74220,empty,,242c8098d422ef6fa72831c4900c7fe9511d15d14f71c926cc35597ddf4c56db,496,6
T5a,R7,9fd1579bc37e,ee8007a1d4ca,8bf788a81478,empty,,c67b454c093643be30112813cbc6010c2c51a60673063a16db1d27f1538550a9,2809,9
T5a,R8,9fd1579bc37e,8c5b077524c1,8a0fc4911cf4,empty,,b79e4ac5726978b44fa49047fcdb1374a4fbc544445ef90d080ae40560ac3fdc,2602,2
T5a,T1,9fd1579bc37e,7fccce4faa2f,a64600a12756,empty,,328cf0934a7f3cbc6f9777fbaa9b0495eb39712b403a951811937882af6c6984,707,7
T5a,T2,9fd1579bc37e,2c81c87fcf2c,f1e90fa9b2ee,empty,,dae8700e451af2370273ec24ef81826ffe3a70e9f306d5e8fad240688d6806cb,3087,7
T5a,T2a,9fd1579bc37e,e4707238632a,e5a10232fd8a,empty,,6233d115f0d99c7c7cab42f588079e31fc4cc14b263a4d1937f46630861e758c,1399,9
T5a,T3,9fd1579bc37e,3b9aa8bb490c,8423aaaffe2c,empty,,b6cca43eebde0c44e8fffa22ab82479fc3104f4c1b4c05c1c77d5e1fa2afbf17,2595,5
T5a,T4a,9fd1579bc37e,a722a78be07c,25ffd7aa0f8f,nonempty,,1326e1d562c604706d3e4980c76af8267a181da51639fb2999a64009c2567272,61,1
T5a,T4b,9fd1579bc37e,8dac2399d9d3,b7874ed415d7,empty,,04ccb6abc6e5ecf199755fa68656ff943a393d09806304914a4d2a618706cd02,61,1
T5a,T4c,9fd1579bc37e,3a2a1325fb93,5ab7527c2881,empty,,fe3e5c44e22975b6b4a7ddc38c8e3ee97b504649fbb331e8576cdc50f58199af,3597,7
T5a,T4d,9fd1579bc37e,0645a54521a8,89530240bd05,empty,,17778857d3eb6093c1f0672f549460275110dbdfb3f7055c15f2bf6125b6baf0,323,3
T5a,T5a,9fd1579bc37e,9fd1579bc37e,ce75baa8203b,nonempty,,4957f5033f8c02c371b2e2d4dd86e830a4d973492a8d5ae21be4a95d202d469d,176,6
T5a,T5b,9fd1579bc37e,3c304e466112,b2e9f148af4e,nonempty,,0d3e3395135b473f76886a8872c846df5a69a9027c20dc5e41c70fc96e749b28,43,3
T5a,T5c,9fd1579bc37e,4236c6342cc5,556a825c428f,empty,,74449bd8aa5d75d8e9a6845cf9bb3fb005dc468545b6deb3e236933e2ee5da36,1666,6
T5a,T5d,9fd1579bc37e,f0bbaae7f4af,37b4b7033ef0,empty,,ba8f6a16eab25a1ed53a0e415bae78d91cff98cf05362afe2c0c6680a7743408,2649,9
T5a,Tm1,9fd1579bc37e,6b080cbcddcf,f8297b304a8c,empty,,1f1cb3358195a2c372b66e5a231ba89338997030bd67ee64bedaccdd97656b09,417,7
T5a,Tm16,9fd1579bc37e,7a0908bbdc11,e76c0009cccc,empty,,b990ffc0d7014ab5d7bcb0cf41efb4f61c64ed19c3a0cb3fc1dc1ebdbc8485dd,2627,7
T5a,Tm2,9fd1579bc37e,1716679973ed,a78cf7b44775,empty,,24e290b35e731e2da14761cd23b8f25722bd98f2975ef8387c4e3d95181a185d,507,7
T5a,Tm20,9fd1579bc37e,5202f2beeefe,b8fdb24aaaaf,empty,,70a84cfe1df375192f01ca6af4419c2a76adc9d552e2d6acad4986dc69df8e20,1606,6
T5a,Tm28,9fd1579bc37e,0a8ba80929dc,040e0768dc46,empty,,086dfc6bb30f0d7490eac94503c58f0a9eb965621f553854806d4d94c71ac8b6,104,4
T5a,Tm3,9fd1579bc37e,1d04dc9e4e44,1a3ecb4f8610,empty,,3d159806b8235abebf5344ba833e1a6fc743787ed2941197357d04fe9018ff8d,865,5
T5a,Tm30,9fd1579bc37e,fabbe5261153,f1ad0bc1386d,empty,,fc6911d299f60f498ef984ad08b2991e453304eb499c226d15daa8d8b8f81547,3563,3
T5a,Tm4,9fd1579bc37e,8f9d79739978,02ad07cebac8,empty,,9a59d752640b256c9eedb1d0134ed66733e993446c3d3280911488afea616021,2194,4
T5a,Tm5Y,9fd1579bc37e,05257d37421c,364f9c45aa3e,empty,,1b704b7e3d5a2aa61bccd2a4d517ce71a751644b0257ba8b405e291d1663307a,367,7
T5a,Tm5a,9fd1579bc37e,e2174a9084c8,7c408d337edd,empty,,e0d9b56aa645594465bf37df2e64780a6ad05a4e9c60fcd71f1c7fe36a49cbec,3174,4
T5a,Tm5b,9fd1579bc37e,5bd7d91f26e1,2032ec1b738b,empty,,4f1085a752e5648f83aa2af767e7a429e40ff5e5a1d61db8c69cc8b1538ffda6,1105,5
T5a,Tm5c,9fd1579bc37e,2455576c666d,2783347884a5,empty,,53b8ec84391f57c015ec5fff1bb12c1c6bca3f5676ac482a7bb6a9c40bce2aac,1174,4
T5a,Tm9,9fd1579bc37e,d00cef6913df,74f60510f2ca,empty,,28c91aedb1b549349da14e8c1cc86f4ddf65d331693b7e29fcb5f4a1cb496cd2,558,8
T5a,TmY10,9fd1579bc37e,d1d3392c46d1,616288be1f49,empty,,d06ef1a28b05b24ebca5f0e69c67b53198bf744c38ab149307870006bed16a95,2940,0
T5a,TmY13,9fd1579bc37e,e8c21941580e,f4e3a1843e0e,empty,,87dad73a05e9e21103c0a6fc7872cb36014beb6181677cc67f9db24cd9acc186,1935,5
T5a,TmY14,9fd1579bc37e,28a670a5d3c8,f7a3125e7f70,nonempty,,1d730a6ccacedce022686304dea261dace2a012b636f91ed4d3170b90041e1d6,83,3
T5a,TmY15,9fd1579bc37e,18fb00442a43,534034a2eb00,nonempty,,85fc4bd72671c7236d29146544d5ec5abc9d712884063d6af50b48a66d2b3d25,317,7
T5a,TmY18,9fd1579bc37e,dd5eb1fb0caf,f7e1cbfd1d27,empty,,53838c425a3840f3b9cbfce6c8cd7bdf9cf97ec96fd94bf30277b8eb8c43b242,1170,0
T5a,TmY3,9fd1579bc37e,607b8ed34a33,8a6d4143690e,empty,,5bbd46b8a1cf2b0a565e0be93ae4398c40ce4ea03863875591c9e088bf869516,1309,9
T5a,TmY4,9fd1579bc37e,887ba31d1e5d,041b3b20d7b0,empty,,fa7bc550713ddd61cda495707303e4d55272c2da1c40e737f484e1fbbc5efad5,3534,4
T5a,TmY5a,9fd1579bc37e,3ad6ff7262ce,e716ddd80bbb,empty,,75e17aeba4631a3197a7670f21fa75ea464056cad4bd247ea1c27eb6bc4b78fa,1689,9
T5a,TmY9,9fd1579bc37e,7af2610d274e,b439f9609a46,nonempty,,d0e19831c61bb2d8a9d73fb3ff90a31fb1175982d235d24d339b2dc2cec2aa17,489,9
T5b,Am,3c304e466112,ae7eec9cc6aa,ea86b2852f55,empty,,46217c2695da7ef11c39524c6c6a30393dd093c792d9315f958afae7f69328d5,984,4
T5b,C2,3c304e466112,ac7377b4f393,540040121cca,empty,,c832b21936f09b03f2f3855e3603242805ed6f60949158056e2880acdc546ead,2832,2
T5b,C3,3c304e466112,6182a4f16e6d,b0c3b827d580,empty,,ad4593e7b7ff1bc6fbbd932ae8eab749bce11b6ed0e369661ddc16b375201fc1,2487,7
T5b,CT1(Lo1),3c304e466112,7c280b5b9f34,ee1286e28690,nonempty,,9ed1f5146fea57c94a96201543d7684bf93e25101c1269a7dd1beacc1e559d33,373,3
T5b,CT1(M10),3c304e466112,63667a4a1a53,6583ccce626e,empty,,54be68be772509d685ed040055c953241f54c45dcad631f411c7bec50ddb975a,1191,1
T5b,L1,3c304e466112,ad5110ebac00,07ce67464b47,empty,,1994778d9059f7e2d80773b2a0769e099a683a57fb2c387081afa01dbc7035c5,342,2
T5b,L2,3c304e466112,36f25ce16c8f,2edf40c5733b,empty,,291178b2ab81cea8f6f8f0d6967fb27f222ba9860361720dcf7d7ac7cfaefea6,560,0
T5b,L3,3c304e466112,fd5e84317740,887af607fc9e,empty,,e486d03b62fcd421b4c40dbba1fd83d16cefc68b3a00a6ffeec74f02bae04951,3226,6
T5b,L4,3c304e466112,7c19534e0d84,4d9695cd7f96,empty,,5b97e595723cabdd0f4d1f4d859864530275f331bf0eba4d08f3c221f87c0149,1306,6
T5b,L5,3c304e466112,cc98a8db805e,6e5ecea3e21a,empty,,a1d180e29866394f8e0a7128604045fd96d6783a66f933c42ed012f8285b8e1f,2303,3
T5b,Lawf1,3c304e466112,2627beca1340,279d911b2d59,empty,,0216feb91636ee4081c724b696f6e1c3681f0e8bf76318e4d8045ea1ba014e3f,28,8
T5b,Lawf2,3c304e466112,3a1e8d7d01c3,566ce3be83ef,empty,,4c874252303c5228e9df8153611032dc017dc5eb9637dbaad6219dd49efdf1c9,1068,8
T5b,Mi1,3c304e466112,af1ee12c7a13,b8b34ca127a3,empty,,52e1d036429de92e664bc0977ee54cac81481c115a4f6d7f0be59fbabc7e3d0d,1163,3
T5b,Mi10,3c304e466112,59362ec08e0b,3912c7f19e57,empty,,9b1ea4da96fd2794127664603dc1f0951f37d7a739b2656e7bec9ac2798e679d,2205,5
T5b,Mi11,3c304e466112,f8c7207459cd,19f340fd6f5a,empty,,7048634a4c1d8e4d3aa13aa3c5821165090427d522ed7557c4103fd2eef669b0,1600,0
T5b,Mi12,3c304e466112,22599a5bd694,beaca670b698,empty,,8b3ef33cd7b3c03ffc3f0c4d95f521e57d7310a6edee73bef6b7341eafc209e9,1971,1
T5b,Mi13,3c304e466112,7fd7d345df8e,42db9dd27238,empty,,262e42e6137b482923fb2d802e798010fe00386fc1b72e6cbbbe8a8f7d98e491,526,6
T5b,Mi14,3c304e466112,b33da6e1384a,0d2f45fcf26e,empty,,fb48b983b68cb50bec6eae3e6b12ea6ad3e95fa435f50343faa74eb360fa4e56,3541,1
T5b,Mi15,3c304e466112,4dd1eb26b0df,43af47243cf0,empty,,5ea24f3704b5f976e5c90f7c2730edbe5a4b37c4550f0f7385441a747817de4c,1353,3
T5b,Mi2,3c304e466112,8d98b9eb6175,eb90551c1931,empty,,5968a778a934fb8df090e42c7d15cae956b5e6d2c751852fa4d04a65e2bbdb14,1274,4
T5b,Mi3,3c304e466112,0172ab6332cf,a5b6ce62710a,empty,,822791282a7218528b9f103cd4941c1fd0fa39e4beb47a7201eb8b741f4c4ad5,1850,0
T5b,Mi4,3c304e466112,7c9f2d10b0f7,ae7428049473,empty,,46f351551d6e2d8ba8b4697185404ef03ff1b8fa18fce3d8063a073080721597,992,2
T5b,Mi9,3c304e466112,760f78ba3287,20b5b937d9f1,empty,,1615878eb5e5837528a39e296c2f977d21748cf25da0f004a9b11c4acb080921,298,8
T5b,R1,3c304e466112,9654b247b494,0f6688170317,empty,,4f61843fb8cb53adf6237300cbb767f81dd08985e33c5700d158717c0ec88c59,1115,5
T5b,R2,3c304e466112,b075082bb026,fddb0d591e7c,empty,,4d57c7c92046b2aa3bdd454797b5535ba2db78489e908ebfa269fdb55966b9c1,1080,0
T5b,R3,3c304e466112,a9358d78ca90,0433abc2b9d1,empty,,df687b76fabea26fb1fb6e2188d3f60a58a83970a595446dbe3b26a32e0a5524,3156,6
T5b,R4,3c304e466112,d54d0db004dc,1767c02d5491,empty,,8d69b6a59a2c37ff3fe618c658d8afff2c149a1bfdd46a8ec1f4b4903257ed24,2001,1
T5b,R5,3c304e466112,bf135de1db2a,dd2efa3c76e6,empty,,aee093aa20499d9e6f06e415a12d95d3cc8b51a8a712e40b0ddd04c3076f950b,2506,6
T5b,R6,3c304e466112,ef2dad65a896,d1ca98b1fce7,empty,,17ae5ce3e3104db29211ecb3fc7862359844b72985f9d624651bd2ad7b45a3af,327,7
T5b,R7,3c304e466112,ee8007a1d4ca,38e6824db1cd,empty,,1c0b689611fb2639f266888ac9a58dd132dd0c4dd9c61222bc0b01b7e1d34e58,373,3
T5b,R8,3c304e466112,8c5b077524c1,1b6cb5f62750,empty,,225b9a92ec5742e3bc67e5393e0371a920d62389c32acdeab23976a91be3d129,472,2
T5b,T1,3c304e466112,7fccce4faa2f,a5cf0ecfcc7d,empty,,6a2040f9040fc257c686c47e470ea3c6fc4f9cb7471e88502051070c47d0628a,1504,4
T5b,T2,3c304e466112,2c81c87fcf2c,4db516b22b76,nonempty,,eeaf8572a27ee65c6d154d0b759eaccd0422170b626487c56b16fb9f3b8f4a1b,561,1
T5b,T2a,3c304e466112,e4707238632a,90ffa8fbe5b2,empty,,9024d7ca217f20465cd9936e51172ae7c7d24753467d861d24c49155268edc4b,2045,5
T5b,T3,3c304e466112,3b9aa8bb490c,e06ed7494c27,empty,,434b6febc6b0e5d23d1c1d59c772f99aa4ccd378d8cbb37a0f617fbbecef4be6,938,8
T5b,T4a,3c304e466112,a722a78be07c,599fab207388,empty,,fbea10b00ef219c3d1209d9e2b36e50ad565b5b6531c3c87ff49a7307246eff2,3551,1
T5b,T4b,3c304e466112,8dac2399d9d3,c3c768c597b0,nonempty,,f89444d95c00130b8c96c6d31bdd5495f3cbeb10a9fc96a1b122afc91a8ae3cf,592,2
T5b,T4c,3c304e466112,3a2a1325fb93,8d9d6b5d0806,empty,,671c6edc1a0e8eab31d77a4cac11464660e440e9e384d4f0cb623c0815ef49c4,1458,8
T5b,T4d,3c304e466112,0645a54521a8,77e30fa148fa,empty,,33c9d31fc344effc853e76bfde3199a2be794713314ee40f734c6141c973d775,726,6
T5b,T5a,3c304e466112,9fd1579bc37e,11b8433c8d45,empty,,93b7d19cce9baaf36458faf3b2b272e3147107237e80bcacf9f66af4746db1d3,2104,4
T5b,T5b,3c304e466112,3c304e466112,4d809d2f01ce,nonempty,,6aac9e52f50d7a5d08832f18f8c13f0d62e25c3ee18b8e72c7868209710fa97b,254,4
T5b,T5c,3c304e466112,4236c6342cc5,f66957f0024f,empty,,c6f7503b899c16181c1668eb21d1c1ec1645336abe0ebc41a3cdf8bdbe9bc7df,2815,5
T5b,T5d,3c304e466112,f0bbaae7f4af,cce80dc28884,nonempty,,a800660be393b9d2d454705f3250d74375d6f803ed369095f2fd57a8eecce0b3,391,1
T5b,Tm1,3c304e466112,6b080cbcddcf,a134b3c3886a,empty,,1a0591335fa615cc5dea4b3b1934de0befc1193335440eba34b73ed71769a19b,349,9
T5b,Tm16,3c304e466112,7a0908bbdc11,86644e8948ee,empty,,9652b4bbc6074b05d8698b193d7fc81e5c15baf0547782d25617622767195960,2143,3
T5b,Tm2,3c304e466112,1716679973ed,addd7fd0b21e,nonempty,,d4d6626d5eb7225056864323b28b4e97b0bd8c23fb58123125b16aab50a38bd2,505,5
T5b,Tm20,3c304e466112,5202f2beeefe,f1af92ba28ef,empty,,ec74023aef4deca19b6ec4da8ef6ee54da57a5252afe5aa652f3e9e3f1f2dafb,3350,0
T5b,Tm28,3c304e466112,0a8ba80929dc,300584fb679f,empty,,e8429f5030c3be4d244a34336e6770cc91864cadcad2009ff281077c47e480c7,3271,1
T5b,Tm3,3c304e466112,1d04dc9e4e44,10c3a793abdd,empty,,510e98ca3c0494ac758f56c48da14b1b845208f0b175c57d3f0d7c6084421620,1140,0
T5b,Tm30,3c304e466112,fabbe5261153,fad1d2a5213f,empty,,c42953bd385caf5aec0d679435755d4d8a2eea7f07f69983e4a3890e0945548c,2776,6
T5b,Tm4,3c304e466112,8f9d79739978,cc715d5de95a,empty,,f3dc41358e49c4855db39fabdfd960962ea4cd4041ed473da4053fe14c4242de,3446,6
T5b,Tm5Y,3c304e466112,05257d37421c,3330238749fb,empty,,139b6991244438c80f997ac2783db66e5b2efc31f2a48a2a43aca432ded070fc,255,5
T5b,Tm5a,3c304e466112,e2174a9084c8,fd63964fdf07,empty,,410452c867465b7668e07bf82c776ea128a289c749b8be911b527f227896cc57,909,9
T5b,Tm5b,3c304e466112,5bd7d91f26e1,6a14e32584f0,empty,,816c78461bf3871e6bdb6a33b4c2ed8c7c1dd903be925df4986646bd59c9213e,1841,1
T5b,Tm5c,3c304e466112,2455576c666d,d17b9b32b172,empty,,bffdfbb1d597acf27248fc4eaa45195943bb0616a116ed10ec93516c90ca4cfb,2710,0
T5b,Tm9,3c304e466112,d00cef6913df,ecac0be376db,empty,,4c3684669c9b85b161255da8e356bfcc2525b633904717019a8dfd16bceec0e0,1061,1
T5b,TmY10,3c304e466112,d1d3392c46d1,3a518096f233,empty,,c11c72ca68212851a64d368a94e684d3c5927fbebe44093d73266a95f55794e4,2726,6
T5b,TmY13,3c304e466112,e8c21941580e,05ae51c3c43d,empty,,e824666088492916e99a8ce372004fa694d8fc12aeb65deeeb5dd8da7e415bc6,3269,9
T5b,TmY14,3c304e466112,28a670a5d3c8,08862f154dbd,nonempty,,bc20502a76a30f01999bc325443d7561022b2238b03914b3402c445d85cbd502,442,2
T5b,TmY15,3c304e466112,18fb00442a43,80edc8ab0d41,nonempty,,c7ac28978fbb931b0e616807fd970bb2ec857add73a44ec6d5ad86ca61a9450e,474,4
T5b,TmY18,3c304e466112,dd5eb1fb0caf,d216353f424a,empty,,7ee766e8898d6f23014c7ce6cf1d0693f4d3d3180b7cd3aa605ac563f47d511f,1805,5
T5b,TmY3,3c304e466112,607b8ed34a33,4234b17b9971,empty,,800bd00d45c6884e4e62db04e38b39d69f2812fd62db6dc5e6b56fce22db467e,1819,9
T5b,TmY4,3c304e466112,887ba31d1e5d,9544f60b0fc0,empty,,5e70dc644a990029e07a15fcfbbfa5885058871b814995a1a28b9c0425efb568,1349,9
T5b,TmY5a,3c304e466112,3ad6ff7262ce,2549d9f322d1,empty,,8d2aba32ec2ffb23f0e0e8781e0d48ca11e52f5f10c0ae40d2931f975952876a,2000,0
T5b,TmY9,3c304e466112,7af2610d274e,2c6330869a70,empty,,f1f5aed1d468faf49ada14256addf0a1d588bec65f00f72322f1afaf93d7b147,3417,7
T5c,Am,4236c6342cc5,ae7eec9cc6aa,072be375de35,empty,,efcfdbf64ce500c0bb1168060db1a9f80136a06c29b1e04ac7eccc3831c06b0d,3388,8
T5c,C2,4236c6342cc5,ac7377b4f393,e9d256823cf6,empty,,4ee15d09e0c594f01f020f51fd8cbf24371cc042912d9a95580ed694752861a0,1102,2
T5c,C3,4236c6342cc5,6182a4f16e6d,2bf60905ced8,empty,,59fc156553cb1593ea28027d7165da2fa75c55f58efe56edb86f402809a68638,1280,0
T5c,CT1(Lo1),4236c6342cc5,7c280b5b9f34,29ac60664d4f,nonempty,,564fe9c839aab2bc5422d68a7f25e119386547274ccdd8515b56bea7ccb50b35,200,0
T5c,CT1(M10),4236c6342cc5,63667a4a1a53,239a869d4ae1,empty,,047c24f0261820dce1f979e4c08c3124d785213b39c03133093158a23b635ec0,52,2
T5c,L1,4236c6342cc5,ad5110ebac00,2d2a84945db5,empty,,1adaba573b8dead8e0d6545c2cf22843fa29f12b441670531a9ba37e165635ec,361,1
T5c,L2,4236c6342cc5,36f25ce16c8f,251a1490480d,empty,,5d84057e99313d2a4a2a4bfcf94d0d333a695aecc9b92b038d8d983496ffada0,1339,9
T5c,L3,4236c6342cc5,fd5e84317740,88c50a2b5b1c,empty,,8ea989cabba7ed01eeffcd4f99cbc92ea3d87969abb8388a31d2e7276b9af6e6,2021,1
T5c,L4,4236c6342cc5,7c19534e0d84,879cd1241774,empty,,f3c4a28f8226c4a7368b54eb584eaec5b4732e3127e85b1ccb91da3f8c90c502,3443,3
T5c,L5,4236c6342cc5,cc98a8db805e,0b34e3731843,empty,,8b83c6d76e0cff484316e982b66d6e654f69f421c343bf1d71e0433951696640,1977,7
T5c,Lawf1,4236c6342cc5,2627beca1340,055fa5172e4f,empty,,e53e2d6eb861deac2bde8285ca5bfb7f089a5f9949ba1d7396b5c8b6dc6ffb5c,3231,1
T5c,Lawf2,4236c6342cc5,3a1e8d7d01c3,4ec77f419f27,empty,,6b002e89bf7b6b855a160bd426626d4cdd9248fbedc7fbb0ecc722a90a7862b1,1525,5
T5c,Mi1,4236c6342cc5,af1ee12c7a13,9cce29995140,empty,,e09ad50430ffbd6e85456f02d0ad7ba6a63b3ee6b0d427a80404e29951f0c0bb,3172,2
T5c,Mi10,4236c6342cc5,59362ec08e0b,fb3f81f52864,empty,,00222ba3d5275b9dea53a43c910036c2e0ca5b04a39564d0f6942657a752f63d,5,5
T5c,Mi11,4236c6342cc5,f8c7207459cd,ed177fd6f2fe,empty,,d17f9a15ee735755b6a3978a160978cc1e5abcdaed7f96b1da09e07d54c43759,2954,4
T5c,Mi12,4236c6342cc5,22599a5bd694,7c53c7075329,empty,,ae7973e52a74ad41b574a0e58654910f5856c248778c84f6e256ce2b3dc7dd5c,2500,0
T5c,Mi13,4236c6342cc5,7fd7d345df8e,077b3f3e0878,empty,,8342b060dddaf9a7da1ef5581da453cb341c58b20467c3402edb4c929df8f5d8,1862,2
T5c,Mi14,4236c6342cc5,b33da6e1384a,55c9560d9a74,empty,,aa50cd8c7ff64b646cbc6be538da04adacb34420b14dd11cc8194b4cd6c2058d,2436,6
T5c,Mi15,4236c6342cc5,4dd1eb26b0df,809c02a165b9,empty,,0cf3dc81f2bfeb7fb626d6bd24e39e154357d55545c8196e3b13acbfa6e40557,171,1
T5c,Mi2,4236c6342cc5,8d98b9eb6175,beedd1ee7def,empty,,0272a49f75d29bd11ccc8d7561826cabe77f35925a1e51c8be59d5f4245f1d4d,35,5
T5c,Mi3,4236c6342cc5,0172ab6332cf,23718e03398b,empty,,4544976870882d1700a5d19f69c22dfac9c80512f38cd2b0334b2ac77986259c,975,5
T5c,Mi4,4236c6342cc5,7c9f2d10b0f7,9f2c9e9dd383,empty,,f62231feade18f41d072e19923e1cbb6e85312518b601d1abbf71ea3927300f1,3481,1
T5c,Mi9,4236c6342cc5,760f78ba3287,373b7373a001,empty,,7b0c755afaa956584aafec239f5e50d142784ee4138e44fec776f2356e5f0767,1762,2
T5c,R1,4236c6342cc5,9654b247b494,add197d7e110,empty,,9b536d005e6165ac87a28c398b7c48f991bc60820945a995871f55b179f3924d,2208,8
T5c,R2,4236c6342cc5,b075082bb026,1703f311a45d,empty,,75b18df2a08e54bb9d3e0acd21b0ffac30f6ca391d0c5a78b4b90058ecfa79c2,1687,7
T5c,R3,4236c6342cc5,a9358d78ca90,05cc8abf2553,empty,,df03a277a369ed7301d74c805cddbb68d9ba8eb3d65538ef01b90aa827e3933c,3152,2
T5c,R4,4236c6342cc5,d54d0db004dc,3b9a37ecaf11,empty,,4ac4224103b459e476ec1eb2aa75941281aaf076fb67bc8b144a6913b744493f,1038,8
T5c,R5,4236c6342cc5,bf135de1db2a,cb6c574407c3,empty,,dd53f3dd49a976da7660cc81c9ad23d057486580595ae5164ba410deb413c91c,3127,7
T5c,R6,4236c6342cc5,ef2dad65a896,602ba4fbc106,empty,,d17f67f00a0533c49e458cbc35442523e036b9adceff2d34fef103f7abf3b7a2,2953,3
T5c,R7,4236c6342cc5,ee8007a1d4ca,2e7b0ff26b49,empty,,3d1104d717f9df6bf0faf12be7b19a363b02bd03b285bbb9491b88f2425b02b0,863,3
T5c,R8,4236c6342cc5,8c5b077524c1,ba3c7b456481,empty,,8832d0e6251e2c099e215324858965670a81a36ca82e756fd3bee549e45a31e5,1936,6
T5c,T1,4236c6342cc5,7fccce4faa2f,cc7e72117433,empty,,d1000d37f9fc2aba69038926797d05f7c973cc8db02a47b80de6f119abb24678,2949,9
T5c,T2,4236c6342cc5,2c81c87fcf2c,0a6355f33612,empty,,1ce41f8fb5ce251bca5564c86dc9e626ef85afa3faafb38d0631c934d0fbbf8e,389,9
T5c,T2a,4236c6342cc5,e4707238632a,2b8b11cd9eaa,empty,,c5722c861507459b96e48798d98566275044316c91df1c5cc57703cc9c4fd2d5,2789,9
T5c,T3,4236c6342cc5,3b9aa8bb490c,fb4eea8b1289,empty,,7de75ab79dfaabee345e536ef7320f68d4afb48b3a34cda2560590918495d3a8,1790,0
T5c,T4a,4236c6342cc5,a722a78be07c,6c3f5375a788,empty,,3b367900514c4f44331355c462b0fa0a2cdf060db81495f3181db9a6906b5159,841,1
T5c,T4b,4236c6342cc5,8dac2399d9d3,1f387f012d25,empty,,2cb5d7be4b155a1d7a8b39c7691cc88d1631f12156e2d9ec1054fd5154f1f493,614,4
T5c,T4c,4236c6342cc5,3a2a1325fb93,37ae3ddd4ff2,nonempty,,adf071d2cf89ff400346d0d77ce928ac5276817a302898ef55ecb67b22fef23d,405,5
T5c,T4d,4236c6342cc5,0645a54521a8,f0509acc6dce,empty,,751152181746fb885a4394a1e8028961e96a470439e5da47f57550e2175ca54a,1678,8
T5c,T5a,4236c6342cc5,9fd1579bc37e,1548fb2d4326,empty,,6bde0c69dedd8f6206a6ce91c06396db5bef99c2d8bb4aed164045a52c64f0a4,1540,0
T5c,T5b,4236c6342cc5,3c304e466112,0ca590d3ef92,empty,,3b2022a84841d04bd0e5690aae85f29044aaa53fb7f4d5a7f9731381e87ac4fd,839,9
T5c,T5c,4236c6342cc5,4236c6342cc5,7cca5b751aa2,nonempty,,efc2007a8b19213b77abdd32607321df1552e5efecc22f89f2318227091d7df2,567,7
T5c,T5d,4236c6342cc5,f0bbaae7f4af,0e728960dca0,empty,,acf342fd9b47b271e0024444ae643358e7d4f83feaff26d7d3cd61f712c330c7,2482,2
T5c,Tm1,4236c6342cc5,6b080cbcddcf,e67ebd848513,empty,,b1a77b37fc46454f4328ebc434676172e5a9042ca52e88ded07d9ab4ad5fdd0d,2531,1
T5c,Tm16,4236c6342cc5,7a0908bbdc11,0fdaa65e0938,empty,,6a00f5d765d759464c9d47993a3daaaa2e1bdea24b6180072053062b3aa6e40e,1502,2
T5c,Tm2,4236c6342cc5,1716679973ed,f031549e43a1,nonempty,,01a3b638fe21dd798e65b8c85394dafb2cc3fef148f1666b92ee459c9fef870b,4,4
T5c,Tm20,4236c6342cc5,5202f2beeefe,2e90cb08b1f3,empty,,f4e2860e917f0c36c2df5eac2c143e9053f69f6f34d4223b3c02f3619c966fe5,3459,9
T5c,Tm28,4236c6342cc5,0a8ba80929dc,3f55753ad85a,empty,,1d1a2ec80ca3baccd1feed3bffaea03c6e882e4b4cb907f9a1e7ac561783ce03,393,3
T5c,Tm3,4236c6342cc5,1d04dc9e4e44,d4e38f2db34a,empty,,5963c34b4e6f357122095d37752832650bec330054da10f7976ffb7eb0450c13,1273,3
T5c,Tm30,4236c6342cc5,fabbe5261153,01e8374f0189,empty,,79f28f20044539ea44578c1178d1bf86ba260577caaaf5c273290ab61e5000b1,1747,7
T5c,Tm4,4236c6342cc5,8f9d79739978,be3c23f4efc2,empty,,8352dcebccf002c03d09fbd9efa9afd639f6557b4ec1b3f919e48173798f220f,1864,4
T5c,Tm5Y,4236c6342cc5,05257d37421c,bfd746973deb,empty,,5f7aa54cd59c9bf7d39b6d2931c1dfad9b38ca10eb2fdc41176d0312fb497e95,1369,9
T5c,Tm5a,4236c6342cc5,e2174a9084c8,6318ad3a1a1b,empty,,0c42847e42fee695c8c3e717901a6b07ca041e5ecdde803af1ccf9ffbc93749b,158,8
T5c,Tm5b,4236c6342cc5,5bd7d91f26e1,3973ae6d96fc,empty,,cbc5569fa52d447b8a35be929f0985f7251686d6abc99574d3840b28f8e61254,2881,1
T5c,Tm5c,4236c6342cc5,2455576c666d,fd9897f81d80,empty,,53d9f0e8d3ef80ee0b3ac0775caef116f4e3be0687bec341aa1a83011f8b027e,1178,8
T5c,Tm9,4236c6342cc5,d00cef6913df,27b6e24ececa,empty,,1a4866d690c11428aa00580398ea91ceb6d6aee688dfa86a9772d3920d362620,352,2
T5c,TmY10,4236c6342cc5,d1d3392c46d1,0a15c634fdbe,empty,,be98cd3a33deda99a4d83bbd20c66aa922318142f36e305f6fe73d94f5032c11,2694,4
T5c,TmY13,4236c6342cc5,e8c21941580e,b8b34f51098d,empty,,93acb13e5de69d26ec870c094ee3451aa2928f528a489a222089a0b5a4c5feb2,2103,3
T5c,TmY14,4236c6342cc5,28a670a5d3c8,a079febbb791,nonempty,,5f90ebb80260bc6b7ec89c851bac36591b4d1e5145d4556f2911b7dea5ab41c1,228,8
T5c,TmY15,4236c6342cc5,18fb00442a43,a0be8a07d297,nonempty,,b04d92d3406d44ad3d08a07cd486d719224ed6d0919d085792a3b9e991df2fc7,412,2
T5c,TmY18,4236c6342cc5,dd5eb1fb0caf,ee790e795bc4,empty,,e55b95106f429d71e2ab9c79e4af6eaff38fe302cdfeb1e1c3f2dcd0082c3a23,3234,4
T5c,TmY3,4236c6342cc5,607b8ed34a33,ef10a9edd1ca,empty,,a1e8c9c182058b56fa8de780ebdbd680ccaf589fff5578879615885037d28594,2304,4
T5c,TmY4,4236c6342cc5,887ba31d1e5d,3623aba7db2b,nonempty,,6df710049c3e083f02ceb783ce63ceb6365752b52123037c64e9e2a767940afa,261,1
T5c,TmY5a,4236c6342cc5,3ad6ff7262ce,903e270fc16b,empty,,847ec5c791d4ceeccaa6d79ec2432645aae2b4510939d48752218d92c7687491,1887,7
T5c,TmY9,4236c6342cc5,7af2610d274e,4793569069b7,empty,,22733611814c61f09ab529391277581e9769091b4e44055147120a9ca1373331,473,3
T5d,Am,f0bbaae7f4af,ae7eec9cc6aa,d2cce420b275,empty,,a6b7b34366b7049efd87e617f8104ea3fdb1db9a4447066214b69a14f35a3d5e,2388,8
T5d,C2,f0bbaae7f4af,ac7377b4f393,0a606d39f417,empty,,b9ac83d8f7a3d27f708b2d8b73541200d3c8023d7faf0f4c57cf49d351d2c737,2628,8
T5d,C3,f0bbaae7f4af,6182a4f16e6d,a8b97f172068,empty,,eafa9ca4cda51bbbaa1a473e0b5d2fb66c1e1f95a0a440643fb348f2a04aa589,3331,1
T5d,CT1(Lo1),f0bbaae7f4af,7c280b5b9f34,5ddbe3cf363a,nonempty,,db8d451eed02900b7276dba52161f144b0ade08fc71549b97dfb9ce7decf898b,523,3
T5d,CT1(M10),f0bbaae7f4af,63667a4a1a53,5ac7884e3edc,empty,,e22c1f99c960ae7a7055cce271871feee3f3301ec11ef6cb0a633d06684f0ecd,3189,9
T5d,L1,f0bbaae7f4af,ad5110ebac00,2f05bed09e3a,empty,,e26c3b25b4c25721523afd9a3714671a806dc0f72a54c2ef563b5ba75c830b78,3191,1
T5d,L2,f0bbaae7f4af,36f25ce16c8f,3486775176b5,empty,,08f695f9940dfbdb9f6b4ae03f5b9bb9ef0dfe61e26df876b66236cad7b31541,114,4
T5d,L3,f0bbaae7f4af,fd5e84317740,aa17eac46d21,empty,,809cf6451dc2507a1b1a5e15d5dc1b81358eb329518e51498bf3235673b41805,1827,7
T5d,L4,f0bbaae7f4af,7c19534e0d84,f02bae4d89ee,empty,,e9486b144d192f96aba00dd982c8204fe02e1616378de2be70c01754c8e59206,3287,7
T5d,L5,f0bbaae7f4af,cc98a8db805e,3d69adfa430a,empty,,13593c690e40e82d73de1eada5ba688e372c69c4a2b81af26f55c17f4a2d87df,252,2
T5d,Lawf1,f0bbaae7f4af,2627beca1340,3a68f412663a,empty,,1222e7604da015d3716e4dfe668e9ff55b3f99100a0ac0371abc8d8fa454ce27,236,6
T5d,Lawf2,f0bbaae7f4af,3a1e8d7d01c3,124b1964782c,empty,,4ab8b803f0b870b74e058e54c868a393cca7ea064570f850183a73af55240008,1036,6
T5d,Mi1,f0bbaae7f4af,af1ee12c7a13,d6b95d73ed95,empty,,0e4fef91520b3ad9557d25e48ffa5966239022be6ba72c02bb9a7e26ec8bc481,188,8
T5d,Mi10,f0bbaae7f4af,59362ec08e0b,83ccc36e97bd,empty,,4c530bfd3c9499927386b9af4754b06d90b56b134a3be2a5c64f15df991db100,1067,7
T5d,Mi11,f0bbaae7f4af,f8c7207459cd,b3aaaa8587bd,empty,,d7d0490d3f626a32b0f0f658e59c0831a446c598a710831e83242700857ca06b,3049,9
T5d,Mi12,f0bbaae7f4af,22599a5bd694,f6d0427c8816,empty,,4a0296671f6b8c3602c64bcababe27845b95f85cca2099c8cf387bc9b0829ebb,1028,8
T5d,Mi13,f0bbaae7f4af,7fd7d345df8e,dfce3888644c,empty,,78019f9450da654a41fa35c80971b6e47ebdd868ef303ef9146e4b27546a510e,1723,3
T5d,Mi14,f0bbaae7f4af,b33da6e1384a,4eda9bf7ac35,empty,,446267872a0da13ae88373c6227d406e735dbb8c37cbd06fa18f604cf87dd26f,958,8
T5d,Mi15,f0bbaae7f4af,4dd1eb26b0df,1fe81d57f288,empty,,17201d36f0e0f3ab59a8c4efbf36c0a12085e65888ba2bb3a14546db603e37b2,317,7
T5d,Mi2,f0bbaae7f4af,8d98b9eb6175,a107f282f2de,empty,,d82ee7b60e9fc0913e644c705e9ba083aa95914cddad597e98adfb51e92fb293,3055,5
T5d,Mi3,f0bbaae7f4af,0172ab6332cf,f2ec6c0c8ed8,empty,,dd4718b655a23f2176d2e016a873c12597d74acaa7435a0661852a54ff4e0a2d,3126,6
T5d,Mi4,f0bbaae7f4af,7c9f2d10b0f7,d9ab582f090b,empty,,82c79d71800c961b80522518779f03821c7afded0a0f746e2cd61e274fba119e,1855,5
T5d,Mi9,f0bbaae7f4af,760f78ba3287,bbd0d557ddb1,empty,,a4b5880400536ee8d0930ae863d2d41bc7d0632c808d92c9530ada950cc09b41,2354,4
T5d,R1,f0bbaae7f4af,9654b247b494,de189b505252,empty,,008b8cc05a086f7a2b9727d5de7b5c51f5264a2a04a4d471b3de8c48fe5604c6,12,2
T5d,R2,f0bbaae7f4af,b075082bb026,6f2a28628832,empty,,4563c870464379232cb046b8d7258c03b71d38abaf181f2e69453851142989ef,977,7
T5d,R3,f0bbaae7f4af,a9358d78ca90,aae0f23f28fe,empty,,fc9b8de2611ac16f40c6b5a8a627840b8929be4b7cf1dda01991f6ee47231ff1,3568,8
T5d,R4,f0bbaae7f4af,d54d0db004dc,a75bd2b47d53,empty,,9d65d77c6731de57c667370bce5057860ac8086fde11f2dc5de5bafe37a5ca7d,2237,7
T5d,R5,f0bbaae7f4af,bf135de1db2a,7da97e773da8,empty,,86ed7c97f0e480ae62ea1017e8978310317b6f776bf1e62739a38ee3f8772e98,1920,0
T5d,R6,f0bbaae7f4af,ef2dad65a896,85d8acbbf261,empty,,5d488ee3c7a40fff17a51ae5c86ede6129e6bd4b9af89c33b25ffb2b4852b1dd,1331,1
T5d,R7,f0bbaae7f4af,ee8007a1d4ca,4df05a4c80ae,empty,,938de51adf70fe47a588a75cf9fc15e46882a3e61520c85fd257a91478a30843,2102,2
T5d,R8,f0bbaae7f4af,8c5b077524c1,f221b8f4d7c7,empty,,4dceff816c61cfed74a5dce763e4f76dcd3ef4cfde0a6383a298647678f36a90,1085,5
T5d,T1,f0bbaae7f4af,7fccce4faa2f,992ade0ad7bf,empty,,780e988a7d4c870528ec2698d9a3c00854995f232151dca8f4c446ab4a28d5fe,1725,5
T5d,T2,f0bbaae7f4af,2c81c87fcf2c,ab8338833535,nonempty,,15cd255354a2b923be58ab25924ab72c574ff048d6a16b5a9ed1d88ec6993b14,68,8
T5d,T2a,f0bbaae7f4af,e4707238632a,f2c0d7a9d728,empty,,e998cd9e4794b660018fcb3bc8291be727264e63302e77b1e5b7230cdc1dca95,3297,7
T5d,T3,f0bbaae7f4af,3b9aa8bb490c,66f299b3905b,empty,,eaae4070fbac69c6d29a20920bcec7c9511d3df4068039ac50cf579edda3471b,3323,3
T5d,T4a,f0bbaae7f4af,a722a78be07c,6f65993d780b,empty,,3c1646683ab97eef0adda88f04ea2edeef6b88b60be2c18c79dee3f8c777a27d,854,4
T5d,T4b,f0bbaae7f4af,8dac2399d9d3,042dd24bd5f0,empty,,2d9ebb83c342f907ddfcb4434fde070c3448a9e64101e7cf3c9eb427c0117fe3,628,8
T5d,T4c,f0bbaae7f4af,3a2a1325fb93,86e1998d87fb,empty,,c2634a74be0a8b17f62bda1b7994105d7d782a5f6a0520e79641f8b67933234c,2750,0
T5d,T4d,f0bbaae7f4af,0645a54521a8,b594d70a2aa8,nonempty,,ad6ff6a1cb3ff12d856d181cbe2b3b9fa8d91d1499e8ef65d9857399261e0b9c,403,3
T5d,T5a,f0bbaae7f4af,9fd1579bc37e,e3294511ff68,empty,,ae2ec73b58ae27df5e05903815e3e0ab44f91bf6c07b81253e7c7182675e5317,2494,4
T5d,T5b,f0bbaae7f4af,3c304e466112,f4e4e1d118ba,empty,,e820bd3160e7a37f0219088bae219ca88cdb76e92084a89367b11485a72f372c,3268,8
T5d,T5c,f0bbaae7f4af,4236c6342cc5,800365f2b896,empty,,73e59d69453b54ca3f603a26c6c72528ed3fa3258b2acd74c18626b917f36de5,1659,9
T5d,T5d,f0bbaae7f4af,f0bbaae7f4af,bc75239611ee,nonempty,,64ccca95ac305acc4ad024de7f7ead2472f269d6a0088acebe1a5e6cc166177a,240,0
T5d,Tm1,f0bbaae7f4af,6b080cbcddcf,cdc65d9b2dab,empty,,8c3b85bf51d67fbe455ffbf5b81a9a9e5429cd9f97c221bd4447acafa2351a29,1987,7
T5d,Tm16,f0bbaae7f4af,7a0908bbdc11,4b73d221b3fb,empty,,67a022b4fab8bc7910cc5e28c33067b26d593cdcbadc8306f3bda3427bb13877,1464,4
T5d,Tm2,f0bbaae7f4af,1716679973ed,7d0e5ccf264a,empty,,ffd2ce32fb2d30f69e68c9cb705d7081506ed21e8d3dec62172c1ed0947ef041,3619,9
T5d,Tm20,f0bbaae7f4af,5202f2beeefe,54a1370090fe,empty,,4ed75cb6123237916f441d30fb828e7169524990eba8efbcd4bb50a6f49ae470,1101,1
T5d,Tm28,f0bbaae7f4af,0a8ba80929dc,b16b4eed2419,empty,,89bbbb8690e0ff6f2c87f1619e116afca38273197830dd4db394c3572be84888,1953,3
T5d,Tm3,f0bbaae7f4af,1d04dc9e4e44,36218ee66467,empty,,c3973b935d69d95378d00b7a057111e0449762fd4d6d63b81928efdfbf0e8dba,2768,8
T5d,Tm30,f0bbaae7f4af,fabbe5261153,be65e8ecc756,empty,,2d55488ff9c853c2a96c0125c70ae691949fb54919477fd360e764487b1f236e,624,4
T5d,Tm4,f0bbaae7f4af,8f9d79739978,3f4ffd3d58e8,empty,,69670ba9bf8d90bde6839a68ae63ace363fdb010ee2d3682af5e11495a930822,1489,9
T5d,Tm5Y,f0bbaae7f4af,05257d37421c,94c0390bea32,empty,,c149cd29b7c28306e733cab327b39ce799e119b77d4edef5a80c769b1ec6854c,2729,9
T5d,Tm5a,f0bbaae7f4af,e2174a9084c8,a6dd85442960,empty,,91f0ca4f8fc05312676848c3d1a6e55989efd8b9204a61621412308fea0ea10c,2078,8
T5d,Tm5b,f0bbaae7f4af,5bd7d91f26e1,f192b3192e9b,empty,,8f9266f912ca3d2e7dee0fe2485aeb99dc3de998153e8ad8dcf9af459e1934de,2038,8
T5d,Tm5c,f0bbaae7f4af,2455576c666d,4aa51d3a445e,empty,,38fd851ad2ec7d2f6361a1d64588b426ba4c09908e601015a8f3698bfd065d7f,799,9
T5d,Tm9,f0bbaae7f4af,d00cef6913df,16c9690f8068,empty,,0350c2479fef3a410522cc8200683233ad5ad259901d0c193bff1d2c3f4365e2,42,2
T5d,TmY10,f0bbaae7f4af,d1d3392c46d1,97fb0f2b1600,empty,,cf4c91f81de3d7d568ae59f6b63121b934dd9cdedb5b9609f94aba10d3e2564e,2926,6
T5d,TmY13,f0bbaae7f4af,e8c21941580e,892aaba7b801,empty,,2e0e4d8ff9b9008172ee6f9b262728c14d3d8193d7656b99bb487ee5991817a3,635,5
T5d,TmY14,f0bbaae7f4af,28a670a5d3c8,19c29f817214,empty,,6b1ab057bc10e86c459c29ecd5c0a787c2e5744c26252ca43fa725b42c7c0045,1528,8
T5d,TmY15,f0bbaae7f4af,18fb00442a43,3378806df5d2,nonempty,,534af88bd5fd926c2f869ddfccc084cd903140210c486e594d5eccdfb95d4546,195,5
T5d,TmY18,f0bbaae7f4af,dd5eb1fb0caf,e96bec4483f7,empty,,c1dd11b085fb028b71232a88d99c199d88d052e50f099a48ff3ab9d8fcdd2a89,2740,0
T5d,TmY3,f0bbaae7f4af,607b8ed34a33,b7c1a91ac201,empty,,e0df1acd536eeef61eb6cf520e939fab04a2d1b8d2b3f3c4ab769a86b9d802a2,3177,7
T5d,TmY4,f0bbaae7f4af,887ba31d1e5d,d557d51211af,nonempty,,05d45564544d4b81a0913da016291c8ad695037033e1f2966c0d9fee3381df7f,19,9
T5d,TmY5a,f0bbaae7f4af,3ad6ff7262ce,6190c968a38a,empty,,b008179e99a2a57455cc63c08f8f13f55f9f58a0b6ee368a4062e149e7bada9a,2517,7
T5d,TmY9,f0bbaae7f4af,7af2610d274e,90e573755482,empty,,8661387825ab436df1ae4699a3da09f84ddf7f3e7f0fd4aa0690806bef229315,1911,1
Tm1,Am,6b080cbcddcf,ae7eec9cc6aa,5cb90d5e2534,empty,,25ef5488cbb63ad7bcd8e715d8149f163909a82662a0a81565390b6dda93af26,523,3
Tm1,C2,6b080cbcddcf,ac7377b4f393,c63a55101c17,empty,,2ee65cfca4698012292a79732b2ba7b36eb65a48e9aa127883cc4a304ae51bd6,655,5
Tm1,C3,6b080cbcddcf,6182a4f16e6d,caf72a09760c,nonempty,,499aab53a2e30a148349b404d01e2eb78c10b2073da1fa7ba3db38921ab7309d,177,7
Tm1,CT1(Lo1),6b080cbcddcf,7c280b5b9f34,2b2c1a1d1c0a,nonempty,,f072b484841734f15025daae272917bc1d788dc79184eeb7b2fa668e61a27e22,570,0
Tm1,CT1(M10),6b080cbcddcf,63667a4a1a53,a3138da40cbd,empty,,1f596f8738b861a457faac3bfc523a1f51e2d30f6b84b376592d41236dd97d47,422,2
Tm1,L1,6b080cbcddcf,ad5110ebac00,5c448363f32a,empty,,2e339ab9c6ad214eb425b50ef88318e6643c267303306b3db579415421a5f2c8,638,8
Tm1,L2,6b080cbcddcf,36f25ce16c8f,b7615dc470c5,nonempty,,bb18d7df1cc9c3d7d098dd7fa8657932f0b6bf97a154cbec624cdc678a7766fd,438,8
Tm1,L3,6b080cbcddcf,fd5e84317740,93dba900ffff,empty,,1439ede4778877a3ccdc3f065414a0cc2e85b6761d0634512d38fb91d5578b0f,267,7
Tm1,L4,6b080cbcddcf,7c19534e0d84,fb6fccc9ec2d,empty,,d5c949fd9e96d39c1d918e7a14c805059a64ff21385681d0594c549dd9e7f83d,3013,3
Tm1,L5,6b080cbcddcf,cc98a8db805e,02b40beb0481,nonempty,,351fb21473b2df2d22b01d1b6ea490bc3b3fab9589e38e4960e5f530d6968157,137,7
Tm1,Lawf1,6b080cbcddcf,2627beca1340,9a63b16b8e1d,empty,,99558a04c19fc4f87e113d4d3298f4d6c5db04b09feab9d6c69bb6895275b56b,2178,8
Tm1,Lawf2,6b080cbcddcf,3a1e8d7d01c3,54a5b246f11b,nonempty,,ba2f09dd5ef182e66476fc48bee41839979d4694d99674a98fd97795e533a265,433,3
Tm1,Mi1,6b080cbcddcf,af1ee12c7a13,a744a725f76e,nonempty,,97b85025931308fe71ec7f0a8d3073f31a3dba1997bf37764122b6a4a90e4d1e,364,4
Tm1,Mi10,6b080cbcddcf,59362ec08e0b,be3dc850c92f,empty,,6e63b12097d6ecc6d5df7090e4400bb942367296e0512f6376201bb92e548b36,1574,4
Tm1,Mi11,6b080cbcddcf,f8c7207459cd,b65b3c48a953,empty,,55f3df7fed577c5fd2ec5a335d4392101b4ea225aa728a3ca0f7e906f160b5ea,1214,4
Tm1,Mi12,6b080cbcddcf,22599a5bd694,1e837811cfdc,nonempty,,704aba51267cbdf4d09f2b47a72120bd9e332b3aaeafea7ff9aba487c8f6b961,264,4
Tm1,Mi13,6b080cbcddcf,7fd7d345df8e,325a2af06fce,nonempty,,94db984f3164318b70ae80555b3e124293ca8953cd92459868880d900195197b,355,5
Tm1,Mi14,6b080cbcddcf,b33da6e1384a,abe208740637,empty,,2faebdc5b715e030948563216fd462f479611297cde50b2a7729031e83051946,664,4
Tm1,Mi15,6b080cbcddcf,4dd1eb26b0df,7da650067843,empty,,941dc6f1d50aa7434b726f4677e1db3374e9d1270fc921c9ae9023f7cf577b91,2108,8
Tm1,Mi2,6b080cbcddcf,8d98b9eb6175,35367cdb6e2c,nonempty,,73aea803640c3fb8eb7a4b6444c68e8ff0c1369412cb5e4c21d8125d265a744f,273,3
Tm1,Mi3,6b080cbcddcf,0172ab6332cf,c505a8bb0fe1,empty,,260247836bfb08708fecee2e5ba93bf87d8e9f5a5f46a3474067d487017adfb7,525,5
Tm1,Mi4,6b080cbcddcf,7c9f2d10b0f7,bf733077a226,nonempty,,94bdd0676a5d4772a0c885a96b81dd7dcdaf44c65f1fdafc95a80551a052eeb8,353,3
Tm1,Mi9,6b080cbcddcf,760f78ba3287,3572df37042f,nonempty,,c84b8fe491064612a729837bee052b946228473c9d07d226e980099e59d980a7,475,5
Tm1,R1,6b080cbcddcf,9654b247b494,2ac116f347e8,empty,,1f59923722cec8129201a659408d44dcd49bf93032a381d3c3f5c8547066bfcd,423,3
Tm1,R2,6b080cbcddcf,b075082bb026,5ea042ef8412,empty,,ca2c1324d654ffc8b6686e3445d6902c79021593db758ab8521033095ac41526,2861,1
Tm1,R3,6b080cbcddcf,a9358d78ca90,46c89dffceb1,empty,,f03169f1f3a2bac9c40063525397ecc01bd6251b846841b2e8d89d1a02ac195c,3391,1
Tm1,R4,6b080cbcddcf,d54d0db004dc,92b69fbf05fc,empty,,afb3f0d1aa290a750c69dd48ea68e4c23fabdd72062beeb96182ec9b1c0ba3e6,2515,5
Tm1,R5,6b080cbcddcf,bf135de1db2a,08fa64aac571,empty,,a5c894fa541cc8a97b21b7dc1dd55f8ecf6514e654c69eb1d3ba8a887cb9477e,2379,9
Tm1,R6,6b080cbcddcf,ef2dad65a896,6cd9a98495e5,empty,,191c2ae1922c81f1739c3416e4eb3315782fe56f16aabbbc7a6cdac5f26797a2,338,8
Tm1,R7,6b080cbcddcf,ee8007a1d4ca,5f312350b128,empty,,5aa8337b2777f1aafa8380458c0cc262ec2a217abb138cbcd33de4c2300b2663,1291,1
Tm1,R8,6b080cbcddcf,8c5b077524c1,32898f3b4a02,empty,,d7b93988974a8de8b96d294cfcb98903c003645318ebf01b36334bd00e31807a,3048,8
Tm1,T1,6b080cbcddcf,7fccce4faa2f,e21a4ca6c933,nonempty,,ba351c956b2fc6f6fe09e09dd1ed3b7439c0b38f41930fa9c703bb4b7611962b,434,4
Tm1,T2,6b080cbcddcf,2c81c87fcf2c,f768b23b039d,nonempty,,2b956d26211add861a04468b6e7e7162b3fa4cc2adab94956aa363951beb4b2b,115,5
Tm1,T2a,6b080cbcddcf,e4707238632a,baf09e4884f3,nonempty,,c439fdd9f1a52776a17163ed998785fef51debaddec6f5fa4baea75e7e7b593c,462,2
Tm1,T3,6b080cbcddcf,3b9aa8bb490c,30fd00b60663,nonempty,,b47f936cf2f886618101f2a7dc51cb45da73a23f17f55ae171db2bbeb959b46c,422,2
Tm1,T4a,6b080cbcddcf,a722a78be07c,07800475c146,empty,,bbac6570d924845d86c6aba0dbeab30a590a5dd9d2a0b0fe545459c81c2e03ee,2660,0
Tm1,T4b,6b080cbcddcf,8dac2399d9d3,1aeb3ccfd3cd,empty,,4e51f341e1e631b05df69240f7dc7a0bc4dbd88d909aa50d48cea8ae3eeccf1b,1092,2
Tm1,T4c,6b080cbcddcf,3a2a1325fb93,01042ea9ab1e,empty,,550b7984fc8c47bbca32d4f7d8682657bc358efad92c5c2645dda37ef51280b9,1197,7
Tm1,T4d,6b080cbcddcf,0645a54521a8,ccf1dbc57782,empty,,d78946e02e89a282fe29c6b762aadea8c9ced4fc1854d555e860cd40be8ad73e,3046,6
Tm1,T5a,6b080cbcddcf,9fd1579bc37e,d3c1797269cf,nonempty,,84eef4a612933e4fbad2279db305a905000a33ebc7ec4781bba6ac2946de44e1,312,2
Tm1,T5b,6b080cbcddcf,3c304e466112,6d8db83c7c7c,nonempty,,ce2f1e96042f5de215ef7331b2bddaac003419be44e402b5275b36ec4dc32d25,486,6
Tm1,T5c,6b080cbcddcf,4236c6342cc5,0a06d7b2574e,nonempty,,28c4be9f3bef197bf859a158d4aa4f78a04518bce2fa4a47de4e8f6180a04539,112,2
Tm1,T5d,6b080cbcddcf,f0bbaae7f4af,5efaa17ecac4,nonempty,,26f35521f63046867a61c2df1db3c348c8c3825c64206dc62ca6610f84a48427,107,7
Tm1,Tm1,6b080cbcddcf,6b080cbcddcf,3ff04dc7faad,empty,,11dfb31f6001731f2c0b3f42f056ea5104c65b8bec66c4b85a1e86af90d52e46,231,1
Tm1,Tm16,6b080cbcddcf,7a0908bbdc11,c126da609a0b,empty,,f822cae5f6ed30f9ffe4ccece57976130582d917c026cd7e9ce5e785e0c082e5,3505,5
Tm1,Tm2,6b080cbcddcf,1716679973ed,28fb2cf6cea8,nonempty,,c5022ad363abe9dede6348168217479892b4639c3119bc67d883ef6384d0659c,467,7
Tm1,Tm20,6b080cbcddcf,5202f2beeefe,2cbf7f3e0b1c,nonempty,,17111211c40409e43435ba7d3ce89abd933980445c205d7763743332d09bf427,71,1
Tm1,Tm28,6b080cbcddcf,0a8ba80929dc,a69fd3974387,nonempty,,85d668495aafc6e69f7bb2f4e25a979339c46229d1f86a01f0d7564cc5fddcbc,315,5
Tm1,Tm3,6b080cbcddcf,1d04dc9e4e44,947a75f0b201,empty,,0de7fde0a8d76832228781326e4bb151265d631707d7309c345b52d92ffef4f1,177,7
Tm1,Tm30,6b080cbcddcf,fabbe5261153,2bd5fb4aee74,empty,,56a3ecc47c1f7f7705a8d38c8307de16197eb7d2d9a2cd9499f04bc1afddf493,1225,5
Tm1,Tm4,6b080cbcddcf,8f9d79739978,cda9409ccc03,nonempty,,952e69900a60bcbfd8740512c0cb0046a41415f7746b92b52243b133f3ffd4e3,356,6
Tm1,Tm5Y,6b080cbcddcf,05257d37421c,352181f1a7e7,nonempty,,26ed1097737c46d5f253c86fe4f5763733965c240382da911ba3e55f3154a974,106,6
Tm1,Tm5a,6b080cbcddcf,e2174a9084c8,74b29e489725,empty,,06e226b040fe010329193e818b6968206fcb079adc96f449b2f89c587ceb68b2,89,9
Tm1,Tm5b,6b080cbcddcf,5bd7d91f26e1,0a029d1ac302,empty,,af90109aa49d1101fb33652f34af0de1097f2a3b9379e7e2b3784503762892f8,2514,4
Tm1,Tm5c,6b080cbcddcf,2455576c666d,afa72098855a,empty,,e394c25cfab84a6c6c8d2d9e9ad401fd78141a0f8a85ea33f6b449e3a81596aa,3210,0
Tm1,Tm9,6b080cbcddcf,d00cef6913df,eb46d10dc955,nonempty,,074563058783fe86540eabd0b347301eeb480f2850c0e844537ed41e2a04359e,25,5
Tm1,TmY10,6b080cbcddcf,d1d3392c46d1,c6958da811b4,empty,,223b8f18a7957c82d31d6e63e57662fb696ebb825ead56fac1ce95b269d1ac80,470,0
Tm1,TmY13,6b080cbcddcf,e8c21941580e,32e01ae74347,empty,,fb65fbc8ef77320b04b5c0e08791866c231b76a000f1c8bea1a0b6001a1ac7bd,3544,4
Tm1,TmY14,6b080cbcddcf,28a670a5d3c8,a83817fdee81,empty,,fca55bd19f0963b323819f7706b6654dbde94b3c211b6ad82e82c2acda467352,3569,9
Tm1,TmY15,6b080cbcddcf,18fb00442a43,3307d396b491,nonempty,,b20ec8fcd44a03d8685d38fd3bf7e1bc1bfc6f5d2da827cec6be685ffe841c8d,414,4
Tm1,TmY18,6b080cbcddcf,dd5eb1fb0caf,ab193dbf2760,empty,,129e533f97b577d02e8d200899f19a8c6267ec0a7f235e4fa1274f14354f9424,242,2
Tm1,TmY3,6b080cbcddcf,607b8ed34a33,4a474b877182,empty,,3f7c9fc0f0b321acce9a01a072149503740bd1f10902d8f95f4c3a43d0dc6a1b,892,2
Tm1,TmY4,6b080cbcddcf,887ba31d1e5d,0c288db54fab,nonempty,,66b4c03fd6886c64ba266fcf5a7a7b11d3d5fe4a07bf472e898715c7e1aa8ea0,244,4
Tm1,TmY5a,6b080cbcddcf,3ad6ff7262ce,e762988d4847,empty,,79d717df063bd452370952a831df01133cb3a5f6ecedcacd36060085fa2a3c7a,1746,6
Tm1,TmY9,6b080cbcddcf,7af2610d274e,16b90f0295da,nonempty,,565fa9916aac6e4b7e9dda71979ae39703b872add44ac9729fa3acf7d9d8f113,201,1
Tm16,Am,7a0908bbdc11,ae7eec9cc6aa,ca12ce233385,empty,,3c9e1f15802cdb54c3248798b8c546bf1d0148e16498b3b2ec6a17c3fe7e3e6b,858,8
Tm16,C2,7a0908bbdc11,ac7377b4f393,4345456db058,empty,,51fd475ee7ca7f0d94a3892cb1b52088cfc91ae7634662d3849db048893cd428,1153,3
Tm16,C3,7a0908bbdc11,6182a4f16e6d,e07b24327530,empty,,9a49db114a81e50cd56e55a3a8aa469158e7d97454b4a4d875bc18a312b23f2e,2193,3
Tm16,CT1(Lo1),7a0908bbdc11,7c280b5b9f34,d2a1ae4cd540,empty,,d03d242f14db398702696cf719b840272cae4bf8ad338ae52bc7f41e60b69631,2937,7
Tm16,CT1(M10),7a0908bbdc11,63667a4a1a53,737c4b86724e,empty,,4cf3c8286d95764f64fc1b5c07c37fc1e49062281f01f9f149f7081dc0b4e8aa,1074,4
Tm16,L1,7a0908bbdc11,ad5110ebac00,6ebb137e9b30,empty,,b276a2a2cc93f79a4b33b351d22ee6fa9efd35da68339226ba65bca6fdfd43b6,2541,1
Tm16,L2,7a0908bbdc11,36f25ce16c8f,ec6352afe9f7,empty,,374600acaf59842e6eafefc619d09c7973e297e52efae8c25deb447f5054adb9,771,1
Tm16,L3,7a0908bbdc11,fd5e84317740,44340a105fa5,empty,,89565ea3ff7c23dd4158828f3cd194b86b9903abd6fe4447d6356031934b2024,1949,9
Tm16,L4,7a0908bbdc11,7c19534e0d84,d5f20227112d,empty,,c12dc727e4dad7c98b409de9132f382147466fbb9fa7063827f7ec895898131f,2727,7
Tm16,L5,7a0908bbdc11,cc98a8db805e,7d45ce25fdad,empty,,437ae7d4e87e3e863aa9f548d2356656524713eb8050a1ad6dff593c0c2be416,942,2
Tm16,Lawf1,7a0908bbdc11,2627beca1340,f04db8ebe14b,nonempty,,0e62a59a35c2b16f2d898be0e1e128efaa53efb4777c857a718a9d1d2e62d9b3,46,6
Tm16,Lawf2,7a0908bbdc11,3a1e8d7d01c3,3289375b1cd9,nonempty,,db0aed61195bdeadad20d9288af4ab95a2180bcf1f6b81724f0d1b1f0a92734e,521,1
Tm16,Mi1,7a0908bbdc11,af1ee12c7a13,9299f5307479,empty,,a3efbac9b8d8096e42fcc074ddb5857469e5b425e148648de52bfba046a718c2,2337,7
Tm16,Mi10,7a0908bbdc11,59362ec08e0b,d9df364e9580,empty,,09fbbd47fcbf216c598f93b0ff54808e82ce9066ed9748dc10dad250ac470001,124,4
Tm16,Mi11,7a0908bbdc11,f8c7207459cd,75c7001a68d5,empty,,e6ef90b6687d0f4af595b5043609355a0d8c99702260e8278e20d1f5fc5c9370,3254,4
Tm16,Mi12,7a0908bbdc11,22599a5bd694,d02e6913d9d7,empty,,2d464881f4b86db24d7ee3c08e52fdd1b401705caffad2dc32bcc919cc3bf631,622,2
Tm16,Mi13,7a0908bbdc11,7fd7d345df8e,c3d7d4eb0ac5,empty,,7a1272890f13b4b233229f415c6399cd5b5b52886973efc1d9a113ed1fd9fea9,1749,9
Tm16,Mi14,7a0908bbdc11,b33da6e1384a,da6a2a4167aa,empty,,d9d2a7e2ef8611aa439bcdd8286c1d487ca3575a768de5ea688f3bb9ab00efb7,3072,2
Tm16,Mi15,7a0908bbdc11,4dd1eb26b0df,336905eecadf,empty,,b9c59492edb5cc65b138683794f88c4e2bf832e466896d7052ed5a952a7975c4,2631,1
Tm16,Mi2,7a0908bbdc11,8d98b9eb6175,daacc8616299,empty,,37604c049fb455969f780244da4374a9029e3bb059b57d25bdba8170adee3868,773,3
Tm16,Mi3,7a0908bbdc11,0172ab6332cf,c0fec72268bd,empty,,80c4f8d08675cde1e39033a2fbfd09d2182b30b130e41cdf2b60dc3c0573f60b,1830,0
Tm16,Mi4,7a0908bbdc11,7c9f2d10b0f7,8baa6946828c,empty,,d066724324306d80331b570a01a48c39d6138e12fb818475401963f1903e6b8b,2938,8
Tm16,Mi9,7a0908bbdc11,760f78ba3287,8f7b563dfcfa,nonempty,,cd327f1be870ab88823e6eb862fc157398725f89f747ff901deb23d0a0b72b07,484,4
Tm16,R1,7a0908bbdc11,9654b247b494,4386b0ce9d06,empty,,5e0b9c67014e12c4b0437d100b0cad574d80509a1179bf56b5bc0b3a17e939ab,1347,7
Tm16,R2,7a0908bbdc11,b075082bb026,b53658111072,empty,,aa91342d300593f72b138f9172cd8aad3d27b234983781925e4e11313b5a6c21,2440,0
Tm16,R3,7a0908bbdc11,a9358d78ca90,c6e48ac2ac54,empty,,e9082ab28c53fd8f6fbf218d4efe2d833d454036b1819c6e195cd6d5549d216f,3283,3
Tm16,R4,7a0908bbdc11,d54d0db004dc,988e0a29b4d1,empty,,8bfaa997222daba91952035d353e13b5410511e17ecca8bc53f18bb2df49bc4e,1983,3
Tm16,R5,7a0908bbdc11,bf135de1db2a,0186e453a9d1,empty,,49abc05f16f9c937e30bfec66f06f0d0eeffc85680028780254d7486dd82fd44,1025,5
Tm16,R6,7a0908bbdc11,ef2dad65a896,ea0bd89c4ffb,empty,,38181e7f302771c7a5d0774c67f5d20ac15dbbdd8eab0278e144e7826867ceb1,784,4
Tm16,R7,7a0908bbdc11,ee8007a1d4ca,b8fd8fff5c12,empty,,24713f20cdb7382ff71d4c2095c7a5069b3461a7123faa1ac467ba6a70a0014e,500,0
Tm16,R8,7a0908bbdc11,8c5b077524c1,4c0abd8923cd,empty,,c3cef49589972877893a3d442ba9189ec325fb8626debb545fa8655451956c19,2773,3
Tm16,T1,7a0908bbdc11,7fccce4faa2f,caa81513b251,empty,,d44744bb0ddecf3ed46078c41b4aab665aab70a755118c5d02bd2781b357641e,3000,0
Tm16,T2,7a0908bbdc11,2c81c87fcf2c,3fea6b6e7784,nonempty,,095de23a2cdec3d5b09740e65d11880dd10f925029ac90e311727e3c954d9c69,35,5
Tm16,T2a,7a0908bbdc11,e4707238632a,95f412504b0e,empty,,dba9693be3be4e01867c7974606f74d1eaa7902756d2ddddeb45dc087d7d4518,3098,8
Tm16,T3,7a0908bbdc11,3b9aa8bb490c,f54e4895e496,empty,,0e89aec6440f43e4988057310a00e156b8c8361941c9b8aa5a0d2bc1c90e49e1,190,0
Tm16,T4a,7a0908bbdc11,a722a78be07c,ad843a0495a5,empty,,9fd7e9e854529cfc8b10956abeb51e8d2c9f9592beab8dd6fadf945c9157b2f1,2273,3
Tm16,T4b,7a0908bbdc11,8dac2399d9d3,2059ea011dd6,empty,,d618c87b51d88e82cd6693c42bd7699e2d294316d39e490cc84a8e6728e57c7e,3025,5
Tm16,T4c,7a0908bbdc11,3a2a1325fb93,71cad2843ade,empty,,36078b229b98ebe7df30ad161df5abb7e6e796e34581c836f01bd0a0694b1884,761,1
Tm16,T4d,7a0908bbdc11,0645a54521a8,a4a4ca53465e,empty,,959b30f619dd2adf8382dfa4160e213b3fe980b23b8a900c7fa685c23f3a8f6d,2131,1
Tm16,T5a,7a0908bbdc11,9fd1579bc37e,7bfeff8d8dc2,empty,,5d5fcd132de9c48fa66e419f06639327a1984315f229958541048921acbc30c5,1333,3
Tm16,T5b,7a0908bbdc11,3c304e466112,26564866afd6,empty,,b128819f1d87b1c63e9ba0561948bc99af990030da0b8eba119430f180d0bd8f,2527,7
Tm16,T5c,7a0908bbdc11,4236c6342cc5,b77b966463ed,empty,,a52cce822d00d106a44fe4111e2db94869faafbe9350a8923855015669ed5fbb,2367,7
Tm16,T5d,7a0908bbdc11,f0bbaae7f4af,950c4ec60f87,empty,,d1fb6140930612f64f5506131a06562432b04e8bf658d67b4d4813cb8ddbdfef,2964,4
Tm16,Tm1,7a0908bbdc11,6b080cbcddcf,20cb38224cde,nonempty,,5f64ef398ebc4c5d458e402ec7e0204403ff3aeae6f8d16b157e3b65780f60f6,226,6
Tm16,Tm16,7a0908bbdc11,7a0908bbdc11,aebc0dce7a1f,empty,,31337086c094571b4c2bc91cbad5dd7e6a21fd3df623241e3fb403688dcb3f9a,684,4
Tm16,Tm2,7a0908bbdc11,1716679973ed,9932e323af43,nonempty,,e885b9e0e46d31c8f1b2cf26f20b39d08514e0ea0e23585b51cdb7a50e8c4857,549,9
Tm16,Tm20,7a0908bbdc11,5202f2beeefe,8bd534ac2b8a,empty,,8cb57ed5d70e800775d6463090b6b55e1d86f061604d1e2d1e22744283769a17,1992,2
Tm16,Tm28,7a0908bbdc11,0a8ba80929dc,a9a68964ccac,empty,,56e081e7b49e030b264036063540bd683fe860006c55b3f6ad927c35a24fc113,1228,8
Tm16,Tm3,7a0908bbdc11,1d04dc9e4e44,8503a35e87be,empty,,a291adb7abed91bd0a625f2b101f8a9ba8805079ac9f32bf408ac4de7a5782b3,2317,7
Tm16,Tm30,7a0908bbdc11,fabbe5261153,cc901408c171,empty,,7454f7cd6a036af06dde37c4e097b8dbb4e4df9fd2d457c33e405b54e7c9ff76,1667,7
Tm16,Tm4,7a0908bbdc11,8f9d79739978,828583b46ac0,nonempty,,a7410158dc471535863743b5b123ffa54c20545fed113417828f7acaedee679c,389,9
Tm16,Tm5Y,7a0908bbdc11,05257d37421c,61e762500877,nonempty,,684a5acc79b19b3ab0070fa27d2460ce83f54d909a4c1b956408bebd03c9fcce,246,6
Tm16,Tm5a,7a0908bbdc11,e2174a9084c8,28cb6df82817,empty,,e43ee4d0dae8cf58684dd5eb33ad1fb6e459c08b33e79295fd4a5bea022999b7,3222,2
Tm16,Tm5b,7a0908bbdc11,5bd7d91f26e1,c77881394298,empty,,ca6006f9a65b2b09c4a0f19f8c73b1d09d6a2a06404dda7ec149e15a51d23e2c,2864,4
Tm16,Tm5c,7a0908bbdc11,2455576c666d,dd17591d446f,nonempty,,ddf1caefa2cec0e7755b2dd5a73413a7ef8f5a102c110b19f8f62be991f6bbbd,530,0
Tm16,Tm9,7a0908bbdc11,d00cef6913df,c75081551002,nonempty,,b2e4cfde3260430a0af7d065cddb0c775e12a791bdb281b4aa721f2e8ab6edeb,419,9
Tm16,TmY10,7a0908bbdc11,d1d3392c46d1,d21b988cd05f,nonempty,,e611e578ef0b8298ea078f81f616512e727c6ec13b937a3f9d61776677573044,545,5
Tm16,TmY13,7a0908bbdc11,e8c21941580e,1a3bce0250bd,nonempty,,6952ccbaa6956207928ec03739d4c5cfd3650de94d44f0eec9299b648e9c912d,252,2
Tm16,TmY14,7a0908bbdc11,28a670a5d3c8,15582e088817,nonempty,,b9e6e22b45aa6f19f6bf1993d6e9aedd20cea521488aa1359cb2c7588d1b7f00,430,0
Tm16,TmY15,7a0908bbdc11,18fb00442a43,50412aa43aad,empty,,20151502dbf3d1e96dc2974f4d06e87f1b1304150799e379cbd96618bc4f7dfa,436,6
Tm16,TmY18,7a0908bbdc11,dd5eb1fb0caf,ef71336fa6a3,empty,,0afe76a779f31bbb16933fe0315389d8a616d63458122fd81e97da03c83da277,143,3
Tm16,TmY3,7a0908bbdc11,607b8ed34a33,f821a288a0a9,nonempty,,043ee564c740a99d398250f3366eecb56133018105cd048028dcb1b31e4bc695,13,3
Tm16,TmY4,7a0908bbdc11,887ba31d1e5d,4bbbf2196f04,empty,,3bb821ecd50ca1345d7d52cfe8c8f973fd60e1a0d2513bc725024e291a595af3,848,8
Tm16,TmY5a,7a0908bbdc11,3ad6ff7262ce,6983d439c405,nonempty,,a909d2d222e04284abfb22ad93470708051f5f2e56b9dfac7fda76fb76142800,396,6
Tm16,TmY9,7a0908bbdc11,7af2610d274e,93c6e981d1bc,empty,,447ac18b287d0fdeea8420bdb6b5e3579006b5bc20d4f915adfa7707043131f4,959,9
Tm2,Am,1716679973ed,ae7eec9cc6aa,5c1df021d317,empty,,bbebf1b36ae346cb5685986d1b8e4e9662395b6d8cab169fd32c937a3861b7a3,2663,3
Tm2,C2,1716679973ed,ac7377b4f393,fb5dbcaa374b,empty,,ed64329881f60d751371f46facf23df5829689948bf0429cfb2d6f249a97f3b4,3363,3
Tm2,C3,1716679973ed,6182a4f16e6d,e4b28577eab0,nonempty,,213663fcb5dea88e7cb1f832e4138dd5c62b051fdafba45cab5ea2060e728523,94,4
Tm2,CT1(Lo1),1716679973ed,7c280b5b9f34,ce6fa4a3bc28,nonempty,,936207a84aa6cac0a7966ce375ebe378a431330f7efc7703294a4b9965bc687a,351,1
Tm2,CT1(M10),1716679973ed,63667a4a1a53,f4a59a7d3afc,empty,,9a66edabfd5052ce262e6b51b36da616610b3657a8ce2c02bf3b3c4be9861db0,2195,5
Tm2,L1,1716679973ed,ad5110ebac00,db24aa8dd1c8,empty,,c69d03984d4eab924efea185c784ef9ca65c994ce780961367f893ef915ad91c,2811,1
Tm2,L2,1716679973ed,36f25ce16c8f,9cdb1f520771,nonempty,,438e1b3d8372bfaef60a4da68b513f610550c78030d927d3faeab5024ae7c3a8,166,6
Tm2,L3,1716679973ed,fd5e84317740,9b16f04b2f06,empty,,a9bc648008170b29f974fd2cc7eb9ab905edcd3ed13a92ec5e2d9f1f27b3b732,2426,6
Tm2,L4,1716679973ed,7c19534e0d84,7f7c724569be,empty,,2a6017fa724a56374b43b63835a1c1b62d1225071acd07678085142cd8e0ca4f,580,0
Tm2,L5,1716679973ed,cc98a8db805e,90722a73cc62,nonempty,,eeb0f5484137eaee02bfaadbbeb19bb08835e8ec03bbbf04530b2fb53a3d79dc,562,2
Tm2,Lawf1,1716679973ed,2627beca1340,308b14ff5740,nonempty,,dd48c2c91d26ce46a671cfd553ce2617da453610887c20631f79dcdaa7b6a95a,527,7
Tm2,Lawf2,1716679973ed,3a1e8d7d01c3,edff197d32cf,empty,,6a1f12e62616354d1a7e3178e35857f31b73daf49dfdd4890969120667d66878,1503,3
Tm2,Mi1,1716679973ed,af1ee12c7a13,6c5cedbb3a99,empty,,fc084d120e92ed659e19a0b740064cfc8f75f695ed81024f629fff79139d4f00,3558,8
Tm2,Mi10,1716679973ed,59362ec08e0b,5170ca9a5287,empty,,514918cd4048296b8e5da224fa92e33ae97fa785570b8dda08c9f3779221c705,1144,4
Tm2,Mi11,1716679973ed,f8c7207459cd,dad511ba7f44,empty,,c769a9815bdcb27c126821874096fbfb28f3fbd1c7699fa8bae6879b9d3fc6a5,2821,1
Tm2,Mi12,1716679973ed,22599a5bd694,b8c4ee57108c,empty,,a179bf395089dd3fd41ba2e16dbae9947da4bd68ac7ce409b75eccf771138bf9,2295,5
Tm2,Mi13,1716679973ed,7fd7d345df8e,049c80a64e20,empty,,5a7d74265e4a4d4edd0bf5aacec25b5f035ef01cc8382339516a862fb705e29f,1289,9
Tm2,Mi14,1716679973ed,b33da6e1384a,73281a62853a,empty,,c39d9d2a3baed83ee2ebfcdc8214e42b6a48333f32fafca683dff38c37b989ca,2769,9
Tm2,Mi15,1716679973ed,4dd1eb26b0df,01a5ff1fb326,empty,,c982c023747292aaf14631f2265c615afd59f3bb1134596a3b35d58588f19a8f,2852,2
Tm2,Mi2,1716679973ed,8d98b9eb6175,6f128a5d0154,empty,,bc71e8d773c2d9f06d134d9a2b8d9318212f981a71b507db1f9846389ed5e80b,2670,0
Tm2,Mi3,1716679973ed,0172ab6332cf,ef9470963a64,empty,,f623fa312e0f548ddb954b87230ed1f03a2aa856920683f8d30426caa5224d86,3482,2
Tm2,Mi4,1716679973ed,7c9f2d10b0f7,e4f9edc1b06f,nonempty,,895c65e3b40a3f5ec9c1d5361777b2bd94a4155f870198776516c1ec286d59ac,324,4
Tm2,Mi9,1716679973ed,760f78ba3287,6dbcd6c20ba7,nonempty,,c234eab852474aec36604cb2b5156108213771689dfc37bc2c04236a6c5fb917,453,3
Tm2,R1,1716679973ed,9654b247b494,9a603953ffa9,empty,,9314c234f351d4726ade9f4318c50b187a414ac7e62651a6c5e6611c70fbbab0,2092,2
Tm2,R2,1716679973ed,b075082bb026,e7a571fc1b57,empty,,591a39a971160230ce6dd257a7a6a0cc887ac65442f1eaba7383857047746b53,1269,9
Tm2,R3,1716679973ed,a9358d78ca90,1499288d6064,empty,,74055cb65fc1e8ec5334d9eef3ff4a05fdf3005e994b5c535dc93748351e54c0,1660,0
Tm2,R4,1716679973ed,d54d0db004dc,d385c4f53b46,empty,,3eeabdad5a76b2dd884bc93d9221d3fbc6c54c35babfd925e19bee2d4b6431fa,882,2
Tm2,R5,1716679973ed,bf135de1db2a,7efcec7739e2,empty,,1247b2585ad55097d78fec3599341bd162dea1182bea3927b5ab296a04e65f6d,237,7
Tm2,R6,1716679973ed,ef2dad65a896,f3980ff1f287,empty,,1f4d0e61b1bee7f0dbee88c726c0f0d052e024afd5e92ae69ffb2b28752d2954,421,1
Tm2,R7,1716679973ed,ee8007a1d4ca,01657dc0eacc,empty,,060e3dbedec099410e3749168c73fd9b04f94725c8ec3eca6202f6db54b5113a,77,7
Tm2,R8,1716679973ed,8c5b077524c1,71a09c4e1983,empty,,5e8d7f29491f4f9ef1377961df01880d1674107a097ca1f6713ab9093e0e8bb6,1351,1
Tm2,T1,1716679973ed,7fccce4faa2f,89da4852b300,empty,,7283ea8bc7cbd2b1ccba9eae138910ff64477b4876ffcc081b5a361f2a823421,1632,2
Tm2,T2,1716679973ed,2c81c87fcf2c,9b52081b7f95,nonempty,,158ad88a8d62cd743deab4768f107b13f754b4542c8ab35f13ed716978bf96ca,66,6
Tm2,T2a,1716679973ed,e4707238632a,f61563ea115d,nonempty,,a32ecb353439c8d1cd536b84d31c8bc51dfad2afb4ca84a755b813473b2a817a,379,9
Tm2,T3,1716679973ed,3b9aa8bb490c,1e0bfbfa3d41,empty,,e3b2f7e3904e0bdf24a7d5ec08ebc291db5f2e906d2c5655ec63336a956b551f,3212,2
Tm2,T4a,1716679973ed,a722a78be07c,cae5e23c8888,empty,,81320a3bf5670a62865ac870954c7e61ebc3c261d280cb72aa3561947415bbbb,1837,7
Tm2,T4b,1716679973ed,8dac2399d9d3,19002cca7884,empty,,80c6f117a3071182caacd8027122138e1a2d250879c304c9078a5af66972fbbd,1832,2
Tm2,T4c,1716679973ed,3a2a1325fb93,03cdbcae9af0,empty,,54156de4b42b69ee8a2e22cde760bb21c6a68dff4b9f18bae08561298c1ef1e2,1181,1
Tm2,T4d,1716679973ed,0645a54521a8,10f64cb6e2e1,empty,,9da00dc8f2d3235021131ac0bb1ff2b3eab75996c964d1af33cc5b0aad2c2b85,2244,4
Tm2,T5a,1716679973ed,9fd1579bc37e,b27778c1fc38,nonempty,,7368b895d347569da444121c78672beba83572933a484ba2a9832c49a37ca2bb,271,1
Tm2,T5b,1716679973ed,3c304e466112,eb76bafec6d5,nonempty,,01f575d9083eec4b05195bc999f7fb1bf6fdbf40cec4b6e48fe2d2e4a11adcdb,5,5
Tm2,T5c,1716679973ed,4236c6342cc5,a8177c65489a,nonempty,,48669c4ca8a3b1ca8a7d07ebf9c7dea514a16a9c81ed1399cfd71a979c0ec242,174,4
Tm2,T5d,1716679973ed,f0bbaae7f4af,40ad1dc407ff,nonempty,,d1f986e51491d807702c38f1bbc2e95c0a396f0b0a4607905c81b55607133f5c,493,3
Tm2,Tm1,1716679973ed,6b080cbcddcf,acbe84b052f2,nonempty,,a83dc6c33d210d026914cefac304791385d8fe969932c7747e279b4f41550b25,393,3
Tm2,Tm16,1716679973ed,7a0908bbdc11,cd7322ad031d,empty,,bc1e838ad3c29ff974ae33c47619ebae6601a1f337d8f56379825db24e7e006c,2665,5
Tm2,Tm2,1716679973ed,1716679973ed,fcecea6c5c11,empty,,d74e5f611c9f3cac9451da71cca786903cad383242df01f303ad26f573846471,3042,2
Tm2,Tm20,1716679973ed,5202f2beeefe,d3f172abc133,empty,,d33bdeed92edbd26a69683b0f13cb3b6a3bd0e7e1b93e71db189198c0a1f4218,2982,2
Tm2,Tm28,1716679973ed,0a8ba80929dc,f33f7f6b574f,nonempty,,f2498aaf865dcd064c3882fb79db346f7d4c4f401686ec1cc25cdeebd469747d,574,4
Tm2,Tm3,1716679973ed,1d04dc9e4e44,60d765c67959,empty,,409ebe600e0fa881660f1ac4402868df888da713bdbf07f116a9f8b49bf3a570,903,3
Tm2,Tm30,1716679973ed,fabbe5261153,db883ed9557e,empty,,754d15ae40f4f0e9c71ee21a62058f342bd804a1382b69b15fa96b00cec3df43,1682,2
Tm2,Tm4,1716679973ed,8f9d79739978,05007353d9a2,nonempty,,95c841464bacc5edbb76afb1357c988a4c309019524496c0bed1291a2267c047,359,9
Tm2,Tm5Y,1716679973ed,05257d37421c,faad36b35ac7,empty,,62d7295b3d7a4986e90933b068e8dcbbff1d33af747c8714802b360963341e80,1405,5
Tm2,Tm5a,1716679973ed,e2174a9084c8,f30b47d9c175,empty,,af29d57164558c0413266379ae8ace6436f6d1a6e00f0917b71db93ba3d53db3,2509,9
Tm2,Tm5b,1716679973ed,5bd7d91f26e1,6e44c6627013,empty,,2fb66c71210107eddfba03f4b14d8fdb9f1465883a1ca1338f5c650c339cacff,666,6
Tm2,Tm5c,1716679973ed,2455576c666d,058bba9c691a,empty,,d9c7a4a0cd2d4c8a4c88be7723b85cf39bf155b6ec5d98ba3b6a106a7602a88b,3071,1
Tm2,Tm9,1716679973ed,d00cef6913df,05876b1ef0f8,nonempty,,f75f62cb0206b62878ae1fef0aaa81e978f1540cf41402a47fc71e32e5a1ee0e,589,9
Tm2,TmY10,1716679973ed,d1d3392c46d1,168aa9737731,empty,,1fc9567273f953e5cd42c899b133fa45a91f7cad49f3b27ac404fdf8c87e13d3,430,0
Tm2,TmY13,1716679973ed,e8c21941580e,695fd02f30a3,nonempty,,b29d95d0e8b02ca7bcab23dc03a852f201efc1d67be49140bfd46bc46bde2d4c,417,7
Tm2,TmY14,1716679973ed,28a670a5d3c8,9d001e6e7856,empty,,917a1042090e0dc545cb6069788e1c152edaa3ec83d30300b2b0eebd99e76e6f,2069,9
Tm2,TmY15,1716679973ed,18fb00442a43,dce78852f7f1,nonempty,,8502e5265b87f0c4046fb2fa13d0422d5a77adca74b1e906827f7ae53c0681a7,313,3
Tm2,TmY18,1716679973ed,dd5eb1fb0caf,61ed8dd264a1,nonempty,,e302e3df7039b7ea1542ba3506cc7643665d09428807d5e06ec6c3e48fef2865,540,0
Tm2,TmY3,1716679973ed,607b8ed34a33,7934cb308844,nonempty,,bd5adaadec175ea87634f6fbed8d0e272f8a120d6b3fbebc3ebe51d6e3de012a,445,5
Tm2,TmY4,1716679973ed,887ba31d1e5d,20ea2967e1c4,nonempty,,f607428945395fb96520ed6e30f5d6b98232cd0178bdf10caa122a16dde3af54,581,1
Tm2,TmY5a,1716679973ed,3ad6ff7262ce,9cfaa4cf30bf,empty,,0c6b48c84a5a52a3aed4661603b78f3c9f6a09a605044105a9647ea4f2471c4e,160,0
Tm2,TmY9,1716679973ed,7af2610d274e,e80ac8f401f0,empty,,88a814fd671d19fa312181284061c6710fb1c0fe96a460772c81457ea3b4ca3e,1939,9
Tm20,Am,5202f2beeefe,ae7eec9cc6aa,70ef6ca7ab9b,empty,,a4340ed520754d6fef520e30c56d720444ee7b56ccfb3e5f2cee4fa35e011d7e,2340,0
Tm20,C2,5202f2beeefe,ac7377b4f393,24d6633eb0aa,empty,,c43bc657a9402e205b93d63111ade0c0ea6cb4d5c667c5a956696b1f6c5e6303,2777,7
Tm20,C3,5202f2beeefe,6182a4f16e6d,cb2deb960a24,empty,,8c1f6766919a747fd3b0af3859bf7ec269c220bed3d7990fbcc9ac6f0c90b09d,1986,6
Tm20,CT1(Lo1),5202f2beeefe,7c280b5b9f34,2aae9fff0842,empty,,74ece5716d07cbea43cf2865ff1b9bbf427fcef4500cc8b7bd379e5367f1788f,1674,4
Tm20,CT1(M10),5202f2beeefe,63667a4a1a53,6bc2869dbb61,empty,,bc271e0221d880c46c8207ab186946e5b042b5a8adf656575cbf1b5dce1444f4,2666,6
Tm20,L1,5202f2beeefe,ad5110ebac00,c21142775342,empty,,50c791afcfd813a81e801ae9348e0d99127802671ad7ffac8ce8514916173f36,1133,3
Tm20,L2,5202f2beeefe,36f25ce16c8f,36db09fb26bf,empty,,b2cee7b2dd057c9441ff91470621540db2b83a81d973b852ede78322f1b2dd6d,2544,4
Tm20,L3,5202f2beeefe,fd5e84317740,26bfccced053,empty,,90c1c384d26086ccd3fb860b5e541eba34aaa3835b38ae942a87738b40c3b557,2059,9
Tm20,L4,5202f2beeefe,7c19534e0d84,930ec0635bd6,empty,,3eadca1fd1aba5c157347ee832f10e732d7aed488cb04671fb8c6dd7427b816b,879,9
Tm20,L5,5202f2beeefe,cc98a8db805e,da5981ffe17d,empty,,68d7dca56ceb5b3b410401c4aed61d6f5ec3f85c32b11721637b3867e3b3e538,1482,2
Tm20,Lawf1,5202f2beeefe,2627beca1340,94c0f47021c2,empty,,270d576771048c88c224879a606d9e66bb5f65367e9bc7193614688410502867,534,4
Tm20,Lawf2,5202f2beeefe,3a1e8d7d01c3,837b72d0b189,empty,,61da0c31a8ee2cf496eed2a4022808214635fff2391f31247b15cfe7c7a74df4,1397,7
Tm20,Mi1,5202f2beeefe,af1ee12c7a13,4695a3fef939,empty,,c1507232d03a7c4a67ed74abce78fe41654cf7dc48567abc92f272284ed1f7f0,2731,1
Tm20,Mi10,5202f2beeefe,59362ec08e0b,e71971cd8f33,empty,,f2d662f893424a45ca542a2981809779364049e86582eea91c8121c275cefc24,3429,9
Tm20,Mi11,5202f2beeefe,f8c7207459cd,73e95b7e70ad,empty,,256808a084462a079f395de701a55b8a882e2201efc8be3cd257108d0dd75443,516,6
Tm20,Mi12,5202f2beeefe,22599a5bd694,058bbb280af1,empty,,d73926b25f8aff1d4a7f8b5ea1673f196edb37417e9df82bd1a34c17ad0a1815,3039,9
Tm20,Mi13,5202f2beeefe,7fd7d345df8e,0e5c40d1f738,empty,,2a457968b913d92d23d4bb8818d0ca6291d4bc9f898e7437eb45150aaafb67ac,577,7
Tm20,Mi14,5202f2beeefe,b33da6e1384a,aa6c579ef9d9,empty,,6ec6791328d4e0921ad0c593371e411566ef5c6310cc9708b5e34ebf46d73573,1582,2
Tm20,Mi15,5202f2beeefe,4dd1eb26b0df,8cc6cb1d116f,empty,,c2f3e5e27c627a761175655a061684ed25b8ed12efb577efccde338755327ceb,2755,5
Tm20,Mi2,5202f2beeefe,8d98b9eb6175,b3c3d368a74a,nonempty,,b8526cccddfd98c148f7df9be014f9750c8a6d863388d34376f03809cacf9042,427,7
Tm20,Mi3,5202f2beeefe,0172ab6332cf,0ac4b13f3ca0,empty,,2c29b014bdd7a037c122d73430583be5eb7a1aa35256ae9d35f7c228f6016a00,606,6
Tm20,Mi4,5202f2beeefe,7c9f2d10b0f7,5bdd8efd17f2,empty,,bec5f1e79840d312d00ebaf4e7f0dca10cb4317aa5430b6f6494603c5cc05c2f,2698,8
Tm20,Mi9,5202f2beeefe,760f78ba3287,a41b94975c7b,nonempty,,db9d21b0bd592770f97b7048985cc6dd5af3a217439afc43a74b25baa97945ce,525,5
Tm20,R1,5202f2beeefe,9654b247b494,93b5fd77739b,empty,,1443aecaf3f08585a106f158eb9db630c3e7bf8b16c6f6f99c615aa5ecf7d4c8,269,9
Tm20,R2,5202f2beeefe,b075082bb026,fa244a96d9c2,empty,,86a1aa2d233703fc763e4f146d33a759cd6dd2844320f8da662c0320559ee315,1915,5
Tm20,R3,5202f2beeefe,a9358d78ca90,77de9b9116c3,empty,,3c27187abdb80e8365cc6a6ce3ce98071caac924e6ef950b3bd65f98fcf979a0,856,6
Tm20,R4,5202f2beeefe,d54d0db004dc,b63bf8ffec90,empty,,c37f5ecd5716248def64dc11876e8cd8a6096b8e70d3be477bfc022bdc2a1e1a,2764,4
Tm20,R5,5202f2beeefe,bf135de1db2a,2cf4aa88b07f,empty,,52a215774c0fc6762991b5b6b3fc9619945e36c2b2d22c8673f9c8660dc879ff,1161,1
Tm20,R6,5202f2beeefe,ef2dad65a896,14995d673e49,empty,,f60171824d861e5c7f08f50aba0a264773631343b2c89fa3dd5de18fedb3ba4c,3477,7
Tm20,R7,5202f2beeefe,ee8007a1d4ca,821824a3118d,empty,,683640f8608118c1e3327dcf8ca9479aa62f4077b81f62540ee7031addd7c5e8,1472,2
Tm20,R8,5202f2beeefe,8c5b077524c1,9460c271300c,empty,,ff12e587da8e6493897ee8d6eb156c789572c8b887d01f4987fdc77038b2211c,3609,9
Tm20,T1,5202f2beeefe,7fccce4faa2f,bb51038b2afc,empty,,acba213f383961190ee1ad01b064cae55fbc3dfc93d6eaaded95df018d1037a0,2477,7
Tm20,T2,5202f2beeefe,2c81c87fcf2c,ed985059e6a6,empty,,0ca7ee736ee9b1c1452526c4169cd10444f3a5516f407b1edf05db9737cefbea,164,4
Tm20,T2a,5202f2beeefe,e4707238632a,7f0f56aeae7e,empty,,b60e96697f2f4b8d66d9f062afb70112c62c6e6853c331c0b5eaf19e39facffc,2583,3
Tm20,T3,5202f2beeefe,3b9aa8bb490c,4e2c5309fb42,empty,,f1013ea08a8ed46956fa6227c18f7dfa342c113fad3c91b5f4da5fed06f0ae3b,3402,2
Tm20,T4a,5202f2beeefe,a722a78be07c,b853e617f970,empty,,44c0753ef4815eaff14c716b1010428f2dfc1775aed8a9a4ba9696877ca0d8d9,965,5
Tm20,T4b,5202f2beeefe,8dac2399d9d3,6b24b7f16047,empty,,87c948bb9920ff0fb9a0acd01eeba1c249c38dcfb4537f54daafabdd8f8c97c8,1934,4
Tm20,T4c,5202f2beeefe,3a2a1325fb93,5e0527add2b0,empty,,04b01a1413b255a0876fbf3babd5684985976948cd70cccb6f2635bb17a3df9d,59,9
Tm20,T4d,5202f2beeefe,0645a54521a8,edeac3a4bdec,empty,,83fc45e3e8a716c704f0d2ea012e2f104667971ed3422008801ef452d61d64f5,1879,9
Tm20,T5a,5202f2beeefe,9fd1579bc37e,72ffb7dab362,empty,,66d83cca3a0a2e35116bd3354d6db9759a4d242f717007b1dfc1d9774331708e,1454,4
Tm20,T5b,5202f2beeefe,3c304e466112,f9a2ccc7abdc,empty,,359d0e3f939fcbfb42337c3e83d84230c661cd8b30f8de45ca43486a204c007e,752,2
Tm20,T5c,5202f2beeefe,4236c6342cc5,b06dbfe292cc,empty,,e1a0cac6bdfe9a179ae7c3be4529db8e0ad63b39e4b0aea9704f572735d98682,3185,5
Tm20,T5d,5202f2beeefe,f0bbaae7f4af,876e48e06858,empty,,91c7003905d7af1797beb2462c733262f3205d5fdaa0f614027987c17b135b05,2075,5
Tm20,Tm1,5202f2beeefe,6b080cbcddcf,434daf35a0a5,empty,,932477727b8dac50292bf7558be206ef51b16fb3e15ae1abab5dd0526ca735e7,2094,4
Tm20,Tm16,5202f2beeefe,7a0908bbdc11,5b8044806261,empty,,9c68f4c4247a4a792c22918369ea38732c6d3c26e42cd409246d68c4ee8f3c56,2221,1
Tm20,Tm2,5202f2beeefe,1716679973ed,dbe28fdd7f79,empty,,a9f1dc85ea5f5a769de1fb0fd4fd6725a628527f5c4e2c7bb95add95d7c35cb6,2431,1
Tm20,Tm20,5202f2beeefe,5202f2beeefe,87b808ad1f25,nonempty,,8dcc9bfa9820e07d77ca29ee9c0df005b66421579754a9bf8f0fbceabe5156a9,339,9
Tm20,Tm28,5202f2beeefe,0a8ba80929dc,8fcf26d07bf5,empty,,6157fb91be839f61ea5d5444564b20995dd50f045971c8636445c96524f52442,1391,1
Tm20,Tm3,5202f2beeefe,1d04dc9e4e44,216d0d523ada,empty,,72223f3c8543f0eeadd66087d50e69d2c084b3bb2133e0433e425272d775d0c1,1629,9
Tm20,Tm30,5202f2beeefe,fabbe5261153,84a0823969f6,empty,,3f68c88c17ecd1c28f7471090f07eb2c05c5c130028149027025b5dec1bd3e30,890,0
Tm20,Tm4,5202f2beeefe,8f9d79739978,2d9f5d591e3b,empty,,15771e7f97406938f227dfe96fcc8041ed07811177ffe5bf3dcd183a90c2f6b5,287,7
Tm20,Tm5Y,5202f2beeefe,05257d37421c,d5d32dafa20d,nonempty,,a617f269f475e953842aa42ff75ccf9bcbc5d7f7dd503f82ede7824833572695,386,6
Tm20,Tm5a,5202f2beeefe,e2174a9084c8,8e465896e8cd,empty,,f05068df377c37e3c5d1e48a3aedd65cc974d7e424fadee55554b7f02be45192,3393,3
Tm20,Tm5b,5202f2beeefe,5bd7d91f26e1,b9e54f3d1dba,empty,,fc544f734a0e07a7f4da4349a26dec11f8c2adc9120f06b8c37594a14a3ab4e3,3561,1
Tm20,Tm5c,5202f2beeefe,2455576c666d,d286f67825ae,empty,,778e51adbfea89e911b69dea6611ecaa4fe73ba62c2d8fcbf00ffd3cd306f491,1710,0
Tm20,Tm9,5202f2beeefe,d00cef6913df,381fb63974ff,nonempty,,2ef7c08b8680555843839accad541617e3cc96036faab3ada929923d72d979ed,125,5
Tm20,TmY10,5202f2beeefe,d1d3392c46d1,edae3a242e15,empty,,d8403244e60b3950b8a52a3ce0eb8e2b316d7b7337f23e9b4dd18d29da74d97d,3057,7
Tm20,TmY13,5202f2beeefe,e8c21941580e,640d03565499,empty,,4d9bb8ac7acee850de2c3b9bb40347af8fb629b85a7550ef922d2e82fc79b120,1084,4
Tm20,TmY14,5202f2beeefe,28a670a5d3c8,27e0d70084e8,empty,,4c424c657f521b9998f8f0f8e0fb87aab57064a5cef4c1eee73312d7db493ffc,1065,5
Tm20,TmY15,5202f2beeefe,18fb00442a43,b878d8590069,empty,,1ae57eb71646db502483578bd471c08dd61c6d3e3262b88d13e59d3ddc5acd50,362,2
Tm20,TmY18,5202f2beeefe,dd5eb1fb0caf,51f317090025,empty,,556fc9bfd396bf2964081011d056e465d3e73a4ed4064621450366f102e6a2fb,1207,7
Tm20,TmY3,5202f2beeefe,607b8ed34a33,29d814e403b6,empty,,e4af7cfb8f04f10926bc1a929b4a9d8d6b8a3087d7162827773511cb5bb0ec4a,3229,9
Tm20,TmY4,5202f2beeefe,887ba31d1e5d,4ca234120d92,empty,,cac5a303bca792cc33417a166285ac42ba06ca7809c52856ff2d9582b7f66eb8,2870,0
Tm20,TmY5a,5202f2beeefe,3ad6ff7262ce,4d863eab1824,empty,,88de2c10bbc5d2a258fce26dfcbaed403bedab446dc56c4f91dac0736e831c65,1942,2
Tm20,TmY9,5202f2beeefe,7af2610d274e,6be793e15878,empty,,0679506918bab07f3213671e1724844066cac3de77e6a6b549aef619c56c79b1,84,4
Tm28,Am,0a8ba80929dc,ae7eec9cc6aa,f19c131fe2e2,empty,,30a9636322c61d40c2d842a737121f94eee62496a3b64397013e56cb8d0b85c6,680,0
Tm28,C2,0a8ba80929dc,ac7377b4f393,d6bb5f97a20c,empty,,1b2b2b90b90fa22b0b128eb45e49791823e0f5e6d83e5865573737b509ce5efc,365,5
Tm28,C3,0a8ba80929dc,6182a4f16e6d,2ab81e1c51e9,empty,,156fb60ebfd1b90d3260b0acbde519ff4af70dd30955ef83b9ae9e16b729688a,286,6
Tm28,CT1(Lo1),0a8ba80929dc,7c280b5b9f34,5f2c8b01925e,empty,,fd4f470d8f8e4356854daea3ae8e4f51ded1bedfa9506da7c7fd513044603822,3582,2
Tm28,CT1(M10),0a8ba80929dc,63667a4a1a53,a86545771fa1,empty,,dabbfa3c773f5d387456016949b71ecb3e76f8ea94b384a99308988a99a30e65,3082,2
Tm28,L1,0a8ba80929dc,ad5110ebac00,0385bd4610d8,empty,,876e736c545d04b8011598bd1078cbf49640f35301b14674e0ffe36d3a6eaca2,1929,9
Tm28,L2,0a8ba80929dc,36f25ce16c8f,b38178944d7b,empty,,059bf06b4c90347a273ee2d3b6c4ab8587ea90ba2deca9eb489a4b2211452e4a,72,2
Tm28,L3,0a8ba80929dc,fd5e84317740,a60958be513f,empty,,21948fe84c81cd0d6be20ff3024694c0197857377b678db1de01e337377a0efd,462,2
Tm28,L4,0a8ba80929dc,7c19534e0d84,445c086873ba,empty,,4f39f0521c685598684fc04a168ee19721c0b1842f48dab00547b63adb054dd6,1110,0
Tm28,L5,0a8ba80929dc,cc98a8db805e,9a8f8921637d,empty,,97f43ad5d1e9ecb57dbff9d708a58c79390be6fd8940d40aa4bda325e4120dd9,2165,5
Tm28,Lawf1,0a8ba80929dc,2627beca1340,e694ab06742c,empty,,7c8e2737f95ab28108697ebc73b08de31b0b500eee4a44c376acfc96cbbaaa60,1777,7
Tm28,Lawf2,0a8ba80929dc,3a1e8d7d01c3,ba178e40e7d6,empty,,e5f62add8498c9488d6aa4ba8e38cf97201a1490f6ff79f974b7f88bd37f1316,3240,0
Tm28,Mi1,0a8ba80929dc,af1ee12c7a13,657df443d7b1,empty,,35270bff662a585ebb6c5e5c34d3b9bf85175bd9a26e92af4ea467a40427af64,745,5
Tm28,Mi10,0a8ba80929dc,59362ec08e0b,5d58e7ed1d5b,empty,,844533d1114c14b480edd683bdc32ed53e621cd2b4e247726ec6b251cbc6f77d,1882,2
Tm28,Mi11,0a8ba80929dc,f8c7207459cd,0679b24462f5,empty,,41258d661a046793888a902fcd98edef5b5eb66c377f165817e1b13493fce7b3,910,0
Tm28,Mi12,0a8ba80929dc,22599a5bd694,cb9e18ace7d3,empty,,1ea091bba70d2d0ddcbf4954771e33d1808652a564d4404d84014aad0bb551d4,409,9
Tm28,Mi13,0a8ba80929dc,7fd7d345df8e,69b7bb439ccf,empty,,0b541e8225a273505f55cce67bc3a832022fe4122bdad32836fb6f21a68c4aa8,149,9
Tm28,Mi14,0a8ba80929dc,b33da6e1384a,be4b60ba5526,empty,,631da3c4fb6144f120f450617f316bd97a9adec37867d57c914799e474c1c152,1408,8
Tm28,Mi15,0a8ba80929dc,4dd1eb26b0df,fcebdc61157c,empty,,2b1370b514798d32b6d46a6d2e70acd1911ff27c8321bc1f2083b312b5b4b1fd,586,6
Tm28,Mi2,0a8ba80929dc,8d98b9eb6175,0c28a1621b0f,empty,,d4da8fa19f4f2d3a935c6ea634568c13a96ea0a2177205e518aad042a3add261,3007,7
Tm28,Mi3,0a8ba80929dc,0172ab6332cf,d8c545f3411d,empty,,31ab5c863ec4d74b34bd493a63c39862c71897d22ebe298a285b1459b5833317,695,5
Tm28,Mi4,0a8ba80929dc,7c9f2d10b0f7,2f5216edd651,empty,,f9ad5c62e42cb5ffbcfd163d9872d0e1b151993be29f40514307a306f969d0c7,3523,3
Tm28,Mi9,0a8ba80929dc,760f78ba3287,1bfeac1f60be,empty,,0ea5d5ac347969b9de734b436c12601304a29ba71e792fcdc7e66a0d455084b9,191,1
Tm28,R1,0a8ba80929dc,9654b247b494,e6887b900abb,empty,,b32e467ef48e91a06f9be9b563c10e09f51ce65ba0cbaec936c53cc287879953,2549,9
Tm28,R2,0a8ba80929dc,b075082bb026,94966e172f2f,empty,,e78cc8fbd0fdbc68f6bf5c16b7892ea02eec4cf161c215ff07fdddc388d497fc,3261,1
Tm28,R3,0a8ba80929dc,a9358d78ca90,fa24f13fde54,empty,,f8b5b834cadeaee3d33ea7d15e805f0e93a8b74e9ac293e02762e898cc37d8e9,3510,0
Tm28,R4,0a8ba80929dc,d54d0db004dc,334037a76a54,empty,,3ce4253879ce8b62c9a31cefb5399f71c82e5a76894084ba071c98b2031676b7,861,1
Tm28,R5,0a8ba80929dc,bf135de1db2a,8da26c32cd9e,empty,,1c1e82c26f691344c2cfda28240f841d243547e8e2e0d36472cfa7397be692a2,376,6
Tm28,R6,0a8ba80929dc,ef2dad65a896,12ac2ec4c697,empty,,e8ac16acb06f4946b1baf34dcae4ed9387cd620f0265c0d8a780fdcc9f5eb9fc,3280,0
Tm28,R7,0a8ba80929dc,ee8007a1d4ca,0f8e0d9827e6,empty,,31c99f764332d7e8766b37ff4705a4cc268878ecc8a71d99c17e0fdef9750045,699,9
Tm28,R8,0a8ba80929dc,8c5b077524c1,3b87a5968bf1,empty,,2a3f167c7adcd287c190b78908b75dff4086aad482cedb6bf0bd2d6e89242f5f,576,6
Tm28,T1,0a8ba80929dc,7fccce4faa2f,6b805580e3ac,empty,,efeb0b2212aecc83e9c7a4225bd5ef6125eec75c43f3656b9fc50bc0df31881a,3390,0
Tm28,T2,0a8ba80929dc,2c81c87fcf2c,1339faef4954,empty,,8dfb2484e514fa2406ebf018411ac80bd7fa7921fa5e11045dcf24af89311874,2011,1
Tm28,T2a,0a8ba80929dc,e4707238632a,a231cd1bb5fe,empty,,5672300c6c4b7867cd0adfee5790891a5e39d24db44338e3bce584a1a6726bd9,1222,2
Tm28,T3,0a8ba80929dc,3b9aa8bb490c,8a9940766c94,empty,,2500101c419c3b145ccd96e7dce887cf3b08459d338162608766534c05d7bf6a,511,1
Tm28,T4a,0a8ba80929dc,a722a78be07c,d1eb17045221,empty,,c79adbc9a3082f6f5262c51c52ed548cd137f28bec0ba903723ccd411cd36976,2826,6
Tm28,T4b,0a8ba80929dc,8dac2399d9d3,942a0d104ce2,empty,,d8caa1370c6e9f50d1131892016f6778b497fceee38d2f866b184c28f9709e84,3062,2
Tm28,T4c,0a8ba80929dc,3a2a1325fb93,ba0ad1f7c8e5,empty,,5ab2acbfc2f158f7dafa95cfe7f406c5b0f87f966c2a3f43429c6702b14c3d55,1293,3
Tm28,T4d,0a8ba80929dc,0645a54521a8,2e79e623109e,empty,,fd45dfbd3308b10bd12f86e2436bf7501e6691c08a3861397dae6dcec4d25edb,3581,1
Tm28,T5a,0a8ba80929dc,9fd1579bc37e,ea72e1597c20,empty,,abc111161016e13205ad0659b15b6fea3f096f4df6a3883d3fa1ef22f77804d1,2459,9
Tm28,T5b,0a8ba80929dc,3c304e466112,b53581134fca,empty,,4a733df19e3f0b37af94f9e9312febc68522eb9ef286469086714e7c5930f3f8,1034,4
Tm28,T5c,0a8ba80929dc,4236c6342cc5,4376df133eb1,empty,,b51de578a5a642062f23f85971bf500964f8f0b27a0bd699a1c36aadfa2593ef,2572,2
Tm28,T5d,0a8ba80929dc,f0bbaae7f4af,4440e372934f,empty,,0234d335df3178858a2999ae12bc2d4713c389e20cd6498d1efd69584c8e3ab8,31,1
Tm28,Tm1,0a8ba80929dc,6b080cbcddcf,11f533a80482,empty,,912f11aaff4224a1b5cc2b78acd20a4e17f160977902e4ddd3be034b2a4df0c0,2065,5
Tm28,Tm16,0a8ba80929dc,7a0908bbdc11,dafd06dcf147,empty,,f64d6361dd115d8911d676d36a216d9d362db37e7f58cd22b613e23a6471119f,3484,4
Tm28,Tm2,0a8ba80929dc,1716679973ed,6ab3e37aa24e,empty,,e064f697c7653d4a2d9f487c9215b78a9a97a067ee83f15e829acfce69e840cc,3169,9
Tm28,Tm20,0a8ba80929dc,5202f2beeefe,4d5c027a4483,empty,,4c51bd6d4f821453f22f3b77446f112f821422b382f769e7e2f052e19582aeee,1066,6
Tm28,Tm28,0a8ba80929dc,0a8ba80929dc,14001d08ca08,empty,,39be259b97eb1c3e05d16424579584903cd1e54bd24a7b10eb387a62e0c0751f,816,6
Tm28,Tm3,0a8ba80929dc,1d04dc9e4e44,a9676fd026be,empty,,4be1de1b07bd276c2990a357c43bc1f41c6420ddda2384ee6df6ead000c48db8,1054,4
Tm28,Tm30,0a8ba80929dc,fabbe5261153,2fa149474219,empty,,e3b16ee5d6589e4e94099d46d3a82859d963c0bee585c0b601268d4b68a59f80,3211,1
Tm28,Tm4,0a8ba80929dc,8f9d79739978,5d09b15662d8,empty,,9c3be52a2e555e582d572a31d19b7c4b4b262c6a3e8d3c4dd058f3b0c6490cc6,2217,7
Tm28,Tm5Y,0a8ba80929dc,05257d37421c,4d0f52eb3c36,nonempty,,f735a3678be6aa091c84a6b0742e4ad124f7447f0841a6abfa2cd271ec5ee73e,588,8
Tm28,Tm5a,0a8ba80929dc,e2174a9084c8,ae555e78aab1,empty,,69e24c7a728592317ef007ee420fcc7b64cfd4776c475528edf9921207192196,1498,8
Tm28,Tm5b,0a8ba80929dc,5bd7d91f26e1,22abc2bd3449,empty,,a306b5cead9a202913f9a6511725582fdcfef6ae62aa455aebfd3d9b70bb6eb9,2325,5
Tm28,Tm5c,0a8ba80929dc,2455576c666d,fd9141249876,empty,,0906d843df5114cff58ff76dc0c499e3a307d70e72a848f8ac9083d1701d9ef4,115,5
Tm28,Tm9,0a8ba80929dc,d00cef6913df,57292109e9a8,empty,,a212c2d8a0aaa677a38f920fd7f2b62c7b6b082bd44dc7d87f8a5df3f3393a5c,2308,8
Tm28,TmY10,0a8ba80929dc,d1d3392c46d1,e01e4492baac,empty,,02497146de2a11df976504b88f3cacc7a9f4644af73b69db7983a83885e23771,34,4
Tm28,TmY13,0a8ba80929dc,e8c21941580e,908b5ab323d2,empty,,2dc6ba278bd990271fc6cbd7e5a0a3b0d85553ca76efcf3310851b02d17f7cb9,632,2
Tm28,TmY14,0a8ba80929dc,28a670a5d3c8,b8c5daffaa48,empty,,e6ab817b0f44a52d45ce3254645ff513c4bfca773385cc4ac4f4f27949d5edbc,3250,0
Tm28,TmY15,0a8ba80929dc,18fb00442a43,02c3440e5ef8,empty,,576693da8e48bbc716da4c2c723979c919a38662b45ac727c9b5b6f793e75246,1240,0
Tm28,TmY18,0a8ba80929dc,dd5eb1fb0caf,c97163e06c3b,empty,,ce8d341f951db950a98a185e5b74a4299aa0bd51c8da20b1b6bf063aedd86f61,2915,5
Tm28,TmY3,0a8ba80929dc,607b8ed34a33,9cdce83398aa,empty,,11419760b3799504ead0b25b50b9624fdb51e1e6654a77285dc7c935a98e05ef,222,2
Tm28,TmY4,0a8ba80929dc,887ba31d1e5d,5268f8757970,nonempty,,85e67172bee23cd89d5072fb2c51a74e143cf82be420acac8d20d7bfa3e7da14,316,6
Tm28,TmY5a,0a8ba80929dc,3ad6ff7262ce,fa91211cc951,empty,,16a6d486c7a8bb245593111c25e8fbe5c282559a9070e6c545f44fd760c1770f,308,8
Tm28,TmY9,0a8ba80929dc,7af2610d274e,d07ca5abc1dc,nonempty,,d93c99601f4aecde151a3fbe67608e82634715a8d4cf78318cf49d00f1c18d92,518,8
Tm3,Am,1d04dc9e4e44,ae7eec9cc6aa,bae657af1a63,empty,,98509a30ac03c25381701b25499412d66397866c76c51208adf76cd350c397b6,2172,2
Tm3,C2,1d04dc9e4e44,ac7377b4f393,e957f09a0ee1,empty,,46ec9102409e63f2a241e6ad01a73c04d12028365f4406a71dea235db9f063f5,991,1
Tm3,C3,1d04dc9e4e44,6182a4f16e6d,fe9a1fea3d96,empty,,6c6e62b28bf059e7bfb5390153f15ca84113be70af20baee1d8ca92af2d65a9c,1547,7
Tm3,CT1(Lo1),1d04dc9e4e44,7c280b5b9f34,ab01c8922c8e,empty,,834b5fae18dca53903e74d5ba1a9387dc523f23182d1fa79551f493ee6c74e88,1863,3
Tm3,CT1(M10),1d04dc9e4e44,63667a4a1a53,da8c75737354,empty,,e3e3fb58c7f7aba5581141a31f0feaac95983e2d3d1bc7c7ce98e841cc8ed043,3215,5
Tm3,L1,1d04dc9e4e44,ad5110ebac00,afec25957712,nonempty,,f0036fd69e733e29d4905fdc0f20ad706c5eb3bd930e5165f0c60572596a0be9,568,8
Tm3,L2,1d04dc9e4e44,36f25ce16c8f,0d08dd2a6f7b,empty,,13b83742ff29eb8ade945f23ecea07acf296e294737713970561ee865df47668,258,8
Tm3,L3,1d04dc9e4e44,fd5e84317740,789c3252025a,empty,,2085ef8c1a362e5a3aa48b434b3a25da87895fede0c7d455ef72b16a7c8881f8,441,1
Tm3,L4,1d04dc9e4e44,7c19534e0d84,ee417ea9d09f,empty,,064f4453c1ff30b0ac9c17bd56d7186512aebb68f0072e0cee10405eb5e710cd,82,2
Tm3,L5,1d04dc9e4e44,cc98a8db805e,a356ac47a64d,empty,,1c5da82af319613ed89a04722fad52369501a673b3da801f0cf4280ae6767cd5,380,0
Tm3,Lawf1,1d04dc9e4e44,2627beca1340,d68965b1c55a,nonempty,,bab40e53c2fbf1ac4162e34b1e0cf53541eea6f6f0cf9380ef7325463020a8fe,436,6
Tm3,Lawf2,1d04dc9e4e44,3a1e8d7d01c3,ae85ea3a5718,nonempty,,ffa1f76272903ab17b5c5cb7dbf1199648fcce96db4fdc712e98f04dc8a935eb,603,3
Tm3,Mi1,1d04dc9e4e44,af1ee12c7a13,7733bb759142,nonempty,,f61e0f16d7845f85e6b65d23a687ad7b02963ac8dee2a1bfdba0e0cef2c8bbba,582,2
Tm3,Mi10,1d04dc9e4e44,59362ec08e0b,559d38fd9998,empty,,cfa3263db30815df6fca2c4d13e06c768a57205f2a12380360195493b60da8eb,2929,9
Tm3,Mi11,1d04dc9e4e44,f8c7207459cd,41c6259e111d,nonempty,,f8f2d5038c51a967bdd888812178f15ce25bba74ada683dd5a15e8ca25ad5a2a,594,4
Tm3,Mi12,1d04dc9e4e44,22599a5bd694,ef9631fe6373,empty,,575e2f2952ba0f2bce72620d415117d2ffb55f8ab16b50cd2880654d8f165a33,1239,9
Tm3,Mi13,1d04dc9e4e44,7fd7d345df8e,e2c9c5856c51,empty,,56a52bc885fcb386c8dd18d103218f6cdd5fd4ea25ff069eb352ae996d3d9a03,1226,6
Tm3,Mi14,1d04dc9e4e44,b33da6e1384a,21b7bf5ac583,nonempty,,f235b6c946a104e846600ddd3dfc44b65e88eafa408b11874994f1f3f21333d2,573,3
Tm3,Mi15,1d04dc9e4e44,4dd1eb26b0df,db226bb11ef5,empty,,f9b64b4e57d7fa8e0a7a3541dfbfe65d9dca1d84394f56c6446d18c81fa1c4a0,3524,4
Tm3,Mi2,1d04dc9e4e44,8d98b9eb6175,eb4f78fdad77,empty,,391b2a59edbb1446698365ba25a8268a5574f7234d3b88ee9510ca1dac25884c,801,1
Tm3,Mi3,1d04dc9e4e44,0172ab6332cf,b6fc411a637c,empty,,1f12427559ca06251b346bdffedc87844aaff226244aa4028cef1886dd00f419,416,6
Tm3,Mi4,1d04dc9e4e44,7c9f2d10b0f7,5e2a202d9297,empty,,35cf1b623accd073549e0cad82554d3f04e27635e987b30e4815a46570e0944f,757,7
Tm3,Mi9,1d04dc9e4e44,760f78ba3287,c2e0c2944387,empty,,3e065fd56ca253a5aaf46b35d826e9f707616ec1d833455d1c25a9fbfcadecdb,872,2
Tm3,R1,1d04dc9e4e44,9654b247b494,e236baa7b9b8,empty,,b59f3b39192c2116e12ba84934ae2b4237167d7214eb99e1bc7b195a9e487142,2579,9
Tm3,R2,1d04dc9e4e44,b075082bb026,9a8b29613f10,empty,,e9d980d6fac4d5e86488ab9c22c6c325d818b9123e1443af8c9651a1f8310e42,3310,0
Tm3,R3,1d04dc9e4e44,a9358d78ca90,7cb7f520c06d,empty,,86da66c28784e334dd7e7f824da3db00b8397d70b12e6137949cdbe2ce7a182f,1918,8
Tm3,R4,1d04dc9e4e44,d54d0db004dc,88604e83358d,empty,,2717a5a32af35c5fa9f4d2ff192e66e8412e91cca008e67fce765d2b43ea8dad,535,5
Tm3,R5,1d04dc9e4e44,bf135de1db2a,bb2e64ee3a81,empty,,873874c87c18120b3a9532c86ce139a6e34567f36083b97aa326aef8e4a58ce7,1926,6
Tm3,R6,1d04dc9e4e44,ef2dad65a896,ef123518cb30,empty,,54fc4f5b4e53613d21da3a204112057695cc93e2d1952ae37c22bcc00303c2e1,1196,6
Tm3,R7,1d04dc9e4e44,ee8007a1d4ca,cbd2b0bc0cf1,empty,,e6e7bc15c87812a2f81b470bef58b56651ce642c2a6eb703f02c14dbb5b4997c,3252,2
Tm3,R8,1d04dc9e4e44,8c5b077524c1,15ecf16a5598,empty,,1cb283b7a7a131b49c436c12aadca3b929b12cb4f70efea411cc4d71a4b00ae7,387,7
Tm3,T1,1d04dc9e4e44,7fccce4faa2f,bb016b1170d4,empty,,6645c99e56531d84779155a24ecb161a06d3cc6b3e246725557e1d243a91e75b,1443,3
Tm3,T2,1d04dc9e4e44,2c81c87fcf2c,bf61536e7750,nonempty,,af3763397d6db1761abf247c9772d8d8e61479d3f531750618e081b8d7157898,409,9
Tm3,T2a,1d04dc9e4e44,e4707238632a,7b14e9acaf71,nonempty,,754d501d4503130e053ac86802e9d4e7ed59cab24f2ec1f6eb2d279ee8b719fd,277,7
Tm3,T3,1d04dc9e4e44,3b9aa8bb490c,b64d9b84e2d1,nonempty,,e341db89d632bbf785d07978585328f936a537b755905334aa43a958f2f8878e,542,2
Tm3,T4a,1d04dc9e4e44,a722a78be07c,9e282a1c8dfb,nonempty,,5fea7cb0f87303a15390f93382d3a6b649c48d163b1ffe5214218b644e473bff,229,9
Tm3,T4b,1d04dc9e4e44,8dac2399d9d3,3d2e3eef51d7,nonempty,,6dffece9eae43aa60a507e5310986d1d628f329ee11d4c7a2b31a6eb2e51ad89,262,2
Tm3,T4c,1d04dc9e4e44,3a2a1325fb93,440616171af9,nonempty,,7ec0aa6a4119f7c686c5e439340683fd0036d96b6e2bb65636f769ea988cd980,297,7
Tm3,T4d,1d04dc9e4e44,0645a54521a8,28f9ab435364,nonempty,,bbde9f08fb5ce82e96e0336cb1f1e63a42f777e01def21e294a5cc5cd5fd6a1c,439,9
Tm3,T5a,1d04dc9e4e44,9fd1579bc37e,e5f5f850ce08,empty,,907d2e371fc4bc80702403849206b7a759bc108c492d4abfbb1901b729543d97,2052,2
Tm3,T5b,1d04dc9e4e44,3c304e466112,1eb06ed94e2b,empty,,68a3e155f41c6eb9779d75abf9c55965ac71d60ab07de06339cbc2a8f613971f,1478,8
Tm3,T5c,1d04dc9e4e44,4236c6342cc5,482ac91c3b3d,empty,,73100d1d7c6a0187a86160681a63e400f816c6a15d68a90af6733a4276c52abe,1645,5
Tm3,T5d,1d04dc9e4e44,f0bbaae7f4af,d7a093578828,empty,,944459e6a3aaa37ae7b7652b8f7b34bcbe167ece114e02e3607850e7a64710e5,2110,0
Tm3,Tm1,1d04dc9e4e44,6b080cbcddcf,206ece4794ae,empty,,2a0a273f22035ebae4775b449064408b66979116644c4b41bda5a573e7a28837,572,2
Tm3,Tm16,1d04dc9e4e44,7a0908bbdc11,18aaeacca4b2,empty,,84b1f0a1ef45426ccb23d1bb6b62bd685e75670266869e083c623de7453bac4d,1890,0
Tm3,Tm2,1d04dc9e4e44,1716679973ed,c58512f80ba5,empty,,5f8a982146088f6ec9ad79c1652194fbef0ff9b11497af03e0be6c6e09b0c0f3,1370,0
Tm3,Tm20,1d04dc9e4e44,5202f2beeefe,febacc52202b,empty,,37838feeafbc8db60bd8f86de0be4251b9b390f9c7470f93809394ac242a4bd5,775,5
Tm3,Tm28,1d04dc9e4e44,0a8ba80929dc,4e25120deae6,empty,,986e2add324c8ced47b7e381e2dbf2115313793783c51ffa265b986b8ab28e5c,2173,3
Tm3,Tm3,1d04dc9e4e44,1d04dc9e4e44,60c45125a1f6,nonempty,,c707e8bd22f771abd5427bd29f36cbd0cd67a805f8c5485cbb8b896fdfb98e85,471,1
Tm3,Tm30,1d04dc9e4e44,fabbe5261153,01eab188272d,nonempty,,b22fdfb81daa7b589701d517bb0275d6068a422dddc2173173fc953e6a064c01,415,5
Tm3,Tm4,1d04dc9e4e44,8f9d79739978,e6cf64a46d64,nonempty,,35fbc5706698072db646fe34d8b5b607e897d03cc42c241ad1276e4b6a656801,139,9
Tm3,Tm5Y,1d04dc9e4e44,05257d37421c,66f6df711e3d,empty,,ac29b9d60bd9e14af44d932c00eea6b7945bc1ea407c212c49d0a87a27c6173b,2467,7
Tm3,Tm5a,1d04dc9e4e44,e2174a9084c8,c3c7d182d97b,empty,,9df91ab46fd7348e761789469523b66623927357fb2d3669d8c29cf99f08fd3b,2251,1
Tm3,Tm5b,1d04dc9e4e44,5bd7d91f26e1,86433381fb19,empty,,da4f51898444f5183a8f7a59d21e9cd1ee6467ede9d289e8a848a1bc913fa0d9,3079,9
Tm3,Tm5c,1d04dc9e4e44,2455576c666d,b612ec9276d0,empty,,9d2bfc4cd8d6b5028aeea2f3e0657793115cb4201cbd0d8fd2aa278563401701,2232,2
Tm3,Tm9,1d04dc9e4e44,d00cef6913df,e0c6c49e8a5b,empty,,1fb3834ff4039438f7eacdffc0af261195b1993cf4d87a454f4c5c5672cdf451,428,8
Tm3,TmY10,1d04dc9e4e44,d1d3392c46d1,8061c8a42f68,empty,,e9eb573b11812eeb0e8603321c664c300836a7820253d0589c00f43bea460063,3312,2
Tm3,TmY13,1d04dc9e4e44,e8c21941580e,1623b5e364fc,nonempty,,bcf72acd027cbb7933a90b40144edf89aca866432d7630d1ccc72cdbd8f65826,444,4
Tm3,TmY14,1d04dc9e4e44,28a670a5d3c8,c4da0bb09a09,nonempty,,5b8ba533686f2dca313a5214c942d217a85d7a504502e0f367b160fac3992380,212,2
Tm3,TmY15,1d04dc9e4e44,18fb00442a43,e2ba9b47e4f8,nonempty,,0cba41775f2bbb10ae096ea0886c6f5560acd919b650deb22ac36856cc1dc445,41,1
Tm3,TmY18,1d04dc9e4e44,dd5eb1fb0caf,da8b08d5185c,nonempty,,3524c3eecc8b0dfeb39e12bb56bbfdd58f4b0dc61052a8a49cd648da23e8b5c4,138,8
Tm3,TmY3,1d04dc9e4e44,607b8ed34a33,1d6ed7b18489,nonempty,,a0e6923584a2152bad8c9ad8a87fce18897f480be90fc091caac041dbf07110e,378,8
Tm3,TmY4,1d04dc9e4e44,887ba31d1e5d,6963ef1f9de5,empty,,a4e4a1bb85a836bc91d330eb245ca1a1947b51d396a88f26f23558b6dff3236c,2356,6
Tm3,TmY5a,1d04dc9e4e44,3ad6ff7262ce,1dc544bc2e6c,nonempty,,38cd708ebbebdceb9a90aaf625fe6a349620288ea151785a914c2de32b721224,147,7
Tm3,TmY9,1d04dc9e4e44,7af2610d274e,15bb698889fc,empty,,e36aca41cd6d987f4702a8c1937b0762da7cd61c6b6f7cd29b0fb97e27c0c739,3206,6
Tm30,Am,fabbe5261153,ae7eec9cc6aa,a858881aa634,empty,,971a6955bf8cb5c472da04e6080d3c8e68460e12ea5985657e4255ddaff7f016,2149,9
Tm30,C2,fabbe5261153,ac7377b4f393,53c7be1289c9,empty,,5557ef995aef0da95b34ed20d51bb7d848e2076d49e9caa7052f847426abed0f,1202,2
Tm30,C3,fabbe5261153,6182a4f16e6d,cca37e60903c,empty,,5d8269955c84f0dae560113596a77c7590cb25bcba1f74f72bda0fe8e38167a8,1336,6
Tm30,CT1(Lo1),fabbe5261153,7c280b5b9f34,77517da5ce87,empty,,9fdea7600562f2f3e75ef265777f99e0bb9c78f492744a0eda3d743f87d7bb51,2274,4
Tm30,CT1(M10),fabbe5261153,63667a4a1a53,fef897a75a03,empty,,65d89ebf966d84f7d9c85c825f781f8c08619d094553a7dcc4356f66a9c7590c,1439,9
Tm30,L1,fabbe5261153,ad5110ebac00,800fc45989f1,empty,,d32aa50efba4d23777d83d59c3eee0856c76f9468c1fce9bb0862f4064ce86bc,2980,0
Tm30,L2,fabbe5261153,36f25ce16c8f,6cb85ef46c3d,empty,,e17a5e9f33de67894f422e79cebfca9039250ca28c7d24c22589ad6e838e0742,3183,3
Tm30,L3,fabbe5261153,fd5e84317740,fe4f69eb2403,empty,,386ca4c2b226f73a2418f4797b78f60740c245feaca97a18894916ac9ff5e2a2,790,0
Tm30,L4,fabbe5261153,7c19534e0d84,f4b58e4a3682,empty,,d82b97d945cb207833508908a8ad2a0310c96ea186279e184dc4f86c9ae54605,3054,4
Tm30,L5,fabbe5261153,cc98a8db805e,eee8abbcf718,empty,,cb988c57522a52db0829367b1677ed04aea164f736e78a0335cf639609664478,2879,9
Tm30,Lawf1,fabbe5261153,2627beca1340,244854f32927,empty,,4a279747ec5d2a09027af6800d41bf35fbf11eca099e39e6b8668f7d27d27cb6,1031,1
Tm30,Lawf2,fabbe5261153,3a1e8d7d01c3,f672a49d4f0b,empty,,8cecf760b6e48067da1bc579d761caf77240c4b2291e95ad1ce95e5a946ed133,1995,5
Tm30,Mi1,fabbe5261153,af1ee12c7a13,d8768d733094,empty,,b6746dbba6029e46c202a7c374a3b25a98ba13a381afa4cd46b2f4a70017801c,2589,9
Tm30,Mi10,fabbe5261153,59362ec08e0b,e022e7c7701a,empty,,2e412da0cb8ffdef8163c7d6786f68b86a11acc5163335c5d7c458c39fb6dce3,642,2
Tm30,Mi11,fabbe5261153,f8c7207459cd,cbf0fc7cc56b,empty,,83cb8d182b5ae337b0d1f61ff9bec6e61f1778720b364c456cd61dc4af995de9,1876,6
Tm30,Mi12,fabbe5261153,22599a5bd694,4d2327bfac36,empty,,eab5b8a6ac7c03e891a039481f3ebc7515aa8fb5b0b77d833204930be48c629b,3325,5
Tm30,Mi13,fabbe5261153,7fd7d345df8e,7ba819950d0a,empty,,0986ba008c2c3c86effeef5674a3e729190ee68b18661e8681dd3dcb06dca6d8,121,1
Tm30,Mi14,fabbe5261153,b33da6e1384a,09796ad9d512,empty,,6db87cc360d0b5fcee7fc46549d90e6bcd0de26f7b55a4e7e7a13e49248bd4da,1566,6
Tm30,Mi15,fabbe5261153,4dd1eb26b0df,54d74976ceb3,empty,,d6a747e3ec4a575c00cd9c0d9cb679258a8f0513b4bac36a946f5aaf82546ed8,3030,0
Tm30,Mi2,fabbe5261153,8d98b9eb6175,f2c20eda573e,empty,,ed6da7abd9827de45b8a10a33d94d4fa594446ed4a4e1974aa8bc38b533aa94a,3365,5
Tm30,Mi3,fabbe5261153,0172ab6332cf,f5cdf52fed91,empty,,ff1dfa166d426de22f54954acf30769c3849fe2425927420450c3ec7df43eecd,3610,0
Tm30,Mi4,fabbe5261153,7c9f2d10b0f7,5fe5e36d47f5,empty,,413f989cc92de5d5e58bd81ac730217a43224868be1450e78e8764d073faba94,912,2
Tm30,Mi9,fabbe5261153,760f78ba3287,d08cd646a56b,empty,,f34202d210cbf6f0964d728cd34e224c5232a8e04145fdb3cf0654e1e9b8f1c8,3436,6
Tm30,R1,fabbe5261153,9654b247b494,8d37e64cf581,empty,,4ac03095a7a44900267cdefb90c602d260f4a4b83b6350f659af684b57a36feb,1037,7
Tm30,R2,fabbe5261153,b075082bb026,60e0ee237f62,empty,,6d42eab5ab9b4c30fa4d1e1fa532e085eed6ae4225ac74b0fef3debde63a1caf,1558,8
Tm30,R3,fabbe5261153,a9358d78ca90,82f460af8a58,empty,,8b5ae2afeea458cdebe4c5df5790fcb36385bc09c9d9f8faf59fc1f229b7d3a9,1973,3
Tm30,R4,fabbe5261153,d54d0db004dc,d4b614f57772,empty,,4456c43006506ec1dd49a4ccb14934a23ee0b33a0a575d2e893af09e13a28a67,956,6
Tm30,R5,fabbe5261153,bf135de1db2a,ceab485b16ce,empty,,0ac176e43b591151427b3fa5bdfd9262675b5f0b6b41498a318ee9182d7fc508,138,8
Tm30,R6,fabbe5261153,ef2dad65a896,89c77f3b1e76,empty,,032ca9e183fcc5fa9b92350a5b86ca608f2a2056d062e7884b3031460153cf4f,41,1
Tm30,R7,fabbe5261153,ee8007a1d4ca,23cff5a814b7,empty,,b332d62f77c72ce9689b6c78d2baf7a3f8d0d841a4f12761bc928f87f2701ccb,2551,1
Tm30,R8,fabbe5261153,8c5b077524c1,63f974f9a8ca,empty,,306662cea8932fcd2b09129eca401f6cacfcda82e868c5d56b19647d70a79229,675,5
Tm30,T1,fabbe5261153,7fccce4faa2f,6b60e24286dd,empty,,24fc4bade4b7517d358e8b80fc1ecfdc2de615028f3f477865765c83a03a6ddd,510,0
Tm30,T2,fabbe5261153,2c81c87fcf2c,9313c17aca46,empty,,593bf015a29ed645c6ef382cea6a12705937cbfbcd5bb1456e5b9c659ccb2529,1271,1
Tm30,T2a,fabbe5261153,e4707238632a,8387bd17a1f7,empty,,d3f2c85786c364665c8371c39be09569cd9f62299dfc4c0518423e4d2818271f,2993,3
Tm30,T3,fabbe5261153,3b9aa8bb490c,0f2c7194832c,empty,,5eb9608a1d2fab1d06b076dbc58293848e9bd6ad43c9699d76e7fc245e893a64,1355,5
Tm30,T4a,fabbe5261153,a722a78be07c,01f740618ae0,empty,,f8f326e19b329dc49398d7d10bbcfd477450c27f96e8098cdf6ce24c55eb2233,3514,4
Tm30,T4b,fabbe5261153,8dac2399d9d3,58bb4c23f31f,empty,,71850ac0353382b1e028559a75a93f479902a1a80b0930a67dcff873dd261ea3,1620,0
Tm30,T4c,fabbe5261153,3a2a1325fb93,17d737a07a2e,empty,,7e0e6d0b4e3fbadd008001745a859b88f58402b0af99588be4fa4b2a4e303ea1,1792,2
Tm30,T4d,fabbe5261153,0645a54521a8,5d7fce50160d,empty,,df7a768576444e05276d8cc59ccd62cd812673a29e1d101dcd7bf6c8c6b1bf10,3158,8
Tm30,T5a,fabbe5261153,9fd1579bc37e,24c48ed7738c,empty,,9f52e7abdf2c498d17f19910fa1cd1cb5b6441e1776f3096e9181800a408ab88,2267,7
Tm30,T5b,fabbe5261153,3c304e466112,c8f5c344cbc6,empty,,c22cc7924b8108e9e4d5a40840b8c87d4daad636b125cd17264d977d9feeb2ad,2747,7
Tm30,T5c,fabbe5261153,4236c6342cc5,ea6aefecb8b4,empty,,ea8410e77b6fc16aa6ca9155f6be6fd23e95134cfe8727d102019e4d78c13da1,3320,0
Tm30,T5d,fabbe5261153,f0bbaae7f4af,858cd4307f82,empty,,78f7ba4e85097957d0cebf1e435a9daa054574e59bc4b5694c2b8bd8b68e11e8,1731,1
Tm30,Tm1,fabbe5261153,6b080cbcddcf,2647ee93114d,empty,,29cd2538b7af3a0dded83b4e3fa170859544ec3bbe499bc03b024c2b9dcc2c2f,568,8
Tm30,Tm16,fabbe5261153,7a0908bbdc11,5042bcda0253,empty,,2b71460e68b328027a40fefb675d09cbc4e531cc6d8d29397e9c6cf9bcf53d31,592,2
Tm30,Tm2,fabbe5261153,1716679973ed,17bf46dcf49d,empty,,f403a35c92a779a4b28e05c4a5cadc4092cc4922cad8fba90dc7d8fb4e4ae9d2,3449,9
Tm30,Tm20,fabbe5261153,5202f2beeefe,4c2f3427bc6e,empty,,d0fcca1687dc1e03c63658561af50e43aeacf6cdc5bd705a1d1a102f6fd7ca6d,2946,6
Tm30,Tm28,fabbe5261153,0a8ba80929dc,cbc20c4637ee,empty,,ccda4fa3862b83cbcb0ac416d8773c4c86801db0cc491907cde978d283a939c3,2897,7
Tm30,Tm3,fabbe5261153,1d04dc9e4e44,6cb9ab71ccfe,empty,,7ff65a3aa11e30608f62eba79b8d6c6a3c029bca3340f044497c29e20269dd87,1818,8
Tm30,Tm30,fabbe5261153,fabbe5261153,dcc8f271b919,empty,,8c78d575236c4d9ea97ed7101e1f0a6727a2546d3581d2f9ea979eb311907fb3,1988,8
Tm30,Tm4,fabbe5261153,8f9d79739978,1aef2d767bcf,empty,,2e36016313a7c73447294b1011fd244c54a16e49ac3cbd09832346f7b2230258,639,9
Tm30,Tm5Y,fabbe5261153,05257d37421c,10c59262ab0f,empty,,c01b67fa87c345f4a5d8503d76333adccc1d10b71979e8a747541204d2da87b5,2712,2
Tm30,Tm5a,fabbe5261153,e2174a9084c8,b61160d3dc4e,empty,,2eba48d0b70150f35e91f35c9d86db585c7eb7f5542ec517e5eb69fc5594bb55,651,1
Tm30,Tm5b,fabbe5261153,5bd7d91f26e1,07ce75900d8c,empty,,949df78ef7f921f1a356cb3c6228862cdf98c28d52fff0f1afd7c5feb2030d6b,2115,5
Tm30,Tm5c,fabbe5261153,2455576c666d,b791a316ca2d,empty,,8fa56a2319848f9da3c240121794c813d84ec30720a131e79637f6e55d93d36a,2040,0
Tm30,Tm9,fabbe5261153,d00cef6913df,2635f8e1db0d,empty,,fcddcb7cf22d42f2370e89aa693e3b1632131ed38efa8750b6247947c2ab9038,3572,2
Tm30,TmY10,fabbe5261153,d1d3392c46d1,1b2b1c84e4ea,empty,,ddcc86e026119b7f446dc9ab450190cf8ce350f5c15fc8ffce66906805608fd3,3134,4
Tm30,TmY13,fabbe5261153,e8c21941580e,7fe811641bc9,empty,,6f92333e2295862f0eafedda2938503ed208e7d6ebc5b89b65ec20db4d1e7e9f,1590,0
Tm30,TmY14,fabbe5261153,28a670a5d3c8,39e23d216422,empty,,5ffdcd07613493fa8c4b0275453ccceaa5361848434d7137c9a275d04b8f083e,1376,6
Tm30,TmY15,fabbe5261153,18fb00442a43,12baa3483e46,empty,,9d8cc1b1f3b5a11e79da813e00f9275c2f4f7d6e3e5c52e5b8a2c6ec23763021,2240,0
Tm30,TmY18,fabbe5261153,dd5eb1fb0caf,54ec5a37eaa4,empty,,a0edc92887380dfed03da78627cc5157f5a4bb3dd67c7f05de677017717c2385,2284,4
Tm30,TmY3,fabbe5261153,607b8ed34a33,6e242ca02297,empty,,6125ac56a04a465a7d3e009b51ec56e2b6013a98343263187b7d30d17cca1dcb,1390,0
Tm30,TmY4,fabbe5261153,887ba31d1e5d,b628fdb26644,empty,,8ef7988d52f960ab13cd3f27bbefea5e8f8c474327ea292a7ee449f1e19e7a3c,2026,6
Tm30,TmY5a,fabbe5261153,3ad6ff7262ce,51e56a1e5398,empty,,55e75e3c45edc55c0d214c9615dd59100a7ca7d3b9793a8d60209f91263f882b,1213,3
Tm30,TmY9,fabbe5261153,7af2610d274e,46c0f9d2ff87,empty,,dc8c418cebe5cfae1781d74cf20dc8dd9166f10073c94e958e290fecc45078c5,3115,5
Tm4,Am,8f9d79739978,ae7eec9cc6aa,6ed4bb44dd0d,empty,,396ce2a86f72fe5e80d87bcb9e5b5c52111aa10c2587754b99910b2ab48798de,808,8
Tm4,C2,8f9d79739978,ac7377b4f393,abdd26c7133c,empty,,bcf382a928999f1dec7f66f11ecd38187cd0d09805a4e3164951911627901c3f,2679,9
Tm4,C3,8f9d79739978,6182a4f16e6d,e8b1113983ac,nonempty,,ef53c2ca688b67f4d1995e0bef5f66ac6abd36f2c9c40462ee3ba4229fe0837c,565,5
Tm4,CT1(Lo1),8f9d79739978,7c280b5b9f34,70da692217ce,empty,,6d9aa995225aac835ae9f9683e1865d31b06a3082d7771ec96edce9e9bfc24b6,1564,4
Tm4,CT1(M10),8f9d79739978,63667a4a1a53,16873bc0995f,empty,,77ff27db0e963312d578ea29bb5e10f9b7697c36339adea95f2176ce11b5966a,1721,1
Tm4,L1,8f9d79739978,ad5110ebac00,86166454c995,empty,,a59bc39e9cc59c3a56c6285c023c4d04ff8e7a5724aefe481b4113b373a3ca66,2376,6
Tm4,L2,8f9d79739978,36f25ce16c8f,8bb1c7b806a8,empty,,7b81d9d072c60097f4d883cef0b507fae46c231c14a931336f8c75647792d0df,1767,7
Tm4,L3,8f9d79739978,fd5e84317740,e5b5e4dfca91,empty,,747bf0f5030f76b8459e06a5780fd4af4fa40319de11217ac181cba6457023c2,1669,9
Tm4,L4,8f9d79739978,7c19534e0d84,81aeb88a18d0,empty,,73969aacd96afa904990d35a5584b1c7d9e5d4a2c29847a7d372e88a00a867e2,1654,4
Tm4,L5,8f9d79739978,cc98a8db805e,be6128fd46cf,empty,,4f55ab24404e4d7f1055abbd997e04bb7b787260ab0de4b8504c3d98bbcebbd8,1113,3
Tm4,Lawf1,8f9d79739978,2627beca1340,f16ba5a6569f,empty,,0fce9c42b9a67dcf704730a03483c0b4fb7325495e2ac80d693f42ba8ef24e13,204,4
Tm4,Lawf2,8f9d79739978,3a1e8d7d01c3,203326b36f47,nonempty,,527d03d447b5cbd5a1c295b6e6730c85d09c943809ef0c5e9b5377c2c99ee354,193,3
Tm4,Mi1,8f9d79739978,af1ee12c7a13,b8dd36d9327c,empty,,f5087aa6133a57d59c4ef736631b6f89cf3c925c909abcab53992c312f8919c4,3462,2
Tm4,Mi10,8f9d79739978,59362ec08e0b,67940c2bc03e,nonempty,,4b0b69393c1162b928dec20ffa1de760bb002bfa64a53508c3217e70cd233c14,182,2
Tm4,Mi11,8f9d79739978,f8c7207459cd,b25275af4428,empty,,fc802827ab20ef60b5df42972c61f028942d95efb6c313f66664cc8302ca014e,3566,6
Tm4,Mi12,8f9d79739978,22599a5bd694,f74e94afe19c,nonempty,,2799abc5eea770c5c35b11b730f57e0a48c616cda369709feeb4439f55ec1b0f,109,9
Tm4,Mi13,8f9d79739978,7fd7d345df8e,0e8e72423c03,nonempty,,fee16c65ce5016397771081efbbeb164cbffc43832d7e083cbb51f1eed532461,601,1
Tm4,Mi14,8f9d79739978,b33da6e1384a,5f660ec17708,nonempty,,f4a7b9c49c5cd401ccb0224973d10fa2e907a6b78dc55ffed29a6fc1ccb821ed,578,8
Tm4,Mi15,8f9d79739978,4dd1eb26b0df,86a2afcd2a81,empty,,ac660b827d849ee4ea042aa10e2a3be46a80d211dd8ea40a68f329134ef0d071,2470,0
Tm4,Mi2,8f9d79739978,8d98b9eb6175,9bc9fc0a18a9,empty,,be69e3ca858697653a7fcb8ffb8a339c2d486fe3b7b7383fa6bfca8535aa5220,2693,3
Tm4,Mi3,8f9d79739978,0172ab6332cf,485f0d1fc8e7,empty,,487fb935b017d31a4119cb05031780ec0a4ad27658bd09e89027e09911baef29,1010,0
Tm4,Mi4,8f9d79739978,7c9f2d10b0f7,b7934a629b83,nonempty,,d2b2261794efbce73e637c2e7fb684510cfb43ecfbe8b5d17b24ef7ab3905f43,497,7
Tm4,Mi9,8f9d79739978,760f78ba3287,4938410980b0,empty,,b32811cd8b4449b19d1f8c9c9aecc173ae99dc68fb693d878eee77b9c3a36220,2548,8
Tm4,R1,8f9d79739978,9654b247b494,962dc15ef28f,empty,,acce5e0e4e801b003a53e2722a716064fce86f4c1569d1b58a0ea9cc4551208b,2479,9
Tm4,R2,8f9d79739978,b075082bb026,cd47e3228bb2,empty,,6a80856e43707af6cc593d93849ab431bae12d073b5389c4e8f45dac63ae75f5,1509,9
Tm4,R3,8f9d79739978,a9358d78ca90,77616bfd1fc5,empty,,32f86b259c95f092654283a032e97380b5f15a9c30deea6ea1388fdf134a2467,713,3
Tm4,R4,8f9d79739978,d54d0db004dc,30ed65a9778c,empty,,669a29308c065d637e50e054896114b03538294593b749efcb44dc65ea92c736,1451,1
Tm4,R5,8f9d79739978,bf135de1db2a,9e70fc79b143,empty,,9dae3c577f62d3155eee4a82e6e9cbf817d51989112f4fa1bafeb02e9bd277f3,2246,6
Tm4,R6,8f9d79739978,ef2dad65a896,c1a7df7a2b01,empty,,8454773ea2806090a4dd87e7c5c0b7be58dfa63597437254ed01fca4f313fd5f,1884,4
Tm4,R7,8f9d79739978,ee8007a1d4ca,6561c26aee8f,empty,,a79ecd7306f9e7ebe16e7879cbc19e224ba9bb24fbf04e978072702670648fe0,2404,4
Tm4,R8,8f9d79739978,8c5b077524c1,2e148c77f130,empty,,50e29f6f9e968689aaea84904c2a44b154050b5ebe7a4a804007f4088ea0b58c,1134,4
Tm4,T1,8f9d79739978,7fccce4faa2f,3e70d7149a64,empty,,9d5fe630a2ab0a92953064e011116d61466d8372f828899feadf3b009377eb9e,2236,6
Tm4,T2,8f9d79739978,2c81c87fcf2c,0f7927756214,nonempty,,156bf1ed755f58e210c505c22709603b89ea2b00ccd4a9d925c64a0a8ba3b057,65,5
Tm4,T2a,8f9d79739978,e4707238632a,a8051444571a,nonempty,,8e0018a18ac0cdee184bb48f502a0ce9d1eb684a6abc7fe7f061306ce006e2fa,340,0
Tm4,T3,8f9d79739978,3b9aa8bb490c,46b25049c287,nonempty,,11a1d770d8c4b853ed9eadc2e725e45e928d2a9e124e74459d9f3379e784e6e9,54,4
Tm4,T4a,8f9d79739978,a722a78be07c,3bcb101e0dc9,empty,,54fbf913889e432e1588375b994eb3fd0ddd1bc9b363dab9a499cb4ba1a43881,1194,4
Tm4,T4b,8f9d79739978,8dac2399d9d3,303bcc5d019a,empty,,5f4687f3f7aee12d4310ce7f1d2bf7c18c2f23eef7b97649e700863ca33ef926,1363,3
Tm4,T4c,8f9d79739978,3a2a1325fb93,1e657754afc8,empty,,b6546011f39d2e6d030af7c5d84ee75791511939fa0c0bba360fa813740ecf64,2587,7
Tm4,T4d,8f9d79739978,0645a54521a8,fdc16a087592,empty,,d5fda76e985f87e24a3f40dbbc9b6218f17c64087af6e5c6d2c4291892d79433,3019,9
Tm4,T5a,8f9d79739978,9fd1579bc37e,9cce88f9858a,nonempty,,659055c8239297bf399836c659f22dc223630ede4a6b35141fa8d05a2f6d6c85,242,2
Tm4,T5b,8f9d79739978,3c304e466112,3aec27ec714d,nonempty,,07d19f6d892839cd5aa70290eb4ce6619a62d4763870bf67ddec3fc457a58823,26,6
Tm4,T5c,8f9d79739978,4236c6342cc5,be99d1f42599,nonempty,,d2978baccf11d976c2c64510a101e7543af202c1eb1b894f9aa6ff1ab0f90ce0,496,6
Tm4,T5d,8f9d79739978,f0bbaae7f4af,6b33241019d3,nonempty,,6f2ecdebb290f65fdf02730062826003fbc19ab319363d8c4285307272ef8415,263,3
Tm4,Tm1,8f9d79739978,6b080cbcddcf,256afd1111db,empty,,33dcbdccbcc27bbaa7f2fb716ab31848d72139d36b7f63a77afdb32e2ef9be3a,728,8
Tm4,Tm16,8f9d79739978,7a0908bbdc11,82c8e723cb2a,empty,,799bef1cfe2a106b5340f8cebdfdd8ac5332dd768844627a4e74428af38ed413,1740,0
Tm4,Tm2,8f9d79739978,1716679973ed,f39f242dbb38,empty,,cc69a8d0b4c040795e9fadba13761470700ef2ba7edab596ab22c235e8c41a54,2892,2
Tm4,Tm20,8f9d79739978,5202f2beeefe,b5953d6f18b6,empty,,3e4cda037d926aebf2deac582e27b9b4f2d5270d91d0f89342ffc007d69be457,876,6
Tm4,Tm28,8f9d79739978,0a8ba80929dc,b9764199baf9,empty,,805d90e9566f4159a5b2591da7421cfa47a507b032ae21a17eca28bd9daf199e,1822,2
Tm4,Tm3,8f9d79739978,1d04dc9e4e44,e45bb1cba310,nonempty,,0f6063f6b61c8fdaf4547da937a6075599b376b5ba1619392c6eee4abdca07ff,48,8
Tm4,Tm30,8f9d79739978,fabbe5261153,57abe113f7ef,empty,,3cb691b3181d74df2614c019424cb506db1a9b1b5b58fb226840ee09473b5c60,860,0
Tm4,Tm4,8f9d79739978,8f9d79739978,b465931d5976,nonempty,,10edc0c3833bc09ca3670c3a0143a18a908aef93c3e0196b07b7e51f5dcf120b,50,0
Tm4,Tm5Y,8f9d79739978,05257d37421c,df00d0117595,empty,,e0f7dec91c28b1cd204368600ab846d8bc2ee30a7aca1741ce6aef35f8659ef3,3179,9
Tm4,Tm5a,8f9d79739978,e2174a9084c8,1a28ac7b6220,empty,,e3ed104854fa01616e218057521a00fed168b663e3b01367b41d4e74544de985,3217,7
Tm4,Tm5b,8f9d79739978,5bd7d91f26e1,8a5bf37bbc8b,empty,,ef7b2fa2472903c3e82a4ea90fd60439e7384bfe228a4afbd8c380eae02e9105,3382,2
Tm4,Tm5c,8f9d79739978,2455576c666d,1d3f2c5c913c,empty,,a4fe8fd2a059015631944d3f234276275938a8de242e345db78d44dbfe53ac76,2364,4
Tm4,Tm9,8f9d79739978,d00cef6913df,30de5c92bcf2,empty,,707062525ff8853b0c5ec63b439be5d101b5481f4bb428e186327d18d76369cf,1603,3
Tm4,TmY10,8f9d79739978,d1d3392c46d1,f947106df15d,empty,,dae26a98ca1ebae4a802832527cbe0f87154aebdd82d3e8d36e9848750e9faf1,3085,5
Tm4,TmY13,8f9d79739978,e8c21941580e,667ddb75d50a,nonempty,,d1fa7e00dfe8fc8b8e9c22d04966a38dc49ee574e0307209f0500cb133018cdb,494,4
Tm4,TmY14,8f9d79739978,28a670a5d3c8,f608324871e2,nonempty,,fb372447865f95d94e028f523d261058662105905fe619311d1f6e9e828c4f78,597,7
Tm4,TmY15,8f9d79739978,18fb00442a43,425678101fd8,nonempty,,8b111390704ef600c2d94ac134cbe41d3ddf928acee549f7f275b82c9cd3ad55,328,8
Tm4,TmY18,8f9d79739978,dd5eb1fb0caf,15d499af372e,empty,,35a2ae108c4a4204f6f55e1e4a27b6cb75cf2d3f823362f52d1bf26828460bd2,753,3
Tm4,TmY3,8f9d79739978,607b8ed34a33,7099acb3e54c,nonempty,,910c51d2455ebbcb7ba3b1bc67b2763150ba42e7a99f456de6f77384d4c5e43b,344,4
Tm4,TmY4,8f9d79739978,887ba31d1e5d,342f714aed40,nonempty,,0b22d7e84e314bd11cccfac87b464bde77341032782c4a6ae3609a9baee9e477,38,8
Tm4,TmY5a,8f9d79739978,3ad6ff7262ce,1f324df9f6b7,nonempty,,8bcf87169f7b703a6fb3f1007a63d21375231667e663dadfee73572f5192bcc7,329,9
Tm4,TmY9,8f9d79739978,7af2610d274e,f18440c3e418,empty,,540a4c28bd8087d63e025a6f7ea4eed14caf90ad88a53095fd8815f736914736,1180,0
Tm5Y,Am,05257d37421c,ae7eec9cc6aa,a14d3833826c,empty,,4beedc040eb200c3e643b1fb3c5d7c12a3b0eb590cf63b1e4ac221220b602725,1055,5
Tm5Y,C2,05257d37421c,ac7377b4f393,e69f6d44aa2e,empty,,93018a35669826856cb7db25a33d505f7a388e5b419fa78b6ffbd22915413ac8,2090,0
Tm5Y,C3,05257d37421c,6182a4f16e6d,c56426b2b21c,empty,,a441e93fbc9fa0ace6c0ed72c3b5cf354f87f22a187f977e8849282adb2e8d12,2343,3
Tm5Y,CT1(Lo1),05257d37421c,7c280b5b9f34,751109bf56df,empty,,62376eac6cdc8e160fa420a4bbd4fac4f4407d3b669ac20b19cc184f415f9344,1400,0
Tm5Y,CT1(M10),05257d37421c,63667a4a1a53,13b08a7fcbcd,empty,,09582e7dae1407dfd7e8961be2d982757429548de6c1357adc362ee5537e0ce4,120,0
Tm5Y,L1,05257d37421c,ad5110ebac00,962dc3cea704,empty,,fdd3780ecba47b14efcf3ce685db7a12d88261e4d877e51c285f6b7a6277f603,3591,1
Tm5Y,L2,05257d37421c,36f25ce16c8f,8040298b8c1a,empty,,6fca8fa40bec6f02f51a9ec841063d467e0c5f1d089d0187ce1ad1818553363c,1592,2
Tm5Y,L3,05257d37421c,fd5e84317740,5ea81f4f9684,empty,,a7d6d9a3817648d6a3ea0196047eb52e4cb8788bcde8f50f893d592febb9d09e,2406,6
Tm5Y,L4,05257d37421c,7c19534e0d84,f57637e5b99b,empty,,c82f2cef1ddb7c8d9d7a2576d60e5e672a36fdea8e4990e9289364bdbd42922b,2831,1
Tm5Y,L5,05257d37421c,cc98a8db805e,3d209aa6644b,empty,,11e8f90b2ac9a011f11a8bb4b6d6eac3ff24d1dd98b826ec281242f8672643ea,234,4
Tm5Y,Lawf1,05257d37421c,2627beca1340,a31e61275709,empty,,6aca839f5b89178486cef637058ef1d5c4571944120d2c84c1f15bc6f5e9b1e5,1514,4
Tm5Y,Lawf2,05257d37421c,3a1e8d7d01c3,6868746ac8a7,empty,,215c2a3d35491ef5fb77c8ecca22687518467138a354c0a45a77e5c360bd07e4,461,1
Tm5Y,Mi1,05257d37421c,af1ee12c7a13,56c34e829d8b,empty,,55aacfe75a7c38dcf76374d646667d4a8ccc91949dcffe10da2a2682aabf4dd3,1211,1
Tm5Y,Mi10,05257d37421c,59362ec08e0b,ae6c52210fc4,empty,,ea9bc7c6f694288034691a193da8f74c785ccd278ae99fc42ddd7b1f607aef0a,3321,1
Tm5Y,Mi11,05257d37421c,f8c7207459cd,5aca9d62d013,empty,,1cd9506fbc57dd17650a833f4247ed119a0ae47b0000ef98c7a97d455088c173,388,8
Tm5Y,Mi12,05257d37421c,22599a5bd694,d87174743f67,empty,,8b7a731604474cba4cf282900a701c18e94f3d358eed20f56b7b38d939d93ca9,1976,6
Tm5Y,Mi13,05257d37421c,7fd7d345df8e,387bda18f062,empty,,5b219ad11612faf155022d5a83e0f3bc286b5454e02b2aaac7028fd107135237,1300,0
Tm5Y,Mi14,05257d37421c,b33da6e1384a,81b022915cfc,empty,,7b9d44f1b51d2cbb0b50f8364384c754135d613c66bcbeafd5e2f93e9c64fe79,1769,9
Tm5Y,Mi15,05257d37421c,4dd1eb26b0df,d0efa2109c38,empty,,0cd3dc0850cc8c22c2172bc8256152515b3d1a89521b6be26766eb7a481237ec,167,7
Tm5Y,Mi2,05257d37421c,8d98b9eb6175,16b399aa2a83,empty,,8b28f2711926966ee75732e762d1f94ad934cd15661277b54d2061e1cfdd619d,1970,0
Tm5Y,Mi3,05257d37421c,0172ab6332cf,ba985b198fdc,empty,,bca85220e551ac5aec3b289ff634806650445138caf46a1d33f1c105f927fc49,2673,3
Tm5Y,Mi4,05257d37421c,7c9f2d10b0f7,f5e80db508ca,empty,,a1fe47fccf1ab3065e13c977d58757e276b7796ec2c861344e0226ffc5ff91f0,2306,6
Tm5Y,Mi9,05257d37421c,760f78ba3287,8dbef607c40e,empty,,5c594839d34c03cebca9d94d67cedcd328cb1374eec3c1888470bcc5832fb88d,1316,6
Tm5Y,R1,05257d37421c,9654b247b494,9d293f045b02,empty,,b400259148575d15dfb704389f20cb3a9fb5f65e8520cde4c95bb6a1096a09a3,2563,3
Tm5Y,R2,05257d37421c,b075082bb026,2eaf0b486aba,empty,,7a544b3e4ae6119107d009763c4d79f134722286f63b7641074c608f9d11f51a,1753,3
Tm5Y,R3,05257d37421c,a9358d78ca90,2bce33ef7d9e,empty,,bbcccbcdb092c23e99675ba3dec317e66837450117a1cd270b0e2956a9161473,2662,2
Tm5Y,R4,05257d37421c,d54d0db004dc,1cc19ce78277,empty,,4e674f447ad259d605e1dec6a578700c6cda0cd609c45a32a9ebc878211eb3bd,1094,4
Tm5Y,R5,05257d37421c,bf135de1db2a,cf41b7d51a52,empty,,2c2fdd9dc5651f3e2a82dd7aec0943db5a110725422be250fd251db494bb8878,608,8
Tm5Y,R6,05257d37421c,ef2dad65a896,955d2b9629d2,empty,,c163fb88654ef33a6d2a9a5de63c6b5616b95d4032b08ed0c16243c22379372e,2732,2
Tm5Y,R7,05257d37421c,ee8007a1d4ca,e6cee9fbd736,empty,,1bceb60a9a841090d7095b614bf02bd7309b72c52b08a131fa9634e2ccebf34c,370,0
Tm5Y,R8,05257d37421c,8c5b077524c1,89fe4c54af67,empty,,fdd2ce0dcaa7a25ad93a0c088f8da5240ea945f4b85102f5a2a0e899a7df08ab,3590,0
Tm5Y,T1,05257d37421c,7fccce4faa2f,5c4cfd395760,empty,,eaaf576968396eaef04705e3f7dd63a193ae7f7382e3eecd379d49e9106a9927,3324,4
Tm5Y,T2,05257d37421c,2c81c87fcf2c,cb0392190178,empty,,d08b36d6fa630b0a12f14419cabe1b2c24c9eb37da8f5ff0f65f2a0d999623fa,2941,1
Tm5Y,T2a,05257d37421c,e4707238632a,41b797c4db14,empty,,b8e3fb62056c12377ecea5ea1c646c4f8f95fc7cd20f10e52fe9071d7163ec4d,2622,2
Tm5Y,T3,05257d37421c,3b9aa8bb490c,98417a0899ba,empty,,3eaed657df3a2b7b7ed887dbb3181f1e02d96bcbfc26ba10576e778d76f86178,880,0
Tm5Y,T4a,05257d37421c,a722a78be07c,ebc7c0dad756,empty,,54e4131ef84a1a009f58fb7a7f7c4391f1942de4907d292fda0c132bb2f11daf,1193,3
Tm5Y,T4b,05257d37421c,8dac2399d9d3,f8c31846021a,empty,,40f7b662d12ceab94136fdd1a51731143aa96186b283f5c182396de3529cbe5d,908,8
Tm5Y,T4c,05257d37421c,3a2a1325fb93,b10db766d74b,empty,,2c0c1eb6f61b86420eaed644c17188c70159ca2c6daf66f5fee85c394dbfb2ec,601,1
Tm5Y,T4d,05257d37421c,0645a54521a8,8da35ab8068a,empty,,de99a2debb03c3188230502122055b689cd96c78ac1084de0c076e39e513a257,3146,6
Tm5Y,T5a,05257d37421c,9fd1579bc37e,aa81e9d78750,empty,,ed64ec9f5b57251c9312ac0512fd614fe475fd5cd0c41fa451409752e4e66896,3364,4
Tm5Y,T5b,05257d37421c,3c304e466112,d3ad978686b4,empty,,6f63a24b26221beece05689cc4dbb30e585c612327a15ef371611318e5867ba3,1588,8
Tm5Y,T5c,05257d37421c,4236c6342cc5,9e99d23aa014,empty,,4537df81298b6059b8b1ac875087e9c9a8dd28ea0ec85b11603ec8e26687b559,973,3
Tm5Y,T5d,05257d37421c,f0bbaae7f4af,cba6f0050ac5,empty,,2729e15d360683ec822eaf24c44eae07191ff42c99e6abf5d83526963fa6068c,538,8
Tm5Y,Tm1,05257d37421c,6b080cbcddcf,e047782c458d,empty,,a43a30b88f19391db4012199163efc2c6cec0866a1080d5a133a8630f123375e,2341,1
Tm5Y,Tm16,05257d37421c,7a0908bbdc11,8f8552ccb9cb,empty,,a8f15718d26980ebc02c4823a880d4cd5d84f2df60862d0444be9dcde0a4010d,2419,9
Tm5Y,Tm2,05257d37421c,1716679973ed,1e2c97e0a28e,empty,,d1e22832f436e0be60349935f30211987b6495d7dc3ea86d6d87301c4d1f9882,2962,2
Tm5Y,Tm20,05257d37421c,5202f2beeefe,8311d1b0e4e7,nonempty,,42ba84eb5ffac57174850ae180203bbf0b6107b14bd8a64985f992787dcba150,162,2
Tm5Y,Tm28,05257d37421c,0a8ba80929dc,ec01505353e3,empty,,0167d7fa179b738411356fc7d0b368e4d023e971ce9e52722ec7252a3a94db9e,17,7
Tm5Y,Tm3,05257d37421c,1d04dc9e4e44,11c471d2b8c3,empty,,3e6130ed612a6a77f27315163afacf6d83b392997e585227f50f6b01dc0c4691,877,7
Tm5Y,Tm30,05257d37421c,fabbe5261153,a0777110a54e,empty,,f0b9252f85fb1a091d723d44477bb554d67223616fd14cd3cbcfdf4a3b73280e,3397,7
Tm5Y,Tm4,05257d37421c,8f9d79739978,a0c862cb8538,empty,,24baecdb24c68ed8a93524b20e7e550c032dabce4d6da158cee031f5fadf7186,506,6
Tm5Y,Tm5Y,05257d37421c,05257d37421c,57f7b071b66b,empty,,e38d2d59032c7f0c04c7cc3f01e38cf3e5b46bf60b66188a393c9ac409b190f0,3209,9
Tm5Y,Tm5a,05257d37421c,e2174a9084c8,85adaacc8953,nonempty,,955c9c97e0574e2d8e54c65f793213b07dfdd53607589446b629c192f9ea2ea0,357,7
Tm5Y,Tm5b,05257d37421c,5bd7d91f26e1,f5f8e72ced80,nonempty,,5128d8871386f58fe2eb78832dbddbf1fe97676d11cc16e5b27eedf278e735b2,190,0
Tm5Y,Tm5c,05257d37421c,2455576c666d,ef32439c2d59,empty,,a27ebbb36ab545435720f2f21741280431681a202ca6dbd914303fffd2fd82ac,2315,5
Tm5Y,Tm9,05257d37421c,d00cef6913df,eb8bd5ed237c,empty,,9e6cf38b0580683a84d0d98cb555e8d02c5f09c6a8c20b833fb5dcb64c15421b,2259,9
Tm5Y,TmY10,05257d37421c,d1d3392c46d1,1622a73db0ed,nonempty,,75b3c9843e23286b72333e68d4fea2f87147860477be28e57be302f4aa2c94ed,280,0
Tm5Y,TmY13,05257d37421c,e8c21941580e,ca7f680bf424,empty,,bb3cf757e9eb84bf904b521b0e3f3f10d900d8b052a9f4cafccdffa5531b18f9,2655,5
Tm5Y,TmY14,05257d37421c,28a670a5d3c8,8b8ea3649673,empty,,4cf895a8bb27986757ae3f0204f10f39f3fc9f627601d0d59df932d2952b5ad9,1075,5
Tm5Y,TmY15,05257d37421c,18fb00442a43,010240697d9e,empty,,06c69c09aecb9f40dd8a41deb3c5ff8cc1bd975e8962ec281ee38bda3b1ccc15,87,7
Tm5Y,TmY18,05257d37421c,dd5eb1fb0caf,7b5d3c4cedf1,empty,,a8b9ab2fb52f2cb3377b652596c4374224c1099deee86f26d72da16a34d5f83e,2413,3
Tm5Y,TmY3,05257d37421c,607b8ed34a33,84aab98bd863,empty,,45f74a7b639ec7d810d1e68e2415f337590c4520050a5bdb78a60f98ddb57015,981,1
Tm5Y,TmY4,05257d37421c,887ba31d1e5d,de5caefa8902,empty,,0c5813b765a9253105195f20fa06d04a0dcf4e21f6fdab5cd9d848c69666b3a1,159,9
Tm5Y,TmY5a,05257d37421c,3ad6ff7262ce,437f730288e9,nonempty,,5c04a219524a79f7c2a73a2f77cb6de6f0a48933b3face9e85c20146a6efcde6,214,4
Tm5Y,TmY9,05257d37421c,7af2610d274e,9e17ad0fcbec,empty,,9d8df294739649abd36fa08cbf573d35230875cc074a1bb7e05be65913373231,2241,1
Tm5a,Am,e2174a9084c8,ae7eec9cc6aa,7337fa50e7b1,empty,,fec688f26ddd0c6ceda32511909348102e8e2e3d6eec6a656ab200eacd691a13,3602,2
Tm5a,C2,e2174a9084c8,ac7377b4f393,f43196298f51,empty,,2e3f208c7eb3d3b139af0e2dd16f158108be1f2f0c2efa701f7eaa1890e9ddca,641,1
Tm5a,C3,e2174a9084c8,6182a4f16e6d,aa95431e8bdc,empty,,12b8cec7f5d3ba315f42bc83a0a3504d272b4d904c07a4df17691c78ac9800da,246,6
Tm5a,CT1(Lo1),e2174a9084c8,7c280b5b9f34,00eb73c6ee6d,empty,,3f86506816cc7cd34d4c9ee252b560a3bedc097fb46bee856ca4a754ac2b3f90,893,3
Tm5a,CT1(M10),e2174a9084c8,63667a4a1a53,c2167e2ebf74,empty,,7b42389b5ec4699f463d9696a08f3bef659abd4281ebaba8a78c6ed450f05651,1764,4
Tm5a,L1,e2174a9084c8,ad5110ebac00,54901a71f6f8,empty,,cc5fa1d20d27edf59e177b2a5512b9701a561748c1ef85ebf76d1fc63623ec76,2891,1
Tm5a,L2,e2174a9084c8,36f25ce16c8f,41c2e60a5953,empty,,a1345fab7dbe04399b64cb55420180c18f32ec572808a0f7ff3e280c4f07d487,2288,8
Tm5a,L3,e2174a9084c8,fd5e84317740,3f22e8449107,empty,,b8a4ceaf22988661da7c5b58abe369d9777a0034ffea67addbefd15dfe932456,2618,8
Tm5a,L4,e2174a9084c8,7c19534e0d84,bff4258966df,empty,,25e272f5e044b0e118082d25cb943436d13b31f9e2371136af2d786ce661dfb0,521,1
Tm5a,L5,e2174a9084c8,cc98a8db805e,ccac69adeed9,empty,,c62e0c46ad97c14b8d4fb925757ade07ee312c4600650dc01b37f4d7fd960ec6,2800,0
Tm5a,Lawf1,e2174a9084c8,2627beca1340,da2d8259fa63,empty,,f303d8c4eabf530fbb9071c4d3b299e1dad1870e48e454ee5fd825c23ce6edfb,3431,1
Tm5a,Lawf2,e2174a9084c8,3a1e8d7d01c3,83c98d8fc645,empty,,dc3a087737b59502c2e9b3cc765cf5a28e264ae41d4bf907c8d821b9eb3d7107,3111,1
Tm5a,Mi1,e2174a9084c8,af1ee12c7a13,a74f7422d6ea,empty,,745beeebe08ee15e21b221640f40dbc7ccd35004a8c1f8d7405c43cac2bd54b2,1668,8
Tm5a,Mi10,e2174a9084c8,59362ec08e0b,e03572f8044d,empty,,7e8df13b9ad48445a80ca3ffe47646a1faccd56f8b339be7cb33e8e53b5baffe,1799,9
Tm5a,Mi11,e2174a9084c8,f8c7207459cd,19102368e51e,empty,,a07cdaba1cc8d9b7eae55410df9d930059e4aaff4d6406b92497e17f2ccd4690,2277,7
Tm5a,Mi12,e2174a9084c8,22599a5bd694,285779d0cf15,empty,,7a865d837fe7cf6d4d1f78fe8064023e4648c43b7b5f35f4041f141686f7c162,1755,5
Tm5a,Mi13,e2174a9084c8,7fd7d345df8e,561ce612ee4a,empty,,774d0940c6f396b529ec60bd63f884559d03f0641efa71f38930a897b212be56,1706,6
Tm5a,Mi14,e2174a9084c8,b33da6e1384a,431447eeeb77,empty,,ba667ca1071ddea7dea290341334d5bc67999872c4f04bcceef425b68a2a4a4e,2647,7
Tm5a,Mi15,e2174a9084c8,4dd1eb26b0df,645684a54557,empty,,cac3fe228e846a125b2bab5d9288271f6208de6f18a2c8ceffe7a8e7539f8536,2869,9
Tm5a,Mi2,e2174a9084c8,8d98b9eb6175,95f18990555c,empty,,5acc57205f0c530f8150850a66ad1887e262ae2be99d42dabffc580e7c2af8a4,1295,5
Tm5a,Mi3,e2174a9084c8,0172ab6332cf,b45c80f6d697,empty,,5f230bec99058a902877be602a8cca90de5fe7261074ce00a4f2f5072df6bbdd,1359,9
Tm5a,Mi4,e2174a9084c8,7c9f2d10b0f7,5ec5bb0330b7,empty,,43a408e6432df9102beb2feeb13307fb62e609a5fed87cb8c29581a763679688,943,3
Tm5a,Mi9,e2174a9084c8,760f78ba3287,628f02d9ca93,empty,,c3ac8b20d7485c748ae5c70e8ef350e21cb1aa80f77453ccf762b9ec4d337a79,2771,1
Tm5a,R1,e2174a9084c8,9654b247b494,fedc600ed52d,empty,,3d12d33453ca999c699e3f20df3857629d974ac4e67b7b90de627f1a00041f16,864,4
Tm5a,R2,e2174a9084c8,b075082bb026,328161677894,empty,,78a77892f78e3dd7bbde039fb05458a65d6790a4aa1d1c97291ffcf0051f63e4,1729,9
Tm5a,R3,e2174a9084c8,a9358d78ca90,0a7fd96d4ef9,empty,,0a32eca96ec8e4082a189ea449bbc4d399966bd4496614695751eb0c37ff528e,126,6
Tm5a,R4,e2174a9084c8,d54d0db004dc,ec124907babc,empty,,efb315f98ce3e63522c21d6335a51a8caee77061cecec73bb99a3ca88461a151,3384,4
Tm5a,R5,e2174a9084c8,bf135de1db2a,77750d935073,empty,,92dc3f78a183523fec623892256ae09f8bc01924a1c4c71844feec91fffd9a1d,2087,7
Tm5a,R6,e2174a9084c8,ef2dad65a896,d9433514054a,empty,,6697615c09fdfa1d432715a0d380066a81a0a376138117f02dfb9843a0a04de0,1450,0
Tm5a,R7,e2174a9084c8,ee8007a1d4ca,50ddb11a0677,empty,,c928db1142cda1f67b578599665219424fd105303be4f14b7760e0d65bf72fe1,2845,5
Tm5a,R8,e2174a9084c8,8c5b077524c1,229833dd1b28,empty,,c655443f6eefaed7e4c83178cda3140f9d6fa5799d72756940d322258ba22e9d,2806,6
Tm5a,T1,e2174a9084c8,7fccce4faa2f,e3658003d418,empty,,19ba3d4b6cdc98aa8f2107f2c4d4274a52c859ad9977f315adc9ef9976b161a7,345,5
Tm5a,T2,e2174a9084c8,2c81c87fcf2c,dc9c9b20303d,empty,,974fa51af789e112b1ebd2349454737d07aa21dc233825c9f02f18439ee517f0,2153,3
Tm5a,T2a,e2174a9084c8,e4707238632a,7520b4204f55,empty,,e74452f1b53df04ec02b804fff9f17af646b8f9f409409d6e074b8404197242a,3257,7
Tm5a,T3,e2174a9084c8,3b9aa8bb490c,81d08850f7e7,empty,,739dfbeff1169c51e07986c6051ee0a733490c64a03b6650ebd20fe677dc9fc0,1656,6
Tm5a,T4a,e2174a9084c8,a722a78be07c,de6c5dbf5cd8,empty,,53cbba6e566c46cf9f8d584b1e04634db211db1680e8c842f2c68b7f2212aca2,1177,7
Tm5a,T4b,e2174a9084c8,8dac2399d9d3,a973fa74a664,empty,,4f403996b27658ad96e639c456b01e69e2ac28f02d20e102be069ddcc987fed1,1111,1
Tm5a,T4c,e2174a9084c8,3a2a1325fb93,a8f0b6cb9325,empty,,3a8d95fe4ad2a34bf64f41b81fe1ff8bbf9628e933d03483525665acbbf18e33,830,0
Tm5a,T4d,e2174a9084c8,0645a54521a8,44d1fcfe77b1,empty,,6c07d43f82a87eaf81d1a62bf78fcd311484c9c580914a37fd1927678ae385f5,1542,2
Tm5a,T5a,e2174a9084c8,9fd1579bc37e,28ac4fdaa147,empty,,ec5b6e2c4c408841d97f856cf407069de43049f1d010ef83a293cb594e5e24c0,3349,9
Tm5a,T5b,e2174a9084c8,3c304e466112,d81b14781918,empty,,96dd36716b00bcb46cf152b00c55a030494fba1a2028cfbe3aad6da603db245b,2147,7
Tm5a,T5c,e2174a9084c8,4236c6342cc5,96b246ee8eee,empty,,efb987d6567a25440bea62963de0fd19f72d676a4cff8e5fb11a25d81f169e2c,3385,5
Tm5a,T5d,e2174a9084c8,f0bbaae7f4af,503f7b9fbc2c,empty,,2038d05bf880a3f8d9e06e88838d12a7414d4bed5c3b66bb1d940cdad8f43071,439,9
Tm5a,Tm1,e2174a9084c8,6b080cbcddcf,427eab8ee1f9,empty,,f8d188d5f680f1ff62c01caf383640be03959fccea5a1393d3682561e5252031,3511,1
Tm5a,Tm16,e2174a9084c8,7a0908bbdc11,69b66a1cbf38,empty,,aa1af828af91d4067a51d5f91ba5d324d07020600533ceb3540184d2a9063e4f,2433,3
Tm5a,Tm2,e2174a9084c8,1716679973ed,ddd674bb592f,empty,,a476b4ded5b3f01ca4b30978904547b102c809569b3891bd811df3cdbdef50b0,2348,8
Tm5a,Tm20,e2174a9084c8,5202f2beeefe,9a024dc4f09b,empty,,3931014b9bfe6bff38964637790a5a728457f3f5d2c01d6419c46629bdf01199,805,5
Tm5a,Tm28,e2174a9084c8,0a8ba80929dc,4068c85eb402,empty,,623aa60a9f68a6b0149af9b658a85276579b67a9928b885e8ef23190d879341a,1401,1
Tm5a,Tm3,e2174a9084c8,1d04dc9e4e44,b87bc36fa3b3,empty,,6679e1484502414a33ad8b25dd83e5763149ee44f3d47e77fe1e4917ccfc5ea1,1448,8
Tm5a,Tm30,e2174a9084c8,fabbe5261153,eecaa8aa46cf,empty,,483bda6bcf1d0521497bce04be0162917d90a95533ac59ba7225e759ebe78a09,1005,5
Tm5a,Tm4,e2174a9084c8,8f9d79739978,355a1b903ade,empty,,e7e1554145cdff5d8874500f823f2e0fcbbcba9f90b8f96901734a67a1c3aef6,3264,4
Tm5a,Tm5Y,e2174a9084c8,05257d37421c,ec14bf34808c,empty,,4854b38ff707ad05efde7ec5ab9370189972381777f4263484ae25b8f9e11087,1007,7
Tm5a,Tm5a,e2174a9084c8,e2174a9084c8,960d384fe13e,nonempty,,87683d01fce259ad497558257ae1bd0c4e5debff29e94a18455d877ba30cade3,318,8
Tm5a,Tm5b,e2174a9084c8,5bd7d91f26e1,822871182085,nonempty,,d782c100ac0a9840f05a40456976d32f71c2f4126c1f7123c68b36dac99ce741,511,1
Tm5a,Tm5c,e2174a9084c8,2455576c666d,44fbfc1a7430,empty,,60be96c6446b41c97752489a1229b17be237f9dd41548ca004b8452ee5997a09,1385,5
Tm5a,Tm9,e2174a9084c8,d00cef6913df,2fbf4493f265,empty,,9fb7417dcc596ef59dc01598ba6984ecc07523c7094a0224a620714317dde56f,2271,1
Tm5a,TmY10,e2174a9084c8,d1d3392c46d1,0403781bcb33,empty,,f5735d18a924d4146c173efd4805a88dedf86eb6574a3be8219a45547ad149ae,3472,2
Tm5a,TmY13,e2174a9084c8,e8c21941580e,dcd632a02126,empty,,f9ca063928241daa8c8d6c8f2ef01c759c5f57c8873656a129ca052a49eaec7a,3525,5
Tm5a,TmY14,e2174a9084c8,28a670a5d3c8,cfa684148d6c,empty,,877e68489712997b9bb7717a7dd28016e412c5f3a07c1422829c95e48224b77c,1931,1
Tm5a,TmY15,e2174a9084c8,18fb00442a43,cc92f4457a5a,empty,,d36ee9acc763b82125156e39046a90749c878779701cf49e163330ae4ded938a,2985,5
Tm5a,TmY18,e2174a9084c8,dd5eb1fb0caf,e2bfdbf1b43b,empty,,e8a0702937ab577a1f1404ed5fe43936d930b5b4ba93062e5487ed8348da3753,3277,7
Tm5a,TmY3,e2174a9084c8,607b8ed34a33,7234c12f09bf,empty,,aacab3c80f63b3afb76e932798da50848e17733e1275a1b7760d616d29cc24b2,2445,5
Tm5a,TmY4,e2174a9084c8,887ba31d1e5d,2b267388543f,empty,,8552bad2754ec7f414ee917f51c678d48efd5c68c1748b0301c33f9dd81528b5,1900,0
Tm5a,TmY5a,e2174a9084c8,3ad6ff7262ce,2d5e5bc22f9a,empty,,8971e0137561d0b312156d9be224f32450e91917cde9e1653ff4a58f1ddb5642,1951,1
Tm5a,TmY9,e2174a9084c8,7af2610d274e,1a03133607bb,empty,,202b269e23c187cf2a7aa3180f7caa66bec7191dbb31b513a66b26edeb95649e,437,7
Tm5b,Am,5bd7d91f26e1,ae7eec9cc6aa,5de42e2ab12f,empty,,e9a68fda9b06dd6fa13e6bb1eba40d216ad405c01691bcd4e1ed736140b8cee5,3299,9
Tm5b,C2,5bd7d91f26e1,ac7377b4f393,bd89a037d17d,empty,,31218fc766a468d03be7ba2eac52be49bcff37ddf4e00cfb42da95847ec67ca7,682,2
Tm5b,C3,5bd7d91f26e1,6182a4f16e6d,8a927376d707,empty,,23d98be6be042840c0605cb52aaf8b54cba1b4492e6ee0d725f456cc954ab02a,493,3
Tm5b,CT1(Lo1),5bd7d91f26e1,7c280b5b9f34,0d4352a9b00b,empty,,acf49a78cbb5ed3e2f2692e5246fe0101433131b1edf736ad093decdb04b8193,2483,3
Tm5b,CT1(M10),5bd7d91f26e1,63667a4a1a53,9e4bced45485,empty,,0ce1d1313de03f74cb91fd1d9ff9f4fdbb99973d3faebcc5424157a0683495ea,168,8
Tm5b,L1,5bd7d91f26e1,ad5110ebac00,a8e8338f4850,empty,,32d6429149df2070b34374a566b32c528ab977ca43e51dc02da60cec46089a1d,711,1
Tm5b,L2,5bd7d91f26e1,36f25ce16c8f,248686de376d,empty,,c31c35ee6471351bee8aa41661d315b74aeae35c45f32dbb8702073e6c120778,2760,0
Tm5b,L3,5bd7d91f26e1,fd5e84317740,351925cc6ac4,empty,,7c27da56c8cb841c452c7da7d16ea2d6c2d46e6272a337b5033cd9f1cf696102,1773,3
Tm5b,L4,5bd7d91f26e1,7c19534e0d84,7ab31b46776d,empty,,68937c88806aec9b59458a8cf1f353dd66e51d155fdb7ef8b89d931bff7abaad,1475,5
Tm5b,L5,5bd7d91f26e1,cc98a8db805e,e46c8fcbbcea,empty,,f558ff67b7710357f19ee174a3594f809772849997ba9d14a2700aad45f1f38e,3470,0
Tm5b,Lawf1,5bd7d91f26e1,2627beca1340,fffe2632d906,empty,,2dbf3fb0306e8bfb64131645442e118f63f0b06b77a36e73e995e36858a16a9f,630,0
Tm5b,Lawf2,5bd7d91f26e1,3a1e8d7d01c3,46b209bcd7a1,empty,,c2088914645f0bfcf790e0343b008eb177d2c5bcf2b2c34ee380aa19b04e6688,2745,5
Tm5b,Mi1,5bd7d91f26e1,af1ee12c7a13,14a9a215c0a0,empty,,72ffbacef0a6c8dca5d7307b943ee5447c77b1033c667889118e05d80d9152f9,1642,2
Tm5b,Mi10,5bd7d91f26e1,59362ec08e0b,6f6aaef43ba4,nonempty,,d834d600fd68aae8f6e851f584c2892e84b51961a850b90a7e3e8c4258c14d6c,513,3
Tm5b,Mi11,5bd7d91f26e1,f8c7207459cd,3a962adc2929,empty,,0021d637053c4217cc192869adc7cd70e655f4d119226e5ee60a2f4298e8732a,4,4
Tm5b,Mi12,5bd7d91f26e1,22599a5bd694,a058d0b7e523,empty,,0c81112358edb81b41b6101b94d5a412d8f43f02d527b24a457aeca4f87a3c12,162,2
Tm5b,Mi13,5bd7d91f26e1,7fd7d345df8e,5cfef5e4259d,empty,,67b4d478b7090ff158813084aea1f4362ba06767802a451e7d0ce7ad08ef8aeb,1466,6
Tm5b,Mi14,5bd7d91f26e1,b33da6e1384a,28552641dea5,empty,,79a32b24eb98be7518f1deda632d83a7cf36871bd809e698b53a60ec83260bc0,1741,1
Tm5b,Mi15,5bd7d91f26e1,4dd1eb26b0df,6db720c25737,empty,,8a8d6bfca7c5f5633afe72df8b2f3218cc330b9351c798132558be9d374ed70e,1963,3
Tm5b,Mi2,5bd7d91f26e1,8d98b9eb6175,8a7e9048e04f,empty,,1629e7a002494157dd8087066661e5c9adc5ac276fb752e92ba539f2f536d8ea,301,1
Tm5b,Mi3,5bd7d91f26e1,0172ab6332cf,08ad5aeba6ec,nonempty,,27afc66909adeb91ab1d2a1b3fab8f70ad981926df68134c2caf0dbe44c1654d,110,0
Tm5b,Mi4,5bd7d91f26e1,7c9f2d10b0f7,132ed2046b3c,empty,,f5220a100da1aa029acd51108f5e4a2a7c428c1618b04fa5c2f9ef3e0d55b001,3463,3
Tm5b,Mi9,5bd7d91f26e1,760f78ba3287,19e1165d7c23,empty,,83adf7abdee4d8f32b417e90bb511f806d6d712aec2d14048fec9b0411ced80b,1872,2
Tm5b,R1,5bd7d91f26e1,9654b247b494,8bf2f0c7f682,empty,,eebeb0008275fb017d04aadd7573a0b9ffaf9b5dd2bf40f543b57c97a37e6fc5,3374,4
Tm5b,R2,5bd7d91f26e1,b075082bb026,2e90a46d6d48,empty,,d74d3b64fec7f7a355d4a222171cc13e7cd80728cc79a6f34a8b07b8365f738a,3041,1
Tm5b,R3,5bd7d91f26e1,a9358d78ca90,dd5772dd53c7,empty,,766f4f255051d300ddb2331b914bc6abbb9e7fe86a2a10bd0544d837e7aa3bde,1694,4
Tm5b,R4,5bd7d91f26e1,d54d0db004dc,447455a63a32,empty,,904e5f2b24541344b20d34d1d49b04cbbdf4c00f0a0a1cdc9fe537bbf62b4045,2048,8
Tm5b,R5,5bd7d91f26e1,bf135de1db2a,bb2877d15293,empty,,8520e34e6d663d9c736f1002f34368029937aff42bea76397e044f3ad96756ec,1896,6
Tm5b,R6,5bd7d91f26e1,ef2dad65a896,535c54ea3cda,empty,,7904114dc9546dde62c19cd2729c64b3d9bc5bfb5736d38afa3c440ccc1afe6f,1732,2
Tm5b,R7,5bd7d91f26e1,ee8007a1d4ca,260af01249fd,empty,,4370ebcbb6158ffc655a0cac52f6526440a5e6e66e643d0b90e5d611db09ef7a,940,0
Tm5b,R8,5bd7d91f26e1,8c5b077524c1,6760b5a9b9aa,empty,,cf3dd489102b4102fe6837d4628e9f27ff281963340214b13a6ad87a50311b02,2924,4
Tm5b,T1,5bd7d91f26e1,7fccce4faa2f,ae3cca8bf91d,empty,,dd1d5f01198f61a8fef157a3d8faae04fd7ab3f3187c894ee6b1674503124fe4,3122,2
Tm5b,T2,5bd7d91f26e1,2c81c87fcf2c,6c0666fcd195,empty,,7158888de5c800b9c89b2a05ce27232d5a850306824cdb0dfb536a720e6b2d67,1618,8
Tm5b,T2a,5bd7d91f26e1,e4707238632a,7e2fbe28af22,empty,,44a67a6f84342d30932c6725652b071ca4d4a6256d83c1a022ab9c1b63c77e73,963,3
Tm5b,T3,5bd7d91f26e1,3b9aa8bb490c,ac6cddedcece,empty,,fcfa8e3ba2a9b83daaac58d48270a41779126ea181cab08d8c530b2aa78223f9,3575,5
Tm5b,T4a,5bd7d91f26e1,a722a78be07c,b2091fe5b43a,empty,,e81f7a91ec6ed215b8939af5a4daeb005fda051b0edb8e1e694a2d24c2ec89d7,3267,7
Tm5b,T4b,5bd7d91f26e1,8dac2399d9d3,96fb29d76ed5,empty,,48fb32934f432503f77b914b4290f0d0b64d395b35d44f24e428cbce960bf474,1014,4
Tm5b,T4c,5bd7d91f26e1,3a2a1325fb93,734bbe905105,empty,,960f25d3571a6919cd3f7e8ef2b6664668380dd04064dd79ab7c4fc41a541d97,2138,8
Tm5b,T4d,5bd7d91f26e1,0645a54521a8,074de7c3a956,empty,,966ac83082993ae638775de0844690952bc8d20a67720036d0b70725620245d3,2144,4
Tm5b,T5a,5bd7d91f26e1,9fd1579bc37e,34a77daf847c,empty,,cb46b61475e96dd577c5a3cd42a42c438f442f6b1c245949f3cd18f5e50e0e84,2872,2
Tm5b,T5b,5bd7d91f26e1,3c304e466112,2700780b2157,empty,,896c5bc39428da1c9ee45e5a1dae6922db086a46be7c47d3b64a9d938229af1d,1950,0
Tm5b,T5c,5bd7d91f26e1,4236c6342cc5,8b07f5ef9804,empty,,abe57775857eb0a7a6703958e30438dbba94fc9564899ef40ad67fb48799df7a,2462,2
Tm5b,T5d,5bd7d91f26e1,f0bbaae7f4af,b34bf599ca15,empty,,1f33413d7ed0cb26209014a5644ed7cdcbe146e677e866a6e4e8512bc0026026,419,9
Tm5b,Tm1,5bd7d91f26e1,6b080cbcddcf,2dc61535472f,empty,,a27a90e96bccccd33c56237703d2afc19171af0c0511b7fcfe60a6404274abe7,2314,4
Tm5b,Tm16,5bd7d91f26e1,7a0908bbdc11,841d2aefa367,empty,,a9bd0e49fe83eee0401a86eb280e0edae32b63e54f44753d2c91141a9939959c,2427,7
Tm5b,Tm2,5bd7d91f26e1,1716679973ed,8a4e2095c5bb,empty,,bcbf8b5761d2211660fd68f0fd8336ea3e8d9faa4f2f5e89a59995c554e78ace,2676,6
Tm5b,Tm20,5bd7d91f26e1,5202f2beeefe,55c44156c6af,empty,,25d40954190004f96520da89321c86e58bd142042c65c055a290e0614085f761,520,0
Tm5b,Tm28,5bd7d91f26e1,0a8ba80929dc,89558fcc8025,empty,,1ef7db24db75d967a74e39d4fdd6908cf6a55254c64069a8ea49caaf8d7f812d,414,4
Tm5b,Tm3,5bd7d91f26e1,1d04dc9e4e44,fb14ca636987,empty,,6f89276e44437251a1157b97493c229cb563297d7779fa05a35840883b82ad7c,1589,9
Tm5b,Tm30,5bd7d91f26e1,fabbe5261153,1204b8996e90,empty,,b57fb324258325108e49c4e124695e4aed39eb89894f20077f60f5761416f92f,2577,7
Tm5b,Tm4,5bd7d91f26e1,8f9d79739978,ebdd753375f5,empty,,05aca642c409acb8ed56bb9987639ffdc864be1fd78ebc156095012d23bd85ba,73,3
Tm5b,Tm5Y,5bd7d91f26e1,05257d37421c,c42fe41ea663,empty,,137c9b7bd4c4360f92c5d8d5372c54627add656e58caad3037aa6a9f8a55fd1c,254,4
Tm5b,Tm5a,5bd7d91f26e1,e2174a9084c8,60cc01c636fd,nonempty,,8d54e621a2b6dd5b931697949d81e342f02a08a4d90ba63a7055e5251754d43d,338,8
Tm5b,Tm5b,5bd7d91f26e1,5bd7d91f26e1,26f3a764cd3e,nonempty,,c2f246640e7cb461e6e4394915403ddba1184b579f1070e6255fc4a4556abc15,457,7
Tm5b,Tm5c,5bd7d91f26e1,2455576c666d,12d121d4a0a7,nonempty,,64ba6fd17be4101ca1482a30def5ec525dbc6674c9ecd4ae9589a3639a8c48a7,239,9
Tm5b,Tm9,5bd7d91f26e1,d00cef6913df,f61c32ac39d4,empty,,c9c537ac7062122a1a539c1dea4b61e84e3e33ecbd3557a7c2069fc6938bbffd,2857,7
Tm5b,TmY10,5bd7d91f26e1,d1d3392c46d1,c81d85fd96c7,empty,,7250378b59d953e46e3fe6d0464f40340f6d77eaa0756b57ebaa487f9bf9e358,1630,0
Tm5b,TmY13,5bd7d91f26e1,e8c21941580e,d29887d178ea,empty,,dee0538e421ebeb2ba767dbe0f2f1d2aaa65dc4f747d6ff397f8ccd8d0b8a9ec,3149,9
Tm5b,TmY14,5bd7d91f26e1,28a670a5d3c8,16dec8b963e8,empty,,a1abd3cb3984eaa2b6897f71a0543edfc33d5ebee35c04983aa0537234686cc5,2301,1
Tm5b,TmY15,5bd7d91f26e1,18fb00442a43,cc4d258dcb0f,empty,,79c2e7578c73457eb140fda7c79f14decadc54bd983ded6bc2ebfba904d4fd3c,1743,3
Tm5b,TmY18,5bd7d91f26e1,dd5eb1fb0caf,de770f129ea8,empty,,1c32d39b6b52aeaf6faa3bb5f62e43c97f8c1bb7f0be34a3925732ed02582d48,377,7
Tm5b,TmY3,5bd7d91f26e1,607b8ed34a33,8d570db8fd99,empty,,0b61f6b0f4ffaea0759f82da74e5ebf6f2ccea4a17ad59e4fba2bc283a354dbd,151,1
Tm5b,TmY4,5bd7d91f26e1,887ba31d1e5d,365d8a13050e,empty,,5f28b09ff98338fd854021e0d4f03afb6f06a56a4a15e6047cc78ca7268b667c,1360,0
Tm5b,TmY5a,5bd7d91f26e1,3ad6ff7262ce,790e7d040694,empty,,bea0819e47118f2c4cb18a1f4d509d1261dbfc9eba667a27f133c0aba0b63458,2696,6
Tm5b,TmY9,5bd7d91f26e1,7af2610d274e,14068c484e5b,empty,,7beac8e3a15f7443be4015a7d45be69e20c9098acf3834161e51b48a10b99819,1771,1
Tm5c,Am,2455576c666d,ae7eec9cc6aa,3dc7b4d9049c,empty,,41e6f1f9587cb4b3e92e39ca6dc5b2ccbe4c83f16657a3af762c9b5c741ad8c1,917,7
Tm5c,C2,2455576c666d,ac7377b4f393,d8f5a3263a90,empty,,ee1a86eae14c8c187d7223fa3c7bd96756ac78666293a876ef2b5f7e79da07d6,3370,0
Tm5c,C3,2455576c666d,6182a4f16e6d,1ec6bfb5c416,empty,,7f5c95741936a446ebeea57509f0f5d458abe0aad1b08d1b96735643885b6abf,1811,1
Tm5c,CT1(Lo1),2455576c666d,7c280b5b9f34,276a542f15c3,empty,,348277b17a307aa1064e1d0675b5c4cc2d007dea936b5de52ec9ed26101d21dc,739,9
Tm5c,CT1(M10),2455576c666d,63667a4a1a53,b83c10ca8ef4,empty,,3389d29147ddb8be5d15a363613b6a4e82af9071064caa94e19c8722e356e704,723,3
Tm5c,L1,2455576c666d,ad5110ebac00,32e8259fae0a,empty,,31779f7f5bd6be6f54451dfd4a8a45ef3c618c4c4d15d5732b9c12687908510f,690,0
Tm5c,L2,2455576c666d,36f25ce16c8f,1bd8955e430a,empty,,94d33e7da52f52f6ce9d0f958c95b8162ee01579baa001a4502fecfe19b3c766,2121,1
Tm5c,L3,2455576c666d,fd5e84317740,172c48356d91,empty,,f90ca071e3b7cc7803412607ea71470844ecd6368841c6b3b7442f85085a57eb,3517,7
Tm5c,L4,2455576c666d,7c19534e0d84,3ad220f8a0db,empty,,5c7feb4f8b6a3850aac9d4365921cd7760439e2f0efcccd05b76facab5d3095d,1319,9
Tm5c,L5,2455576c666d,cc98a8db805e,974e3d242688,empty,,28ee663cfca6f9f1f9aa2f9b28c0faf5fba88242813c1bcd0ca3452a6d9767be,559,9
Tm5c,Lawf1,2455576c666d,2627beca1340,5b52eb224448,empty,,733c22fabf0d50bbd02e3af7f157c135fea9ccdcefeb7e8e0d027873653875bf,1649,9
Tm5c,Lawf2,2455576c666d,3a1e8d7d01c3,d44173bd90dd,empty,,22cfe520a3167d6e7235e1e6d98d94f6957c0bb8ff838b17245121b4089fdc43,481,1
Tm5c,Mi1,2455576c666d,af1ee12c7a13,b46131f5898d,empty,,6b8313fbb329b4e9fddeb234888e6bdd0d6df7d0c8c802b5553dfc3bcf4f5c73,1533,3
Tm5c,Mi10,2455576c666d,59362ec08e0b,0f0ffb077b09,empty,,90be5b067313050621759ddbe846060a8734855edb0b75883638c128d097d9aa,2056,6
Tm5c,Mi11,2455576c666d,f8c7207459cd,99b484a8d7d2,empty,,ac568d481d159c78e057904392dc983c3194ede0199ee83fe68958b0a3641c29,2469,9
Tm5c,Mi12,2455576c666d,22599a5bd694,252d075533be,empty,,5b42621fafc753a686b8cc78e9ce8f86fa6394d5df188bc4cf96c00859f0a024,1301,1
Tm5c,Mi13,2455576c666d,7fd7d345df8e,f6c358f8f0e4,empty,,5050db1f6923053d5b5e889055e0fe4e260448cb4ded8e395193c03162f2ea6c,1125,5
Tm5c,Mi14,2455576c666d,b33da6e1384a,5ed75e5005c6,empty,,3a03a2f6e61ef86040f9a90f37c32f647d3ba7f40da53a5cef51da9dc095abc8,818,8
Tm5c,Mi15,2455576c666d,4dd1eb26b0df,903ad0b94863,nonempty,,39622e667b8284840571acc41d8fb7bda853a59501b651b31c9b64722e33786d,148,8
Tm5c,Mi2,2455576c666d,8d98b9eb6175,abd498076d06,empty,,30a721e1bf32c5428ea2dc0645bd3f04462084b93772132a6838d72ef4bdd6b6,679,9
Tm5c,Mi3,2455576c666d,0172ab6332cf,cecc102d25fa,empty,,85241e7db469999633112659864dd523ab53c467cb957f049cd5ffac4a445471,1897,7
Tm5c,Mi4,2455576c666d,7c9f2d10b0f7,80a8183e9af0,nonempty,,f561b87ebcebcc482c774fe4f849844f65a15f35aef99acaaaf02c04e283cfaa,580,0
Tm5c,Mi9,2455576c666d,760f78ba3287,359b3776c191,empty,,45b5a31e5780c92633fa9ea22d1b4eaa056d617918cc4f111c7cb63580778fe9,980,0
Tm5c,R1,2455576c666d,9654b247b494,febe9dc9b836,empty,,8fa314bab4fc4e25e77ffed40a6faf2df1058294005c34a5f0bdc35210f23ed0,2039,9
Tm5c,R2,2455576c666d,b075082bb026,c378f377c70c,empty,,2757acd15872749f1f196e55b830c7d3ac4423737af88c6aff13fc7f2e1df332,545,5
Tm5c,R3,2455576c666d,a9358d78ca90,1ba8dd1159f7,empty,,3453e2dec99210c9d098fa842ad55b456246b74c52166141c21d7c4312f56020,735,5
Tm5c,R4,2455576c666d,d54d0db004dc,32465675075a,empty,,301f47ecb28688b8ca4718d8819dabe2ab16bc483ed50eaccdb5584916b1ad9c,672,2
Tm5c,R5,2455576c666d,bf135de1db2a,dc028fa9072f,empty,,f5d21d3a2c688a83d92f30eca991911af947f40c0c1265efb361d9ad4163b817,3474,4
Tm5c,R6,2455576c666d,ef2dad65a896,f1c59cf6aadb,empty,,6e72699c02a9e0ccb4c47697d5bc828df7b0df56921d3272937589a1b7983b54,1576,6
Tm5c,R7,2455576c666d,ee8007a1d4ca,244ca46cd604,empty,,1d0ea85c44e181322cc90193f529c50c4a86dcf6151620793eabb09342e79cde,391,1
Tm5c,R8,2455576c666d,8c5b077524c1,a2b5c73bf474,empty,,134592bfd85bc57ba29e8d034472518735fb9c074fda7ac9fe13e42a3c58f9c3,249,9
Tm5c,T1,2455576c666d,7fccce4faa2f,cc14fd37eaae,empty,,66e5c52e3bf4a37684db453fd2413cf797866a25ba3ae4b21f1a1e9fdc35c97d,1455,5
Tm5c,T2,2455576c666d,2c81c87fcf2c,a500c24fb744,empty,,cc849cada1c0a49076ba2f1a54f59dfdc04b317d748ef8741c10d454e44079c3,2894,4
Tm5c,T2a,2455576c666d,e4707238632a,380c52ebcee4,empty,,0d19a67264e9d49b124a9ac91d540acc98bb34616faed6789b41365ca610d76a,172,2
Tm5c,T3,2455576c666d,3b9aa8bb490c,a423f073cd91,empty,,d0694db79751b767267e6840c4778c65edd87472b01effdd28f3fb446ae522d5,2939,9
Tm5c,T4a,2455576c666d,a722a78be07c,64e5a15a9875,empty,,19f71fcc1b4a266130fd1427d5a3b2cbdcea304638d404c59f2e422b890f7b71,348,8
Tm5c,T4b,2455576c666d,8dac2399d9d3,5a2c903d4e72,empty,,a4b481e81349565e9b7931aaebebeab46e19d95495378cdc94542df324803ac7,2353,3
Tm5c,T4c,2455576c666d,3a2a1325fb93,194e71c7cae0,empty,,9bad1cbd912ce67d7a7129791931b7ffcca0f828ce376b9139156b38dbec0ef1,2210,0
Tm5c,T4d,2455576c666d,0645a54521a8,4f892d8bf69a,empty,,3a4dc9a748c8b037012e3c6ec5ea81da5437047e4c207f270edf22552dfdcb31,824,4
Tm5c,T5a,2455576c666d,9fd1579bc37e,1b427d605b8b,empty,,ff0d8f2d5c7a1a825c761944b8a4e0b52522cd0ca0cd79c52a92ab21fa2ffc3b,3608,8
Tm5c,T5b,2455576c666d,3c304e466112,61360edbc2a8,empty,,2fc48fe73e0380a615a76392e8e19820d37a61817d46ec5290bdef3a880400e9,667,7
Tm5c,T5c,2455576c666d,4236c6342cc5,50848b67a7cb,empty,,f0bb3886a84835e25ed5cbfe8f8ae3379ce95db1c510c2020940e34325736557,3398,8
Tm5c,T5d,2455576c666d,f0bbaae7f4af,3f65da04ce84,empty,,ac7586022c186c88e196b7c336b5658aafc269f1f1b51c030d6d2040773d5934,2473,3
Tm5c,Tm1,2455576c666d,6b080cbcddcf,90c95f3666fc,empty,,1790a248673bb12c7eef0bdf41b7fb79889f11635169b4d3b34f3ff623e6ddb9,324,4
Tm5c,Tm16,2455576c666d,7a0908bbdc11,5d1e47af3b09,nonempty,,276d1fe6f107eda4ac21976570adca798cb7fa31c93bb0b776693af426527e8c,108,8
Tm5c,Tm2,2455576c666d,1716679973ed,b98cc1e2dbdb,empty,,0f2a070682529cc6e19c4e925e1746c1a71b415895e70a763643365e09d906df,196,6
Tm5c,Tm20,2455576c666d,5202f2beeefe,c4c00df16e51,empty,,c4c9bc2e48f51071c1f5662933a7775380cdfbc88e0ea5804912cc89e830706f,2781,1
Tm5c,Tm28,2455576c666d,0a8ba80929dc,4b7404412c49,empty,,05fe41f5acd55783af2fca8e99dff52e3010a94d4dfa081671e20ccbafcc28f8,75,5
Tm5c,Tm3,2455576c666d,1d04dc9e4e44,320de9fcaa73,empty,,e9c6071cb4b9f78341a4dca7fc7876376eedfa84035c7590e56f1e0032770174,3306,6
Tm5c,Tm30,2455576c666d,fabbe5261153,bf6257cac107,empty,,2d9e2dd8efe062d1d918caf57ed7cd015507b2bf5fb127d71ce1937ff842dbda,627,7
Tm5c,Tm4,2455576c666d,8f9d79739978,47772d4c6c49,empty,,b9b323754c6beb6a6d44af4f7f4a46c8b3fd9cd74cef2a654fd9e5ba32e57508,2629,9
Tm5c,Tm5Y,2455576c666d,05257d37421c,9c226ec452c0,nonempty,,05d1cb63f143716f2ee97de475dd297088129263f911b6573d5194ab4a06bf75,18,8
Tm5c,Tm5a,2455576c666d,e2174a9084c8,b1ed1c53a552,empty,,0e50e554ce2590947c827827f1f391466d3507035af2b4547fcdee3b003e0ede,189,9
Tm5c,Tm5b,2455576c666d,5bd7d91f26e1,e1b746e0017c,nonempty,,c3215b4ce3387114a9815d8a4b81d3e9f331d55f5657d5a25c548734591d4fed,458,8
Tm5c,Tm5c,2455576c666d,2455576c666d,53c3f6f2e18d,empty,,9b526c28461c0ba90baa314e8f171fd1c84813f83c6bbc9cc68b07a3399cd3d1,2207,7
Tm5c,Tm9,2455576c666d,d00cef6913df,d878275ab8b9,empty,,0ac6432fdbb04844da7689cdbf3e548c5262fa4ff433f1f440c27ce6cb4346a9,140,0
Tm5c,TmY10,2455576c666d,d1d3392c46d1,92de4f394ffe,empty,,7c2243457fc29bd38fd298941411848e2d51601da5ed230639bd0be5ec47670d,1772,2
Tm5c,TmY13,2455576c666d,e8c21941580e,4e8045b7477b,empty,,65eac52f5bb4827999f9b9f91275e927744d9f08b3395fe3346a4d6c56f8e4ce,1440,0
Tm5c,TmY14,2455576c666d,28a670a5d3c8,ab902de60e56,empty,,a71c2491e48db300f3225c371404136a282c50cbc6c5edbe2220a192de8216ad,2394,4
Tm5c,TmY15,2455576c666d,18fb00442a43,e2ea3a78e7a1,empty,,ed04710d82ba1d4cfb36b02f48197e87f1ce9aa9be8fa97850a49f09d7b20932,3360,0
Tm5c,TmY18,2455576c666d,dd5eb1fb0caf,b0960a5365f1,empty,,8c0102999eb345d6254ac967deafd49ebf3a7689bd157da23d93c19b3a963d83,1984,4
Tm5c,TmY3,2455576c666d,607b8ed34a33,a3d9f39f515a,empty,,78017d9ebc50526c1667a436a98117e1c15dd80ff4d83ee4152b376914e7eebe,1722,2
Tm5c,TmY4,2455576c666d,887ba31d1e5d,25acdcc835af,empty,,62c2b6954d8b178d431f2f22aee0341d0292b5a7aea6d0850efeef875360c655,1404,4
Tm5c,TmY5a,2455576c666d,3ad6ff7262ce,fbafd8fae9cc,empty,,4b772de1275411fe63c64b8acd05e62eac13fa5a4355d44b9887702bdb025fb2,1045,5
Tm5c,TmY9,2455576c666d,7af2610d274e,69d06401f137,empty,,8f87e7ec2be63b29317c6dc0813b39acc818fcdd44e3e519d5429c1b8e56ebd5,2037,7
Tm9,Am,d00cef6913df,ae7eec9cc6aa,94182b3ec588,empty,,f0f8a7dca1a5b50de31f942d326288de500bc9cf024a2f9993d46df3c2f43cbd,3401,1
Tm9,C2,d00cef6913df,ac7377b4f393,f839bc5ef95c,empty,,d2d4393c155ea646455458024a03a4e15dfe102a86c63b90da4f560882a2d4c6,2974,4
Tm9,C3,d00cef6913df,6182a4f16e6d,b7ceca724836,empty,,4c3def9685fbb296cee9e17716009094beb2a7da40fb2e9101b2023b675f7f80,1064,4
Tm9,CT1(Lo1),d00cef6913df,7c280b5b9f34,44d16767a1d5,nonempty,,18201222b1859d4c31ba9a9d9cd362b030a00b1d2c23185e9624370538439897,73,3
Tm9,CT1(M10),d00cef6913df,63667a4a1a53,2627820af36d,empty,,fbd5722a20e62747182752b7a66411fd6b7bcdc32cad1a96a9865840a040a45b,3549,9
Tm9,L1,d00cef6913df,ad5110ebac00,9ce7302c8b25,empty,,b3ac9cc91105f686b963c8156938c37ba5b4b98e2805436bb6dec7597d9207c5,2559,9
Tm9,L2,d00cef6913df,36f25ce16c8f,f4f6270845a4,empty,,9d4e9e566563afc192c67fd5e88df82311d3ee253628fd56228921a9152304ca,2234,4
Tm9,L3,d00cef6913df,fd5e84317740,9ffe746042c6,empty,,7850188afcde45705d12844e3f4d310a19267ff8602928fbf8f46202058b79a1,1727,7
Tm9,L4,d00cef6913df,7c19534e0d84,7061980468c9,empty,,5f8df81e5c9a105b2c42fcac911893aa88324557d1d712cedae04dfaeb32e4c8,1371,1
Tm9,L5,d00cef6913df,cc98a8db805e,db62d051e2a2,empty,,f23e5699cade902a0970fc6df0d54daeddebeffa5c7d6ef15d3d2af483026f66,3420,0
Tm9,Lawf1,d00cef6913df,2627beca1340,6af44b07d700,empty,,f08714b77597962ee3d4e8484297c269d0f4a904a802baee42b2a41728c5e1de,3394,4
Tm9,Lawf2,d00cef6913df,3a1e8d7d01c3,3399b404329b,empty,,75053af4dbd4c65c1eb8ea0bd1ea432de1fc541608d2dc7653a62f4d006141c5,1676,6
Tm9,Mi1,d00cef6913df,af1ee12c7a13,cb6be984d3a5,empty,,5fe7d302f2ce987bc3692390af42a231119a1b7e54b8c2c80207d06ca513f3b2,1375,5
Tm9,Mi10,d00cef6913df,59362ec08e0b,71866d0666a0,empty,,808b6909fc53b616602255647447c10dcfeeb3e5aea413b4af7c6511976808a8,1825,5
Tm9,Mi11,d00cef6913df,f8c7207459cd,af989322328f,empty,,b3307b7fcc3f2227ba5675c241b1a6314ef766eabc55dbe85fa2b756cbb3573a,2550,0
Tm9,Mi12,d00cef6913df,22599a5bd694,1f1947b5fb85,empty,,8ca6b7c67eeb8e561c0c09ea0dfa5fa96b26820666441f2739ae1823b295cbbc,1991,1
Tm9,Mi13,d00cef6913df,7fd7d345df8e,e139e4b57cc1,empty,,0d93a574df46d9b1f5845a115723c24d50b8e8d49d53fe3d48e17ec86acaf802,174,4
Tm9,Mi14,d00cef6913df,b33da6e1384a,b782da567faf,empty,,a2f491b147e753dd17672a844d5aca64f21467e8005b2a88ccc0b3faf8de9480,2323,3
Tm9,Mi15,d00cef6913df,4dd1eb26b0df,176ae45808ae,empty,,a6dfbf60b6f14e8447b33054629a4c94d6500afd4b86eb1794a8949b5e10b374,2390,0
Tm9,Mi2,d00cef6913df,8d98b9eb6175,8320278e08fc,empty,,530e9bd35cc8eca31f0a752b2a4bad8eee66821b07aeac682bad1ba8a677e762,1164,4
Tm9,Mi3,d00cef6913df,0172ab6332cf,bcf3f67e43a8,empty,,ca7611f9cc6ae917dd80bd5951569b8251ba83647eab91ef95c0da71e7c2dd8e,2866,6
Tm9,Mi4,d00cef6913df,7c9f2d10b0f7,dd22cef67519,empty,,4d118758a67152ee2842185ef7e4b86ffe4c37f13c6c3038d7e233e0d8e9696a,1077,7
Tm9,Mi9,d00cef6913df,760f78ba3287,b60f751d532a,nonempty,,a5ce2c7a8e2427b9418efd12d8c8fc8825a03dd10723a0a7bfc2b729047328ff,385,5
Tm9,R1,d00cef6913df,9654b247b494,3d6cb7f998f4,empty,,573496b0a2f5ee4596a8f1124221f801f21a9a0f8b8fe8a1f709f1a53047a455,1233,3
Tm9,R2,d00cef6913df,b075082bb026,d1df77e8681a,empty,,487d817cb487a47cded02520a1da4e06c434d1b3f0ed185e0fa1f1210a13c151,1009,9
Tm9,R3,d00cef6913df,a9358d78ca90,51a4460ae931,empty,,3656f20d2044078699c037bbdf63b748c82f2db34549ff015546a446f43b603e,766,6
Tm9,R4,d00cef6913df,d54d0db004dc,3c82c4f6295b,empty,,ec42865c6534ec064014fb2f3467e922f32073af57c55d0b5947156a40ab833e,3348,8
Tm9,R5,d00cef6913df,bf135de1db2a,7e07d343d452,empty,,a31761397289c149585521b374212750567b30db5aaf626d14e6cdd459c1de30,2326,6
Tm9,R6,d00cef6913df,ef2dad65a896,e83dcef4598c,empty,,e9b3945e9751dec4aeba78c92487e8591c510ee7b990f172b1b0ba096e5d7398,3303,3
Tm9,R7,d00cef6913df,ee8007a1d4ca,550d8d21709b,empty,,16b572d9fa498e2c5d397a927ab9fb36b09154b3dfa8e4436705604d8ab971c4,310,0
Tm9,R8,d00cef6913df,8c5b077524c1,d08075785a19,empty,,b82ec87a0c7e1251373301426e235ce0fae573647b9800f1e03205b367e53b34,2611,1
Tm9,T1,d00cef6913df,7fccce4faa2f,69cca755fe43,empty,,1a533d3ea78f375db25c84efc728caec0c7d24b367f3e4f15c2ca2e5c8a5084a,354,4
Tm9,T2,d00cef6913df,2c81c87fcf2c,101de4a21bae,empty,,782d9dc57c3f4ed6ffa77251c1a46ac197ec129a9726bf5189081b28fb8d06d4,1726,6
Tm9,T2a,d00cef6913df,e4707238632a,6e2cdc8a4495,empty,,53bb7370ab60d4b54324e1278747676beaab16039e0ba528296d0a02d109846a,1176,6
Tm9,T3,d00cef6913df,3b9aa8bb490c,48316ad4fc13,empty,,3982c16794b61bf0a382987cc1bb88ee5646bf8843de4374733ae0fb6f02c242,811,1
Tm9,T4a,d00cef6913df,a722a78be07c,ff235e39f208,empty,,449a8a74020831f15a0f39dd9f13b2789b80a809184cba717c77fd8533d0f83f,961,1
Tm9,T4b,d00cef6913df,8dac2399d9d3,16f7d4c3f233,empty,,16540018f24bdff06c3f6c63aea8bbe9ba4d68add9654e2ca6a1adc3f1c927e4,304,4
Tm9,T4c,d00cef6913df,3a2a1325fb93,b4ab4ee78774,empty,,6ae9c1f0101cc312de16d5e462d815921f7b60b6a4bd3876cb1a0998f0ec6662,1520,0
Tm9,T4d,d00cef6913df,0645a54521a8,33a393ee7fe7,empty,,8dfd9149ccf9eab55b858ab1e0b0cb71e22a4bb42140867b3af8b736ebebff9d,2013,3
Tm9,T5a,d00cef6913df,9fd1579bc37e,750094aaede2,nonempty,,21971c71db7a2a4220860650b2f40f2499f407398e5603a157a2cd5143356ce1,95,5
Tm9,T5b,d00cef6913df,3c304e466112,9a40b7836cd4,nonempty,,820950a5e4283a568d5ae06644d55e1b310007190205d6481059c6bd08ac2337,307,7
Tm9,T5c,d00cef6913df,4236c6342cc5,4e75aaa8d264,nonempty,,e7e55a0fb168cd92484d2d5d6c125babbc23b2bf2d55af8770480430115213f8,548,8
Tm9,T5d,d00cef6913df,f0bbaae7f4af,91d4683ed143,nonempty,,1999481e956290b9d8c03b0f58feb0e6c11d0dfac4b96b537d8ba5bb71339dfc,77,7
Tm9,Tm1,d00cef6913df,6b080cbcddcf,ff6ffbcfefda,nonempty,,8266ca6e4cc310c28d59fcfac4fe0d93265c75ead5b3f9e313c9a65d4b424653,308,8
Tm9,Tm16,d00cef6913df,7a0908bbdc11,43306426a56c,empty,,e8113971c07e8a4ba922129fab644e931d3c25f75bcb2a48637e7337ece897c3,3266,6
Tm9,Tm2,d00cef6913df,1716679973ed,b8f27613b1c2,nonempty,,5874cb63bab207e4d21b02832a4118683e32b4c04375477a6c089a7e509c69f1,206,6
Tm9,Tm20,d00cef6913df,5202f2beeefe,4f48a31aeb8d,empty,,dc0ce916e7061a395bc869b1c81358140b6b20e12f1cb68e7fec1ad5779ebf98,3106,6
Tm9,Tm28,d00cef6913df,0a8ba80929dc,89b7d68cb13a,nonempty,,e98475eeb2c5c8451efeb78454bcd94e60a3e6d93086c641fa931ef4a084cd6e,554,4
Tm9,Tm3,d00cef6913df,1d04dc9e4e44,a389dae4cace,empty,,cf2b88a7f01e12da257c000d4baa45f1f10de105ed19a7b17db868473f5cdbfb,2922,2
Tm9,Tm30,d00cef6913df,fabbe5261153,11490ce6c8ce,empty,,e545d4e9bdd82fbecc2b30bf373d594a9d02dae563b53c7c555491fbdc3fe966,3232,2
Tm9,Tm4,d00cef6913df,8f9d79739978,ed51cf77175a,empty,,4ad489ff53c5351baa4017a1866b60a24bfc18d16b0cb3dc19855c18d5ccebb4,1039,9
Tm9,Tm5Y,d00cef6913df,05257d37421c,476d3ef5d6bb,nonempty,,2ead23518043634dd19f8a4d98e1bd3f57684911f9c7c6dd26ef3939de39ecdf,124,4
Tm9,Tm5a,d00cef6913df,e2174a9084c8,3ea83d99a461,empty,,cc3d8ee329d0552098092ef6995824de1fd733f7724dd5587b8c9de1c177deac,2889,9
Tm9,Tm5b,d00cef6913df,5bd7d91f26e1,941482e3df57,empty,,2bcb74e4f63b672d6881f02453db11b926fb80d54cf36f58cb4f3327ee6fe632,597,7
Tm9,Tm5c,d00cef6913df,2455576c666d,feb1cd40470f,empty,,c1f43afbfeabb183782649730a1ed2b073e809b9953b336aac2a93de140128bf,2742,2
Tm9,Tm9,d00cef6913df,d00cef6913df,2ce460e2c698,empty,,f7ac79e991a40ac1287f9ccf7f80fc4d4ebd56555c60537df3bcc39398ab0e90,3500,0
Tm9,TmY10,d00cef6913df,d1d3392c46d1,1d0cf397b100,empty,,405062f73023cff2b756caee9404db105e171e1687fb6eb7479be1df527c6f03,899,9
Tm9,TmY13,d00cef6913df,e8c21941580e,6e91f1736c1b,empty,,2284e27bc2a62ce0d8569cf665896068b0a60ba38803b26e3f97c96219030357,474,4
Tm9,TmY14,d00cef6913df,28a670a5d3c8,326a845a54b5,empty,,7b9044ca599f35699ecfa5a4b2a8bc4a0d405686d5d488e7c23a40a31f4abb82,1768,8
Tm9,TmY15,d00cef6913df,18fb00442a43,3880fb8824e5,nonempty,,cb486d2a4e7205d4dfb4e8773cf8a67cd78c503cf0923f7f87805a9af17e6f55,481,1
Tm9,TmY18,d00cef6913df,dd5eb1fb0caf,4bf6da50b201,empty,,41273650919e70540adc07005ccad4b061e348fad913554d26e56d7090dd2dfa,911,1
Tm9,TmY3,d00cef6913df,607b8ed34a33,2f5446b68716,empty,,909c106d8b468d33bac4b131989f09828be178f922509ddfb3a340d89686e442,2053,3
Tm9,TmY4,d00cef6913df,887ba31d1e5d,10f1073d5a78,nonempty,,a4e0d9d8700bd727e797f14c9e3bf09acd3b91ed8a4c0c03dcbee30c6308d726,381,1
Tm9,TmY5a,d00cef6913df,3ad6ff7262ce,2a79ae77a2d9,empty,,95d9fd0d85298f85caa0c387add148fdc758ae6608cd38da78b584008d06483e,2134,4
Tm9,TmY9,d00cef6913df,7af2610d274e,73963aeebbd2,nonempty,,55fd1606ea00193438340f6f4971233fd92feee0dbad92cca133df6d12c0d578,198,8
TmY10,Am,d1d3392c46d1,ae7eec9cc6aa,a20679d40ed2,empty,,e07aeb5fe6aa808c108f7d177415dc6ed41be63cfacbb5a3825400b24032f900,3171,1
TmY10,C2,d1d3392c46d1,ac7377b4f393,de79ce3c71cb,empty,,3604bd9f38040b50517e16c7e9819327d727108256568a994f259200b91c6fd4,760,0
TmY10,C3,d1d3392c46d1,6182a4f16e6d,f0b7c068c99d,empty,,44116ccf24965c8ff5d9c3028eebb7b0085c05263908c049ff9e23c31e0c96a1,949,9
TmY10,CT1(Lo1),d1d3392c46d1,7c280b5b9f34,cc7ac0c89e43,empty,,148497dc3eb39d352f2a5c3ef811f614de825e2efd275a2e3be77b5a17fe94f8,275,5
TmY10,CT1(M10),d1d3392c46d1,63667a4a1a53,acb2078f9e80,empty,,88da037607fac481756724dc8f474f43320c5a1ec528768ac0f6374ed6ed83ac,1941,1
TmY10,L1,d1d3392c46d1,ad5110ebac00,50a96b8f213b,empty,,209aeb75e52e7d265cbde3e6470812de4ee307afde433422fb27467f240a7a90,442,2
TmY10,L2,d1d3392c46d1,36f25ce16c8f,b500c2914cac,empty,,7abcc1e1ce3ddafae4bc7d6aaa1754610792003f953cae54be38990447796b16,1760,0
TmY10,L3,d1d3392c46d1,fd5e84317740,9d21818094f4,empty,,77e9e6de54dccd5a4ae338e93eec4f339f274fcde66414fdc337178107f55754,1717,7
TmY10,L4,d1d3392c46d1,7c19534e0d84,86b45d43b798,empty,,1f478a7ca38ace3bfc45932928d76c85491e5e062134c1dbc6cc5dfccf11d352,420,0
TmY10,L5,d1d3392c46d1,cc98a8db805e,e99d99e641c5,empty,,1022e0692c6b56e8d5aff1c6c195fc70ad95e7a2f74bf55da4674210d43f3c66,209,9
TmY10,Lawf1,d1d3392c46d1,2627beca1340,afdd8096ecfc,empty,,7cb5eb865353b17fab2d5460cc34d65e4c006c4ba9e5b2817063a993109c71e1,1779,9
TmY10,Lawf2,d1d3392c46d1,3a1e8d7d01c3,42a6c9ab669f,empty,,054c90dac7af7f2e19d4702a551169994611d807f565b399e7849c4a6273c6b1,67,7
TmY10,Mi1,d1d3392c46d1,af1ee12c7a13,d4acc3a7d94a,empty,,2b2e3a2b53aaf1f8a3433287285a2811efe5f53fcc0fce98f1380795609cfce4,587,7
TmY10,Mi10,d1d3392c46d1,59362ec08e0b,6c36ed47d655,empty,,91e99de75f038e191fc356ab27b8371e2d8be5f7c2397d0064700e428cd95f79,2077,7
TmY10,Mi11,d1d3392c46d1,f8c7207459cd,ff6be2f69cfd,empty,,a1313005da4bffff4da471b909a191cea8dd13ae5594b27ffa29aff416c067b4,2287,7
TmY10,Mi12,d1d3392c46d1,22599a5bd694,73a0826d1c24,empty,,5868345abe112be1a915e932acb33aa763bc7e893c6ea8af5a80fac11cb0f0b3,1256,6
TmY10,Mi13,d1d3392c46d1,7fd7d345df8e,1b43c73c5987,empty,,43f2bdb24802f823b0b976f0359f62879d496351357465c46f2a37ef9b2f99fd,947,7
TmY10,Mi14,d1d3392c46d1,b33da6e1384a,d8dd3565699a,empty,,e47d3b4824f8e1164a752ea1f7158ada00354e812fd3c41b4eb7d1ba5935f8eb,3224,4
TmY10,Mi15,d1d3392c46d1,4dd1eb26b0df,426de684a39d,empty,,13e25b6c59cda7b7547fe92709af86c4ea2aa8a5a715edb6d73d6c04afc9ab4b,263,3
TmY10,Mi2,d1d3392c46d1,8d98b9eb6175,375cec33cadc,empty,,e954dd090fbcaf41215d1d282fa98cf2d4bed0a272dde902c2ecf6267582b6ac,3293,3
TmY10,Mi3,d1d3392c46d1,0172ab6332cf,b48ff4cd490b,empty,,abb6b264e7348227d381c228bfe46e75bb1052d477173270299e9a34fec79a36,2458,8
TmY10,Mi4,d1d3392c46d1,7c9f2d10b0f7,98ca660f235e,nonempty,,085faa0694589757c82371f616415e5b9650e8d78eea0e77261237e8d97c15ae,29,9
TmY10,Mi9,d1d3392c46d1,760f78ba3287,146017231c47,empty,,9f388a36f876cbd3be6f647ed2d0385bffd6b59734c474c4c34f751f7061d2ae,2266,6
TmY10,R1,d1d3392c46d1,9654b247b494,f0edbdbd2895,empty,,222f3137f10b12185b4bfd7c256edeef103213dec65d6516ba953ef07e78d41d,468,8
TmY10,R2,d1d3392c46d1,b075082bb026,f0e2982fcdde,empty,,72f1300db5fccc7420d3f83821efa01c29feffb96392178a9e8e1429ba144a44,1641,1
TmY10,R3,d1d3392c46d1,a9358d78ca90,ce6ca45ab134,empty,,72b0930f560ceecc0bf0787bbe89876e94c6e983841f1cba8ac149391f5cf08b,1636,6
TmY10,R4,d1d3392c46d1,d54d0db004dc,98f927ee47bc,empty,,a1f0b82b91f04c2e3590e0565a417e7ce227fbfb853c6cff4d0a5c7196e12052,2305,5
TmY10,R5,d1d3392c46d1,bf135de1db2a,9b56ce4fd7e7,empty,,c1bec0889616c5fe4e1478accfda3cd5ab626ddd4c14e5f5e7849eb570ef33b1,2737,7
TmY10,R6,d1d3392c46d1,ef2dad65a896,5db0079be903,empty,,39887fb4ee3f0a7204306a7e36e077dd442c726535e58fb9f6e498b82a2cdb97,812,2
TmY10,R7,d1d3392c46d1,ee8007a1d4ca,29f73c240a36,empty,,d218e6da7643f331c925b988e00739c76f3d0404a1f57414e20296f1a7f71406,2967,7
TmY10,R8,d1d3392c46d1,8c5b077524c1,79cd0fda87c9,empty,,e840c83b3f3ba497bef891c2bb76528b152281be7d2ba44c608f12286404399b,3270,0
TmY10,T1,d1d3392c46d1,7fccce4faa2f,b94706774dcd,empty,,97ae254b1e3d22f8e92286304f78203882a048eeb5c25cb85388de3ff31d4ebd,2159,9
TmY10,T2,d1d3392c46d1,2c81c87fcf2c,f6c0ff68ded3,empty,,45f9e0d4c77afbeebfc498b959d97fa675124923d73ef618ad14c123c3125418,982,2
TmY10,T2a,d1d3392c46d1,e4707238632a,6874740d82a2,nonempty,,cfd2428e8f65748434221f858e9e14fc6b6b0bdb394128f257a9aed50cf903df,488,8
TmY10,T3,d1d3392c46d1,3b9aa8bb490c,27f8477086c2,empty,,086f2620c0583ce4063be9ab234358841fc8ec9da5022331d61bdf2e028939ec,105,5
TmY10,T4a,d1d3392c46d1,a722a78be07c,5e4391b1a18f,empty,,d41e6f474cd7d19f6a688b083a162e3f98cdae8a989ae5c380f22d46d7bfc606,2997,7
TmY10,T4b,d1d3392c46d1,8dac2399d9d3,c6207929a24c,empty,,3cedf6bf035209e697b5998da5b4550822d2d514e1906b387141817e9dcbd8da,862,2
TmY10,T4c,d1d3392c46d1,3a2a1325fb93,e902cb20d67a,empty,,7db09994009a194c3f69386f68dbad333f25d49686e914cbd4ab841cde1fec93,1789,9
TmY10,T4d,d1d3392c46d1,0645a54521a8,778c63db562d,empty,,90be7d9eef45d91920f2327f8b566b628d91d2f6db83384d8e19ae0b106d6e7a,2057,7
TmY10,T5a,d1d3392c46d1,9fd1579bc37e,4b5518202a48,empty,,b3e74f8d6ba8f2e1713055ee1eb5e14ae2eb57c4fd80c3c2f7759c1a20fda21c,2562,2
TmY10,T5b,d1d3392c46d1,3c304e466112,6a8eec5aa428,empty,,49a15ced93812a9f50a471960a42a80aea637c9402c941963a05d00a234eb057,1023,3
TmY10,T5c,d1d3392c46d1,4236c6342cc5,0a3c34bcc039,empty,,9bce1c3d5c5d1cf87dad86299e59e2b70ae7a431a93c75c1bd6bde573c74f677,2212,2
TmY10,T5d,d1d3392c46d1,f0bbaae7f4af,51c7c576d920,empty,,cddb50613b3103cda27bafac0885a963710801b579341c00cf24815601d269d5,2907,7
TmY10,Tm1,d1d3392c46d1,6b080cbcddcf,6c8d79588354,empty,,9e2a417e552aff9a6916183bcdfefbcbb46db36ed4a2ad34e3ef8cfc41c5aaae,2255,5
TmY10,Tm16,d1d3392c46d1,7a0908bbdc11,05ea9126e548,nonempty,,a596726365e4a89f8a9b7c382e0fa78480af907934f5f5e3e3f01999b2ebbda8,383,3
TmY10,Tm2,d1d3392c46d1,1716679973ed,6fe39baf39df,empty,,2f637d801f5299bd4e8cff465672117a8724f7c07a76a13c0ef8796738a047f0,660,0
TmY10,Tm20,d1d3392c46d1,5202f2beeefe,7ce89f5e7b73,nonempty,,2f7083ce7b5317475bb4dc034dc87ef244dc1c453540a7764ce05cfec71b6ffd,127,7
TmY10,Tm28,d1d3392c46d1,0a8ba80929dc,fb11d7dffe3f,nonempty,,99b08d7c85ecc410179bdc023d683d03ca0642cfcd29e3110e79a29ecdca972f,366,6
TmY10,Tm3,d1d3392c46d1,1d04dc9e4e44,549c37339396,empty,,9c0e2c2e31f0de1242f02cb8a1f14de0988bb3e1b2771ea663e0410a514911e1,2214,4
TmY10,Tm30,d1d3392c46d1,fabbe5261153,e5e3c489584e,empty,,52d6978ffb3f3c9f0f084919992173c127a5621e3960f4aad7a1c0da2f641e34,1162,2
TmY10,Tm4,d1d3392c46d1,8f9d79739978,03d8dde119c0,empty,,a5438ddbe563ab16bc8014540bffc259051565e0aac1c07b4c17b7a8c2ed510f,2370,0
TmY10,Tm5Y,d1d3392c46d1,05257d37421c,b531e9085ae8,empty,,38afd79885457f2991c6225bf6cce22cebec6199e0cb5f806e26c7d8ca1cfa28,795,5
TmY10,Tm5a,d1d3392c46d1,e2174a9084c8,6e99f542cc5a,empty,,beee9b6abb1aeb57d53186d39dff5d347feff2340598d8f7fb0b2b5544fb2276,2699,9
TmY10,Tm5b,d1d3392c46d1,5bd7d91f26e1,79687e3056df,nonempty,,f2c9b4b23059ead5edf2639b869119f14a3f706b02d3a5af46675dc581a18a4f,576,6
TmY10,Tm5c,d1d3392c46d1,2455576c666d,f7d255d8b1fc,nonempty,,8449902a6ba0804ec90ef262be685ca1cbd243452bf9aa9197a33cc57d1ec03c,311,1
TmY10,Tm9,d1d3392c46d1,d00cef6913df,698fa48e302a,nonempty,,ac886aa2990db65f1bd08928b0b9481bb106c810aca9297540207d80c547f150,402,2
TmY10,TmY10,d1d3392c46d1,d1d3392c46d1,2072761f57ac,empty,,ad59a965124ef97ab2d5b8bcec46204e01133fa5257fa4d5e66080a0a66bbb12,2489,9
TmY10,TmY13,d1d3392c46d1,e8c21941580e,7b156507e295,empty,,3257d2fe667d5a4150c61ef160480e7359e996c1812aa07ce5330fdcda15f59c,705,5
TmY10,TmY14,d1d3392c46d1,28a670a5d3c8,9ddd6224f44c,empty,,c01a3b4bdcd1d5c3e9492e59a133939f97e1b604a7b3d8965990062922415ec1,2711,1
TmY10,TmY15,d1d3392c46d1,18fb00442a43,22ab47a355c9,empty,,8ba531d97b8b6b8ec77b6380d7597e680b718aa23e710ed195a6e4f9ea7092c1,1978,8
TmY10,TmY18,d1d3392c46d1,dd5eb1fb0caf,abf06b302265,empty,,0e053422cb56afcd065ca53f30f44f907dc2aab81cc06599f1824ff99362050c,180,0
TmY10,TmY3,d1d3392c46d1,607b8ed34a33,ec56339380c3,empty,,c22a267fcd1f504419b33aaafbd2c4ed8cafb198e757ff4ca56efea9d45fbac5,2746,6
TmY10,TmY4,d1d3392c46d1,887ba31d1e5d,bb545e2360f8,nonempty,,1e2402de6ac444bdba5f63733770fbd5f33e1d71318b4dd54e02256436ff281e,86,6
TmY10,TmY5a,d1d3392c46d1,3ad6ff7262ce,4a770d43b820,empty,,a457e7cb5b2782e2d355d9f4253bd7bf2191b4a241d424593b6a10c352b7549a,2344,4
TmY10,TmY9,d1d3392c46d1,7af2610d274e,a6727537c1a3,nonempty,,82ba7fa7ef7ba8b6d7077a01b8079eef0f2af9fee3821e16f2d6d8181cae9fbf,309,9
TmY13,Am,e8c21941580e,ae7eec9cc6aa,8ed54dd598ff,empty,,8b1c57a7f2f65adddbf452fa1912cf1b1258c0bab76c38cb24efdd12afa56a4c,1968,8
TmY13,C2,e8c21941580e,ac7377b4f393,42fd8543ef9b,empty,,a96574fa6569a9666fca21ca3b6ffddf430cf87bf4211f4bf125f8552c476b9a,2423,3
TmY13,C3,e8c21941580e,6182a4f16e6d,c3eb8e376329,empty,,20daf05a4cc8942029b148450f21c693f62f5b0dd266083a1466e9253c414966,449,9
TmY13,CT1(Lo1),e8c21941580e,7c280b5b9f34,64b2704fb176,empty,,a2b4a4ff18947139e6413c86645f88feb799261155bfc6336baa738b996ce7d6,2320,0
TmY13,CT1(M10),e8c21941580e,63667a4a1a53,1de69b3a93ca,empty,,ba1464e2841d5f2bd1f313681a49c3512a8227e212e832dacc7b79d07cb6ff6e,2644,4
TmY13,L1,e8c21941580e,ad5110ebac00,10863830fe35,empty,,c3175d6fb979aeed64ffc323cb19f523b3062db62471c6dbf08609bc28daa92d,2759,9
TmY13,L2,e8c21941580e,36f25ce16c8f,e0ee3f219aab,empty,,037e8d8a2223c7fee32026dfabf376200caf4d4adc979ba993a12971160a1d73,44,4
TmY13,L3,e8c21941580e,fd5e84317740,8ee5a0430620,empty,,63a95f79bf13b9d2947824ead40e89575eddf9a0743461c2a24c0d5992229c93,1415,5
TmY13,L4,e8c21941580e,7c19534e0d84,62780fdbf90e,empty,,b2bbd326e0db17fa7767c7c49ee95fe5f1ef6fe617cbef7c6b34af329c8205dc,2543,3
TmY13,L5,e8c21941580e,cc98a8db805e,d4e3b299a16b,empty,,07950e6036e4b33feb3ea7bde5f4b8238acc251b391f70552a4bd74737bacc22,94,4
TmY13,Lawf1,e8c21941580e,2627beca1340,19fc57a0315f,empty,,b1a193af425c04f05e5400c8a6481edb0f80a8eaab7ec9f3b8ff1e2dc241cb0e,2530,0
TmY13,Lawf2,e8c21941580e,3a1e8d7d01c3,c37ca1a93b45,empty,,14156142a00bb0ef6f4cc6ef5f847c0cf2a3a34dd1d3658617d512cdfe918049,265,5
TmY13,Mi1,e8c21941580e,af1ee12c7a13,536f56aaf081,empty,,6d84a8e17366c4327a879178d30fc5918fe2b9063b300000bee271016e245969,1561,1
TmY13,Mi10,e8c21941580e,59362ec08e0b,796856c3e219,empty,,1ed29ba42e2dbeed297e3c8a870befad1c34a46977ef2d3fd635bfef0c38b447,411,1
TmY13,Mi11,e8c21941580e,f8c7207459cd,c05908db624f,empty,,491ac35114e447ff5e39ea16dfb76d3a83a97791b980735020a8f7c45fdbcdc1,1017,7
TmY13,Mi12,e8c21941580e,22599a5bd694,697804f70399,empty,,9d9733285aa3be0bfeb2d02c84350873d9362ce60f998e8cd2f542aeebb9442c,2243,3
TmY13,Mi13,e8c21941580e,7fd7d345df8e,816736de7b8d,empty,,398e1bb48f690bdf53979ec266ff7c46db7300a203306347a8c838edf08c3725,813,3
TmY13,Mi14,e8c21941580e,b33da6e1384a,36e1abbfcd66,empty,,0275f5688c757c4a8a4ae3a7d79b17d64eea826994a59f128b32b5f34c6ccaee,36,6
TmY13,Mi15,e8c21941580e,4dd1eb26b0df,d70964e1f5ea,empty,,af850c06810f86f7243330ddd83d63e48e3a9fb0c807bd8c71d78283d54b5817,2513,3
TmY13,Mi2,e8c21941580e,8d98b9eb6175,5985d190eec2,empty,,35cd8c58d46d5855995dc9e1b1db12509d1e2a85e6ace70b9083360b2f2175cb,756,6
TmY13,Mi3,e8c21941580e,0172ab6332cf,988aa0315ed9,empty,,31b2905f55d196254219b2feb2723a949175397fe01e67eea599163f9acbc830,696,6
TmY13,Mi4,e8c21941580e,7c9f2d10b0f7,d5966ab2b36e,nonempty,,16d4d2ff1d4317d3ae10ba8a0a71ae3a0df6a2bace80e08af5d4a4e4449a2bba,69,9
TmY13,Mi9,e8c21941580e,760f78ba3287,cf65c1a65f6a,empty,,a5c34eb9d1da907ea18ee665cea14d479c16d19f7c2ab20d2ff20b05e3c77e26,2378,8
TmY13,R1,e8c21941580e,9654b247b494,7a50089a95b5,empty,,6ddf1bed05d28c4eab1610fa4c2a3edd3349acb1ebb7f7353fed3088bf55918e,1569,9
TmY13,R2,e8c21941580e,b075082bb026,8daa4abec708,empty,,eb473755bf12c616a5a0bceec9df60d01711785178e4b2004df910c0472b3378,3337,7
TmY13,R3,e8c21941580e,a9358d78ca90,091ecdbe6110,empty,,efca6326152ff5c9fd05654f0848f31ab270425899dff6c66fdc26012bff879d,3387,7
TmY13,R4,e8c21941580e,d54d0db004dc,373df5c903f5,empty,,dd7b3b86146efece5d12acc942dc7e4055ccb3fb1ce0a61ab13e5257acb00479,3130,0
TmY13,R5,e8c21941580e,bf135de1db2a,35ba977cb2bd,empty,,90715ffa13646f01f606f3dd81cb13a5f67a70350fd3e2772a79f9cb07cc5324,2051,1
TmY13,R6,e8c21941580e,ef2dad65a896,06330f50ceca,empty,,1618aa5a7076162271dd70a9dd1f667cc8ac45dc1ac5589e8751af60b1f9af6a,299,9
TmY13,R7,e8c21941580e,ee8007a1d4ca,ead93caeacd9,empty,,6c451995d5aeaafeb1b4c0f4d28110ed2d1a2d9b446768a05a9ebcb7c9df1665,1545,5
TmY13,R8,e8c21941580e,8c5b077524c1,31827d5baec1,empty,,c38049b6d2d1227f5cda11e03205a52ab9a4cb99168f8004ffc338dca577e106,2765,5
TmY13,T1,e8c21941580e,7fccce4faa2f,3d591d8eebcf,empty,,1376b7dfcf4ccc244ea3c830bb419ce32b45836a0977680acbbdb8108a01aed6,253,3
TmY13,T2,e8c21941580e,2c81c87fcf2c,341bc52fc9fa,nonempty,,db9bfebc65bc1e58f27501d7b694a97a4c9cdf610d8e32ffbc0dae9b7ec45697,524,4
TmY13,T2a,e8c21941580e,e4707238632a,4b85dff3bb21,empty,,91c9467093941f4e37ef622e27a73690596d0e61f2c0bf8ea1ed6408920284f5,2076,6
TmY13,T3,e8c21941580e,3b9aa8bb490c,0e0e482860fe,empty,,d27634c76e5f24e4705e4102699c985e8b83b09ca542a267fa7dc1ddceaf8fe7,2971,1
TmY13,T4a,e8c21941580e,a722a78be07c,f79f4264dfac,empty,,c634c3b2fce298a34131d8849fc1f23e6bffb33e4bf71756199d157114488cce,2801,1
TmY13,T4b,e8c21941580e,8dac2399d9d3,2ca1db1504a8,empty,,4c3d9a189350a84b1cd2ace405f7f99a76ebc84f61ece51a091e3164280c85e8,1063,3
TmY13,T4c,e8c21941580e,3a2a1325fb93,61419516644d,empty,,10119f206a8b3a0d8545b08ed32741e880e4fe6292f60d6a428c1829ffb27513,207,7
TmY13,T4d,e8c21941580e,0645a54521a8,0d19fe886620,empty,,cd9806ac3805321211079b223599c6b4ff3061357508dcfa927cde564cb9ba9a,2901,1
TmY13,T5a,e8c21941580e,9fd1579bc37e,6ed823ee6c92,empty,,1dc44b65cec76d511bb9ba425b915f6ad7f25b1413aa254344719c67c5234bf0,399,9
TmY13,T5b,e8c21941580e,3c304e466112,a94f022a9666,empty,,8442f1755cc71c5c096651ba30dc29418381c048ac208f18d101d1540453a559,1881,1
TmY13,T5c,e8c21941580e,4236c6342cc5,7eb6dc92eb9c,empty,,545f6618ea97995aed4f9d0af2992cc1116c963923ed44f43ef864553d87f254,1184,4
TmY13,T5d,e8c21941580e,f0bbaae7f4af,4dddea1da20e,empty,,925ce1e8432f9f8e5c5b24c62aab4b3b8ba7f8c2365230248a90b66d03438607,2081,1
TmY13,Tm1,e8c21941580e,6b080cbcddcf,54086ca83b04,empty,,5338f64052f169d9a753e25e925d94a2d99efb007dab1540c6466eadd5979eea,1167,7
TmY13,Tm16,e8c21941580e,7a0908bbdc11,388582bbbfc1,nonempty,,819390ed1d9fa3f7e4c8e3d417624c2cbe08c16b22899aeecc6fa0cd762304db,306,6
TmY13,Tm2,e8c21941580e,1716679973ed,70d94143357c,empty,,fb7dd9f0e99fca8a5b29301f1425c3f92835ea7567937b364971e082cce6ac7a,3546,6
TmY13,Tm20,e8c21941580e,5202f2beeefe,1e58e4ea8ca8,empty,,971e86682c0405ce1d391c46fc641240da22f44844db86374b6dd9641fc7bd8b,2150,0
TmY13,Tm28,e8c21941580e,0a8ba80929dc,7cfcb36a4bef,empty,,719de77d442e7b539963943f53cb3bbc3260d90ac1a2f2049c266d377c70adad,1621,1
TmY13,Tm3,e8c21941580e,1d04dc9e4e44,920000330f95,empty,,bf258fc676258d2122da6c089b82daa408292c9b2a6bf300f4cabec7b0dde46a,2701,1
TmY13,Tm30,e8c21941580e,fabbe5261153,035efab74640,empty,,63ac26006d3f676ad3c68c51ffce5a404fcc413875ca343f201e877524b2dd6f,1416,6
TmY13,Tm4,e8c21941580e,8f9d79739978,9f1ccce71abd,empty,,44e310999bfecd2431e949eba24dffffb72c4346626c2becd4608cb2c3121d19,967,7
TmY13,Tm5Y,e8c21941580e,05257d37421c,eadbfb49f00b,empty,,4795fb1e061a6ee58d7268b71e3103227585aadc59c7e3a9ef7fe5e7864e81a6,998,8
TmY13,Tm5a,e8c21941580e,e2174a9084c8,324502909567,empty,,8cf4f7c572fa8e3eb59fa7c7e0ea5b8c33fdd88244df4d745641b643f59f5cc0,1999,9
TmY13,Tm5b,e8c21941580e,5bd7d91f26e1,e6f143e97f8b,nonempty,,c6f269e0a7965cdf352f3733a4065eb74be6a1b9ba9f469532bfb487606f4cf9,470,0
TmY13,Tm5c,e8c21941580e,2455576c666d,a4572b0dc9ae,empty,,a721a7b623d8a78de8796cfc4c179d396348b7c46363d4096077cb12f148f016,2396,6
TmY13,Tm9,e8c21941580e,d00cef6913df,f2d942aa58bc,empty,,cae432c76d01a51912d217b8790b8fb8303d327b2a9b84c6e1b8612868da258a,2871,1
TmY13,TmY10,e8c21941580e,d1d3392c46d1,1e1b8e5035d8,empty,,13c0e0e5f0cf2f64543d39db0e65a7f31c46d82fec8ffa45771584a4ca49203a,260,0
TmY13,TmY13,e8c21941580e,e8c21941580e,003ce8cbd40b,empty,,fe3646ce661ca6a01ed082eaa16d1b9cc1b0af707635c906e40a1d4e85f4bd4f,3596,6
TmY13,TmY14,e8c21941580e,28a670a5d3c8,980beb99f33c,empty,,6ae214236dbb3efda1e9b2ada02ea50aba09f8d213620de7a34e8dc435aeec92,1517,7
TmY13,TmY15,e8c21941580e,18fb00442a43,862eef8c84ec,empty,,2cc4f599df1a005403196ef7f2cf9e03a185171ba0bd840a5c7e25d1162fd5c0,615,5
TmY13,TmY18,e8c21941580e,dd5eb1fb0caf,cfa0852578c3,empty,,00809fff4f59866be7b20fe561c8137654b6d4f46ba55589861ee6267f719f9f,11,1
TmY13,TmY3,e8c21941580e,607b8ed34a33,0164fa2f484e,empty,,9f313e464c0851c9a121687e53aaa06d77ca20909be5d148f3da6fb020dd839e,2265,5
TmY13,TmY4,e8c21941580e,887ba31d1e5d,b8847d75bf4e,empty,,92b70e2652bdd3762798cb03107449f9003eaf7f9555e8ffe9d1d61f1a0ad941,2085,5
TmY13,TmY5a,e8c21941580e,3ad6ff7262ce,466365b1ad58,nonempty,,0410ef5e20443075b4582a1936435e9898fa0b7abfbda897a41e49933cd5856b,12,2
TmY13,TmY9,e8c21941580e,7af2610d274e,91e36aae099e,empty,,0b563bdf37d77284c754df9f1ccedc1bbbafde2afe3ad25e456c161d8e4c0eb3,150,0
TmY14,Am,28a670a5d3c8,ae7eec9cc6aa,165a2fe2bd51,empty,,862880a5423430359e38c58abf320f3a916314755cab0a68a66f549a383b3fad,1910,0
TmY14,C2,28a670a5d3c8,ac7377b4f393,8bdb38272a86,empty,,11545fa8fc3d70931ff097eaf81a42f9f48cd3b2ad6af92b41711cdde2fe58a6,224,4
TmY14,C3,28a670a5d3c8,6182a4f16e6d,0745c03cce7a,nonempty,,a3fe5390d161825395aa534c95bdeb89a02525b6f70906324d5ee88762abe897,380,0
TmY14,CT1(Lo1),28a670a5d3c8,7c280b5b9f34,6e9f7fa08251,empty,,276c736e1e0ba8853aba001ac264f1cc5217dbf642e9d638aee49231a9716a1a,546,6
TmY14,CT1(M10),28a670a5d3c8,63667a4a1a53,c24394c93db7,empty,,4c24592c61e683d16707e73c2d6e043b9a106dbcaee2c5a78fd624bbbc10bf8f,1060,0
TmY14,L1,28a670a5d3c8,ad5110ebac00,4acc316722af,empty,,6f530ffed819eec9c7d9350eb29dbe45f5de5f51a700fce7c60aef99056e99a1,1586,6
TmY14,L2,28a670a5d3c8,36f25ce16c8f,b88aaf617936,empty,,aad19cced8e8bd0556108dca3a866e0608a01797418edda8e4bccfacb486c9e6,2446,6
TmY14,L3,28a670a5d3c8,fd5e84317740,a63b5bcf8f5c,empty,,ea5bedbe77d7785174f04075780c84f880ffd2ab910bf6bb37f93e262b29ac90,3317,7
TmY14,L4,28a670a5d3c8,7c19534e0d84,0db71af29653,empty,,2f50e3469c7b84eaa6b4e8a867e81bb139659db54fc1beb5bfd5e06004191f41,658,8
TmY14,L5,28a670a5d3c8,cc98a8db805e,0b652013d80b,empty,,33c516363a3024b9e819b8428af0670b775316f0acc6b571114a9c2c31f50073,725,5
TmY14,Lawf1,28a670a5d3c8,2627beca1340,b3137c5c68cd,empty,,e281555f22c41e5b4cbabb8020ad850a7442c4453e87563c807ca778c9eaf28a,3193,3
TmY14,Lawf2,28a670a5d3c8,3a1e8d7d01c3,065deda0c1e1,empty,,6d6e45b16210a918d3e6b007d49f220779170710f7de2fbc8dbda4111f7a74a4,1560,0
TmY14,Mi1,28a670a5d3c8,af1ee12c7a13,51aaa3cce0bc,empty,,b9f57ccdc994b19917ce58e02e19e464154823f6a9bc46a0fca7b436d77492a1,2636,6
TmY14,Mi10,28a670a5d3c8,59362ec08e0b,491a7deffe65,empty,,555aeae973a02cf6dbacc67c2888a7bc8af74fa9f62cfdd9ad34d961bad09f9d,1204,4
TmY14,Mi11,28a670a5d3c8,f8c7207459cd,64ea9292fb36,empty,,b6f84edce5d12724ac3e87b0962552edc183b146e82e7205c353ea8832d08b3c,2597,7
TmY14,Mi12,28a670a5d3c8,22599a5bd694,ae6d58bd1470,nonempty,,0ae713e81162968c4ce1d82a04e81658ba11f609c521114a30bb7cb11791aa3f,37,7
TmY14,Mi13,28a670a5d3c8,7fd7d345df8e,59a21befb76d,nonempty,,3caabd34f05fc8a5cfb4401f51d32478b31d2a41e35cad42ab0bc86ad0ecadb6,152,2
TmY14,Mi14,28a670a5d3c8,b33da6e1384a,c289b63528ee,empty,,10c6c208ad1271dd68f04ee1909f127e04c50d11b9dd820abdf25d9390ab1968,217,7
TmY14,Mi15,28a670a5d3c8,4dd1eb26b0df,18807817d527,empty,,1b6ab5b3bf058dc0cefc95f6b14b476da00329589df5a7dc148d97e3a1edcf3f,366,6
TmY14,Mi2,28a670a5d3c8,8d98b9eb6175,6ae2d120b4f4,empty,,c32b47bbbb484cbc86fa48aa70a0dd59e423d7522dad545c3dcf751d91c1065c,2761,1
TmY14,Mi3,28a670a5d3c8,0172ab6332cf,9ddc6bc53d1d,empty,,2af70faef7fd35d1f3cf97b4a58176a4ccfad1066e0b950206093a6031753d7a,583,3
TmY14,Mi4,28a670a5d3c8,7c9f2d10b0f7,f839b5ee359c,empty,,650195f98f99f685605ce47d1d4941ea147c0cf9291bf4e4db3ae15633e6c39a,1433,3
TmY14,Mi9,28a670a5d3c8,760f78ba3287,854b663e00e7,empty,,4550b8cac75d687d5d5277d76119a437d65d50b5bffc17ee6ea6ed896852d6d5,976,6
TmY14,R1,28a670a5d3c8,9654b247b494,a4c5a751c44e,empty,,2e28fe281fa1b8c8a207a1c15fc1f7112e9b6680106c5fb0c888e4b80d8444ea,637,7
TmY14,R2,28a670a5d3c8,b075082bb026,ce36f179fc44,empty,,5af519161587c2581cbf20f384ba791d95471d55ddf9cb8fa7376f53a776c817,1298,8
TmY14,R3,28a670a5d3c8,a9358d78ca90,584142c4e14d,empty,,cb5c3320e8ed380084b6cfe4eeef9023e44eef15fd7624630ab0178dcafd0a66,2873,3
TmY14,R4,28a670a5d3c8,d54d0db004dc,e8898bcd9dba,empty,,6a9442b2d1c19685cf05945b31c2686f95cfe9f734cf14ddc421f3b1599a975a,1511,1
TmY14,R5,28a670a5d3c8,bf135de1db2a,85352d2ca1a0,empty,,0374ada345afdaf0ccdc8db3b623c14b348bbb00ae3455a76bd1a3795d9ec16e,43,3
TmY14,R6,28a670a5d3c8,ef2dad65a896,390648557a34,empty,,b5421a39a429e4ed83254815e14b720430181bb43fcd4024c96edcc6b082d5f7,2574,4
TmY14,R7,28a670a5d3c8,ee8007a1d4ca,c41e1d34a2b8,empty,,f8da230be66337e70a7d553e8a628ca68367fd387a5ce0799822c21474ccf3b4,3512,2
TmY14,R8,28a670a5d3c8,8c5b077524c1,cf208634267e,empty,,3c3ff30eb06e6198933552976e8db853b1b9f6d2de86c2ede03cd24cfb50418c,857,7
TmY14,T1,28a670a5d3c8,7fccce4faa2f,590b63ec3ad0,empty,,271960ead0991f77a8292048be4472416e12ff2fc48f4ee04b9fb874add7201b,536,6
TmY14,T2,28a670a5d3c8,2c81c87fcf2c,ef55da67464f,empty,,0dee045496cff9b152f03434470873703cde7b6c24169049a28610e414e3c5c0,178,8
TmY14,T2a,28a670a5d3c8,e4707238632a,aa8ab3a6f28d,empty,,32a85aecb9e1976b3ba28b986148bb6ac6fcc17f0561f7359308fabb7a7ab291,709,9
TmY14,T3,28a670a5d3c8,3b9aa8bb490c,263276bcae26,empty,,20bb4caed4261ebbe81131b2ae9eaa1bef50206beaf032f61671f330a863b791,446,6
TmY14,T4a,28a670a5d3c8,a722a78be07c,cc68a5bc3c1e,empty,,29c64ff4f0578fc5abb0103319cad915b63367dfd38710c8a350d7274f2a4e58,566,6
TmY14,T4b,28a670a5d3c8,8dac2399d9d3,a53ae3462e72,empty,,738b214518ee1b5cfce528193333ff7c2dafd34cfddb6184e9194fb0caa3e218,1652,2
TmY14,T4c,28a670a5d3c8,3a2a1325fb93,8c5d73e34bd9,empty,,2234045694d325fa46b4a158f095b4df98e6334f638f69f31772d6e8ad5fe126,469,9
TmY14,T4d,28a670a5d3c8,0645a54521a8,4879ac821e61,empty,,cfbfd9cd8f93c126996d0e4a441268cfa4d945d6812cc6e8e644ed3f2f22cc54,2930,0
TmY14,T5a,28a670a5d3c8,9fd1579bc37e,55a9dabb7c61,empty,,23b558b5a1fbe1862d180acb47f3787a0bffd22c964a0eef6c116e507a7b696a,491,1
TmY14,T5b,28a670a5d3c8,3c304e466112,2e2a1b0d84e1,empty,,05970958e41ccc1dcc16ab7776befc7d08c732e12a31b7366fbbb27a70e64285,71,1
TmY14,T5c,28a670a5d3c8,4236c6342cc5,041a89fe75fa,empty,,936a2f4dfc5c80682490aeb097f7259f8980b23a678b8849135c3defd6fe72ab,2099,9
TmY14,T5d,28a670a5d3c8,f0bbaae7f4af,a18cfd888ec4,empty,,34af761e9404a805815e79ae4de5812dbba065682987db13338cec3f03cf6081,741,1
TmY14,Tm1,28a670a5d3c8,6b080cbcddcf,a05d28e5d174,empty,,4e7dce6b4436001fa398b21de68a54a6bec67f96809cf29c16a5c5d3eef6afe1,1097,7
TmY14,Tm16,28a670a5d3c8,7a0908bbdc11,9ff70554ca69,nonempty,,9380ce8983540fc2b6a73d8d1df74331f5728f6c207e94aaa10a144ee02ff221,352,2
TmY14,Tm2,28a670a5d3c8,1716679973ed,db8e93c1009a,empty,,495d44d3d277d64fb6067c242771ae9493d16eed8a1f7938d27251d19c43a615,1020,0
TmY14,Tm20,28a670a5d3c8,5202f2beeefe,84cea1819940,empty,,0feccd93e2f356e88776c5a2b20ea2176d0e5d386b5786a28a4ead9dd8f381a6,205,5
TmY14,Tm28,28a670a5d3c8,0a8ba80929dc,a10f1889ded5,empty,,3144b92267167c898bb485af751d819e0726d0235bd94eb09099a0086ce89c2c,685,5
TmY14,Tm3,28a670a5d3c8,1d04dc9e4e44,d6da3fb3a6a9,empty,,1790f1a5df56fb660b2a9544a2a941f686361eff400a09725bc7d007782efeed,325,5
TmY14,Tm30,28a670a5d3c8,fabbe5261153,59cbd809a62f,empty,,083b1fcfe093d4e4131cff7d47f1032d52b01458a99bae3a4d1671e50228dff5,101,1
TmY14,Tm4,28a670a5d3c8,8f9d79739978,4b8863770ad9,empty,,f24906af693c9482c897625d2d1660af71593d785f83004cc7d22c790ae1293c,3422,2
TmY14,Tm5Y,28a670a5d3c8,05257d37421c,cf48cd7a057b,empty,,3b956ea589efd44e30ee9fda2f0473c8054b9b6042439f9ab739f2adad85a81c,847,7
TmY14,Tm5a,28a670a5d3c8,e2174a9084c8,95af2d725987,empty,,90c81005a6457ed8cb7d0fc49f3f3a06e7f97fb2f623aee812b3b3028e45d479,2060,0
TmY14,Tm5b,28a670a5d3c8,5bd7d91f26e1,b20875a126c3,empty,,c8c17ddf53871d208e8f0f39daae38862c8f4d94c181ba34acf1c5d8a5df9c2a,2842,2
TmY14,Tm5c,28a670a5d3c8,2455576c666d,60744bb5ec71,empty,,74fb3bfb4aa402d56cca42735a8b16c31a6f9463bc54cff0a4d8bb397732991e,1675,5
TmY14,Tm9,28a670a5d3c8,d00cef6913df,f268aea43154,nonempty,,3d747d84abba23842dbfd55e3c6d6e2a1a54e833d8a0f7e4a001dc83909c3bf2,153,3
TmY14,TmY10,28a670a5d3c8,d1d3392c46d1,949fb8245353,empty,,9e50f89848fa749a42aacac403aadb73bfd14b9797ffbeec34c375133fb3b6cb,2257,7
TmY14,TmY13,28a670a5d3c8,e8c21941580e,71b86bd5ff8d,empty,,92696401170678cecf40c345391f798b6fa0eba3a31c52c702306c285f211b25,2083,3
TmY14,TmY14,28a670a5d3c8,28a670a5d3c8,cfd04ec85901,empty,,c0d3870ea2e02d583d10ff3fd8c8a757666639f72052c85dafb4e2f24b92f811,2722,2
TmY14,TmY15,28a670a5d3c8,18fb00442a43,7b45c912860d,empty,,e28b581d341ef2a13c3c57c10924496830b6c4655e999646464192c7a0daa0c3,3194,4
TmY14,TmY18,28a670a5d3c8,dd5eb1fb0caf,f21dba184e4a,empty,,e88c94be3283419854d15a5ea3d7b404665708a72ffa6ddf1cab240237e5ffb2,3276,6
TmY14,TmY3,28a670a5d3c8,607b8ed34a33,7c00141a6947,empty,,80c5b9057a79fa958453332fdf14aa17b28b91a8cedaa55950e2f802dc4e341f,1831,1
TmY14,TmY4,28a670a5d3c8,887ba31d1e5d,ac102ef3345b,nonempty,,c2ea5a97db262e6b59cd784ca3f995594c0d5873ff50325306d9c2d7d9f71634,456,6
TmY14,TmY5a,28a670a5d3c8,3ad6ff7262ce,61d0ce0fa35c,empty,,ad545d27becbf2b03271510124fbe2217d275b9db99fe8b81e07b04f552f0943,2488,8
TmY14,TmY9,28a670a5d3c8,7af2610d274e,f79a93277079,empty,,c889426751db70824e32d2c098fe9a6d090826d7d9c91a6872c92dc9899e5b22,2839,9
TmY15,Am,18fb00442a43,ae7eec9cc6aa,c4129d990e1b,empty,,a87d402521e474b879212520195351ea16fc0e1e7ebcbb556d264e0c7d863fe2,2408,8
TmY15,C2,18fb00442a43,ac7377b4f393,54389d20ef67,empty,,d0e67003a4020b2f2ed612044791305c37cfbf991fd12a71cd597e1a45f82b41,2944,4
TmY15,C3,18fb00442a43,6182a4f16e6d,c74dc13c6321,empty,,f3d506d16cc3761d6def50099ca3b5f0789af0e23b33973faf05077f23b48173,3444,4
TmY15,CT1(Lo1),18fb00442a43,7c280b5b9f34,802a1806b7bc,empty,,ac71314681f9402f700518d09dffb8fb6e7758242055490655f5af1a2a41f0a9,2472,2
TmY15,CT1(M10),18fb00442a43,63667a4a1a53,02e86215ec7f,empty,,2d23247eb528d932cf6351411a1702c08ed3764e2cc4baf89b51e43c0b994d38,619,9
TmY15,L1,18fb00442a43,ad5110ebac00,40fcf93d006a,empty,,ec9206060cfcdc82e2577ba8f4b5c326ce37bc360153503c4cd87de38610ea0f,3352,2
TmY15,L2,18fb00442a43,36f25ce16c8f,ab78f0378c0d,empty,,95652f57175b1af6c3ce4f11cb24749103f464b59ee388a003202c78748f8afa,2128,8
TmY15,L3,18fb00442a43,fd5e84317740,7eb2cb185607,empty,,040dcd6f2c4701cfda608cb4b144aa34e0fbdc549d704a1b73c0ff246eb4f03d,49,9
TmY15,L4,18fb00442a43,7c19534e0d84,e7726d24ae3b,empty,,41c60816b9d4626a21a198b4219c72af4237fdc100b6fe2ed7f1c7457c27ef2d,916,6
TmY15,L5,18fb00442a43,cc98a8db805e,37c13d329beb,empty,,0de431b5b5eadab1a29e9d385b0ed0b2d1ae364ea3887caac60c68154436d9e6,176,6
TmY15,Lawf1,18fb00442a43,2627beca1340,2401f51f60ac,empty,,f185410c16573781673fe7932726ddaf33a3b48b5f52cda6628f6159cdee916f,3408,8
TmY15,Lawf2,18fb00442a43,3a1e8d7d01c3,1ed7e18b41a7,empty,,accc3e11b824c4ebf196414a6c85af48554563257b3e4d40ad7267864cfbca98,2478,8
TmY15,Mi1,18fb00442a43,af1ee12c7a13,5a0beaf4bbb9,empty,,98137fe725bcde39a5d929ddeadd804cba134bbd39a5465c89a3290ea4bae7bc,2168,8
TmY15,Mi10,18fb00442a43,59362ec08e0b,c67f8656ab4a,empty,,ad44d79b4372a443f1493121f85d9f3cc748a690deca2dcedabb7771580b5005,2486,6
TmY15,Mi11,18fb00442a43,f8c7207459cd,3f92d80771ea,empty,,31c5a3c5aaed3a76dae91905dd276ba4a60c88826fa342165d2c1a87dc7f1f56,698,8
TmY15,Mi12,18fb00442a43,22599a5bd694,15a13fd236a1,empty,,fa71a48605fc7d0471c99959b67e30049080968feaa136a51cf20658bb494612,3533,3
TmY15,Mi13,18fb00442a43,7fd7d345df8e,32439c19c087,empty,,31bfcefd2af16adf47905c8bd513da80636f0aae85f7430f3b1ce3c70d56165c,697,7
TmY15,Mi14,18fb00442a43,b33da6e1384a,b34eaea43e3a,empty,,9965d9461ba9b80e3fda6ca1cc37c15ee5d857353a054f84983fb40290406ea9,2180,0
TmY15,Mi15,18fb00442a43,4dd1eb26b0df,7654fd6817e2,empty,,1fd8eb44bb3cd3089390eac485a0ba4e8a32c73769a8c6a50652f7edb3bcc894,432,2
TmY15,Mi2,18fb00442a43,8d98b9eb6175,28839592edda,empty,,26e61a619ad2b1558174cf4ecfe529019615f0c7d693aa8daada156b2f71aa41,531,1
TmY15,Mi3,18fb00442a43,0172ab6332cf,fa305610d306,empty,,76dacfe11c83aa35c34c1ac8d8e3f4a301592a8236aec23ecd6753b203eb3192,1702,2
TmY15,Mi4,18fb00442a43,7c9f2d10b0f7,b8f63793fcad,nonempty,,f887abef92ca329d704b23e42df956ce1e78245691bfdffd380a641c68e192c0,591,1
TmY15,Mi9,18fb00442a43,760f78ba3287,6bfb84349f9b,nonempty,,b8a87c20a9045915bccb03f152736e4909245127a0c9f88e94788e48737925b2,428,8
TmY15,R1,18fb00442a43,9654b247b494,2cc1336317b8,empty,,373b7a9113832a526f5dcf0ae760dd59c96ef3cde5e3bea99ab01876df6ae98c,770,0
TmY15,R2,18fb00442a43,b075082bb026,cdfa8db9c8a7,empty,,01fae1f0aaeb8b34bd4e6cec1fad3811c415c507938201fa608fb008720ca885,27,7
TmY15,R3,18fb00442a43,a9358d78ca90,7606eb494aad,empty,,5ea3760b89e3a0d89b3fb578a80d677cbbc720d3703a6ac977f38b292a673031,1354,4
TmY15,R4,18fb00442a43,d54d0db004dc,afbb1a86504c,empty,,e3eab5bcf632f17deaaf23485470a087349068d62b2259bcc96dde5edf246417,3216,6
TmY15,R5,18fb00442a43,bf135de1db2a,bd460e7ae32b,empty,,a65ede03b3e9edfd93dd9b0c12f7e9236fa680cdc5d59c9af9b0c96f686c8cbd,2384,4
TmY15,R6,18fb00442a43,ef2dad65a896,0fc3bc3e22be,empty,,a5788fa93b5eb85f8eecb366fe1b32545b36014f5c073335d6937c959366db9a,2374,4
TmY15,R7,18fb00442a43,ee8007a1d4ca,403db91208f4,empty,,a333db85de5bc65a183158655a3473a5eb1c963fe8ee0ab3887f23956e11e9f1,2330,0
TmY15,R8,18fb00442a43,8c5b077524c1,9c2766dd1aab,empty,,16ab32f4a1e8b2e198eb88988cb7e2d287a6b10dfd630717f89abebcb9e60a57,309,9
TmY15,T1,18fb00442a43,7fccce4faa2f,8a3b8d10eab7,empty,,f341f34489ce9ea8fbc316e3430f48a2fcf0b8ac8ea59db103892853f406b386,3435,5
TmY15,T2,18fb00442a43,2c81c87fcf2c,6bdbc6888b61,nonempty,,2f9a3749a519eb526f411ee20796f6cf61d1c54e77f8d4550544753907d8f34c,129,9
TmY15,T2a,18fb00442a43,e4707238632a,2544e96f702f,nonempty,,c1e618009c0992136d2f1e1b2ecc408f293dca106f16fd7c446a95a109173704,452,2
TmY15,T3,18fb00442a43,3b9aa8bb490c,cc6e28c5bb93,empty,,16085976a671c804823287a0fcc0212e68d2ba15d4899b4172a36a3172e0b6e4,297,7
TmY15,T4a,18fb00442a43,a722a78be07c,31408404fe3f,nonempty,,694dfa7750a030a9599f4dd7313e2604a375a6be0a19624d068e6fd3f77e4aa7,251,1
TmY15,T4b,18fb00442a43,8dac2399d9d3,b4f6d558d451,nonempty,,7324dd6e4e66c22b51c95e745c60ae5cf5ac58c437659c27fdc07178a23f90a4,268,8
TmY15,T4c,18fb00442a43,3a2a1325fb93,e513731ce4f7,nonempty,,c9bb1f45803c146305eada9e43052f35959f6ebe38736043dae82b5b94723900,479,9
TmY15,T4d,18fb00442a43,0645a54521a8,44fd3787b64d,nonempty,,5e4f5ddecac24ef349c31d50b81bfdbae87e8f7da71131abf72bb5285fee2d59,218,8
TmY15,T5a,18fb00442a43,9fd1579bc37e,22d1d5d99e87,nonempty,,8770efd4b737086799b3212f2d08d8daec982fc5fd97b1a48496a1b95f92baa1,319,9
TmY15,T5b,18fb00442a43,3c304e466112,032b44c6672b,nonempty,,d30bab6eb9f7227e3c59a88584c27d7fb3464f0bbfec75a19b683a8e30ed7551,499,9
TmY15,T5c,18fb00442a43,4236c6342cc5,642814ca3031,nonempty,,38adc57ecf89d1bc1ac3374128268e2b8d6dc577f136d5e8b987326c8fdbbc11,146,6
TmY15,T5d,18fb00442a43,f0bbaae7f4af,9a5ad9889fe5,nonempty,,a8dd5852281524b6276f992d80e33045588c1c455c5be52e50f1d83f61f8ec77,395,5
TmY15,Tm1,18fb00442a43,6b080cbcddcf,69c95367cbd5,nonempty,,e6abfc66e76105918b671dec0969255385c8868287a0993e3167e1ea73c8b4dd,547,7
TmY15,Tm16,18fb00442a43,7a0908bbdc11,188364c07249,empty,,20ac93d0a5312d106ccde92be1c352c4598f6f09448f5abca05999d8a56ddf0f,444,4
TmY15,Tm2,18fb00442a43,1716679973ed,cbfa4bfd4da1,nonempty,,bae1bfd1965b2a1d7ea4e122bc56bdbd89599e2e76958ad58b774b8b0126ef45,437,7
TmY15,Tm20,18fb00442a43,5202f2beeefe,1dcfa7b8c8ef,empty,,0d78a7da0906b0d06ed872daf845df9e57f20260d7533980117b99d3313b1fc5,173,3
TmY15,Tm28,18fb00442a43,0a8ba80929dc,20799adf5f70,empty,,b1ab4888d18dacbc79729e1b508151b1f3ccc2b0882d7d7352064acb5307e99b,2532,2
TmY15,Tm3,18fb00442a43,1d04dc9e4e44,0ecd1923e795,nonempty,,aeda3ae2fe537d699ab5eb35396da43c06686e1e9f04d1b456acd8e1216b6162,408,8
TmY15,Tm30,18fb00442a43,fabbe5261153,acb098dd05b6,empty,,44594ee3014accf1aa43d83e5dbf3e20c818eed8023edd8ebd8ce6531b8ac321,957,7
TmY15,Tm4,18fb00442a43,8f9d79739978,fea02ba18718,nonempty,,87b947a1dff154b024f8a2632970eaccac197e8aeb16af865b879baefa0fc3da,320,0
TmY15,Tm5Y,18fb00442a43,05257d37421c,cf1af304cf5e,empty,,9ada34fd4dc2ef7e491a430a2dd79944608a13020ba34286f6f17975d68d489e,2201,1
TmY15,Tm5a,18fb00442a43,e2174a9084c8,6dffe7f2a7bd,empty,,4f7c1573363ca24fd2d6f2ef1747575e92d5add7d41b326b23e938bb99527607,1116,6
TmY15,Tm5b,18fb00442a43,5bd7d91f26e1,836ea9223547,empty,,e9b197b70b83ba4496954f1f07b348ece35acf773b00a501475d0ee74202a6c9,3301,1
TmY15,Tm5c,18fb00442a43,2455576c666d,a458a19a2910,empty,,f33b76be684063534e19db709635271003125c5ba17c8a2d7848c009baffc052,3434,4
TmY15,Tm9,18fb00442a43,d00cef6913df,248be68e4764,nonempty,,a657b741a369c6cea5ecbf8d5286cb6ec2d64758b19d7e38b8fb24b0a16c3c02,388,8
TmY15,TmY10,18fb00442a43,d1d3392c46d1,bbf6e90799bd,empty,,5d837462b0940cf2c4abba274320d564ff0a70fa0b2b6c74d6ca6a17c9d39723,1338,8
TmY15,TmY13,18fb00442a43,e8c21941580e,439a8284c7d3,empty,,a3204b89e407d8aa4f633cefba368e722bf17be37f02042cec3455f7d58f1d53,2327,7
TmY15,TmY14,18fb00442a43,28a670a5d3c8,0b0497e0c416,nonempty,,1e768366b64ae97a1129facf8f67c53545ddbca913f977807a91dc053b8899be,87,7
TmY15,TmY15,18fb00442a43,18fb00442a43,3602ddc1b481,empty,,8b4285e990e0a7e0229e629d8371e08207716be341fd658d282834cf1d0d9464,1972,2
TmY15,TmY18,18fb00442a43,dd5eb1fb0caf,a92eebf504ef,nonempty,,5f210d0228e545a086ba2b3f6972d88c152d4f44b39cff30db8f1ac2956c8b08,222,2
TmY15,TmY3,18fb00442a43,607b8ed34a33,63d34367c50c,nonempty,,1c1c971927f9e215fd16aba6332e42ca40b4529bfa78b1ebfbc36e8f5a6a5ecc,80,0
TmY15,TmY4,18fb00442a43,887ba31d1e5d,271ac94abceb,empty,,0a685a78596f1bcac82e52047a8cf3aabb494eadd41e7a401573bd176fec7eaa,129,9
TmY15,TmY5a,18fb00442a43,3ad6ff7262ce,7107d1ed4cf8,empty,,7297a5a71ee8448b464d94e2c1253a7b5cc22431624e4985a66eda3ae15d68e9,1634,4
TmY15,TmY9,18fb00442a43,7af2610d274e,348529253340,empty,,6dc5bb628723d6f42aa3c7580b76b213cc3c6baec8e675625bf0a945e717f12a,1567,7
TmY18,Am,dd5eb1fb0caf,ae7eec9cc6aa,5f15479114b2,empty,,41eb01e7b137a452278113d6b67cb834ac04852e9b672d2b9e68bb3a7a2da161,919,9
TmY18,C2,dd5eb1fb0caf,ac7377b4f393,07a3741c03a2,empty,,7523eb30b6148a4165e6c04b533c6542bb113182c0f7e72255c10f9396240ced,1679,9
TmY18,C3,dd5eb1fb0caf,6182a4f16e6d,b90610594cc9,empty,,769ccd55c3ca7b12baad60ea3d700c340b8369a68fa771f002d4b463b1dc9c53,1698,8
TmY18,CT1(Lo1),dd5eb1fb0caf,7c280b5b9f34,92697305cbbe,empty,,dc381ae39d0e3b0f7d3546840b2db8696c9cbf047ca3ff414d7b3f5887f4fe70,3110,0
TmY18,CT1(M10),dd5eb1fb0caf,63667a4a1a53,4ac03d24a300,empty,,8f5bbbf589f3716b3e37f7ec31c4167cf29e437a68fc1af75f6a3798e5bf309a,2032,2
TmY18,L1,dd5eb1fb0caf,ad5110ebac00,12707ac0b264,empty,,e68b6b81c9bfccf55286d7c9995faf1f57475fbb5d57fd46acca8f2be26921e8,3246,6
TmY18,L2,dd5eb1fb0caf,36f25ce16c8f,e3a66d8c3539,empty,,c62dbdf05c9ff9c5fdaf1557dc9f67f2c6bdd18089bca7ad9d93ee75f0fc47f5,2799,9
TmY18,L3,dd5eb1fb0caf,fd5e84317740,a0b6aa7c9626,empty,,766db63fea4118d483b9e6853a77d774b264f992f3d0d54ab15e3d06b0b10f61,1693,3
TmY18,L4,dd5eb1fb0caf,7c19534e0d84,b539fd33e62a,empty,,c5c2cb634d17f92136e20f797014190a0ef7b5da08c42c0fc3845c461969f1ac,2792,2
TmY18,L5,dd5eb1fb0caf,cc98a8db805e,b178013172ed,empty,,11141efdca4b7e1a4a0298ed534c7ed2c556e2c45b6bc66d56bc322046b6bd06,221,1
TmY18,Lawf1,dd5eb1fb0caf,2627beca1340,2a01d402aa70,empty,,73912fd4dba18fab2e4285cf5b220df809148c2bc7541c010dfb34672c7b315b,1653,3
TmY18,Lawf2,dd5eb1fb0caf,3a1e8d7d01c3,a7d72918e8f4,empty,,ce83e776a558a5fb65371546de7f2103683bff3d794726d0510726048f82aae3,2913,3
TmY18,Mi1,dd5eb1fb0caf,af1ee12c7a13,3c32ce03e255,empty,,da1c15562e4d4aa954fae63ffdc6736f87d7d5ce617731489fb33f3b1ca747b6,3076,6
TmY18,Mi10,dd5eb1fb0caf,59362ec08e0b,05bca2e5af6f,nonempty,,885b99bfd29db99fe6e05f4806431569d48db34f5e1bed8388d7a3a6591706d5,322,2
TmY18,Mi11,dd5eb1fb0caf,f8c7207459cd,ada381db4c2c,empty,,dc1c9bd0e7104394ab6c5a8e51357cd7400077598999c4a3dda56576b749cd9e,3107,7
TmY18,Mi12,dd5eb1fb0caf,22599a5bd694,4339a7d2e37d,empty,,b03a67e520cee99bbb5e566b1f6043ed5d6a891f554e6c7cf46ed7d406c16f93,2519,9
TmY18,Mi13,dd5eb1fb0caf,7fd7d345df8e,9872a290cea5,empty,,dcf6e532cad05da4978d4296c28548af2e668c81eb0e940e0401ec0ac3a80323,3120,0
TmY18,Mi14,dd5eb1fb0caf,b33da6e1384a,09246778aa72,empty,,1e8b5b0f9ade0a026851901ae9d622f7e75809ec663b567f5ef6bc16f7ece49d,406,6
TmY18,Mi15,dd5eb1fb0caf,4dd1eb26b0df,9ddbcb94b76c,empty,,1732cacd5e86e8ca28f5a5c6b5993429f5fb1bcd4b22d62898e703fa929ddb28,319,9
TmY18,Mi2,dd5eb1fb0caf,8d98b9eb6175,421e559189ed,empty,,18bd1ac98fd85d806502748353b247858414f9fb9ab9f8c2c644e71920c816f0,335,5
TmY18,Mi3,dd5eb1fb0caf,0172ab6332cf,91c5ecaafe78,empty,,6af8fd6d69d5bbdd79bcde4c8b07921a3f3fd56e52218b7af0a860511ddd9a3a,1522,2
TmY18,Mi4,dd5eb1fb0caf,7c9f2d10b0f7,545d8250dff9,nonempty,,9792f8a4767a7add200e8edea2eacef392dc5ac230a279bda41fd6a18dfcd19d,363,3
TmY18,Mi9,dd5eb1fb0caf,760f78ba3287,a76f863d432d,empty,,0ab637d6be89c5f4f6918f54fad3cf9b73e7c6a45b1592f2f50e866243553e5e,136,6
TmY18,R1,dd5eb1fb0caf,9654b247b494,357e9ba64ae5,empty,,8c79c3653f7f62e11872d2a6d87cee8281440f41e37b7308c6419ce9c993d5c4,1989,9
TmY18,R2,dd5eb1fb0caf,b075082bb026,8cc4e3128b32,empty,,57db92ebe7e17f29daac7957bf611d2062c6594088dc362659c1845c824fa36a,1245,5
TmY18,R3,dd5eb1fb0caf,a9358d78ca90,afba059e0f64,empty,,b1af758cf176ee5b4cbffe838a8812bba147b14a691791b982ae79248aabb7c1,2533,3
TmY18,R4,dd5eb1fb0caf,d54d0db004dc,e30b56fb178a,empty,,ca5b78142abb993ef6688a2d6f735d240a3e06fb533b60caa811cf2ae010fd54,2863,3
TmY18,R5,dd5eb1fb0caf,bf135de1db2a,f48d9402e59d,empty,,95dc0f9ad9be4cf33a8fc7afd88361ee3f9e9c020fe9cd3b6b9781283eb92d21,2135,5
TmY18,R6,dd5eb1fb0caf,ef2dad65a896,cb5a75233f6e,empty,,8d7bca7a6f979ffe371994e07f7791fa8d835c18986c131015d0857f53d4771e,2003,3
TmY18,R7,dd5eb1fb0caf,ee8007a1d4ca,2fd283167118,empty,,3d5a599928ab3c019139364d79c37d2f78fdd8c88114c0b902ef0eff65f45535,868,8
TmY18,R8,dd5eb1fb0caf,8c5b077524c1,0ab8d67c52bb,empty,,dbccae044a37531500355b111d8055c935fd7fef0696b219e748c87dd6a57fe5,3103,3
TmY18,T1,dd5eb1fb0caf,7fccce4faa2f,2a3fa6148844,empty,,16da41ff89cfc8b3b56951e233bb61629565f8c624131fc18461b5e9a1bc76d5,313,3
TmY18,T2,dd5eb1fb0caf,2c81c87fcf2c,393292639862,nonempty,,8c9ddb6de6b49654c2422e718b3e5f42450c98d8d434017d4c2fab4e01b45a1b,334,4
TmY18,T2a,dd5eb1fb0caf,e4707238632a,4e645c3dc71d,empty,,727fa38b2e47c25469a1677351aec6379bcca901cc09960f4403902495d89903,1631,1
TmY18,T3,dd5eb1fb0caf,3b9aa8bb490c,a508a8101ae0,empty,,f7b46c54284d2ca62e072b49aff850b1a51472c678ec8b09f20ea538ec7912a9,3501,1
TmY18,T4a,dd5eb1fb0caf,a722a78be07c,266b5f83169d,empty,,ac108c4ece7f01351a2cb3d2a9056ed6f743fd3326f1c252b9412b5cf5f2a762,2466,6
TmY18,T4b,dd5eb1fb0caf,8dac2399d9d3,abd4febfd733,empty,,6967ef86e35794e57343b8a5f69b6a1abbd71c535e131359940b39024ef2de3f,1490,0
TmY18,T4c,dd5eb1fb0caf,3a2a1325fb93,44345775fe5b,empty,,c3a8a4c1cc885e6cce23426bd552c4afffb096a9b749cf3bcf9fff8f8535f6af,2770,0
TmY18,T4d,dd5eb1fb0caf,0645a54521a8,56e98297e675,empty,,b1896a259d0d3a399a91abd4911df3359beb498084fd323ec7f5f9a0bce0f419,2529,9
TmY18,T5a,dd5eb1fb0caf,9fd1579bc37e,7023f3f50535,empty,,0526eb62c4094996fa7a1447034a117d46abf0f41e192e4843c3be753d3598e7,66,6
TmY18,T5b,dd5eb1fb0caf,3c304e466112,f000b0978e7d,empty,,e98f63c36a0b031bf73b5c3d038270097a7ddbd9379fca4ce2893e2f718b6b3e,3296,6
TmY18,T5c,dd5eb1fb0caf,4236c6342cc5,6735dd3b8a78,empty,,1e1712977782c4306a245c70720c243feac54ec33df2054be2fc619290750b28,403,3
TmY18,T5d,dd5eb1fb0caf,f0bbaae7f4af,7d970af25009,empty,,1168420ed3badc1105d83294da16c94f5565df3bf346bfd149376919f183d543,227,7
TmY18,Tm1,dd5eb1fb0caf,6b080cbcddcf,ec6e1317b954,empty,,a8b8fbbd55b22957dbfa62ddfb4ade96ba2877176c4a23533ebccf97b8539608,2412,2
TmY18,Tm16,dd5eb1fb0caf,7a0908bbdc11,849791118f42,empty,,f5f1a9e15bfa26e72286fdac7ea78423262bb2d8df8505aaadcebf414ac74bf0,3475,5
TmY18,Tm2,dd5eb1fb0caf,1716679973ed,d9ea1db15a10,empty,,2f54030f76c07658e93cb2afc9f7a264ff27f061b637295d98a823618d4bbe6c,659,9
TmY18,Tm20,dd5eb1fb0caf,5202f2beeefe,d17253be5ba5,empty,,8fe77fb16209bd47fdfbc0714c916eec972010d697cc09b83acaaf110b9693ef,2042,2
TmY18,Tm28,dd5eb1fb0caf,0a8ba80929dc,0318f91c300b,empty,,8eb6b53dbd5794d844e5004f0e2734c5b7c4f6919c152fe062d98c23fecb54e3,2022,2
TmY18,Tm3,dd5eb1fb0caf,1d04dc9e4e44,40737cf02758,empty,,6d41c1335a4a8242ab20b41d7e76f8bc69ca71c320daa1334a3d38d869e18067,1557,7
TmY18,Tm30,dd5eb1fb0caf,fabbe5261153,3aaacf452b63,empty,,569f5a6c6a9960a3d80a7489be05159f6a4f7dc825c3d95e80e8997cdd4b8d0f,1224,4
TmY18,Tm4,dd5eb1fb0caf,8f9d79739978,6db429d8e20a,empty,,0faa043290a2dba663468344ea98ed692104f0f56ab9cfc9dd88a2ba2c32c045,203,3
TmY18,Tm5Y,dd5eb1fb0caf,05257d37421c,c572e54dd4af,empty,,2bec9c8140ce4938d7dc80b48d73067b3432a8ec615737d6f37227e508036cce,599,9
TmY18,Tm5a,dd5eb1fb0caf,e2174a9084c8,837acdf6b0ab,empty,,edc4922cbdedb1193f0ab1133faf193e7bc0e2154358b97bd0cb03a2d68c98a0,3368,8
TmY18,Tm5b,dd5eb1fb0caf,5bd7d91f26e1,22c857ff08fb,empty,,8683c87b33af28eb5477a0bd741378976d22eb9b69688a02c18352172224b624,1914,4
TmY18,Tm5c,dd5eb1fb0caf,2455576c666d,89c068e6a63d,empty,,c1123322a0e3ea188015b465dd809dbf2eea9296686d59dca6c269eac361e8a6,2724,4
TmY18,Tm9,dd5eb1fb0caf,d00cef6913df,32bc237e1675,empty,,73cbfb9d6baa15b9b4f6aad8fe77a7cb0be5eb4d9f4b8ba140251cbe45be348c,1658,8
TmY18,TmY10,dd5eb1fb0caf,d1d3392c46d1,b47b8c119020,empty,,0e33f2eafea020f1b9a29950194dd7dba7f3b225fa9f76dde6ab12ce5d583480,185,5
TmY18,TmY13,dd5eb1fb0caf,e8c21941580e,fe76be4c8fb8,empty,,80cf4ac1c539529ebe058169ba990953368da3e61416ec10caf7b3a7af49d1cd,1833,3
TmY18,TmY14,dd5eb1fb0caf,28a670a5d3c8,a5e6c142a849,empty,,1dfd61e29777dc0acc1b64071a1259b96ffc6e4b2dc97ffab9413ad2e1a3832c,402,2
TmY18,TmY15,dd5eb1fb0caf,18fb00442a43,c026497daa9e,nonempty,,1ba327a25c8d36b844a4a29be78cb1252df5a71a4d39e9d22401c0cafd5254e0,79,9
TmY18,TmY18,dd5eb1fb0caf,dd5eb1fb0caf,1008f77ea73f,nonempty,,37bcd8987fe5350905966eb468e23357ba767ad09493957f936782b84c6c9702,143,3
TmY18,TmY3,dd5eb1fb0caf,607b8ed34a33,5d74f100802e,empty,,bac333a1cf779b7368c3ca94ad6e69124f0ef6db96627331d84c86679a5fa8cc,2652,2
TmY18,TmY4,dd5eb1fb0caf,887ba31d1e5d,692b67abaf45,empty,,237ea121ff51dcef9d52f383b3c68ca4ec62fa19441995bf5795d7c45f1586c7,489,9
TmY18,TmY5a,dd5eb1fb0caf,3ad6ff7262ce,2dd9600fbfe7,nonempty,,5f7c05afd8682d72ff509635e3e41cff1bf067107543a6ea628fc6cd5c392621,227,7
TmY18,TmY9,dd5eb1fb0caf,7af2610d274e,2e309059a67e,nonempty,,dd78061f7045f9f44e909db7293cb64d95ab4115e4546ba88c58b69f625925fe,528,8
TmY3,Am,607b8ed34a33,ae7eec9cc6aa,5c4ca3727598,empty,,4dea8e53cc255ce1b0da83db386dca875c7df170a3510db07caae17aea6c8e41,1087,7
TmY3,C2,607b8ed34a33,ac7377b4f393,6dc4f501e1ec,empty,,361535ac9037a12d91710a78ecaa7bef5f58bb5b0079bf94e658d6f00c8196f5,763,3
TmY3,C3,607b8ed34a33,6182a4f16e6d,b762bbe1950e,empty,,387a547d895704abc8e4fc1920425b125dfc618f8a7e0dff3b8e408c224d5439,793,3
TmY3,CT1(Lo1),607b8ed34a33,7c280b5b9f34,bf802a60eb15,empty,,a4fd1a04ea63ebcacc99fd6ae4470ca8721ab0ed38660898bdf7535182d76947,2362,2
TmY3,CT1(M10),607b8ed34a33,63667a4a1a53,ba9b4154421d,empty,,018d98d18235ab9857b89e1c5eaf847366352744d1edc36cbacb7209cef81078,20,0
TmY3,L1,607b8ed34a33,ad5110ebac00,d40c813a9248,empty,,555e84b7b22160e3bb228596b7fd78d8c3aaf1f0d45e13b4bfdc27688c692249,1205,5
TmY3,L2,607b8ed34a33,36f25ce16c8f,cc836e5c7e75,empty,,f9cf9be6c0a17b0d9871c583bf8f974eb6475404800bcb6823ece7d8d2d2c94a,3527,7
TmY3,L3,607b8ed34a33,fd5e84317740,3ac0aee82196,empty,,d3cb95d7c7a464cea903b62c735fa58d6e71179775637bf05f812115aff93df2,2989,9
TmY3,L4,607b8ed34a33,7c19534e0d84,a7d0417457a1,empty,,e95027efd822b50b2126884441b6a3d9839a8a698aed572439db2597291df6f6,3289,9
TmY3,L5,607b8ed34a33,cc98a8db805e,b8b4a54ab43a,empty,,10d705b30fa3265e8ac08cd29f45f359173fc8da73bcfda2473b95e1c7fc711f,218,8
TmY3,Lawf1,607b8ed34a33,2627beca1340,19542f4889f3,empty,,3cb1cf7dad0a77b9e2b5b5c197ad920fc37b2d249b46a02aac2bb17688682966,859,9
TmY3,Lawf2,607b8ed34a33,3a1e8d7d01c3,a71f86d8a337,empty,,3a4e402769023bab55f5822b69617b39613f3cde762cf74502224c734745c40c,825,5
TmY3,Mi1,607b8ed34a33,af1ee12c7a13,6d20ff41ccc6,empty,,5b591de0c2827ad622171e7330e9ee53a1325c37289649ff33b9523a25057330,1303,3
TmY3,Mi10,607b8ed34a33,59362ec08e0b,de64b65cfc5c,empty,,1d9f171512e0d709c7977fbedd1f0883c1cbe8c3d99f45a675aee3063b7a8c61,398,8
TmY3,Mi11,607b8ed34a33,f8c7207459cd,604ea1b072c8,empty,,41ec1ad4a7d04f679f05ec589a16c8ac0256fb6f4e159a5a2b954be6fea0d056,920,0
TmY3,Mi12,607b8ed34a33,22599a5bd694,4d3081c0a97e,empty,,dae3a753860d4f30557c4dd6ae320e339150771d6f4dff67eb0eb92e1adc77e0,3086,6
TmY3,Mi13,607b8ed34a33,7fd7d345df8e,b2299458034f,empty,,f095795df9bf889022fd93a6fcdc5f2f1e88de2276e1ab8f487b1ec59e21f054,3395,5
TmY3,Mi14,607b8ed34a33,b33da6e1384a,a1986c844b42,empty,,5594cfa8a249ecac7daadacb2d212f343e6ade8bd15a95ef50fc5cdf15a4faa8,1209,9
TmY3,Mi15,607b8ed34a33,4dd1eb26b0df,f2a3b6f02425,empty,,274765e784e6430ad7cab11f87fd5c2bfdc7cdcbc332e9a7560c4adf19ff37f1,541,1
TmY3,Mi2,607b8ed34a33,8d98b9eb6175,2b1602f1fd05,empty,,5f6a1c909c9d9edf842a7799c5f4b821143a731d12c54eed2061446edf8bf306,1368,8
TmY3,Mi3,607b8ed34a33,0172ab6332cf,9a39da848884,empty,,8eefa8c419f90ca5a0c840e015e9297cbf77e7ef7ceb32364ced5754654321df,2025,5
TmY3,Mi4,607b8ed34a33,7c9f2d10b0f7,807f2c36cc79,empty,,0f4937435cfbbed05c705cd0917febd37bac26ef744be2a93cedd3057c70ab50,198,8
TmY3,Mi9,607b8ed34a33,760f78ba3287,90355253b1c2,empty,,8f670b3ef63bed65f6df4c8cd13231c1ca7bfc91c121c52af1d2d817da26c7f5,2036,6
TmY3,R1,607b8ed34a33,9654b247b494,bb9f3a007ad7,empty,,731282350a93c3e8c2c1f01ea060732b7df3f515ddee8b5c0ea64dd4c8ca4442,1646,6
TmY3,R2,607b8ed34a33,b075082bb026,6805a142d5bf,empty,,70b11315b74740a7eceed33ddd6cfe41eeb18f583b5a4a052b99556909a95c1d,1608,8
TmY3,R3,607b8ed34a33,a9358d78ca90,d2ef5208da1c,empty,,106da2738bf7ec86448972b15a7442a903785d0d6488616bcdfc041c7bd8339f,212,2
TmY3,R4,607b8ed34a33,d54d0db004dc,cc2adc900429,empty,,3dbbe9aa056ee9b4563784b10c384f3847b2abe3ea0bc25f9667a58928b296ae,870,0
TmY3,R5,607b8ed34a33,bf135de1db2a,3cfd0c1a036c,empty,,cb900d42f282a7856e4a9f2e996abdf87dd7e024082f284df3c6a8867c2ab057,2878,8
TmY3,R6,607b8ed34a33,ef2dad65a896,44ad14929165,empty,,c99e7dd758689b2b69ba68318653257c340b505e978494a81aa9e389e7622386,2855,5
TmY3,R7,607b8ed34a33,ee8007a1d4ca,7ef196d04cd9,empty,,5417fe4f65b39e25e8ee48d82c5af428631b2b3072884dea2ff47f0ea91d947d,1182,2
TmY3,R8,607b8ed34a33,8c5b077524c1,faf49df7b8e9,empty,,ea5fc4977f4dc56a8d2693991864304b0e0bdac15f09b7701156aeda58245696,3318,8
TmY3,T1,607b8ed34a33,7fccce4faa2f,936352a459e4,empty,,2752072be1eb4b247daadac125dcc111397a78b6a2a4aefaceffd102b4e0f4f5,543,3
TmY3,T2,607b8ed34a33,2c81c87fcf2c,1cf51a37b7e9,nonempty,,a6570f7d854dc6fee549476c055e65618b4dbf71b62790be18e4edfabf073092,387,7
TmY3,T2a,607b8ed34a33,e4707238632a,0ecd4f062846,empty,,64531564b6f0e580cb3eca9ba46a029e4d23c17dad9d6f2a49529ad29d2cde73,1425,5
TmY3,T3,607b8ed34a33,3b9aa8bb490c,10ee53577e4d,empty,,476d18acdb2b97350c1a890dcff490866fccb5f777aa9d769c4647ee637da821,997,7
TmY3,T4a,607b8ed34a33,a722a78be07c,c09b25555f29,empty,,d6bf2d114d002c353bf6e3c10393af31d6dbc5e05513609c7d17df674d07e972,3031,1
TmY3,T4b,607b8ed34a33,8dac2399d9d3,ed5fdb80d4c9,empty,,41e7d9dab5c4941625770de91a8d5b9bfcb157663ad35377c9c1e9e47a19c3ce,918,8
TmY3,T4c,607b8ed34a33,3a2a1325fb93,a90937a52df0,empty,,99ac4cbd132ed5acb8ac5b2b74d7c9476126ef1e6e8b23941900dac76cb5a838,2188,8
TmY3,T4d,607b8ed34a33,0645a54521a8,045d5dd0568f,empty,,43e92d3dbb6d996052ac49f0c3d686ed19e0ebc8f931053290f43623eef296ad,944,4
TmY3,T5a,607b8ed34a33,9fd1579bc37e,2a7ea66469c8,empty,,ab70e3dee930c832703cc6f14db04af80f47efbf4619273b90d9954c491ddffd,2455,5
TmY3,T5b,607b8ed34a33,3c304e466112,2aa64d30ea16,empty,,4c984304e728b3fb615a9e2a57a7c75121426d2018749898d2fdc04540f14746,1069,9
TmY3,T5c,607b8ed34a33,4236c6342cc5,c767a1386dbe,empty,,dbc05de7dc2473b0d663e341e9da364afa427625f4f575269005f5be55a242b3,3102,2
TmY3,T5d,607b8ed34a33,f0bbaae7f4af,4a111a6addde,empty,,250e6029be1b5ffd9d62b33158ac0208ca104c0152c34674e499db5430b97078,512,2
TmY3,Tm1,607b8ed34a33,6b080cbcddcf,6b7bc422acc0,empty,,017bcb642bf5edc52476bf02343c591483fd7c18eacf178206da295777c1e201,19,9
TmY3,Tm16,607b8ed34a33,7a0908bbdc11,46082bfc2ac3,empty,,b3649829ced37d8b3b3dde7ba38c6776f2a7b10b5ed13c93d47caa9dcf7416bd,2556,6
TmY3,Tm2,607b8ed34a33,1716679973ed,aae65db10d04,empty,,964c1c89a393ee63f9c0fea26639115b852377612899357dd8518d57fba9f268,2142,2
TmY3,Tm20,607b8ed34a33,5202f2beeefe,ddf22acd3c88,empty,,d1a4cfc85c70976cfa705ba6b53ff5a83b6be6a1c55b3ca7ad133f8fcb403a78,2957,7
TmY3,Tm28,607b8ed34a33,0a8ba80929dc,e08a27e5da90,empty,,820c6142726628ec7268f1cde8ea1fba486b2cd4ae121c8baec3d70ebbad5162,1848,8
TmY3,Tm3,607b8ed34a33,1d04dc9e4e44,be76d54babf2,empty,,cf57b3f2df47a73b1af50ee865af29fddfa608a123603d70ae1df074ed50e2e7,2927,7
TmY3,Tm30,607b8ed34a33,fabbe5261153,b5c5202467f0,empty,,c8b913f3cb2231715bd34e0a119cbccf2aa0022a525a05624ef7ade7377dc3bf,2841,1
TmY3,Tm4,607b8ed34a33,8f9d79739978,13fee493bf25,nonempty,,527b0e5d057ca72b6dec9650cedb3ac8d0beba9297adf3f1203a04cc806440ec,192,2
TmY3,Tm5Y,607b8ed34a33,05257d37421c,d684a1cd6427,empty,,5e76256226c79852d6476ba07e50cc4660fcdb00189a3d819bbe7f0802b9f758,1350,0
TmY3,Tm5a,607b8ed34a33,e2174a9084c8,421fc983fc62,empty,,2e4a470b5aacdfcf018e2aa1874b79ee96a6f40424546b7f751d1027746b5877,645,5
TmY3,Tm5b,607b8ed34a33,5bd7d91f26e1,13d519cc4417,empty,,7045f1efe8849fb38de7f33b5caa2ba37780c74f401746e22512a6712cacc14d,1599,9
TmY3,Tm5c,607b8ed34a33,2455576c666d,11c0aef0f359,empty,,1c1a7f9642e7b99b82db2cca6d67b453b7c7acd7468deaaceef58c9cd76ff2a7,375,5
TmY3,Tm9,607b8ed34a33,d00cef6913df,03787458afd8,empty,,2b529a5165efe590a835d773083a2203523d44169851431b32260e7bee61e4fd,589,9
TmY3,TmY10,607b8ed34a33,d1d3392c46d1,c1dbbee0eeb5,empty,,df6d72eec81fc9bc045cbce2f9a5a6f134abf9fe52243fbf767008a3107f925b,3157,7
TmY3,TmY13,607b8ed34a33,e8c21941580e,f9fdd1ae551b,nonempty,,91ea17e83939c0b05b6c98fb41e47add4b757e4befdaf5c9564787835e77f2e9,347,7
TmY3,TmY14,607b8ed34a33,28a670a5d3c8,7866d4afd14b,nonempty,,189e00742a78979f7b8a1f799fc8c05870f034a91df30a8c3dbfa6d2a753e893,75,5
TmY3,TmY15,607b8ed34a33,18fb00442a43,e72151c796d6,nonempty,,5a84fceed4dedc07f930c42fdd8fdba017df703b9792a1e090e050a71bd5a451,210,0
TmY3,TmY18,607b8ed34a33,dd5eb1fb0caf,b45a8ac491e6,empty,,a540a651a5c7140296c183077c900e4d305bd322f2ca4ab26cc6d9fdca84322d,2369,9
TmY3,TmY3,607b8ed34a33,607b8ed34a33,f4f0a65bdcf8,nonempty,,64b5703ed8fc4f0d3190aa1b99eb74957dc9b7f032894e2903bbf42524fbe6b4,238,8
TmY3,TmY4,607b8ed34a33,887ba31d1e5d,6b40b89329c6,nonempty,,6b9e56d537fede88aa8cae3c5977c43c84715610e7e479f48879e002e2e87450,256,6
TmY3,TmY5a,607b8ed34a33,3ad6ff7262ce,d3e4a75b8b5b,nonempty,,1f69df3efff0b9a04ebe3910098bb4904adebc929cc1c2cc4d5f5cc1681138b2,90,0
TmY3,TmY9,607b8ed34a33,7af2610d274e,4e33c0385af6,empty,,003aa13d4849c4f932ee74e1521f6f7a22b282937c92ac2c842bd8c5e82ec87b,6,6
TmY4,Am,887ba31d1e5d,ae7eec9cc6aa,20ba2c34cd4f,empty,,d617e6304293d59dc424ac25ff22a379de1015f0bfa17298b72fd046fcee8985,3024,4
TmY4,C2,887ba31d1e5d,ac7377b4f393,0152e8f0f252,empty,,855e674e32a5e0d08cde925d0b7e4690c27092c5db72d4fdba0aee24d8d2990e,1901,1
TmY4,C3,887ba31d1e5d,6182a4f16e6d,9be059c9e97c,empty,,b50a57fbb4620f5177c43886759394c06d2578e0a3be8c9bb7ebdbfc75d745e8,2570,0
TmY4,CT1(Lo1),887ba31d1e5d,7c280b5b9f34,2c2cbc6097b5,empty,,179e0bf4e90c44997b4b40fdb852773a5d806a8f2aa0965854234368e44496ab,326,6
TmY4,CT1(M10),887ba31d1e5d,63667a4a1a53,82a1d6322094,empty,,1772bf2bf19af66bef6e0cb0011f2417af5cbfb72cddd0ec259225287f6bb263,322,2
TmY4,L1,887ba31d1e5d,ad5110ebac00,e199878ee596,empty,,0abe53d37a27976506b62e1f565932a7806be75da228866723b15dcdd5c9ea25,137,7
TmY4,L2,887ba31d1e5d,36f25ce16c8f,7f66153723b5,empty,,12a5d444970c7b536b9e8fac830ec17d1d411b4bdc3700cb272bf4e47149ebb9,244,4
TmY4,L3,887ba31d1e5d,fd5e84317740,f8f2cd9fffa7,empty,,11dc6406c2334fd868cfe3ac4bbba62a741570d089eb366fd61ccba8552d03ec,230,0
TmY4,L4,887ba31d1e5d,7c19534e0d84,289979cb3b75,empty,,a13e30527d06586ae38d8f5a239891b3ba6a0bd2194a7b06980ec1390246f083,2290,0
TmY4,L5,887ba31d1e5d,cc98a8db805e,6a22e616a257,empty,,84533d2be3cccbcca79a6426d4be68b1f554f5f840375f4dbb377bc2e8899bf4,1883,3
TmY4,Lawf1,887ba31d1e5d,2627beca1340,05cd273a9d22,empty,,8e69ae2d14b268d58fef34124fb77f672f24be113361c801924650c04d1e60e3,2017,7
TmY4,Lawf2,887ba31d1e5d,3a1e8d7d01c3,ff9923ae6d2a,empty,,1e51705db7b4d3f3d0861003ff721fec50fbba4686a061bf2f1b4c56f3aace34,404,4
TmY4,Mi1,887ba31d1e5d,af1ee12c7a13,08855b0e594e,empty,,90a36d7015e242f0a52caba28ca804da7ca91256e0a3aacfb078effb4f20befe,2055,5
TmY4,Mi10,887ba31d1e5d,59362ec08e0b,71012dc60d0d,empty,,c3c1ec7a1f03ddc6daed5cdd3f8e8d9cfd3f83576a30c0d192b360c6cca92d4d,2772,2
TmY4,Mi11,887ba31d1e5d,f8c7207459cd,20476114ed86,empty,,3bbb3e7520883cc5aa24b16b99e52ba51d8d18e1a83a12e8cd14aa33ec9da71d,849,9
TmY4,Mi12,887ba31d1e5d,22599a5bd694,e309d0f03f36,empty,,57f5bb1450141431fb47e04fa8fcd9c882500363612bef46df75119c0f06d604,1248,8
TmY4,Mi13,887ba31d1e5d,7fd7d345df8e,cd1a0d8844f0,nonempty,,4ba6772613287240fa1681754e8a96fff597ca926386d2d7635de20343488131,183,3
TmY4,Mi14,887ba31d1e5d,b33da6e1384a,aaa27ed00496,empty,,0624eb432153469d9bd2bc2531daa37b8974ab3d6a455745aec7a51f01a190c8,80,0
TmY4,Mi15,887ba31d1e5d,4dd1eb26b0df,3553713e24ff,empty,,e9a9d932b8be318ccfd0d0f8cf970ef576e9eeff0cf55719f17bfe60745c9593,3300,0
TmY4,Mi2,887ba31d1e5d,8d98b9eb6175,bc24492184f7,empty,,6d53536880035cbeab91998a0462abb435eaebbbe36171ebfe3cc66ea1f4072d,1559,9
TmY4,Mi3,887ba31d1e5d,0172ab6332cf,63ae68959a1d,nonempty,,f62719f9ba06f12eadebb0fb8b148b573aa30f52db57058ae27dc560ad1eead0,583,3
TmY4,Mi4,887ba31d1e5d,7c9f2d10b0f7,8d30fd79cb71,nonempty,,ae99f820453b61524048ac4ebec3be7e121f35a4b37e739c21f339584049c0ea,407,7
TmY4,Mi9,887ba31d1e5d,760f78ba3287,9a91c0e7d355,empty,,98ebd0a5b7bb09596e333e23903f1c3c43e9ae898ea42e564517ddc3169f9a2a,2176,6
TmY4,R1,887ba31d1e5d,9654b247b494,fd726ec6e33d,empty,,360992b784bdc2ed54b4db6d1db5d6c9641299620b6891f9748166c570f062bc,762,2
TmY4,R2,887ba31d1e5d,b075082bb026,96a80cfac073,empty,,a4f405b0ae63c4326f459766f0771d80faa25ad216113286e11ed11bff833a2f,2360,0
TmY4,R3,887ba31d1e5d,a9358d78ca90,4d50e6bb81ad,empty,,e43a67a0f82249c6427fe28a341a5d5f1630498d1b86f5b665f99c2686b9ba9f,3221,1
TmY4,R4,887ba31d1e5d,d54d0db004dc,5d7158cf093e,empty,,3871bc8e38b8547e606fe0ded3025c2be2bdc2cf0a9158d56ecd7b172d8132fb,792,2
TmY4,R5,887ba31d1e5d,bf135de1db2a,56610fd2f038,empty,,7a89690a68a564aa40c13cc76d30b5474b28bd3294050350fcb2302e63e2820d,1756,6
TmY4,R6,887ba31d1e5d,ef2dad65a896,0495409ad6eb,empty,,0ec7b8daa67bc53a8766820d9c1392e0e4d659b8c8c18b8daf3a1b6130fc1d1f,192,2
TmY4,R7,887ba31d1e5d,ee8007a1d4ca,1617d61b23ef,empty,,635d20a3d25f565896eeb691e2544c2d290c94917e42896ce3695ba1dc0daa5a,1412,2
TmY4,R8,887ba31d1e5d,8c5b077524c1,0ffd1023c82d,empty,,9cb0851acd55691a595771b78afa345e7304012af4a8cc6fc29ee0a1e3b31903,2228,8
TmY4,T1,887ba31d1e5d,7fccce4faa2f,39cd3ed04ff1,empty,,3366f59440f0c52ac032cccf71154af3e414da6a674e7a2bc98dbf94130194f0,722,2
TmY4,T2,887ba31d1e5d,2c81c87fcf2c,8f34bc25836f,nonempty,,9e81a714ba41ad4a335ac4e9785222174f414eeb4e3beaa676b92f8ca6d34369,372,2
TmY4,T2a,887ba31d1e5d,e4707238632a,8ff0eddec596,empty,,dd8a65415e32a15913f6a46cf7d387d48c2b399745d59bb872c202594d1ecacc,3131,1
TmY4,T3,887ba31d1e5d,3b9aa8bb490c,ff57be5018ed,empty,,ba1299762ebc42c1c13fb800d0ee074a98ec481537e75e125f58007753b10117,2643,3
TmY4,T4a,887ba31d1e5d,a722a78be07c,761683f297fc,empty,,6446d6ae7480d69aebbeae36367febb0f88fd4bd00725acd7707b4d05330bb90,1423,3
TmY4,T4b,887ba31d1e5d,8dac2399d9d3,6e765580ccd7,empty,,abec7c3ea6c6cd9825f3ac2965b26ae476215bfc8b5fe43c47b6fdf89cd4410f,2464,4
TmY4,T4c,887ba31d1e5d,3a2a1325fb93,982dac56cf55,empty,,70aa082150f613f77337ca991deaf28f40bcb56a671bcee4ee4fc38f50d899d5,1607,7
TmY4,T4d,887ba31d1e5d,0645a54521a8,d50959c282b8,empty,,d5c9f852d58a776062f84ecface36126bcc71515318c4cf4a37ada162a0ee5c0,3014,4
TmY4,T5a,887ba31d1e5d,9fd1579bc37e,9d329d5c90fe,empty,,0006159f0276c2129a6db0586528cec9119f26b47e00332b6055a63bc71f9040,0,0
TmY4,T5b,887ba31d1e5d,3c304e466112,88a992968742,empty,,72efba167bc8e96579e598000bfeea2dadf214297bfc87ca64b9b539d9c10ebc,1640,0
TmY4,T5c,887ba31d1e5d,4236c6342cc5,560e30775001,empty,,f933a0c4c78539f1d73674e6a1803ec9ee311c34642f396d4648ea629bcb8c55,3518,8
TmY4,T5d,887ba31d1e5d,f0bbaae7f4af,000331726b62,nonempty,,9a498df492f3ae61e948d97361e7809d0c6f6bf982aaa4c843bf56355627ac81,368,8
TmY4,Tm1,887ba31d1e5d,6b080cbcddcf,c702a6350ecc,empty,,57192f34fb5433aa45d06818c17c0a158a449bf706e823b2b39a1c3e4c1ffcfd,1230,0
TmY4,Tm16,887ba31d1e5d,7a0908bbdc11,03d9be9a507f,empty,,e42b82fbb706564fe1ee2d71e09721348faaf4ce2ab6adb4670ad8e071e6f05f,3219,9
TmY4,Tm2,887ba31d1e5d,1716679973ed,a1ba849d9a27,empty,,9c89e74abadb2af4c0c284063c59dab8b7470cb61cc699f0a2c69188df8db643,2224,4
TmY4,Tm20,887ba31d1e5d,5202f2beeefe,72788fe4cfc3,empty,,adef5f81e277abcfd1bb78b0b4a634ad6d50a6bf43c8a968a5813282f368d7e5,2492,2
TmY4,Tm28,887ba31d1e5d,0a8ba80929dc,3ded9cb63f0a,empty,,5d3aa3f6836b590d43d3e1c2180516b19080724c6e8a8623c7bb1c4a44a27a19,1330,0
TmY4,Tm3,887ba31d1e5d,1d04dc9e4e44,d47a23d4f5f6,empty,,0198df69483e60e834ed1c614ef2712c7be8c97019355cec5ec52d2f7573a286,21,1
TmY4,Tm30,887ba31d1e5d,fabbe5261153,0a966f6a304e,empty,,6a53d542064258c37159d4f5793b95e3e629a970537d9aed4216adf217d710e2,1506,6
TmY4,Tm4,887ba31d1e5d,8f9d79739978,3a4e5c4601cb,empty,,5c9e7d93276a60e5341adf3e6a657ec741f8e0ea01d3d1c3f9395da539040f3d,1323,3
TmY4,Tm5Y,887ba31d1e5d,05257d37421c,eea8b075d939,empty,,5ddb7e46ff0042bce2130d604c21ec4cf535069d2682129619d6706249cc9160,1345,5
TmY4,Tm5a,887ba31d1e5d,e2174a9084c8,01495fa29d33,empty,,142ffda5ab7d0ed8830ce045a9dcad98caa6759192532992de2fbfb82228238f,266,6
TmY4,Tm5b,887ba31d1e5d,5bd7d91f26e1,c7ed1770702a,empty,,708e359e82745d21917a721b622968a34b27ae2d494426546679ab4ed4555ed5,1604,4
TmY4,Tm5c,887ba31d1e5d,2455576c666d,86c2bf0856b2,empty,,741d576b7dd1ef55ff09217722dea7b23d2557115e1456d6976193aabfe85a04,1662,2
TmY4,Tm9,887ba31d1e5d,d00cef6913df,fd654e990044,empty,,c41f88ba406693e754948c14a16d7e73d3aed1fa6c9dc6564c670fae7d278d6d,2775,5
TmY4,TmY10,887ba31d1e5d,d1d3392c46d1,c96504946883,empty,,15236f4d1aea0ccd9d7f3e9f56d75daf15709f6a5d219edbb991a0afdc3e13cb,283,3
TmY4,TmY13,887ba31d1e5d,e8c21941580e,540ac31a0ea6,empty,,c0c3050e5951b4b6c2277b6e28ee86b85f153491921e66cf1e84039990f57c24,2719,9
TmY4,TmY14,887ba31d1e5d,28a670a5d3c8,3f78e85c8ab4,nonempty,,02e7dc780b3c29dc50fe9c5522370ee3860e945e05fdc5de1040211a504ad7d6,7,7
TmY4,TmY15,887ba31d1e5d,18fb00442a43,5e999c4c84e7,empty,,f16f7b01d69aff152c02aa10bf398a05b16d76e0d1609d89c3a34623421c5924,3407,7
TmY4,TmY18,887ba31d1e5d,dd5eb1fb0caf,7991e95e23ba,empty,,8a56986adbe4ed5b4dc7af07e2de98dfc382178b9fea52e757d05c0680dca550,1961,1
TmY4,TmY3,887ba31d1e5d,607b8ed34a33,87fdf5e05631,empty,,4014006875eac3f4cb122658f1f1865430189cfb07ca3c6b29e414536c9d5d2e,896,6
TmY4,TmY4,887ba31d1e5d,887ba31d1e5d,d64f52ed2268,nonempty,,f37d0037a1b705747b276f0d0a4b6db93425195fc1e9fc3dcc5021e6fe306e12,577,7
TmY4,TmY5a,887ba31d1e5d,3ad6ff7262ce,16d08886e21a,nonempty,,ca7885137169bfd274248ae282a57a7943570243e406ee63501c59f03717cd25,480,0
TmY4,TmY9,887ba31d1e5d,7af2610d274e,0a07ad5de024,nonempty,,1f6423cd1c8db167ae86001d7b73bd2bfc0d41db1aa9252c41d26f63f00fd7c9,89,9
TmY5a,Am,3ad6ff7262ce,ae7eec9cc6aa,c3f073113433,empty,,301928cbe8fb118e17cb9757cc768a2e1e558fd09a4b95d2de7b219c72d15f91,671,1
TmY5a,C2,3ad6ff7262ce,ac7377b4f393,b3fb83aa7aa9,empty,,c6429f04998e23532a3b25785a717bf9e2d16a1d64f0777c28cf101a6b160354,2805,5
TmY5a,C3,3ad6ff7262ce,6182a4f16e6d,bfba39bbd4df,empty,,9dff59d51c352eb37471ff8af65c8113e145868028f7bc5ad9e74dd9cfc6d9e4,2253,3
TmY5a,CT1(Lo1),3ad6ff7262ce,7c280b5b9f34,b8d20d0f021b,empty,,5c24341fe609aa195c504a95238bd1c89e7cdec6c6ec2345b7a45ab3c55faa50,1314,4
TmY5a,CT1(M10),3ad6ff7262ce,63667a4a1a53,f84c30728ad7,empty,,69e79ace6935005706b28ad69c7588a9bd6836fd9b662f295a74b8a72322bab6,1500,0
TmY5a,L1,3ad6ff7262ce,ad5110ebac00,ebfcff8b6159,empty,,fd3678936d919c729b04d69bc1f99221c2c130926a226ccdde1eb338a1f9fda6,3580,0
TmY5a,L2,3ad6ff7262ce,36f25ce16c8f,79e5526c8d20,empty,,01a4a61624d9035310bed270208f21581be6979a6f82bdacc85bc812d369d79d,22,2
TmY5a,L3,3ad6ff7262ce,fd5e84317740,6d128deddb91,empty,,4fc99b47f2a960965a61df59bf45b65f40f2fe2ca42387c41feb0b2f9b0d979c,1118,8
TmY5a,L4,3ad6ff7262ce,7c19534e0d84,af6a4d352a5a,empty,,c6f34ac93fa9c0fcb6b59f2da8aaf1b3f28790c7531771a2be6ea2452ecc362f,2814,4
TmY5a,L5,3ad6ff7262ce,cc98a8db805e,64fd22f84200,empty,,0cf016d37fb99e7cfa39b113d6d75f28394e5c71f3a19c944ab31c80c9ef44a9,170,0
TmY5a,Lawf1,3ad6ff7262ce,2627beca1340,d05f6655d88e,empty,,03cd5c358db053adfdde07dfcc6804da988cc0b2cc7fe92252afa056beca74c6,48,8
TmY5a,Lawf2,3ad6ff7262ce,3a1e8d7d01c3,dd1141a201db,empty,,9c7e754bfe20f47a67a6a5819f7a428bd84768ff584041dedbf152d5857d3f9f,2223,3
TmY5a,Mi1,3ad6ff7262ce,af1ee12c7a13,f77b3f6de899,empty,,73c76c129bb3a7ed9d1457a288489cc6e205fbaf0de6edf9efd0f7c7391f631b,1657,7
TmY5a,Mi10,3ad6ff7262ce,59362ec08e0b,db01ceeae83c,empty,,d353364aa0fd2caa54f637a8fc91288bbb1671334fa0477ec7745dd1eb4888c4,2983,3
TmY5a,Mi11,3ad6ff7262ce,f8c7207459cd,e893f9d0834a,empty,,aab212446688e0aa3aacebc3f75b5f978f27cd09cd0d30a6eb7dbf82ecdaa0cd,2443,3
TmY5a,Mi12,3ad6ff7262ce,22599a5bd694,1f7754106a8c,empty,,00da076fa5f0cc736721dcda21036fc7e2798d91dbce9d2123958c37b891cfd5,15,5
TmY5a,Mi13,3ad6ff7262ce,7fd7d345df8e,e0a7b70a03a5,empty,,514c940e74d28f1ebb75923eeb294a8cc7fbcb938e2bb0a3fadee78f18c03ec2,1145,5
TmY5a,Mi14,3ad6ff7262ce,b33da6e1384a,0e460c1b368e,empty,,d184acf240e8c21d939bbe65b228cf72c14d3931277144018c0cd6b3869e04b9,2955,5
TmY5a,Mi15,3ad6ff7262ce,4dd1eb26b0df,a62a38daf368,empty,,6a96471d372eacbef6f146dc5f761002dd70232db224a1f7354dcfab9af8ecb2,1512,2
TmY5a,Mi2,3ad6ff7262ce,8d98b9eb6175,b2457fb37dc5,nonempty,,cf8958873527fbf133609f7b86d3dca3f0e96592f9caa5fb9a23d8b0c734de2c,487,7
TmY5a,Mi3,3ad6ff7262ce,0172ab6332cf,0dfd40806578,nonempty,,21cd958cc797efa6f17874280df7b5feb9fd142c5ce92999f4362b7a54657bd6,96,6
TmY5a,Mi4,3ad6ff7262ce,7c9f2d10b0f7,0d4988f7459f,empty,,ab099bc99706ee98c6152c9f5aedfa9dd09f1466f0b4525e1d2ec7a438318024,2450,0
TmY5a,Mi9,3ad6ff7262ce,760f78ba3287,8f51f24679da,empty,,0b098ebe8830791d8ffa119558d62b4c27800cb7bb37fc171227f30354f93068,145,5
TmY5a,R1,3ad6ff7262ce,9654b247b494,05cc2cc1dcc7,empty,,8b19f44ac0b8e05e3f3a426e7487382c34a3f37512f33282fe0480f819b626e2,1967,7
TmY5a,R2,3ad6ff7262ce,b075082bb026,73bac317be73,empty,,51c8dd58a0ed7be6f0c545bffdf6b554dc3606f1ab720390b777383de199ac81,1151,1
TmY5a,R3,3ad6ff7262ce,a9358d78ca90,72f88e6165eb,empty,,1ff6e9fc510a40982d137458a8ff61d2fe398ceb081c37e79073d6328d5aa278,434,4
TmY5a,R4,3ad6ff7262ce,d54d0db004dc,2739450b3cf4,empty,,64a731e534cd1fcdd0bf8a955c856dae52ccf411d008217028cffb981b8ec11a,1431,1
TmY5a,R5,3ad6ff7262ce,bf135de1db2a,3b7630be3370,empty,,c4fb7c6de6cb02f4f197be71f6d781d1cad3082f1aa006bf5c93f5ee2af7f789,2784,4
TmY5a,R6,3ad6ff7262ce,ef2dad65a896,d2a05c0c7f6c,empty,,4d52b2893cbade1cf6aff424239d452e2a16f06c03c796874bc7438920d2d03f,1079,9
TmY5a,R7,3ad6ff7262ce,ee8007a1d4ca,b42572fef8d7,empty,,1a885763ec81509adf82e7ded34657a7356dd3167b087ff55c860697b42e9c4b,355,5
TmY5a,R8,3ad6ff7262ce,8c5b077524c1,481e5a93aa41,empty,,be1b4542d00cb85e745dde01723506d10d770e884b26be540a54aba8385f1d4e,2688,8
TmY5a,T1,3ad6ff7262ce,7fccce4faa2f,f5bf3217ac97,empty,,dd92b2edeb6803371f6c776c4fdce1092d912832a9ee14a930d51ea0eea1221d,3132,2
TmY5a,T2,3ad6ff7262ce,2c81c87fcf2c,a2a45951e35e,nonempty,,b58dc85254f9f42da53de3bfdeed79dd3eefa699b55ce3a3a7a57cbca3772852,423,3
TmY5a,T2a,3ad6ff7262ce,e4707238632a,7c2401fc83e8,nonempty,,0912d72b79bd1d327addcbf137c4b7f36fb552bc7be8216b3b1b1d7962b9f5d9,31,1
TmY5a,T3,3ad6ff7262ce,3b9aa8bb490c,0d11618ea08f,empty,,d8bd92c22bcfbb6f53454de948e11d5fdd22614de36a0b83aaf0d738ce3be612,3061,1
TmY5a,T4a,3ad6ff7262ce,a722a78be07c,1482a425e0c9,empty,,2d63ea2966218ea9e2e30d703ac0b24767c028217c451aed2a78b3bf011b8603,625,5
TmY5a,T4b,3ad6ff7262ce,8dac2399d9d3,71ae7c31e3b1,empty,,116bfc6652dc1144edeffd2a95a6a0c89463b1a54bb0c00cedf3f5991d7e2ca2,228,8
TmY5a,T4c,3ad6ff7262ce,3a2a1325fb93,e9046a99b7f0,empty,,c49a18d6989ffc2d4f5ac66a3dfd738365804fb4143ac43339c8e749819ba43f,2778,8
TmY5a,T4d,3ad6ff7262ce,0645a54521a8,cdd338a8b313,empty,,12a363160cd22e9d9e032cd30c7b934aee73fca59f36d8c48f17a98495db2502,243,3
TmY5a,T5a,3ad6ff7262ce,9fd1579bc37e,911d2468813e,empty,,66a803c5cca4c7e6801dfdf178213a13f9657bd60c2db218873ff008615155dc,1453,3
TmY5a,T5b,3ad6ff7262ce,3c304e466112,9b050fc629ae,empty,,2e8f811f60be1df549f23780715f452fe70f2e2298508ce037a292798d329ce7,649,9
TmY5a,T5c,3ad6ff7262ce,4236c6342cc5,b78179fb3136,empty,,ff5394a8c5b96f35f6e3b8b51e1b1560982c30b989a9b8eced6205cd0e5d492b,3613,3
TmY5a,T5d,3ad6ff7262ce,f0bbaae7f4af,fa07ba4c9822,empty,,1fdb08da37bb69634d736fcbaeca50529de51e685eb6e4a7eec37176121ae5ae,433,3
TmY5a,Tm1,3ad6ff7262ce,6b080cbcddcf,785eea8b293c,empty,,8bb93679876cdedde2784ec2e28896c972360275de7a1f0e5098c8cdcb8ce0d4,1980,0
TmY5a,Tm16,3ad6ff7262ce,7a0908bbdc11,32c891239868,nonempty,,cd5a9b5364563128f32783aa13280aa0529eb6d62e8ee0ebf26e078f7977d73e,485,5
TmY5a,Tm2,3ad6ff7262ce,1716679973ed,d7d750ccb924,empty,,5f5781fb8281441b01d98ef0018bc0a077212a8467b347430be1cc72eb7d74fe,1366,6
TmY5a,Tm20,3ad6ff7262ce,5202f2beeefe,668e04813181,empty,,241d77bc599b849bb14192833209dbea4172abbe1e0a4f84c6d43d9b3489a7ae,495,5
TmY5a,Tm28,3ad6ff7262ce,0a8ba80929dc,e9a868a0c0e6,empty,,0172bda0c2f6dfaf61c7ebd0d67e597af2544ab0293c506a41901bf8603315b0,18,8
TmY5a,Tm3,3ad6ff7262ce,1d04dc9e4e44,b600ddf11740,empty,,5cda3e8ae95731e0011767c074b0bb370513f0f4f99adb12829be3e788826c66,1327,7
TmY5a,Tm30,3ad6ff7262ce,fabbe5261153,de1fc444175d,empty,,edcddffb4b178bc08c3e94ae72061864267ce43944ecd6d4d44f2f4d59e8dda5,3369,9
TmY5a,Tm4,3ad6ff7262ce,8f9d79739978,dd0a1539ec81,empty,,7c3daf12120a822156458a304a0d2c530715bca51eabcd6a72cfef259f29b944,1775,5
TmY5a,Tm5Y,3ad6ff7262ce,05257d37421c,39b1c76f2856,empty,,5b4fe4309b000dd7117901c1b5877d4bef0b834fa373d494020092e140b2f61f,1302,2
TmY5a,Tm5a,3ad6ff7262ce,e2174a9084c8,47fef5859e5e,empty,,13d30e639da3de76c6b4c155b08b93a6c5c87f54a79bf1649ccdacdf5f52b141,261,1
TmY5a,Tm5b,3ad6ff7262ce,5bd7d91f26e1,c4c47e352dfb,empty,,ba01490ae37efafc1b46425edbdd048dddc6c19e96c5a5cd8396098fde7b091f,2638,8
TmY5a,Tm5c,3ad6ff7262ce,2455576c666d,96d2ebf57740,empty,,88e9f119a3e4899266f163307911e5f72a919cfebc3e885bbd9ba5c030953dd4,1943,3
TmY5a,Tm9,3ad6ff7262ce,d00cef6913df,7247bccf1695,empty,,bb66c5f9f89df72a16b0a464598de7375f67572396b661fefd60aaff03758999,2658,8
TmY5a,TmY10,3ad6ff7262ce,d1d3392c46d1,f91599aaf3b0,empty,,808c2a4c206521a21dae793100d9e933ef1012f7a701e04f343616f3904c67de,1826,6
TmY5a,TmY13,3ad6ff7262ce,e8c21941580e,4f981694cffd,empty,,e28d37b87f0b0c38f326a702d4c919668a2b0c91de18eb38e6315fadd35609b3,3195,5
TmY5a,TmY14,3ad6ff7262ce,28a670a5d3c8,3b8fb84e8cd8,nonempty,,2d80a271b992b01295e0d270f02f7b9fc5534747b487c5cf679a927e17b7cb51,119,9
TmY5a,TmY15,3ad6ff7262ce,18fb00442a43,284436fd563c,nonempty,,b23e0d89cac82dd217c046061533679335792a08da2be97b3fd3d86e3eaaa841,416,6
TmY5a,TmY18,3ad6ff7262ce,dd5eb1fb0caf,3e085a80a99b,nonempty,,7344cffa2b80dc1045252423931bfee4a68e55568959c6ff94e1a5bbba79b319,269,9
TmY5a,TmY3,3ad6ff7262ce,607b8ed34a33,55c6bd2c84fc,nonempty,,44c5a236e5d8142f15a7fc5b14a0426fa24a33332ad7586a81d87b02b9e14d08,170,0
TmY5a,TmY4,3ad6ff7262ce,887ba31d1e5d,f2a383cef91d,nonempty,,775f88e3914780caf1825f9627c0643b521a7ae410bd14bbd042c5e387390a22,286,6
TmY5a,TmY5a,3ad6ff7262ce,3ad6ff7262ce,aa2339893041,empty,,19aa9e0360862d53c73587f5744ee879ffd05e4150573e949b8dc07db2b9993e,344,4
TmY5a,TmY9,3ad6ff7262ce,7af2610d274e,039b12646217,empty,,c2536d0b3ee3e8a9042edcac37fc169d2f7d6dd01873eb0d7244516865589c3a,2749,9
TmY9,Am,7af2610d274e,ae7eec9cc6aa,9c792167b6cd,empty,,2d39c1d339bc82060bc266a681d527eafa49eab7b3745ce0d2f483ef2669c298,620,0
TmY9,C2,7af2610d274e,ac7377b4f393,4c9fc12063cb,empty,,b7d60e852398fead58f7537b3af84c47e94351b28eaacce9b1246c25345ac9d7,2606,6
TmY9,C3,7af2610d274e,6182a4f16e6d,1b0e65573173,empty,,e69a5ff896839558c9b026f0629a947144ac6106f50143c6a8f9a0fa859369cf,3248,8
TmY9,CT1(Lo1),7af2610d274e,7c280b5b9f34,a86f976c4af2,empty,,83be01db77db473e6a5bcff6f2ee37925920c3bce747d9917751eee015f80192,1874,4
TmY9,CT1(M10),7af2610d274e,63667a4a1a53,20db848a1dd1,empty,,a92764509cf10edb8ed7ce8a779860207c291d1900224cc044b134589a3cfc6e,2422,2
TmY9,L1,7af2610d274e,ad5110ebac00,b3bd80d2fb3f,empty,,ff2ca4576634c901fc51c15d22c115995e55035d9b30a832d813adaf16d07b52,3612,2
TmY9,L2,7af2610d274e,36f25ce16c8f,d5a31fc8f917,empty,,7916f7fb3158c5d89d0204b94807badb2613302d7fb2078c6eb0f701f3e5ce95,1734,4
TmY9,L3,7af2610d274e,fd5e84317740,7f81adef1576,empty,,aac0b97f523701afa583b6a07efb6beea362dbc92585d122d7b3fb4d3d783ebb,2444,4
TmY9,L4,7af2610d274e,7c19534e0d84,46d51f1d487e,empty,,e5b523a6b2aa6b1e376e20c96f48e758b24efeb676e64c8b6af40376e399df23,3238,8
TmY9,L5,7af2610d274e,cc98a8db805e,13013ae49eb5,empty,,a7c40b4f7fa02bc362180ff178b0583f469d19b610ca8c972706925ac24a065c,2405,5
TmY9,Lawf1,7af2610d274e,2627beca1340,36efeb7b375f,empty,,89e570ca83b0941753899b025448243753762ae249c9ff3c24d68e091d034608,1956,6
TmY9,Lawf2,7af2610d274e,3a1e8d7d01c3,f98092813cd9,empty,,b25c0e3a55d1c91abbf386f71f446e4e2f33f034bea2b2cfa0f270aa71a0d55a,2539,9
TmY9,Mi1,7af2610d274e,af1ee12c7a13,d91d74fbfe0d,empty,,0fa147d6c1ba40b2cf1045c545e4a9a4bfe494704105c11e553956b2de25ef2a,202,2
TmY9,Mi10,7af2610d274e,59362ec08e0b,684862610211,empty,,3b08e6767e9a1284b30feac4f4e171ed3a8da351aa718443219b499adee28582,837,7
TmY9,Mi11,7af2610d274e,f8c7207459cd,0b44a644ab52,empty,,71197f608c5af24b9b1fc5c71a5b57e1d786fbd29843b4cba0977ebcf5d624bb,1613,3
TmY9,Mi12,7af2610d274e,22599a5bd694,72a61903c3e9,empty,,80a3711b6993362b35a98c9c295a4bcb7ae99efa5a26223f450add1f7336602e,1829,9
TmY9,Mi13,7af2610d274e,7fd7d345df8e,fd177b1aeac2,nonempty,,2e8323a484f30fbf5d65ee7399e7cfe9c0388c9e3b116940cdb6a027ecbee603,122,2
TmY9,Mi14,7af2610d274e,b33da6e1384a,9b5671817555,empty,,20b07deab1cbcbcff26a5251ad67eca25c495d854adfec253cb97510d6721ee9,445,5
TmY9,Mi15,7af2610d274e,4dd1eb26b0df,d9fc1c100b31,empty,,c11c23a4d1b4bea4c965e45588b1bcda888597ccfe92c809dbf7603bdec74a1b,2725,5
TmY9,Mi2,7af2610d274e,8d98b9eb6175,0e09047f7a3a,empty,,3777e4d246442655a79ad6158f0a309de1fdaf0b5bd8bb557ff28e85f2ad7fad,774,4
TmY9,Mi3,7af2610d274e,0172ab6332cf,232ec4bad669,empty,,5df23497a8cddeb7b52ec56bffe7ca92a21610ad90891c1083cafad9f31eba5c,1346,6
TmY9,Mi4,7af2610d274e,7c9f2d10b0f7,bc364b15a7ea,empty,,29eda37bb47ac35ee83d6b8b37c415fa073b1e9d765ec20bb53bb4ad75660cac,570,0
TmY9,Mi9,7af2610d274e,760f78ba3287,8a53523098ba,empty,,49d3431fceec72e0c37eed81d8a3860ee3b6a0db54d4049d565c0948e2aeda77,1026,6
TmY9,R1,7af2610d274e,9654b247b494,7a13d3ac3454,empty,,f7a6965cf525bddc9b12d5390343164720c92e3a828e0ff4d1ca2f05295870e1,3499,9
TmY9,R2,7af2610d274e,b075082bb026,79281aa52093,empty,,e0115f858f7ab4c2c2d0a41b74d92775aecf6b0d508c4c78a4621b5ccecbcfde,3164,4
TmY9,R3,7af2610d274e,a9358d78ca90,2b82336e05fb,empty,,a2792d8299559b700d92225463d43e19e2357f6090dd8f0e01df49344b25d4e5,2313,3
TmY9,R4,7af2610d274e,d54d0db004dc,50f4dbc24683,empty,,56316eb8829a4b6bf8f1ebe3e00c78c6d1913a47ad90d1b02ee4610a45434c59,1220,0
TmY9,R5,7af2610d274e,bf135de1db2a,ef86d47e17d0,empty,,cfe0f7be5c5ecd66d0d800ebf438050f9e9b5cc2ee001ee023abfbe283545f48,2932,2
TmY9,R6,7af2610d274e,ef2dad65a896,98cc33b97157,empty,,93bc0d616c4a9f2e57455c5d4be56b4e7f5eafe1307e065abb8eb1c840677485,2105,5
TmY9,R7,7af2610d274e,ee8007a1d4ca,46e498107bc8,empty,,38528c6030439eb5c798b84f28b0ef9d37b5dcbffbf0e6b75b517c5cdf72af59,786,6
TmY9,R8,7af2610d274e,8c5b077524c1,696fb43edd29,empty,,eaa527459511a8177ba502d86e3e339131ff6888eb484234f8af3af7e672d660,3322,2
TmY9,T1,7af2610d274e,7fccce4faa2f,d78d81ea7c99,empty,,ac860e705d750bfd5188a046ce1d7a1dcf18595a9aaf3d12e7efc67243802a99,2474,4
TmY9,T2,7af2610d274e,2c81c87fcf2c,2f93dae7af9c,empty,,f7d9bb310f99e2743ed7fbb68d8709488c1fd5b5eaaa882e21ad9cc38c96f1e3,3503,3
TmY9,T2a,7af2610d274e,e4707238632a,6302e8ac0ca1,empty,,77eefbaadc9d2bbc927df764a57a8798672dc448c160bbceb021c303b4a1a1a2,1718,8
TmY9,T3,7af2610d274e,3b9aa8bb490c,01bbd20d8165,empty,,671f60e9ad6d33eef1781d0e5d3655cdef80f35c1b2b18140c0724f961b88293,1460,0
TmY9,T4a,7af2610d274e,a722a78be07c,cb902364d020,empty,,50f89a9c02aca5a8130929bdd58207290219b5ab2ba8c3932436b56d976338dd,1137,7
TmY9,T4b,7af2610d274e,8dac2399d9d3,d122a4327e46,empty,,578a0fe9490a3ef41176b611822d501ad657b1d867f729cdbbf89d4ee5dccef7,1242,2
TmY9,T4c,7af2610d274e,3a2a1325fb93,4d34990f70a6,empty,,81588f5c4068e682f56321236339ccdc7a6f1c4ac575142eacc804e469c290ac,1840,0
TmY9,T4d,7af2610d274e,0645a54521a8,f2144a6eeaed,empty,,b546192595d6e9c3305b3434c3479c4798f23ad65aa15e2fe6f41172e3e68b15,2575,5
TmY9,T5a,7af2610d274e,9fd1579bc37e,35a5f4d138e7,empty,,80797e773fa5d91de49b98b0888db4db67edaa41c04d44d3bf223082c66459a4,1824,4
TmY9,T5b,7af2610d274e,3c304e466112,94a3d9e0b258,empty,,f1463d6e4369513b00c416675414e14c72fe5b940b488764a7bd9d122ae70431,3404,4
TmY9,T5c,7af2610d274e,4236c6342cc5,f6a4e52f969b,empty,,ed5628b451e0d0091fe2c435b6cab06fbc5ce73115c9536abd3625b3dcc73fa2,3362,2
TmY9,T5d,7af2610d274e,f0bbaae7f4af,7f25e8907f09,empty,,e9bf47c20862ea292f2dfe0730248b2b6a17146e71c1f9c602aa8a3f3b2af69d,3304,4
TmY9,Tm1,7af2610d274e,6b080cbcddcf,726781b61a8b,empty,,01c04532bf08eb4e9aec5c3d2ac38631940679e6f7529067c392af0a8d0fab36,25,5
TmY9,Tm16,7af2610d274e,7a0908bbdc11,5fe3c66cd65d,empty,,392279974994425fdefd4c7ddaed187cefa4bc44ad93b45464984783282cc9af,804,4
TmY9,Tm2,7af2610d274e,1716679973ed,d7ce2a6eb883,empty,,347abf6f3480c59ab9197389d6e7539ab3fe89bcdd56d08d4ad64394877b6108,738,8
TmY9,Tm20,7af2610d274e,5202f2beeefe,a0c7fbfa4bb4,empty,,31757ad61e2ca420da028abb3f9cb1fdb5f8412a2077516126d2c6a52fa1c861,689,9
TmY9,Tm28,7af2610d274e,0a8ba80929dc,669512bcf3c2,empty,,81a33b5a7c6568b98b7b078de1295dc817ed0e859a1706235900b188ccbfabb2,1844,4
TmY9,Tm3,7af2610d274e,1d04dc9e4e44,34d80b4eaf02,empty,,7b5f3843f378d3437804df1c98353ad88ec106bf01d09881d6594ae062546eb9,1766,6
TmY9,Tm30,7af2610d274e,fabbe5261153,94d824b26f28,empty,,a4fe1673e0de32430bf01ba6a394743d1394646a25fd43fefda44b8db4740e36,2363,3
TmY9,Tm4,7af2610d274e,8f9d79739978,2cf673ba8cf7,empty,,32d63e798b257cd8671ab2c96b700460d837c6f203a108a82874dcc8af56209e,710,0
TmY9,Tm5Y,7af2610d274e,05257d37421c,84daa1ba14bb,empty,,075237a05e727c48cf5fb5d2d3bfee48f25ed74750f1cc4cd3ed3ec9b7bfb496,92,2
TmY9,Tm5a,7af2610d274e,e2174a9084c8,80267c58499a,empty,,5a19bb0139d305d0a6d92c17f26b1105a17ec080963328539cc9790bd566db16,1284,4
TmY9,Tm5b,7af2610d274e,5bd7d91f26e1,eaa093b7dc32,empty,,c042c4f0aa69f1102872ef109e968ee5b6dc326dc82081ace5e6afb9e1aa3cb0,2713,3
TmY9,Tm5c,7af2610d274e,2455576c666d,b7c2f1773bfc,empty,,1ee61ff1c11a5d8e8c948c6daa2e6af688a460a798adcadeb6912d2559c7e93f,413,3
TmY9,Tm9,7af2610d274e,d00cef6913df,526572956671,empty,,2b79246939b52998b61a98b964334ce29cf1cce86f801e5cd6e0892a85e6f605,593,3
TmY9,TmY10,7af2610d274e,d1d3392c46d1,cbea7d025321,empty,,a8a6684f13547cb742b98b222b781887652081b28df2fe7c472bd589440b387e,2411,1
TmY9,TmY13,7af2610d274e,e8c21941580e,f9c1040e8b7e,empty,,d7a2aafa231fcf8bd89ad5e82e642f9da98279e4c8d2ffaafe1a9afccc1e6594,3047,7
TmY9,TmY14,7af2610d274e,28a670a5d3c8,62f16737ab4f,empty,,b62c92e8d9144def104f8583679acc85b0a75c20d436602748f6acaebbff0607,2584,4
TmY9,TmY15,7af2610d274e,18fb00442a43,da3eac41e1d7,empty,,35e71753a42b389da893de8d1ee7184fc70f603ec0f720325074f46bb8d3362b,758,8
TmY9,TmY18,7af2610d274e,dd5eb1fb0caf,16a0068fb5af,empty,,98473ee513ccd371cdbcee6ee19fe91adc59352d73ecac869ad05ce290480882,2170,0
TmY9,TmY3,7af2610d274e,607b8ed34a33,094a648c6091,empty,,e8db4ac3d2d6ded524ff726b3443a9e79f1f6c1d03d3235ac4459813a88833ad,3281,1
TmY9,TmY4,7af2610d274e,887ba31d1e5d,5c9f35cb2b7d,nonempty,,6b7b807bdefb49a1a22841cd9dd0c4f51ff20a9c93d4d73fdee5fee96890d589,255,5
TmY9,TmY5a,7af2610d274e,3ad6ff7262ce,51b953a376c5,empty,,0866947f1da1861dd108fec773c4e91d4e675fbb9bec03d358b01088034f8e87,103,3
TmY9,TmY9,7af2610d274e,7af2610d274e,585f97668a7f,nonempty,,d2bbd77f93a0450c8905684e7cfd347512fd18a7cd2d4faab2784baa0a406e33,498,8
