j,seed,key,present,cert,cert_fraction,cert_tau,cert_ulp_sensitive,cert_counts_agree,cert_rerun_spread,cert_ok,lambda_block,lambda_c,ceiling_block,ceiling_block_tau,ceiling_block_ulp_sensitive,ceil_1,ceil_1_tau,ceil_1_ulp_sensitive,ceil_1_float,ceil_1_float_tau,ceil_1_float_ulp_sensitive,ceil_lambda_c_float,ceil_lambda_c_float_tau,ceil_lambda_c_float_ulp_sensitive,ceil_1_starts100,ceil_1_starts100_tau,ceil_1_starts100_ulp_sensitive,ceil_1_starts100_quantised,ceil_1_starts100_quantised_tau,ceil_1_starts100_quantised_ulp_sensitive,n1_block,n1_block_tau,n1_block_ulp_sensitive,separator_reading,subkinds,flags,bf1_lambda_block,bf1_ceiling_block,bf1_ceiling_block_tau,bf1_ceiling_block_ulp_sensitive,bf1_ceil_1,bf1_ceil_1_tau,bf1_ceil_1_ulp_sensitive,bf1_reading,bf2_lambda_block,bf2_ceiling_block,bf2_ceiling_block_tau,bf2_ceiling_block_ulp_sensitive,bf2_ceil_1,bf2_ceil_1_tau,bf2_ceil_1_ulp_sensitive,bf2_reading,bf3_lambda_block,bf3_ceiling_block,bf3_ceiling_block_tau,bf3_ceiling_block_ulp_sensitive,bf3_ceil_1,bf3_ceil_1_tau,bf3_ceil_1_ulp_sensitive,bf3_reading,bf4_lambda_block,bf4_ceiling_block,bf4_ceiling_block_tau,bf4_ceiling_block_ulp_sensitive,bf4_ceil_1,bf4_ceil_1_tau,bf4_ceil_1_ulp_sensitive,bf4_reading,stops
0,94000,fresh:0,20,0.977500,391/400,0.977500,False,True,0.000000,True,100.000000,100.000000,0.705000,0.705000,False,0.930000,0.930000,False,0.920000,0.920000,False,0.705000,0.705000,False,0.920000,0.920000,False,0.930000,0.930000,False,0.720000,0.720000,False,"fit failure, FF-sel",FF-sel,,100.000000,0.720000,0.720000,False,0.925000,0.925000,False,"BF fit failure, selection",1.000000,1.000000,1.000000,False,1.000000,1.000000,False,gate passed,1.000000,1.000000,1.000000,False,1.000000,1.000000,False,gate passed,1.000000,1.000000,1.000000,False,1.000000,1.000000,False,gate passed,
1,94001,fresh:1,20,0.995000,199/200,0.995000,False,True,0.000000,True,1.000000,1.000000,0.967500,0.967500,False,0.967500,0.967500,False,0.962500,0.962500,False,0.962500,0.962500,False,0.962500,0.962500,False,0.967500,0.967500,False,0.752500,0.752500,False,gate passed,,,1.000000,0.960000,0.960000,False,0.960000,0.960000,False,gate passed,1.000000,1.000000,1.000000,False,1.000000,1.000000,False,gate passed,1.000000,1.000000,1.000000,False,1.000000,1.000000,False,gate passed,1.000000,1.000000,1.000000,False,1.000000,1.000000,False,gate passed,
2,94002,fresh:2,20,1.000000,1/1,1.000000,False,True,0.000000,True,1.000000,1.000000,0.997500,0.997500,False,0.997500,0.997500,False,1.000000,1.000000,False,1.000000,1.000000,False,1.000000,1.000000,False,0.997500,0.997500,False,0.930000,0.930000,False,gate passed,,,1.000000,0.995000,0.995000,False,0.995000,0.995000,False,gate passed,1.000000,1.000000,1.000000,False,1.000000,1.000000,False,gate passed,1.000000,1.000000,1.000000,False,1.000000,1.000000,False,gate passed,1.000000,1.000000,1.000000,False,1.000000,1.000000,False,gate passed,
3,94003,fresh:3,20,1.000000,1/1,1.000000,False,True,0.000000,True,1.000000,1.000000,0.990000,0.990000,False,0.990000,0.990000,False,0.987500,0.987500,False,0.987500,0.987500,False,0.987500,0.987500,False,0.990000,0.990000,False,0.877500,0.877500,False,gate passed,,,1.000000,0.995000,0.995000,False,0.995000,0.995000,False,gate passed,1.000000,1.000000,1.000000,False,1.000000,1.000000,False,gate passed,1.000000,1.000000,1.000000,False,1.000000,1.000000,False,gate passed,1.000000,1.000000,1.000000,False,1.000000,1.000000,False,gate passed,
4,94004,fresh:4,20,0.995000,199/200,0.995000,False,True,0.000000,True,1.000000,1.000000,0.975000,0.975000,False,0.975000,0.975000,False,0.970000,0.970000,False,0.970000,0.970000,False,0.970000,0.970000,False,0.975000,0.975000,False,0.787500,0.787500,False,gate passed,,,1.000000,0.970000,0.970000,False,0.970000,0.970000,False,gate passed,1.000000,0.997500,0.997500,False,0.997500,0.997500,False,gate passed,1.000000,0.997500,0.997500,False,0.997500,0.997500,False,gate passed,1.000000,0.997500,0.997500,False,0.997500,0.997500,False,gate passed,
5,94005,fresh:5,20,0.985000,197/200,0.985000,False,True,1.000000,True,100.000000,100.000000,0.736250,0.736250,False,0.922500,0.922500,False,0.925000,0.925000,False,0.736250,0.736250,False,0.925000,0.925000,False,0.922500,0.922500,False,0.741250,0.741250,False,"fit failure, FF-sel",FF-sel,,100.000000,0.741250,0.741250,False,0.927500,0.927500,False,"BF fit failure, selection",100.000000,0.741250,0.741250,False,0.997500,0.997500,False,"BF fit failure, selection",100.000000,0.741250,0.741250,False,1.000000,1.000000,False,"BF fit failure, selection",100.000000,0.741250,0.741250,False,1.000000,1.000000,False,"BF fit failure, selection",
6,94006,fresh:6,20,1.000000,1/1,1.000000,False,True,0.000000,True,1.000000,1.000000,1.000000,1.000000,False,1.000000,1.000000,False,1.000000,1.000000,False,1.000000,1.000000,False,1.000000,1.000000,False,1.000000,1.000000,False,0.850000,0.850000,False,gate passed,,,1.000000,1.000000,1.000000,False,1.000000,1.000000,False,gate passed,1.000000,1.000000,1.000000,False,1.000000,1.000000,False,gate passed,1.000000,1.000000,1.000000,False,1.000000,1.000000,False,gate passed,1.000000,1.000000,1.000000,False,1.000000,1.000000,False,gate passed,
7,94007,fresh:7,20,0.985000,197/200,0.985000,False,True,3.000000,True,100.000000,100.000000,0.662500,0.662500,False,0.912500,0.912500,False,0.912500,0.912500,False,0.657500,0.657500,False,0.912500,0.912500,False,0.912500,0.912500,False,0.667500,0.667500,False,"fit failure, FF-sel",FF-sel,,100.000000,0.667500,0.667500,False,0.902500,0.902500,False,"BF fit failure, selection",1.000000,0.997500,0.997500,False,0.997500,0.997500,False,gate passed,1.000000,1.000000,1.000000,False,1.000000,1.000000,False,gate passed,1.000000,1.000000,1.000000,False,1.000000,1.000000,False,gate passed,
8,94008,fresh:8,20,0.995000,199/200,0.995000,False,True,0.000000,True,100.000000,100.000000,0.790000,0.790000,False,0.927500,0.927500,False,0.927500,0.927500,False,0.787500,0.787500,False,0.927500,0.927500,False,0.927500,0.927500,False,0.780000,0.780000,False,"fit failure, FF-sel",FF-sel,,100.000000,0.780000,0.780000,False,0.930000,0.930000,False,"BF fit failure, selection",100.000000,0.780000,0.780000,False,0.982500,0.982500,False,"BF fit failure, selection",100.000000,0.780000,0.780000,False,1.000000,1.000000,False,"BF fit failure, selection",100.000000,0.780000,0.780000,False,1.000000,1.000000,False,"BF fit failure, selection",
9,94009,fresh:9,20,0.995000,199/200,0.995000,False,True,0.000000,True,1.000000,1.000000,0.970000,0.970000,False,0.970000,0.970000,False,0.960000,0.960000,False,0.960000,0.960000,False,0.960000,0.960000,False,0.970000,0.970000,False,0.797500,0.797500,False,gate passed,,,1.000000,0.960000,0.960000,False,0.960000,0.960000,False,gate passed,1.000000,0.995000,0.995000,False,0.995000,0.995000,False,gate passed,1.000000,0.997500,0.997500,False,0.997500,0.997500,False,gate passed,1.000000,0.997500,0.997500,False,0.997500,0.997500,False,gate passed,
10,94010,fresh:10,20,0.995000,199/200,0.995000,False,True,0.000000,True,1.000000,1.000000,0.952500,0.952500,False,0.952500,0.952500,False,0.950000,0.950000,False,0.950000,0.950000,False,0.950000,0.950000,False,0.952500,0.952500,False,0.721250,0.721250,False,gate passed,,,1.000000,0.952500,0.952500,False,0.952500,0.952500,False,gate passed,1.000000,1.000000,1.000000,False,1.000000,1.000000,False,gate passed,1.000000,1.000000,1.000000,False,1.000000,1.000000,False,gate passed,1.000000,1.000000,1.000000,False,1.000000,1.000000,False,gate passed,
11,94011,fresh:11,20,0.992500,397/400,0.992500,False,True,0.000000,True,100.000000,100.000000,0.822500,0.822500,False,0.960000,0.960000,False,0.957500,0.957500,False,0.812500,0.812500,False,0.957500,0.957500,False,0.960000,0.960000,False,0.825000,0.825000,False,"fit failure, FF-sel",FF-sel,,100.000000,0.825000,0.825000,False,0.962500,0.962500,False,"BF fit failure, selection",100.000000,0.825000,0.825000,False,1.000000,1.000000,False,"BF fit failure, selection",100.000000,0.825000,0.825000,False,1.000000,1.000000,False,"BF fit failure, selection",100.000000,0.825000,0.825000,False,1.000000,1.000000,False,"BF fit failure, selection",
12,94012,fresh:12,20,1.000000,1/1,1.000000,False,True,0.000000,True,1.000000,1.000000,0.977500,0.977500,False,0.977500,0.977500,False,0.985000,0.985000,False,0.985000,0.985000,False,0.985000,0.985000,False,0.977500,0.977500,False,0.817500,0.817500,False,gate passed,,,1.000000,0.980000,0.980000,False,0.980000,0.980000,False,gate passed,1.000000,0.997500,0.997500,False,0.997500,0.997500,False,gate passed,1.000000,1.000000,1.000000,False,1.000000,1.000000,False,gate passed,1.000000,1.000000,1.000000,False,1.000000,1.000000,False,gate passed,
13,94013,fresh:13,20,0.995000,199/200,0.995000,False,True,0.000000,True,100.000000,100.000000,0.870000,0.870000,False,0.960000,0.960000,False,0.960000,0.960000,False,0.872500,0.872500,False,0.960000,0.960000,False,0.960000,0.960000,False,0.871250,0.871250,False,"fit failure, FF-sel",FF-sel,,100.000000,0.871250,0.871250,False,0.962500,0.962500,False,"BF fit failure, selection",100.000000,0.871250,0.871250,False,1.000000,1.000000,False,"BF fit failure, selection",100.000000,0.871250,0.871250,False,1.000000,1.000000,False,"BF fit failure, selection",100.000000,0.871250,0.871250,False,1.000000,1.000000,False,"BF fit failure, selection",
14,94014,fresh:14,20,1.000000,1/1,1.000000,False,True,0.000000,True,100.000000,100.000000,0.830000,0.830000,False,0.980000,0.980000,False,0.980000,0.980000,False,0.827500,0.830000,True,0.980000,0.980000,False,0.980000,0.980000,False,0.830000,0.832500,True,"fit failure, FF-sel",FF-sel,,100.000000,0.830000,0.832500,True,0.980000,0.980000,False,"BF fit failure, selection",1.000000,1.000000,1.000000,False,1.000000,1.000000,False,gate passed,1.000000,1.000000,1.000000,False,1.000000,1.000000,False,gate passed,1.000000,1.000000,1.000000,False,1.000000,1.000000,False,gate passed,
15,94015,fresh:15,20,1.000000,1/1,1.000000,False,True,0.000000,True,1.000000,1.000000,0.955000,0.955000,False,0.955000,0.955000,False,0.955000,0.955000,False,0.955000,0.955000,False,0.955000,0.955000,False,0.955000,0.955000,False,0.843750,0.843750,False,gate passed,,,1.000000,0.962500,0.962500,False,0.962500,0.962500,False,gate passed,1.000000,0.995000,0.995000,False,0.995000,0.995000,False,gate passed,1.000000,0.995000,0.995000,False,0.995000,0.995000,False,gate passed,1.000000,0.995000,0.995000,False,0.995000,0.995000,False,gate passed,
16,94016,fresh:16,20,1.000000,1/1,1.000000,False,True,0.000000,True,1.000000,1.000000,0.977500,0.977500,False,0.977500,0.977500,False,0.980000,0.980000,False,0.980000,0.980000,False,0.980000,0.980000,False,0.977500,0.977500,False,0.825000,0.825000,False,gate passed,,,1.000000,0.980000,0.980000,False,0.980000,0.980000,False,gate passed,1.000000,1.000000,1.000000,False,1.000000,1.000000,False,gate passed,1.000000,1.000000,1.000000,False,1.000000,1.000000,False,gate passed,1.000000,1.000000,1.000000,False,1.000000,1.000000,False,gate passed,
17,94017,fresh:17,20,1.000000,1/1,1.000000,False,True,0.000000,True,100.000000,100.000000,0.870000,0.870000,False,0.983750,0.983750,False,0.982500,0.982500,False,0.860000,0.860000,False,0.982500,0.982500,False,0.983750,0.983750,False,0.891250,0.891250,False,"fit failure, FF-sel",FF-sel,,1.000000,0.990000,0.990000,False,0.990000,0.990000,False,gate passed,1.000000,1.000000,1.000000,False,1.000000,1.000000,False,gate passed,1.000000,1.000000,1.000000,False,1.000000,1.000000,False,gate passed,1.000000,1.000000,1.000000,False,1.000000,1.000000,False,gate passed,
18,94018,fresh:18,20,0.995000,199/200,0.995000,False,True,0.000000,True,100.000000,100.000000,0.775000,0.775000,False,0.957500,0.957500,False,0.952500,0.952500,False,0.780000,0.780000,False,0.952500,0.952500,False,0.957500,0.957500,False,0.785000,0.785000,False,"fit failure, FF-sel",FF-sel,,100.000000,0.785000,0.785000,False,0.965000,0.965000,False,"BF fit failure, selection",100.000000,0.785000,0.785000,False,0.997500,0.997500,False,"BF fit failure, selection",100.000000,0.785000,0.785000,False,1.000000,1.000000,False,"BF fit failure, selection",100.000000,0.785000,0.785000,False,1.000000,1.000000,False,"BF fit failure, selection",
19,94019,fresh:19,20,0.987500,79/80,0.987500,False,True,0.000000,True,1.000000,1.000000,0.935000,0.935000,False,0.935000,0.935000,False,0.930000,0.930000,False,0.930000,0.930000,False,0.930000,0.930000,False,0.935000,0.935000,False,0.660000,0.660000,False,gate passed,,,1.000000,0.932500,0.932500,False,0.932500,0.932500,False,gate passed,1.000000,0.997500,0.997500,False,0.997500,0.997500,False,gate passed,1.000000,0.997500,0.997500,False,0.997500,0.997500,False,gate passed,1.000000,0.997500,0.997500,False,0.997500,0.997500,False,gate passed,
20,94020,fresh:20,20,0.990000,99/100,0.990000,False,True,2.000000,True,100.000000,100.000000,0.791250,0.791250,False,0.945000,0.945000,False,0.942500,0.942500,False,0.790000,0.790000,False,0.942500,0.942500,False,0.945000,0.945000,False,0.790000,0.790000,False,"fit failure, FF-sel",FF-sel,,100.000000,0.790000,0.790000,False,0.945000,0.945000,False,"BF fit failure, selection",100.000000,0.790000,0.790000,False,0.990000,0.990000,False,"BF fit failure, selection",100.000000,0.790000,0.790000,False,1.000000,1.000000,False,"BF fit failure, selection",100.000000,0.790000,0.790000,False,1.000000,1.000000,False,"BF fit failure, selection",
21,94021,fresh:21,20,1.000000,1/1,1.000000,False,True,0.000000,True,1.000000,1.000000,0.990000,0.990000,False,0.990000,0.990000,False,0.987500,0.987500,False,0.987500,0.987500,False,0.987500,0.987500,False,0.990000,0.990000,False,0.827500,0.827500,False,gate passed,,,1.000000,0.987500,0.987500,False,0.987500,0.987500,False,gate passed,1.000000,1.000000,1.000000,False,1.000000,1.000000,False,gate passed,1.000000,1.000000,1.000000,False,1.000000,1.000000,False,gate passed,1.000000,1.000000,1.000000,False,1.000000,1.000000,False,gate passed,
22,94022,fresh:22,20,0.985000,197/200,0.985000,False,True,1.000000,True,100.000000,100.000000,0.727500,0.727500,False,0.935000,0.935000,False,0.935000,0.935000,False,0.727500,0.727500,False,0.935000,0.935000,False,0.935000,0.935000,False,0.730000,0.730000,False,"fit failure, FF-sel",FF-sel,,1.000000,0.930000,0.930000,False,0.930000,0.930000,False,gate passed,1.000000,0.995000,0.995000,False,0.995000,0.995000,False,gate passed,1.000000,1.000000,1.000000,False,1.000000,1.000000,False,gate passed,1.000000,1.000000,1.000000,False,1.000000,1.000000,False,gate passed,
23,94023,fresh:23,20,1.000000,1/1,1.000000,False,True,0.000000,True,1.000000,1.000000,0.957500,0.957500,False,0.957500,0.957500,False,0.962500,0.962500,False,0.962500,0.962500,False,0.962500,0.962500,False,0.957500,0.957500,False,0.830000,0.830000,False,gate passed,,,1.000000,0.965000,0.965000,False,0.965000,0.965000,False,gate passed,1.000000,0.997500,0.997500,False,0.997500,0.997500,False,gate passed,1.000000,0.997500,0.997500,False,0.997500,0.997500,False,gate passed,1.000000,0.997500,0.997500,False,0.997500,0.997500,False,gate passed,
24,94024,fresh:24,20,0.995000,199/200,0.995000,False,True,0.000000,True,100.000000,100.000000,0.857500,0.857500,False,0.965000,0.965000,False,0.955000,0.955000,False,0.847500,0.847500,False,0.955000,0.955000,False,0.965000,0.965000,False,0.850000,0.850000,False,"fit failure, FF-sel",FF-sel,,100.000000,0.850000,0.850000,False,0.950000,0.950000,False,"BF fit failure, selection",1.000000,0.995000,0.995000,False,0.995000,0.995000,False,gate passed,100.000000,0.850000,0.850000,False,1.000000,1.000000,False,"BF fit failure, selection",100.000000,0.850000,0.850000,False,1.000000,1.000000,False,"BF fit failure, selection",
25,94025,fresh:25,20,1.000000,1/1,1.000000,False,True,0.000000,True,100.000000,100.000000,0.777500,0.777500,False,0.912500,0.912500,False,0.915000,0.915000,False,0.772500,0.772500,False,0.915000,0.915000,False,0.912500,0.912500,False,0.783750,0.783750,False,"fit failure, FF-sel",FF-sel,,100.000000,0.783750,0.783750,False,0.925000,0.925000,False,"BF fit failure, selection",1.000000,0.990000,0.990000,False,0.990000,0.990000,False,gate passed,1.000000,1.000000,1.000000,False,1.000000,1.000000,False,gate passed,1.000000,1.000000,1.000000,False,1.000000,1.000000,False,gate passed,
26,94026,fresh:26,20,1.000000,1/1,1.000000,False,True,0.000000,True,100.000000,100.000000,0.977500,0.977500,False,1.000000,1.000000,False,0.995000,0.995000,False,0.977500,0.977500,False,0.995000,0.995000,False,1.000000,1.000000,False,0.980000,0.980000,False,gate passed,,,100.000000,0.980000,0.980000,False,0.992500,0.992500,False,gate passed,100.000000,0.980000,0.980000,False,0.997500,0.997500,False,gate passed,100.000000,0.980000,0.980000,False,0.997500,0.997500,False,gate passed,100.000000,0.980000,0.980000,False,0.997500,0.997500,False,gate passed,
27,94027,fresh:27,20,1.000000,1/1,1.000000,False,True,0.000000,True,1.000000,1.000000,0.983750,0.983750,False,0.983750,0.983750,False,0.982500,0.982500,False,0.982500,0.982500,False,0.982500,0.982500,False,0.983750,0.983750,False,0.881250,0.881250,False,gate passed,,,1.000000,0.990000,0.990000,False,0.990000,0.990000,False,gate passed,100.000000,0.881250,0.881250,False,1.000000,1.000000,False,"BF fit failure, selection",100.000000,0.881250,0.881250,False,1.000000,1.000000,False,"BF fit failure, selection",100.000000,0.881250,0.881250,False,1.000000,1.000000,False,"BF fit failure, selection",
28,94028,fresh:28,20,1.000000,1/1,1.000000,False,True,0.000000,True,100.000000,100.000000,0.886250,0.886250,False,0.972500,0.972500,False,0.972500,0.972500,False,0.887500,0.887500,False,0.972500,0.972500,False,0.972500,0.972500,False,0.888750,0.888750,False,"fit failure, FF-sel",FF-sel,,100.000000,0.888750,0.888750,False,0.982500,0.982500,False,"BF fit failure, selection",100.000000,0.888750,0.888750,False,1.000000,1.000000,False,"BF fit failure, selection",100.000000,0.888750,0.888750,False,1.000000,1.000000,False,"BF fit failure, selection",100.000000,0.888750,0.888750,False,1.000000,1.000000,False,"BF fit failure, selection",
29,94029,fresh:29,20,0.992500,397/400,0.992500,False,True,0.000000,True,100.000000,100.000000,0.818750,0.818750,False,0.937500,0.937500,False,0.940000,0.940000,False,0.821250,0.821250,False,0.940000,0.940000,False,0.937500,0.937500,False,0.817500,0.817500,False,"fit failure, FF-sel",FF-sel,,100.000000,0.817500,0.817500,False,0.935000,0.935000,False,"BF fit failure, selection",100.000000,0.817500,0.817500,False,1.000000,1.000000,False,"BF fit failure, selection",100.000000,0.817500,0.817500,False,1.000000,1.000000,False,"BF fit failure, selection",100.000000,0.817500,0.817500,False,1.000000,1.000000,False,"BF fit failure, selection",
30,94030,fresh:30,20,1.000000,1/1,1.000000,False,True,0.000000,True,1.000000,1.000000,0.990000,0.990000,False,0.990000,0.990000,False,0.985000,0.985000,False,0.985000,0.985000,False,0.985000,0.985000,False,0.990000,0.990000,False,0.920000,0.920000,False,gate passed,,,1.000000,0.990000,0.990000,False,0.990000,0.990000,False,gate passed,1.000000,0.990000,0.990000,False,0.990000,0.990000,False,gate passed,1.000000,0.995000,0.995000,False,0.995000,0.995000,False,gate passed,1.000000,0.995000,0.995000,False,0.995000,0.995000,False,gate passed,
31,94031,fresh:31,20,1.000000,1/1,1.000000,False,True,0.000000,True,100.000000,100.000000,0.925000,0.925000,False,0.980000,0.980000,False,0.980000,0.980000,False,0.917500,0.917500,False,0.980000,0.980000,False,0.980000,0.980000,False,0.927500,0.927500,False,gate passed,,,100.000000,0.927500,0.927500,False,0.977500,0.977500,False,gate passed,100.000000,0.927500,0.927500,False,1.000000,1.000000,False,gate passed,100.000000,0.927500,0.927500,False,1.000000,1.000000,False,gate passed,100.000000,0.927500,0.927500,False,1.000000,1.000000,False,gate passed,
32,94032,fresh:32,20,1.000000,1/1,1.000000,False,True,0.000000,True,100.000000,100.000000,0.787500,0.787500,False,0.952500,0.952500,False,0.947500,0.947500,False,0.785000,0.785000,False,0.947500,0.947500,False,0.952500,0.952500,False,0.792500,0.792500,False,"fit failure, FF-sel",FF-sel,,100.000000,0.792500,0.792500,False,0.947500,0.947500,False,"BF fit failure, selection",1.000000,1.000000,1.000000,False,1.000000,1.000000,False,gate passed,1.000000,1.000000,1.000000,False,1.000000,1.000000,False,gate passed,1.000000,1.000000,1.000000,False,1.000000,1.000000,False,gate passed,
33,94033,fresh:33,20,0.992500,397/400,0.992500,False,True,0.000000,True,1.000000,1.000000,0.980000,0.980000,False,0.980000,0.980000,False,0.982500,0.982500,False,0.982500,0.982500,False,0.982500,0.982500,False,0.980000,0.980000,False,0.757500,0.757500,False,gate passed,,,1.000000,0.980000,0.980000,False,0.980000,0.980000,False,gate passed,1.000000,1.000000,1.000000,False,1.000000,1.000000,False,gate passed,1.000000,1.000000,1.000000,False,1.000000,1.000000,False,gate passed,1.000000,1.000000,1.000000,False,1.000000,1.000000,False,gate passed,
34,94034,fresh:34,20,1.000000,1/1,1.000000,False,True,0.000000,True,100.000000,100.000000,0.790000,0.790000,False,0.937500,0.937500,False,0.942500,0.942500,False,0.790000,0.790000,False,0.942500,0.942500,False,0.937500,0.937500,False,0.790000,0.790000,False,"fit failure, FF-sel",FF-sel,,100.000000,0.790000,0.790000,False,0.950000,0.950000,False,"BF fit failure, selection",100.000000,0.790000,0.790000,False,0.975000,0.975000,False,"BF fit failure, selection",100.000000,0.790000,0.790000,False,0.985000,0.985000,False,"BF fit failure, selection",100.000000,0.790000,0.790000,False,0.985000,0.985000,False,"BF fit failure, selection",
35,94035,fresh:35,20,1.000000,1/1,1.000000,False,True,0.000000,True,1.000000,1.000000,0.990000,0.990000,False,0.990000,0.990000,False,0.982500,0.982500,False,0.982500,0.982500,False,0.982500,0.982500,False,0.990000,0.990000,False,0.841250,0.841250,False,gate passed,,,1.000000,0.982500,0.982500,False,0.982500,0.982500,False,gate passed,100.000000,0.841250,0.841250,False,1.000000,1.000000,False,"BF fit failure, selection",100.000000,0.841250,0.841250,False,1.000000,1.000000,False,"BF fit failure, selection",100.000000,0.841250,0.841250,False,1.000000,1.000000,False,"BF fit failure, selection",
36,94036,fresh:36,20,1.000000,1/1,1.000000,False,True,0.000000,True,1.000000,1.000000,0.977500,0.977500,False,0.977500,0.977500,False,0.975000,0.975000,False,0.975000,0.975000,False,0.975000,0.975000,False,0.977500,0.977500,False,0.860000,0.860000,False,gate passed,,,1.000000,0.987500,0.987500,False,0.987500,0.987500,False,gate passed,1.000000,0.997500,0.997500,False,0.997500,0.997500,False,gate passed,1.000000,0.997500,0.997500,False,0.997500,0.997500,False,gate passed,1.000000,0.997500,0.997500,False,0.997500,0.997500,False,gate passed,
37,94037,fresh:37,20,1.000000,1/1,1.000000,False,True,0.000000,True,100.000000,100.000000,0.808750,0.808750,False,0.970000,0.970000,False,0.975000,0.975000,False,0.807500,0.807500,False,0.975000,0.975000,False,0.970000,0.970000,False,0.805000,0.805000,False,"fit failure, FF-sel",FF-sel,,100.000000,0.805000,0.805000,False,0.970000,0.970000,False,"BF fit failure, selection",100.000000,0.805000,0.805000,False,1.000000,1.000000,False,"BF fit failure, selection",100.000000,0.805000,0.805000,False,1.000000,1.000000,False,"BF fit failure, selection",100.000000,0.805000,0.805000,False,1.000000,1.000000,False,"BF fit failure, selection",
38,94038,fresh:38,20,0.987500,79/80,0.987500,False,True,0.000000,True,100.000000,100.000000,0.750000,0.750000,False,0.922500,0.922500,False,0.922500,0.922500,False,0.747500,0.747500,False,0.922500,0.922500,False,0.922500,0.922500,False,0.742500,0.742500,False,"fit failure, FF-sel",FF-sel,,100.000000,0.742500,0.742500,False,0.932500,0.932500,False,"BF fit failure, selection",100.000000,0.742500,0.742500,False,0.997500,0.997500,False,"BF fit failure, selection",100.000000,0.742500,0.742500,False,1.000000,1.000000,False,"BF fit failure, selection",100.000000,0.742500,0.742500,False,1.000000,1.000000,False,"BF fit failure, selection",
39,94039,fresh:39,20,1.000000,1/1,1.000000,False,True,0.000000,True,1.000000,1.000000,0.967500,0.967500,False,0.967500,0.967500,False,0.967500,0.967500,False,0.967500,0.967500,False,0.967500,0.967500,False,0.967500,0.967500,False,0.762500,0.762500,False,gate passed,,,1.000000,0.965000,0.965000,False,0.965000,0.965000,False,gate passed,1.000000,1.000000,1.000000,False,1.000000,1.000000,False,gate passed,1.000000,1.000000,1.000000,False,1.000000,1.000000,False,gate passed,1.000000,1.000000,1.000000,False,1.000000,1.000000,False,gate passed,
40,94040,fresh:40,20,0.982500,393/400,0.982500,False,True,4.000000,True,100.000000,100.000000,0.696250,0.696250,False,0.897500,0.897500,False,0.902500,0.902500,False,0.681250,0.681250,False,0.902500,0.902500,False,0.897500,0.897500,False,0.700000,0.700000,False,"fit failure, FF-quant (at lambda = 1)",FF-quant,,100.000000,0.700000,0.700000,False,0.907500,0.907500,False,"BF fit failure, selection",100.000000,0.700000,0.700000,False,0.990000,0.990000,False,"BF fit failure, selection",100.000000,0.700000,0.700000,False,1.000000,1.000000,False,"BF fit failure, selection",100.000000,0.700000,0.700000,False,1.000000,1.000000,False,"BF fit failure, selection",
41,94041,fresh:41,20,1.000000,1/1,1.000000,False,True,0.000000,True,1.000000,1.000000,0.977500,0.977500,False,0.977500,0.977500,False,0.977500,0.977500,False,0.977500,0.977500,False,0.977500,0.977500,False,0.977500,0.977500,False,0.777500,0.777500,False,gate passed,,,1.000000,0.980000,0.980000,False,0.980000,0.980000,False,gate passed,1.000000,1.000000,1.000000,False,1.000000,1.000000,False,gate passed,1.000000,1.000000,1.000000,False,1.000000,1.000000,False,gate passed,1.000000,1.000000,1.000000,False,1.000000,1.000000,False,gate passed,
42,94042,fresh:42,20,1.000000,1/1,1.000000,False,True,0.000000,True,1.000000,1.000000,0.995000,0.995000,False,0.995000,0.995000,False,0.995000,0.995000,False,0.995000,0.995000,False,0.995000,0.995000,False,0.995000,0.995000,False,0.710000,0.710000,False,gate passed,,,1.000000,0.995000,0.995000,False,0.995000,0.995000,False,gate passed,1.000000,1.000000,1.000000,False,1.000000,1.000000,False,gate passed,1.000000,1.000000,1.000000,False,1.000000,1.000000,False,gate passed,1.000000,1.000000,1.000000,False,1.000000,1.000000,False,gate passed,
43,94043,fresh:43,20,1.000000,1/1,1.000000,False,True,0.000000,True,100.000000,100.000000,0.842500,0.842500,False,0.943750,0.943750,False,0.947500,0.947500,False,0.845000,0.845000,False,0.947500,0.947500,False,0.943750,0.943750,False,0.852500,0.852500,False,"fit failure, FF-sel",FF-sel,,100.000000,0.852500,0.852500,False,0.940000,0.940000,False,"BF fit failure, selection",100.000000,0.852500,0.852500,False,0.997500,0.997500,False,"BF fit failure, selection",100.000000,0.852500,0.852500,False,1.000000,1.000000,False,"BF fit failure, selection",100.000000,0.852500,0.852500,False,1.000000,1.000000,False,"BF fit failure, selection",
44,94044,fresh:44,20,1.000000,1/1,1.000000,False,True,0.000000,True,1.000000,1.000000,0.992500,0.992500,False,0.992500,0.992500,False,0.990000,0.990000,False,0.990000,0.990000,False,0.990000,0.990000,False,0.992500,0.992500,False,0.777500,0.777500,False,gate passed,,,1.000000,0.992500,0.992500,False,0.992500,0.992500,False,gate passed,1.000000,1.000000,1.000000,False,1.000000,1.000000,False,gate passed,1.000000,1.000000,1.000000,False,1.000000,1.000000,False,gate passed,1.000000,1.000000,1.000000,False,1.000000,1.000000,False,gate passed,
45,94045,fresh:45,20,1.000000,1/1,1.000000,False,True,0.000000,True,1.000000,1.000000,0.985000,0.985000,False,0.985000,0.985000,False,0.977500,0.977500,False,0.977500,0.977500,False,0.977500,0.977500,False,0.985000,0.985000,False,0.870000,0.870000,False,gate passed,,,1.000000,0.982500,0.982500,False,0.982500,0.982500,False,gate passed,100.000000,0.870000,0.870000,False,0.997500,0.997500,False,"BF fit failure, selection",100.000000,0.870000,0.870000,False,0.997500,0.997500,False,"BF fit failure, selection",100.000000,0.870000,0.870000,False,0.997500,0.997500,False,"BF fit failure, selection",
46,94046,fresh:46,20,0.992500,397/400,0.992500,False,True,0.000000,True,1.000000,1.000000,0.962500,0.962500,False,0.962500,0.962500,False,0.965000,0.965000,False,0.965000,0.965000,False,0.965000,0.965000,False,0.962500,0.962500,False,0.705000,0.705000,False,gate passed,,,1.000000,0.970000,0.970000,False,0.970000,0.970000,False,gate passed,1.000000,1.000000,1.000000,False,1.000000,1.000000,False,gate passed,1.000000,1.000000,1.000000,False,1.000000,1.000000,False,gate passed,1.000000,1.000000,1.000000,False,1.000000,1.000000,False,gate passed,
47,94047,fresh:47,20,0.995000,199/200,0.995000,False,True,0.000000,True,100.000000,100.000000,0.810000,0.810000,False,0.950000,0.950000,False,0.945000,0.945000,False,0.805000,0.805000,False,0.945000,0.945000,False,0.950000,0.950000,False,0.810000,0.810000,False,"fit failure, FF-sel",FF-sel,,100.000000,0.810000,0.810000,False,0.957500,0.957500,False,"BF fit failure, selection",1.000000,1.000000,1.000000,False,1.000000,1.000000,False,gate passed,1.000000,1.000000,1.000000,False,1.000000,1.000000,False,gate passed,1.000000,1.000000,1.000000,False,1.000000,1.000000,False,gate passed,
48,94048,fresh:48,20,1.000000,1/1,1.000000,False,True,0.000000,True,100.000000,100.000000,0.822500,0.822500,False,0.977500,0.977500,False,0.980000,0.980000,False,0.822500,0.822500,False,0.980000,0.980000,False,0.977500,0.977500,False,0.837500,0.837500,False,"fit failure, FF-sel",FF-sel,,100.000000,0.837500,0.837500,False,0.990000,0.990000,False,"BF fit failure, selection",100.000000,0.837500,0.837500,False,1.000000,1.000000,False,"BF fit failure, selection",100.000000,0.837500,0.837500,False,1.000000,1.000000,False,"BF fit failure, selection",100.000000,0.837500,0.837500,False,1.000000,1.000000,False,"BF fit failure, selection",
49,94049,fresh:49,20,1.000000,1/1,1.000000,False,True,0.000000,True,100.000000,100.000000,0.882500,0.882500,False,0.987500,0.987500,False,0.990000,0.990000,False,0.875000,0.875000,False,0.990000,0.990000,False,0.987500,0.987500,False,0.872500,0.872500,False,"fit failure, FF-sel",FF-sel,,1.000000,0.990000,0.990000,False,0.990000,0.990000,False,gate passed,1.000000,1.000000,1.000000,False,1.000000,1.000000,False,gate passed,1.000000,1.000000,1.000000,False,1.000000,1.000000,False,gate passed,1.000000,1.000000,1.000000,False,1.000000,1.000000,False,gate passed,
50,94050,fresh:50,20,0.992500,397/400,0.992500,False,True,0.000000,True,100.000000,100.000000,0.755000,0.755000,False,0.932500,0.932500,False,0.927500,0.927500,False,0.755000,0.755000,False,0.927500,0.927500,False,0.932500,0.932500,False,0.755000,0.755000,False,"fit failure, FF-sel",FF-sel,,100.000000,0.755000,0.755000,False,0.940000,0.940000,False,"BF fit failure, selection",100.000000,0.755000,0.755000,False,1.000000,1.000000,False,"BF fit failure, selection",100.000000,0.755000,0.755000,False,1.000000,1.000000,False,"BF fit failure, selection",100.000000,0.755000,0.755000,False,1.000000,1.000000,False,"BF fit failure, selection",
51,94051,fresh:51,20,0.995000,199/200,0.995000,False,True,0.000000,True,1.000000,1.000000,0.977500,0.977500,False,0.977500,0.977500,False,0.977500,0.977500,False,0.977500,0.977500,False,0.977500,0.977500,False,0.977500,0.977500,False,0.802500,0.802500,False,gate passed,,,1.000000,0.975000,0.975000,False,0.975000,0.975000,False,gate passed,1.000000,1.000000,1.000000,False,1.000000,1.000000,False,gate passed,1.000000,1.000000,1.000000,False,1.000000,1.000000,False,gate passed,1.000000,1.000000,1.000000,False,1.000000,1.000000,False,gate passed,
52,94052,fresh:52,20,0.995000,199/200,0.995000,False,True,0.000000,True,100.000000,100.000000,0.787500,0.787500,False,0.952500,0.952500,False,0.952500,0.952500,False,0.792500,0.792500,False,0.952500,0.952500,False,0.952500,0.952500,False,0.798750,0.798750,False,"fit failure, FF-sel",FF-sel,,100.000000,0.798750,0.798750,False,0.955000,0.955000,False,"BF fit failure, selection",100.000000,0.798750,0.798750,False,1.000000,1.000000,False,"BF fit failure, selection",100.000000,0.798750,0.798750,False,1.000000,1.000000,False,"BF fit failure, selection",100.000000,0.798750,0.798750,False,1.000000,1.000000,False,"BF fit failure, selection",
53,94053,fresh:53,20,0.992500,397/400,0.992500,False,True,0.000000,True,100.000000,100.000000,0.756250,0.756250,False,0.917500,0.917500,False,0.917500,0.917500,False,0.756250,0.756250,False,0.917500,0.917500,False,0.917500,0.917500,False,0.760000,0.760000,False,"fit failure, FF-sel",FF-sel,,100.000000,0.760000,0.760000,False,0.910000,0.910000,False,"BF fit failure, selection",100.000000,0.760000,0.760000,False,0.992500,0.992500,False,"BF fit failure, selection",100.000000,0.760000,0.760000,False,1.000000,1.000000,False,"BF fit failure, selection",100.000000,0.760000,0.760000,False,1.000000,1.000000,False,"BF fit failure, selection",
54,94054,fresh:54,20,0.995000,199/200,0.995000,False,True,2.000000,True,100.000000,100.000000,0.727500,0.727500,False,0.920000,0.920000,False,0.925000,0.925000,False,0.726250,0.727500,True,0.925000,0.925000,False,0.920000,0.920000,False,0.727500,0.727500,False,"fit failure, FF-sel",FF-sel,,100.000000,0.727500,0.727500,False,0.920000,0.920000,False,"BF fit failure, selection",1.000000,0.987500,0.987500,False,0.987500,0.987500,False,gate passed,1.000000,1.000000,1.000000,False,1.000000,1.000000,False,gate passed,1.000000,1.000000,1.000000,False,1.000000,1.000000,False,gate passed,
55,94055,fresh:55,20,1.000000,1/1,1.000000,False,True,0.000000,True,100.000000,100.000000,0.805000,0.805000,False,0.967500,0.967500,False,0.965000,0.965000,False,0.802500,0.805000,True,0.965000,0.965000,False,0.967500,0.967500,False,0.820000,0.815000,True,"fit failure, FF-sel",FF-sel,,100.000000,0.820000,0.815000,True,0.985000,0.985000,False,"BF fit failure, selection",100.000000,0.820000,0.815000,True,0.992500,0.992500,False,"BF fit failure, selection",100.000000,0.820000,0.815000,True,1.000000,1.000000,False,"BF fit failure, selection",100.000000,0.820000,0.815000,True,1.000000,1.000000,False,"BF fit failure, selection",
56,94056,fresh:56,20,1.000000,1/1,1.000000,False,True,0.000000,True,1.000000,1.000000,0.957500,0.957500,False,0.957500,0.957500,False,0.957500,0.957500,False,0.957500,0.957500,False,0.957500,0.957500,False,0.957500,0.957500,False,0.880000,0.880000,False,gate passed,,,1.000000,0.957500,0.957500,False,0.957500,0.957500,False,gate passed,1.000000,0.980000,0.980000,False,0.980000,0.980000,False,gate passed,1.000000,0.985000,0.985000,False,0.985000,0.985000,False,gate passed,1.000000,0.985000,0.985000,False,0.985000,0.985000,False,gate passed,
57,94057,fresh:57,20,0.985000,197/200,0.985000,False,True,2.000000,True,1.000000,1.000000,0.942500,0.942500,False,0.942500,0.942500,False,0.940000,0.940000,False,0.940000,0.940000,False,0.940000,0.940000,False,0.942500,0.942500,False,0.680000,0.680000,False,gate passed,,,1.000000,0.937500,0.937500,False,0.937500,0.937500,False,gate passed,1.000000,0.990000,0.990000,False,0.990000,0.990000,False,gate passed,1.000000,1.000000,1.000000,False,1.000000,1.000000,False,gate passed,1.000000,1.000000,1.000000,False,1.000000,1.000000,False,gate passed,
58,94058,fresh:58,20,0.987500,79/80,0.987500,False,True,1.000000,True,100.000000,100.000000,0.730000,0.730000,False,0.936250,0.936250,False,0.937500,0.937500,False,0.730000,0.730000,False,0.937500,0.937500,False,0.936250,0.936250,False,0.722500,0.722500,False,"fit failure, FF-sel",FF-sel,,100.000000,0.722500,0.722500,False,0.942500,0.942500,False,"BF fit failure, selection",1.000000,1.000000,1.000000,False,1.000000,1.000000,False,gate passed,1.000000,1.000000,1.000000,False,1.000000,1.000000,False,gate passed,1.000000,1.000000,1.000000,False,1.000000,1.000000,False,gate passed,
59,94059,fresh:59,20,0.980000,49/50,0.980000,False,True,0.000000,True,100.000000,100.000000,0.705000,0.705000,False,0.925000,0.925000,False,0.922500,0.922500,False,0.705000,0.707500,True,0.922500,0.922500,False,0.925000,0.925000,False,0.710000,0.710000,False,"fit failure, FF-sel",FF-sel,,100.000000,0.710000,0.710000,False,0.922500,0.922500,False,"BF fit failure, selection",100.000000,0.710000,0.710000,False,0.992500,0.992500,False,"BF fit failure, selection",100.000000,0.710000,0.710000,False,1.000000,1.000000,False,"BF fit failure, selection",100.000000,0.710000,0.710000,False,1.000000,1.000000,False,"BF fit failure, selection",
60,94060,fresh:60,20,0.992500,397/400,0.992500,False,True,0.000000,True,1.000000,1.000000,0.972500,0.972500,False,0.972500,0.972500,False,0.970000,0.970000,False,0.970000,0.970000,False,0.970000,0.970000,False,0.972500,0.972500,False,0.783750,0.783750,False,gate passed,,,1.000000,0.972500,0.972500,False,0.972500,0.972500,False,gate passed,1.000000,1.000000,1.000000,False,1.000000,1.000000,False,gate passed,1.000000,1.000000,1.000000,False,1.000000,1.000000,False,gate passed,1.000000,1.000000,1.000000,False,1.000000,1.000000,False,gate passed,
61,94061,fresh:61,20,0.980000,49/50,0.980000,False,True,3.000000,True,100.000000,100.000000,0.678750,0.678750,False,0.910000,0.910000,False,0.910000,0.910000,False,0.678750,0.678750,False,0.910000,0.910000,False,0.910000,0.910000,False,0.680000,0.680000,False,"fit failure, FF-sel",FF-sel,,100.000000,0.680000,0.680000,False,0.900000,0.900000,False,"BF fit failure, selection",100.000000,0.680000,0.680000,False,0.967500,0.967500,False,"BF fit failure, selection",100.000000,0.680000,0.680000,False,0.997500,0.997500,False,"BF fit failure, selection",100.000000,0.680000,0.680000,False,1.000000,1.000000,False,"BF fit failure, selection",
62,94062,fresh:62,20,1.000000,1/1,1.000000,False,True,0.000000,True,1.000000,1.000000,0.987500,0.987500,False,0.987500,0.987500,False,0.982500,0.982500,False,0.982500,0.982500,False,0.982500,0.982500,False,0.987500,0.987500,False,0.875000,0.875000,False,gate passed,,,1.000000,0.985000,0.985000,False,0.985000,0.985000,False,gate passed,1.000000,0.997500,0.997500,False,0.997500,0.997500,False,gate passed,1.000000,0.997500,0.997500,False,0.997500,0.997500,False,gate passed,1.000000,0.997500,0.997500,False,0.997500,0.997500,False,gate passed,
63,94063,fresh:63,20,1.000000,1/1,1.000000,False,True,0.000000,True,1.000000,1.000000,0.990000,0.990000,False,0.990000,0.990000,False,0.987500,0.987500,False,0.987500,0.987500,False,0.987500,0.987500,False,0.990000,0.990000,False,0.825000,0.825000,False,gate passed,,,1.000000,0.982500,0.982500,False,0.982500,0.982500,False,gate passed,1.000000,1.000000,1.000000,False,1.000000,1.000000,False,gate passed,1.000000,1.000000,1.000000,False,1.000000,1.000000,False,gate passed,1.000000,1.000000,1.000000,False,1.000000,1.000000,False,gate passed,
64,94064,fresh:64,20,1.000000,1/1,1.000000,False,True,0.000000,True,1.000000,1.000000,0.990000,0.990000,False,0.990000,0.990000,False,0.990000,0.990000,False,0.990000,0.990000,False,0.990000,0.990000,False,0.990000,0.990000,False,0.760000,0.760000,False,gate passed,,,1.000000,0.995000,0.995000,False,0.995000,0.995000,False,gate passed,1.000000,1.000000,1.000000,False,1.000000,1.000000,False,gate passed,1.000000,1.000000,1.000000,False,1.000000,1.000000,False,gate passed,1.000000,1.000000,1.000000,False,1.000000,1.000000,False,gate passed,
65,94065,fresh:65,20,1.000000,1/1,1.000000,False,True,0.000000,True,1.000000,1.000000,0.990000,0.990000,False,0.990000,0.990000,False,0.987500,0.987500,False,0.987500,0.987500,False,0.987500,0.987500,False,0.990000,0.990000,False,0.731250,0.731250,False,gate passed,,,1.000000,0.992500,0.992500,False,0.992500,0.992500,False,gate passed,1.000000,1.000000,1.000000,False,1.000000,1.000000,False,gate passed,1.000000,1.000000,1.000000,False,1.000000,1.000000,False,gate passed,1.000000,1.000000,1.000000,False,1.000000,1.000000,False,gate passed,
66,94066,fresh:66,20,1.000000,1/1,1.000000,False,True,0.000000,True,1.000000,1.000000,0.955000,0.955000,False,0.955000,0.955000,False,0.945000,0.945000,False,0.945000,0.945000,False,0.945000,0.945000,False,0.955000,0.955000,False,0.728750,0.728750,False,gate passed,,,1.000000,0.945000,0.945000,False,0.945000,0.945000,False,gate passed,1.000000,0.987500,0.987500,False,0.987500,0.987500,False,gate passed,1.000000,0.995000,0.995000,False,0.995000,0.995000,False,gate passed,1.000000,0.995000,0.995000,False,0.995000,0.995000,False,gate passed,
67,94067,fresh:67,20,0.980000,49/50,0.980000,False,True,1.000000,True,100.000000,100.000000,0.717500,0.717500,False,0.940000,0.940000,False,0.935000,0.935000,False,0.712500,0.712500,False,0.935000,0.935000,False,0.940000,0.940000,False,0.717500,0.717500,False,"fit failure, FF-sel",FF-sel,,100.000000,0.717500,0.717500,False,0.932500,0.932500,False,"BF fit failure, selection",100.000000,0.717500,0.717500,False,0.987500,0.987500,False,"BF fit failure, selection",100.000000,0.717500,0.717500,False,1.000000,1.000000,False,"BF fit failure, selection",100.000000,0.717500,0.717500,False,1.000000,1.000000,False,"BF fit failure, selection",
68,94068,fresh:68,20,1.000000,1/1,1.000000,False,True,0.000000,True,100.000000,100.000000,0.955000,0.955000,False,0.990000,0.990000,False,0.987500,0.987500,False,0.957500,0.957500,False,0.987500,0.987500,False,0.990000,0.990000,False,0.955000,0.955000,False,gate passed,,,100.000000,0.955000,0.955000,False,0.985000,0.985000,False,gate passed,100.000000,0.955000,0.955000,False,0.997500,0.997500,False,gate passed,100.000000,0.955000,0.955000,False,0.997500,0.997500,False,gate passed,100.000000,0.955000,0.955000,False,0.997500,0.997500,False,gate passed,
69,94069,fresh:69,20,0.980000,49/50,0.980000,False,True,0.000000,True,100.000000,100.000000,0.820000,0.820000,False,0.927500,0.927500,False,0.927500,0.927500,False,0.812500,0.812500,False,0.930000,0.930000,False,0.927500,0.927500,False,0.815000,0.815000,False,"fit failure, FF-sel",FF-sel,,100.000000,0.815000,0.815000,False,0.925000,0.925000,False,"BF fit failure, selection",100.000000,0.815000,0.815000,False,0.975000,0.975000,False,"BF fit failure, selection",100.000000,0.815000,0.815000,False,1.000000,1.000000,False,"BF fit failure, selection",100.000000,0.815000,0.815000,False,1.000000,1.000000,False,"BF fit failure, selection",
70,94070,fresh:70,20,1.000000,1/1,1.000000,False,True,0.000000,True,100.000000,100.000000,0.840000,0.840000,False,0.967500,0.967500,False,0.962500,0.962500,False,0.825000,0.825000,False,0.962500,0.962500,False,0.967500,0.967500,False,0.827500,0.827500,False,"fit failure, FF-sel",FF-sel,,100.000000,0.827500,0.827500,False,0.972500,0.972500,False,"BF fit failure, selection",100.000000,0.827500,0.827500,False,1.000000,1.000000,False,"BF fit failure, selection",100.000000,0.827500,0.827500,False,1.000000,1.000000,False,"BF fit failure, selection",100.000000,0.827500,0.827500,False,1.000000,1.000000,False,"BF fit failure, selection",
71,94071,fresh:71,20,1.000000,1/1,1.000000,False,True,0.000000,True,100.000000,100.000000,0.892500,0.892500,False,0.972500,0.972500,False,0.975000,0.975000,False,0.885000,0.885000,False,0.975000,0.975000,False,0.972500,0.972500,False,0.895000,0.895000,False,"fit failure, FF-sel",FF-sel,,100.000000,0.895000,0.895000,False,0.972500,0.972500,False,"BF fit failure, selection",100.000000,0.895000,0.895000,False,1.000000,1.000000,False,"BF fit failure, selection",100.000000,0.895000,0.895000,False,1.000000,1.000000,False,"BF fit failure, selection",100.000000,0.895000,0.895000,False,1.000000,1.000000,False,"BF fit failure, selection",
72,94072,fresh:72,20,1.000000,1/1,1.000000,False,True,0.000000,True,100.000000,100.000000,0.797500,0.797500,False,0.972500,0.972500,False,0.970000,0.970000,False,0.797500,0.797500,False,0.970000,0.970000,False,0.972500,0.972500,False,0.795000,0.795000,False,"fit failure, FF-sel",FF-sel,,100.000000,0.795000,0.795000,False,0.975000,0.975000,False,"BF fit failure, selection",100.000000,0.795000,0.795000,False,1.000000,1.000000,False,"BF fit failure, selection",100.000000,0.795000,0.795000,False,1.000000,1.000000,False,"BF fit failure, selection",100.000000,0.795000,0.795000,False,1.000000,1.000000,False,"BF fit failure, selection",
73,94073,fresh:73,20,0.995000,199/200,0.995000,False,True,0.000000,True,100.000000,100.000000,0.730000,0.730000,False,0.915000,0.915000,False,0.915000,0.915000,False,0.730000,0.730000,False,0.915000,0.915000,False,0.915000,0.915000,False,0.730000,0.730000,False,"fit failure, FF-sel",FF-sel,,100.000000,0.730000,0.730000,False,0.915000,0.915000,False,"BF fit failure, selection",100.000000,0.730000,0.730000,False,0.985000,0.985000,False,"BF fit failure, selection",100.000000,0.730000,0.730000,False,0.995000,0.995000,False,"BF fit failure, selection",100.000000,0.730000,0.730000,False,1.000000,1.000000,False,"BF fit failure, selection",
74,94074,fresh:74,20,0.990000,99/100,0.990000,False,True,2.000000,True,100.000000,100.000000,0.767500,0.767500,False,0.933750,0.933750,False,0.940000,0.940000,False,0.767500,0.767500,False,0.940000,0.940000,False,0.933750,0.933750,False,0.765000,0.765000,False,"fit failure, FF-sel",FF-sel,,100.000000,0.765000,0.765000,False,0.937500,0.937500,False,"BF fit failure, selection",100.000000,0.765000,0.765000,False,0.997500,0.997500,False,"BF fit failure, selection",100.000000,0.765000,0.765000,False,1.000000,1.000000,False,"BF fit failure, selection",100.000000,0.765000,0.765000,False,1.000000,1.000000,False,"BF fit failure, selection",
75,94075,fresh:75,20,1.000000,1/1,1.000000,False,True,0.000000,True,100.000000,100.000000,0.815000,0.815000,False,0.942500,0.942500,False,0.937500,0.937500,False,0.815000,0.815000,False,0.937500,0.937500,False,0.942500,0.942500,False,0.826250,0.826250,False,"fit failure, FF-sel",FF-sel,,100.000000,0.826250,0.826250,False,0.952500,0.952500,False,"BF fit failure, selection",100.000000,0.826250,0.826250,False,0.997500,0.997500,False,"BF fit failure, selection",100.000000,0.826250,0.826250,False,1.000000,1.000000,False,"BF fit failure, selection",100.000000,0.826250,0.826250,False,1.000000,1.000000,False,"BF fit failure, selection",
76,94076,fresh:76,20,0.995000,199/200,0.995000,False,True,0.000000,True,100.000000,100.000000,0.900000,0.900000,False,0.967500,0.967500,False,0.965000,0.965000,False,0.900000,0.900000,False,0.965000,0.965000,False,0.967500,0.967500,False,0.900000,0.900000,False,gate passed,,,100.000000,0.900000,0.900000,False,0.975000,0.975000,False,gate passed,100.000000,0.900000,0.900000,False,1.000000,1.000000,False,gate passed,100.000000,0.900000,0.900000,False,1.000000,1.000000,False,gate passed,100.000000,0.900000,0.900000,False,1.000000,1.000000,False,gate passed,
77,94077,fresh:77,20,1.000000,1/1,1.000000,False,True,0.000000,True,1.000000,1.000000,0.960000,0.960000,False,0.960000,0.960000,False,0.955000,0.955000,False,0.955000,0.955000,False,0.955000,0.955000,False,0.960000,0.960000,False,0.771250,0.771250,False,gate passed,,,1.000000,0.960000,0.960000,False,0.960000,0.960000,False,gate passed,100.000000,0.771250,0.771250,False,1.000000,1.000000,False,"BF fit failure, selection",100.000000,0.771250,0.771250,False,1.000000,1.000000,False,"BF fit failure, selection",100.000000,0.771250,0.771250,False,1.000000,1.000000,False,"BF fit failure, selection",
78,94078,fresh:78,20,0.995000,199/200,0.995000,False,True,0.000000,True,100.000000,100.000000,0.750000,0.750000,False,0.962500,0.962500,False,0.962500,0.962500,False,0.750000,0.750000,False,0.962500,0.962500,False,0.962500,0.962500,False,0.745000,0.745000,False,"fit failure, FF-sel",FF-sel,,100.000000,0.745000,0.745000,False,0.962500,0.962500,False,"BF fit failure, selection",1.000000,0.975000,0.975000,False,0.975000,0.975000,False,gate passed,1.000000,0.997500,0.997500,False,0.997500,0.997500,False,gate passed,1.000000,0.997500,0.997500,False,0.997500,0.997500,False,gate passed,
79,94079,fresh:79,20,1.000000,1/1,1.000000,False,True,0.000000,True,100.000000,100.000000,0.842500,0.842500,False,0.957500,0.957500,False,0.957500,0.957500,False,0.837500,0.837500,False,0.957500,0.957500,False,0.957500,0.957500,False,0.850000,0.850000,False,"fit failure, FF-sel",FF-sel,,100.000000,0.850000,0.850000,False,0.970000,0.970000,False,"BF fit failure, selection",100.000000,0.850000,0.850000,False,1.000000,1.000000,False,"BF fit failure, selection",100.000000,0.850000,0.850000,False,1.000000,1.000000,False,"BF fit failure, selection",100.000000,0.850000,0.850000,False,1.000000,1.000000,False,"BF fit failure, selection",
80,94080,fresh:80,20,0.995000,199/200,0.995000,False,True,0.000000,True,100.000000,100.000000,0.817500,0.817500,False,0.947500,0.947500,False,0.950000,0.950000,False,0.815000,0.815000,False,0.950000,0.950000,False,0.947500,0.947500,False,0.820000,0.820000,False,"fit failure, FF-sel",FF-sel,,100.000000,0.820000,0.820000,False,0.945000,0.945000,False,"BF fit failure, selection",100.000000,0.820000,0.820000,False,1.000000,1.000000,False,"BF fit failure, selection",100.000000,0.820000,0.820000,False,1.000000,1.000000,False,"BF fit failure, selection",100.000000,0.820000,0.820000,False,1.000000,1.000000,False,"BF fit failure, selection",
81,94081,fresh:81,20,1.000000,1/1,1.000000,False,True,0.000000,True,1.000000,1.000000,1.000000,1.000000,False,1.000000,1.000000,False,1.000000,1.000000,False,1.000000,1.000000,False,1.000000,1.000000,False,1.000000,1.000000,False,0.881250,0.881250,False,gate passed,,,1.000000,0.997500,0.997500,False,0.997500,0.997500,False,gate passed,1.000000,0.997500,0.997500,False,0.997500,0.997500,False,gate passed,1.000000,0.997500,0.997500,False,0.997500,0.997500,False,gate passed,1.000000,0.997500,0.997500,False,0.997500,0.997500,False,gate passed,
82,94082,fresh:82,20,1.000000,1/1,1.000000,False,True,0.000000,True,100.000000,100.000000,0.820000,0.820000,False,0.987500,0.987500,False,0.987500,0.987500,False,0.820000,0.820000,False,0.987500,0.987500,False,0.987500,0.987500,False,0.820000,0.820000,False,"fit failure, FF-sel",FF-sel,,100.000000,0.820000,0.820000,False,0.985000,0.985000,False,"BF fit failure, selection",100.000000,0.820000,0.820000,False,1.000000,1.000000,False,"BF fit failure, selection",100.000000,0.820000,0.820000,False,1.000000,1.000000,False,"BF fit failure, selection",100.000000,0.820000,0.820000,False,1.000000,1.000000,False,"BF fit failure, selection",
83,94083,fresh:83,20,0.990000,99/100,0.990000,False,True,0.000000,True,100.000000,100.000000,0.807500,0.807500,False,0.955000,0.955000,False,0.952500,0.952500,False,0.807500,0.807500,False,0.952500,0.952500,False,0.955000,0.955000,False,0.807500,0.807500,False,"fit failure, FF-sel",FF-sel,,100.000000,0.807500,0.807500,False,0.952500,0.952500,False,"BF fit failure, selection",100.000000,0.807500,0.807500,False,0.992500,0.992500,False,"BF fit failure, selection",100.000000,0.807500,0.807500,False,1.000000,1.000000,False,"BF fit failure, selection",100.000000,0.807500,0.807500,False,1.000000,1.000000,False,"BF fit failure, selection",
84,94084,fresh:84,20,0.992500,397/400,0.992500,False,True,0.000000,True,100.000000,100.000000,0.780000,0.780000,False,0.952500,0.952500,False,0.950000,0.950000,False,0.782500,0.782500,False,0.950000,0.950000,False,0.952500,0.952500,False,0.782500,0.782500,False,"fit failure, FF-sel",FF-sel,,100.000000,0.782500,0.782500,False,0.957500,0.957500,False,"BF fit failure, selection",1.000000,1.000000,1.000000,False,1.000000,1.000000,False,gate passed,1.000000,1.000000,1.000000,False,1.000000,1.000000,False,gate passed,1.000000,1.000000,1.000000,False,1.000000,1.000000,False,gate passed,
85,94085,fresh:85,20,0.995000,199/200,0.995000,False,True,2.000000,True,100.000000,100.000000,0.807500,0.807500,False,0.935000,0.935000,False,0.932500,0.932500,False,0.807500,0.807500,False,0.932500,0.932500,False,0.935000,0.935000,False,0.810000,0.810000,False,"fit failure, FF-sel",FF-sel,,100.000000,0.810000,0.810000,False,0.930000,0.930000,False,"BF fit failure, selection",100.000000,0.810000,0.810000,False,0.985000,0.985000,False,"BF fit failure, selection",100.000000,0.810000,0.810000,False,1.000000,1.000000,False,"BF fit failure, selection",100.000000,0.810000,0.810000,False,1.000000,1.000000,False,"BF fit failure, selection",
86,94086,fresh:86,20,1.000000,1/1,1.000000,False,True,0.000000,True,1.000000,1.000000,0.987500,0.987500,False,0.987500,0.987500,False,0.990000,0.990000,False,0.990000,0.990000,False,0.990000,0.990000,False,0.987500,0.987500,False,0.852500,0.852500,False,gate passed,,,1.000000,0.985000,0.985000,False,0.985000,0.985000,False,gate passed,1.000000,1.000000,1.000000,False,1.000000,1.000000,False,gate passed,100.000000,0.852500,0.852500,False,1.000000,1.000000,False,"BF fit failure, selection",100.000000,0.852500,0.852500,False,1.000000,1.000000,False,"BF fit failure, selection",
87,94087,fresh:87,20,1.000000,1/1,1.000000,False,True,0.000000,True,1.000000,1.000000,0.987500,0.987500,False,0.987500,0.987500,False,0.987500,0.987500,False,0.987500,0.987500,False,0.987500,0.987500,False,0.987500,0.987500,False,0.750000,0.750000,False,gate passed,,,1.000000,0.985000,0.985000,False,0.985000,0.985000,False,gate passed,1.000000,1.000000,1.000000,False,1.000000,1.000000,False,gate passed,1.000000,1.000000,1.000000,False,1.000000,1.000000,False,gate passed,1.000000,1.000000,1.000000,False,1.000000,1.000000,False,gate passed,
88,94088,fresh:88,20,1.000000,1/1,1.000000,False,True,0.000000,True,100.000000,100.000000,0.845000,0.845000,False,0.965000,0.965000,False,0.962500,0.962500,False,0.845000,0.845000,False,0.962500,0.962500,False,0.965000,0.965000,False,0.852500,0.852500,False,"fit failure, FF-sel",FF-sel,,100.000000,0.852500,0.852500,False,0.967500,0.967500,False,"BF fit failure, selection",1.000000,0.995000,0.995000,False,0.995000,0.995000,False,gate passed,1.000000,0.995000,0.995000,False,0.995000,0.995000,False,gate passed,1.000000,0.995000,0.995000,False,0.995000,0.995000,False,gate passed,
89,94089,fresh:89,20,1.000000,1/1,1.000000,False,True,0.000000,True,1.000000,1.000000,0.982500,0.982500,False,0.982500,0.982500,False,0.980000,0.980000,False,0.980000,0.980000,False,0.980000,0.980000,False,0.982500,0.982500,False,0.852500,0.852500,False,gate passed,,,1.000000,0.980000,0.980000,False,0.980000,0.980000,False,gate passed,1.000000,1.000000,1.000000,False,1.000000,1.000000,False,gate passed,1.000000,1.000000,1.000000,False,1.000000,1.000000,False,gate passed,1.000000,1.000000,1.000000,False,1.000000,1.000000,False,gate passed,
90,94090,fresh:90,20,0.995000,199/200,0.995000,False,True,0.000000,True,100.000000,100.000000,0.837500,0.837500,False,0.975000,0.975000,False,0.977500,0.977500,False,0.843750,0.843750,False,0.977500,0.977500,False,0.975000,0.975000,False,0.845000,0.845000,False,"fit failure, FF-sel",FF-sel,,100.000000,0.845000,0.845000,False,0.972500,0.972500,False,"BF fit failure, selection",100.000000,0.845000,0.845000,False,0.995000,0.995000,False,"BF fit failure, selection",100.000000,0.845000,0.845000,False,1.000000,1.000000,False,"BF fit failure, selection",100.000000,0.845000,0.845000,False,1.000000,1.000000,False,"BF fit failure, selection",
91,94091,fresh:91,20,0.995000,199/200,0.995000,False,True,0.000000,True,100.000000,100.000000,0.855000,0.855000,False,0.968750,0.968750,False,0.970000,0.970000,False,0.855000,0.855000,False,0.970000,0.970000,False,0.968750,0.968750,False,0.855000,0.855000,False,"fit failure, FF-sel",FF-sel,,100.000000,0.855000,0.855000,False,0.970000,0.970000,False,"BF fit failure, selection",1.000000,0.997500,0.997500,False,0.997500,0.997500,False,gate passed,1.000000,0.997500,0.997500,False,0.997500,0.997500,False,gate passed,1.000000,0.997500,0.997500,False,0.997500,0.997500,False,gate passed,
92,94092,fresh:92,20,1.000000,1/1,1.000000,False,True,0.000000,True,1.000000,1.000000,0.982500,0.982500,False,0.982500,0.982500,False,0.980000,0.980000,False,0.980000,0.980000,False,0.980000,0.980000,False,0.982500,0.982500,False,0.737500,0.737500,False,gate passed,,,1.000000,0.977500,0.977500,False,0.977500,0.977500,False,gate passed,1.000000,1.000000,1.000000,False,1.000000,1.000000,False,gate passed,1.000000,1.000000,1.000000,False,1.000000,1.000000,False,gate passed,1.000000,1.000000,1.000000,False,1.000000,1.000000,False,gate passed,
93,94093,fresh:93,20,0.995000,199/200,0.995000,False,True,0.000000,True,100.000000,100.000000,0.871250,0.871250,False,0.975000,0.975000,False,0.962500,0.962500,False,0.872500,0.872500,False,0.962500,0.962500,False,0.975000,0.975000,False,0.872500,0.872500,False,"fit failure, FF-sel",FF-sel,,100.000000,0.872500,0.872500,False,0.972500,0.972500,False,"BF fit failure, selection",100.000000,0.872500,0.872500,False,1.000000,1.000000,False,"BF fit failure, selection",100.000000,0.872500,0.872500,False,1.000000,1.000000,False,"BF fit failure, selection",100.000000,0.872500,0.872500,False,1.000000,1.000000,False,"BF fit failure, selection",
94,94094,fresh:94,20,0.990000,99/100,0.990000,False,True,1.000000,True,100.000000,100.000000,0.761250,0.761250,False,0.942500,0.942500,False,0.945000,0.945000,False,0.761250,0.761250,False,0.945000,0.945000,False,0.942500,0.942500,False,0.760000,0.760000,False,"fit failure, FF-sel",FF-sel,,100.000000,0.760000,0.760000,False,0.947500,0.947500,False,"BF fit failure, selection",100.000000,0.760000,0.760000,False,1.000000,1.000000,False,"BF fit failure, selection",100.000000,0.760000,0.760000,False,1.000000,1.000000,False,"BF fit failure, selection",100.000000,0.760000,0.760000,False,1.000000,1.000000,False,"BF fit failure, selection",
95,94095,fresh:95,20,1.000000,1/1,1.000000,False,True,0.000000,True,100.000000,100.000000,0.910000,0.910000,False,1.000000,1.000000,False,1.000000,1.000000,False,0.910000,0.910000,False,1.000000,1.000000,False,1.000000,1.000000,False,0.916250,0.916250,False,gate passed,,,100.000000,0.916250,0.916250,False,0.997500,0.997500,False,gate passed,100.000000,0.916250,0.916250,False,1.000000,1.000000,False,gate passed,100.000000,0.916250,0.916250,False,1.000000,1.000000,False,gate passed,100.000000,0.916250,0.916250,False,1.000000,1.000000,False,gate passed,
96,94096,fresh:96,20,0.980000,49/50,0.980000,False,True,1.000000,True,100.000000,100.000000,0.721250,0.721250,False,0.927500,0.927500,False,0.925000,0.925000,False,0.711250,0.711250,False,0.925000,0.925000,False,0.927500,0.927500,False,0.717500,0.717500,False,"fit failure, FF-sel",FF-sel,,100.000000,0.717500,0.717500,False,0.930000,0.930000,False,"BF fit failure, selection",100.000000,0.717500,0.717500,False,0.995000,0.995000,False,"BF fit failure, selection",100.000000,0.717500,0.717500,False,1.000000,1.000000,False,"BF fit failure, selection",100.000000,0.717500,0.717500,False,1.000000,1.000000,False,"BF fit failure, selection",
97,94097,fresh:97,20,1.000000,1/1,1.000000,False,True,0.000000,True,100.000000,100.000000,0.900000,0.900000,False,0.992500,0.992500,False,0.995000,0.995000,False,0.900000,0.900000,False,0.995000,0.995000,False,0.992500,0.992500,False,0.900000,0.900000,False,gate passed,,,100.000000,0.900000,0.900000,False,0.997500,0.997500,False,gate passed,100.000000,0.900000,0.900000,False,1.000000,1.000000,False,gate passed,100.000000,0.900000,0.900000,False,1.000000,1.000000,False,gate passed,100.000000,0.900000,0.900000,False,1.000000,1.000000,False,gate passed,
98,94098,fresh:98,20,0.977500,391/400,0.977500,False,True,2.000000,True,100.000000,100.000000,0.715000,0.715000,False,0.917500,0.917500,False,0.915000,0.915000,False,0.716250,0.715000,True,0.915000,0.915000,False,0.917500,0.917500,False,0.721250,0.710000,True,"fit failure, FF-sel",FF-sel,,100.000000,0.721250,0.710000,True,0.915000,0.915000,False,"BF fit failure, selection",1.000000,0.997500,0.997500,False,0.997500,0.997500,False,gate passed,1.000000,1.000000,1.000000,False,1.000000,1.000000,False,gate passed,1.000000,1.000000,1.000000,False,1.000000,1.000000,False,gate passed,
99,94099,fresh:99,20,0.972500,389/400,0.972500,False,True,1.000000,True,100.000000,100.000000,0.728750,0.728750,False,0.915000,0.915000,False,0.915000,0.915000,False,0.728750,0.728750,False,0.915000,0.915000,False,0.915000,0.915000,False,0.717500,0.717500,False,"fit failure, FF-sel",FF-sel,,100.000000,0.717500,0.717500,False,0.925000,0.925000,False,"BF fit failure, selection",100.000000,0.717500,0.717500,False,0.980000,0.980000,False,"BF fit failure, selection",100.000000,0.717500,0.717500,False,1.000000,1.000000,False,"BF fit failure, selection",100.000000,0.717500,0.717500,False,1.000000,1.000000,False,"BF fit failure, selection",
100,94100,fresh:100,20,0.995000,199/200,0.995000,False,True,1.000000,True,100.000000,100.000000,0.775000,0.775000,False,0.942500,0.942500,False,0.942500,0.942500,False,0.767500,0.767500,False,0.942500,0.942500,False,0.942500,0.942500,False,0.781250,0.781250,False,"fit failure, FF-sel",FF-sel,,100.000000,0.781250,0.781250,False,0.935000,0.935000,False,"BF fit failure, selection",100.000000,0.781250,0.781250,False,1.000000,1.000000,False,"BF fit failure, selection",100.000000,0.781250,0.781250,False,1.000000,1.000000,False,"BF fit failure, selection",100.000000,0.781250,0.781250,False,1.000000,1.000000,False,"BF fit failure, selection",
101,94101,fresh:101,20,0.995000,199/200,0.995000,False,True,0.000000,True,1.000000,1.000000,0.950000,0.950000,False,0.950000,0.950000,False,0.952500,0.952500,False,0.952500,0.952500,False,0.952500,0.952500,False,0.950000,0.950000,False,0.747500,0.747500,False,gate passed,,,1.000000,0.957500,0.957500,False,0.957500,0.957500,False,gate passed,1.000000,1.000000,1.000000,False,1.000000,1.000000,False,gate passed,1.000000,1.000000,1.000000,False,1.000000,1.000000,False,gate passed,1.000000,1.000000,1.000000,False,1.000000,1.000000,False,gate passed,
102,94102,fresh:102,20,0.990000,99/100,0.990000,False,True,1.000000,True,100.000000,100.000000,0.698750,0.698750,False,0.955000,0.955000,False,0.947500,0.947500,False,0.698750,0.698750,False,0.947500,0.947500,False,0.955000,0.955000,False,0.700000,0.700000,False,"fit failure, FF-sel",FF-sel,,100.000000,0.700000,0.700000,False,0.947500,0.947500,False,"BF fit failure, selection",1.000000,1.000000,1.000000,False,1.000000,1.000000,False,gate passed,1.000000,1.000000,1.000000,False,1.000000,1.000000,False,gate passed,1.000000,1.000000,1.000000,False,1.000000,1.000000,False,gate passed,
103,94103,fresh:103,20,1.000000,1/1,1.000000,False,True,0.000000,True,1.000000,1.000000,0.982500,0.982500,False,0.982500,0.982500,False,0.977500,0.977500,False,0.977500,0.977500,False,0.977500,0.977500,False,0.982500,0.982500,False,0.752500,0.752500,False,gate passed,,,1.000000,0.975000,0.975000,False,0.975000,0.975000,False,gate passed,1.000000,1.000000,1.000000,False,1.000000,1.000000,False,gate passed,1.000000,1.000000,1.000000,False,1.000000,1.000000,False,gate passed,1.000000,1.000000,1.000000,False,1.000000,1.000000,False,gate passed,
104,94104,fresh:104,20,0.982500,393/400,0.982500,False,True,1.000000,True,100.000000,100.000000,0.785000,0.785000,False,0.932500,0.932500,False,0.935000,0.935000,False,0.785000,0.785000,False,0.935000,0.935000,False,0.932500,0.932500,False,0.795000,0.795000,False,"fit failure, FF-sel",FF-sel,,100.000000,0.795000,0.795000,False,0.937500,0.937500,False,"BF fit failure, selection",100.000000,0.795000,0.795000,False,1.000000,1.000000,False,"BF fit failure, selection",100.000000,0.795000,0.795000,False,1.000000,1.000000,False,"BF fit failure, selection",100.000000,0.795000,0.795000,False,1.000000,1.000000,False,"BF fit failure, selection",
105,94105,fresh:105,20,1.000000,1/1,1.000000,False,True,0.000000,True,1.000000,1.000000,0.990000,0.990000,False,0.990000,0.990000,False,0.992500,0.992500,False,0.992500,0.992500,False,0.992500,0.992500,False,0.990000,0.990000,False,0.882500,0.882500,False,gate passed,,,1.000000,0.995000,0.995000,False,0.995000,0.995000,False,gate passed,1.000000,1.000000,1.000000,False,1.000000,1.000000,False,gate passed,1.000000,1.000000,1.000000,False,1.000000,1.000000,False,gate passed,1.000000,1.000000,1.000000,False,1.000000,1.000000,False,gate passed,
106,94106,fresh:106,20,1.000000,1/1,1.000000,False,True,0.000000,True,1.000000,1.000000,0.987500,0.987500,False,0.987500,0.987500,False,0.987500,0.987500,False,0.987500,0.987500,False,0.987500,0.987500,False,0.987500,0.987500,False,0.805000,0.805000,False,gate passed,,,1.000000,0.990000,0.990000,False,0.990000,0.990000,False,gate passed,1.000000,1.000000,1.000000,False,1.000000,1.000000,False,gate passed,1.000000,1.000000,1.000000,False,1.000000,1.000000,False,gate passed,1.000000,1.000000,1.000000,False,1.000000,1.000000,False,gate passed,
107,94107,fresh:107,20,1.000000,1/1,1.000000,False,True,0.000000,True,1.000000,1.000000,0.985000,0.985000,False,0.985000,0.985000,False,0.985000,0.985000,False,0.985000,0.985000,False,0.985000,0.985000,False,0.985000,0.985000,False,0.895000,0.895000,False,gate passed,,,1.000000,0.980000,0.980000,False,0.980000,0.980000,False,gate passed,1.000000,0.995000,0.995000,False,0.995000,0.995000,False,gate passed,1.000000,0.995000,0.995000,False,0.995000,0.995000,False,gate passed,1.000000,0.995000,0.995000,False,0.995000,0.995000,False,gate passed,
108,94108,fresh:108,20,0.987500,79/80,0.987500,False,True,0.000000,True,1.000000,1.000000,0.950000,0.950000,False,0.950000,0.950000,False,0.947500,0.947500,False,0.947500,0.947500,False,0.947500,0.947500,False,0.950000,0.950000,False,0.710000,0.710000,False,gate passed,,,1.000000,0.947500,0.947500,False,0.947500,0.947500,False,gate passed,1.000000,0.992500,0.992500,False,0.992500,0.992500,False,gate passed,1.000000,1.000000,1.000000,False,1.000000,1.000000,False,gate passed,1.000000,1.000000,1.000000,False,1.000000,1.000000,False,gate passed,
109,94109,fresh:109,20,0.985000,197/200,0.985000,False,True,1.000000,True,100.000000,100.000000,0.740000,0.740000,False,0.950000,0.950000,False,0.947500,0.947500,False,0.740000,0.740000,False,0.947500,0.947500,False,0.950000,0.950000,False,0.737500,0.737500,False,"fit failure, FF-sel",FF-sel,,100.000000,0.737500,0.737500,False,0.942500,0.942500,False,"BF fit failure, selection",100.000000,0.737500,0.737500,False,1.000000,1.000000,False,"BF fit failure, selection",100.000000,0.737500,0.737500,False,1.000000,1.000000,False,"BF fit failure, selection",100.000000,0.737500,0.737500,False,1.000000,1.000000,False,"BF fit failure, selection",
110,94110,fresh:110,20,0.995000,199/200,0.995000,False,True,0.000000,True,100.000000,100.000000,0.757500,0.757500,False,0.942500,0.942500,False,0.945000,0.945000,False,0.752500,0.752500,False,0.945000,0.945000,False,0.942500,0.942500,False,0.770000,0.770000,False,"fit failure, FF-sel",FF-sel,,100.000000,0.770000,0.770000,False,0.947500,0.947500,False,"BF fit failure, selection",100.000000,0.770000,0.770000,False,1.000000,1.000000,False,"BF fit failure, selection",100.000000,0.770000,0.770000,False,1.000000,1.000000,False,"BF fit failure, selection",100.000000,0.770000,0.770000,False,1.000000,1.000000,False,"BF fit failure, selection",
111,94111,fresh:111,20,0.995000,199/200,0.995000,False,True,0.000000,True,100.000000,100.000000,0.865000,0.865000,False,0.955000,0.955000,False,0.950000,0.950000,False,0.857500,0.857500,False,0.950000,0.950000,False,0.955000,0.955000,False,0.865000,0.865000,False,"fit failure, FF-sel",FF-sel,,100.000000,0.865000,0.865000,False,0.955000,0.955000,False,"BF fit failure, selection",100.000000,0.865000,0.865000,False,1.000000,1.000000,False,"BF fit failure, selection",100.000000,0.865000,0.865000,False,1.000000,1.000000,False,"BF fit failure, selection",100.000000,0.865000,0.865000,False,1.000000,1.000000,False,"BF fit failure, selection",
112,94112,fresh:112,20,0.990000,99/100,0.990000,False,True,0.000000,True,100.000000,100.000000,0.795000,0.795000,False,0.933750,0.933750,False,0.930000,0.930000,False,0.795000,0.795000,False,0.930000,0.930000,False,0.933750,0.933750,False,0.797500,0.797500,False,"fit failure, FF-sel",FF-sel,,100.000000,0.797500,0.797500,False,0.937500,0.937500,False,"BF fit failure, selection",1.000000,1.000000,1.000000,False,1.000000,1.000000,False,gate passed,1.000000,1.000000,1.000000,False,1.000000,1.000000,False,gate passed,1.000000,1.000000,1.000000,False,1.000000,1.000000,False,gate passed,
113,94113,fresh:113,20,1.000000,1/1,1.000000,False,True,0.000000,True,1.000000,1.000000,0.997500,0.997500,False,0.997500,0.997500,False,0.997500,0.997500,False,0.997500,0.997500,False,0.997500,0.997500,False,0.997500,0.997500,False,0.940000,0.940000,False,gate passed,,,1.000000,0.997500,0.997500,False,0.997500,0.997500,False,gate passed,1.000000,1.000000,1.000000,False,1.000000,1.000000,False,gate passed,1.000000,1.000000,1.000000,False,1.000000,1.000000,False,gate passed,1.000000,1.000000,1.000000,False,1.000000,1.000000,False,gate passed,
114,94114,fresh:114,20,0.995000,199/200,0.995000,False,True,0.000000,True,100.000000,100.000000,0.850000,0.850000,False,0.985000,0.985000,False,0.985000,0.985000,False,0.845000,0.845000,False,0.985000,0.985000,False,0.985000,0.985000,False,0.845000,0.845000,False,"fit failure, FF-sel",FF-sel,,100.000000,0.845000,0.845000,False,0.990000,0.990000,False,"BF fit failure, selection",100.000000,0.845000,0.845000,False,1.000000,1.000000,False,"BF fit failure, selection",100.000000,0.845000,0.845000,False,1.000000,1.000000,False,"BF fit failure, selection",100.000000,0.845000,0.845000,False,1.000000,1.000000,False,"BF fit failure, selection",
115,94115,fresh:115,20,1.000000,1/1,1.000000,False,True,0.000000,True,100.000000,100.000000,0.820000,0.820000,False,0.920000,0.920000,False,0.922500,0.922500,False,0.820000,0.820000,False,0.922500,0.922500,False,0.920000,0.920000,False,0.830000,0.830000,False,"fit failure, FF-sel",FF-sel,,100.000000,0.830000,0.830000,False,0.930000,0.930000,False,"BF fit failure, selection",100.000000,0.830000,0.830000,False,1.000000,1.000000,False,"BF fit failure, selection",100.000000,0.830000,0.830000,False,1.000000,1.000000,False,"BF fit failure, selection",100.000000,0.830000,0.830000,False,1.000000,1.000000,False,"BF fit failure, selection",
116,94116,fresh:116,20,0.992500,397/400,0.992500,False,True,0.000000,True,100.000000,100.000000,0.828750,0.828750,False,0.955000,0.955000,False,0.955000,0.955000,False,0.818750,0.818750,False,0.955000,0.955000,False,0.955000,0.955000,False,0.827500,0.827500,False,"fit failure, FF-sel",FF-sel,,100.000000,0.827500,0.827500,False,0.952500,0.952500,False,"BF fit failure, selection",100.000000,0.827500,0.827500,False,1.000000,1.000000,False,"BF fit failure, selection",100.000000,0.827500,0.827500,False,1.000000,1.000000,False,"BF fit failure, selection",100.000000,0.827500,0.827500,False,1.000000,1.000000,False,"BF fit failure, selection",
117,94117,fresh:117,20,0.990000,99/100,0.990000,False,True,0.000000,True,1.000000,1.000000,0.950000,0.950000,False,0.950000,0.950000,False,0.945000,0.945000,False,0.945000,0.945000,False,0.945000,0.945000,False,0.950000,0.950000,False,0.782500,0.782500,False,gate passed,,,1.000000,0.945000,0.945000,False,0.945000,0.945000,False,gate passed,1.000000,1.000000,1.000000,False,1.000000,1.000000,False,gate passed,100.000000,0.782500,0.782500,False,1.000000,1.000000,False,"BF fit failure, selection",100.000000,0.782500,0.782500,False,1.000000,1.000000,False,"BF fit failure, selection",
118,94118,fresh:118,20,1.000000,1/1,1.000000,False,True,0.000000,True,100.000000,100.000000,0.742500,0.742500,False,0.935000,0.935000,False,0.932500,0.932500,False,0.742500,0.742500,False,0.932500,0.932500,False,0.935000,0.935000,False,0.742500,0.742500,False,"fit failure, FF-sel",FF-sel,,100.000000,0.742500,0.742500,False,0.930000,0.930000,False,"BF fit failure, selection",100.000000,0.742500,0.742500,False,0.987500,0.987500,False,"BF fit failure, selection",100.000000,0.742500,0.742500,False,1.000000,1.000000,False,"BF fit failure, selection",100.000000,0.742500,0.742500,False,1.000000,1.000000,False,"BF fit failure, selection",
119,94119,fresh:119,20,0.995000,199/200,0.995000,False,True,0.000000,True,100.000000,100.000000,0.805000,0.805000,False,0.925000,0.925000,False,0.930000,0.930000,False,0.805000,0.805000,False,0.930000,0.930000,False,0.925000,0.925000,False,0.805000,0.805000,False,"fit failure, FF-sel",FF-sel,,100.000000,0.805000,0.805000,False,0.922500,0.922500,False,"BF fit failure, selection",100.000000,0.805000,0.805000,False,0.990000,0.990000,False,"BF fit failure, selection",100.000000,0.805000,0.805000,False,1.000000,1.000000,False,"BF fit failure, selection",100.000000,0.805000,0.805000,False,1.000000,1.000000,False,"BF fit failure, selection",
120,94120,fresh:120,20,0.995000,199/200,0.995000,False,True,0.000000,True,100.000000,100.000000,0.775000,0.775000,False,0.937500,0.937500,False,0.930000,0.930000,False,0.785000,0.780000,True,0.930000,0.930000,False,0.937500,0.937500,False,0.780000,0.775000,True,"fit failure, FF-sel",FF-sel,,100.000000,0.780000,0.775000,True,0.942500,0.942500,False,"BF fit failure, selection",100.000000,0.780000,0.775000,True,1.000000,1.000000,False,"BF fit failure, selection",100.000000,0.780000,0.775000,True,1.000000,1.000000,False,"BF fit failure, selection",100.000000,0.780000,0.775000,True,1.000000,1.000000,False,"BF fit failure, selection",
121,94121,fresh:121,20,0.995000,199/200,0.995000,False,True,0.000000,True,100.000000,100.000000,0.798750,0.798750,False,0.945000,0.945000,False,0.942500,0.942500,False,0.801250,0.801250,False,0.942500,0.942500,False,0.945000,0.945000,False,0.800000,0.800000,False,"fit failure, FF-sel",FF-sel,,100.000000,0.800000,0.800000,False,0.940000,0.940000,False,"BF fit failure, selection",100.000000,0.800000,0.800000,False,0.997500,0.997500,False,"BF fit failure, selection",100.000000,0.800000,0.800000,False,1.000000,1.000000,False,"BF fit failure, selection",100.000000,0.800000,0.800000,False,1.000000,1.000000,False,"BF fit failure, selection",
122,94122,fresh:122,20,1.000000,1/1,1.000000,False,True,0.000000,True,100.000000,100.000000,0.832500,0.832500,False,0.942500,0.942500,False,0.922500,0.922500,False,0.817500,0.817500,False,0.922500,0.922500,False,0.942500,0.942500,False,0.825000,0.825000,False,"fit failure, FF-sel",FF-sel,,100.000000,0.825000,0.825000,False,0.955000,0.955000,False,"BF fit failure, selection",100.000000,0.825000,0.825000,False,0.995000,0.995000,False,"BF fit failure, selection",100.000000,0.825000,0.825000,False,1.000000,1.000000,False,"BF fit failure, selection",100.000000,0.825000,0.825000,False,1.000000,1.000000,False,"BF fit failure, selection",
123,94123,fresh:123,20,0.990000,99/100,0.990000,False,True,2.000000,True,100.000000,100.000000,0.775000,0.775000,False,0.938750,0.938750,False,0.932500,0.932500,False,0.770000,0.770000,False,0.932500,0.932500,False,0.938750,0.938750,False,0.775000,0.775000,False,"fit failure, FF-sel",FF-sel,,100.000000,0.775000,0.775000,False,0.945000,0.945000,False,"BF fit failure, selection",100.000000,0.775000,0.775000,False,0.995000,0.995000,False,"BF fit failure, selection",100.000000,0.775000,0.775000,False,1.000000,1.000000,False,"BF fit failure, selection",100.000000,0.775000,0.775000,False,1.000000,1.000000,False,"BF fit failure, selection",
124,94124,fresh:124,20,1.000000,1/1,1.000000,False,True,0.000000,True,1.000000,1.000000,0.995000,0.995000,False,0.995000,0.995000,False,0.992500,0.992500,False,0.992500,0.992500,False,0.992500,0.992500,False,0.995000,0.995000,False,0.722500,0.722500,False,gate passed,,,1.000000,0.995000,0.995000,False,0.995000,0.995000,False,gate passed,1.000000,1.000000,1.000000,False,1.000000,1.000000,False,gate passed,1.000000,1.000000,1.000000,False,1.000000,1.000000,False,gate passed,1.000000,1.000000,1.000000,False,1.000000,1.000000,False,gate passed,
125,94125,fresh:125,20,0.985000,197/200,0.985000,False,True,0.000000,True,100.000000,100.000000,0.735000,0.735000,False,0.937500,0.937500,False,0.927500,0.927500,False,0.737500,0.737500,False,0.927500,0.927500,False,0.937500,0.937500,False,0.742500,0.742500,False,"fit failure, FF-sel",FF-sel,,100.000000,0.742500,0.742500,False,0.942500,0.942500,False,"BF fit failure, selection",1.000000,1.000000,1.000000,False,1.000000,1.000000,False,gate passed,1.000000,1.000000,1.000000,False,1.000000,1.000000,False,gate passed,1.000000,1.000000,1.000000,False,1.000000,1.000000,False,gate passed,
126,94126,fresh:126,20,1.000000,1/1,1.000000,False,True,0.000000,True,1.000000,1.000000,0.997500,0.997500,False,0.997500,0.997500,False,0.995000,0.995000,False,0.995000,0.995000,False,0.995000,0.995000,False,0.997500,0.997500,False,0.928750,0.928750,False,gate passed,,,1.000000,1.000000,1.000000,False,1.000000,1.000000,False,gate passed,100.000000,0.928750,0.928750,False,1.000000,1.000000,False,gate passed,100.000000,0.928750,0.928750,False,1.000000,1.000000,False,gate passed,100.000000,0.928750,0.928750,False,1.000000,1.000000,False,gate passed,
127,94127,fresh:127,20,0.990000,99/100,0.990000,False,True,0.000000,True,100.000000,100.000000,0.807500,0.807500,False,0.942500,0.942500,False,0.935000,0.935000,False,0.807500,0.807500,False,0.935000,0.935000,False,0.942500,0.942500,False,0.810000,0.810000,False,"fit failure, FF-sel",FF-sel,,100.000000,0.810000,0.810000,False,0.942500,0.942500,False,"BF fit failure, selection",100.000000,0.810000,0.810000,False,0.990000,0.990000,False,"BF fit failure, selection",100.000000,0.810000,0.810000,False,1.000000,1.000000,False,"BF fit failure, selection",100.000000,0.810000,0.810000,False,1.000000,1.000000,False,"BF fit failure, selection",
128,94128,fresh:128,20,0.995000,199/200,0.995000,False,True,0.000000,True,100.000000,100.000000,0.825000,0.825000,False,0.925000,0.925000,False,0.925000,0.925000,False,0.825000,0.825000,False,0.925000,0.925000,False,0.925000,0.925000,False,0.825000,0.825000,False,"fit failure, FF-sel",FF-sel,,100.000000,0.825000,0.825000,False,0.945000,0.945000,False,"BF fit failure, selection",100.000000,0.825000,0.825000,False,0.990000,0.990000,False,"BF fit failure, selection",100.000000,0.825000,0.825000,False,0.995000,0.995000,False,"BF fit failure, selection",100.000000,0.825000,0.825000,False,0.995000,0.995000,False,"BF fit failure, selection",
129,94129,fresh:129,20,1.000000,1/1,1.000000,False,True,0.000000,True,100.000000,100.000000,0.925000,0.925000,False,1.000000,1.000000,False,1.000000,1.000000,False,0.925000,0.925000,False,1.000000,1.000000,False,1.000000,1.000000,False,0.920000,0.920000,False,gate passed,,,100.000000,0.920000,0.920000,False,1.000000,1.000000,False,gate passed,100.000000,0.920000,0.920000,False,1.000000,1.000000,False,gate passed,100.000000,0.920000,0.920000,False,1.000000,1.000000,False,gate passed,100.000000,0.920000,0.920000,False,1.000000,1.000000,False,gate passed,
130,94130,fresh:130,20,1.000000,1/1,1.000000,False,True,0.000000,True,100.000000,100.000000,0.842500,0.842500,False,0.957500,0.957500,False,0.947500,0.947500,False,0.842500,0.842500,False,0.947500,0.947500,False,0.957500,0.957500,False,0.846250,0.846250,False,"fit failure, FF-sel",FF-sel,,100.000000,0.846250,0.846250,False,0.972500,0.972500,False,"BF fit failure, selection",1.000000,1.000000,1.000000,False,1.000000,1.000000,False,gate passed,100.000000,0.846250,0.846250,False,1.000000,1.000000,False,"BF fit failure, selection",100.000000,0.846250,0.846250,False,1.000000,1.000000,False,"BF fit failure, selection",
131,94131,fresh:131,20,0.975000,39/40,0.975000,False,True,1.000000,True,100.000000,100.000000,0.717500,0.717500,False,0.917500,0.917500,False,0.915000,0.915000,False,0.717500,0.717500,False,0.915000,0.915000,False,0.917500,0.917500,False,0.727500,0.727500,False,"fit failure, FF-sel",FF-sel,,100.000000,0.727500,0.727500,False,0.922500,0.922500,False,"BF fit failure, selection",100.000000,0.727500,0.727500,False,0.995000,0.995000,False,"BF fit failure, selection",100.000000,0.727500,0.727500,False,1.000000,1.000000,False,"BF fit failure, selection",100.000000,0.727500,0.727500,False,1.000000,1.000000,False,"BF fit failure, selection",
132,94132,fresh:132,20,1.000000,1/1,1.000000,False,True,0.000000,True,100.000000,100.000000,0.816250,0.816250,False,0.936250,0.936250,False,0.935000,0.935000,False,0.816250,0.816250,False,0.935000,0.935000,False,0.936250,0.936250,False,0.820000,0.820000,False,"fit failure, FF-sel",FF-sel,,100.000000,0.820000,0.820000,False,0.935000,0.935000,False,"BF fit failure, selection",1.000000,0.995000,0.995000,False,0.995000,0.995000,False,gate passed,1.000000,1.000000,1.000000,False,1.000000,1.000000,False,gate passed,1.000000,1.000000,1.000000,False,1.000000,1.000000,False,gate passed,
133,94133,fresh:133,20,0.995000,199/200,0.995000,False,True,0.000000,True,1.000000,1.000000,0.975000,0.975000,False,0.975000,0.975000,False,0.965000,0.965000,False,0.965000,0.965000,False,0.965000,0.965000,False,0.975000,0.975000,False,0.820000,0.820000,False,gate passed,,,1.000000,0.970000,0.970000,False,0.970000,0.970000,False,gate passed,1.000000,1.000000,1.000000,False,1.000000,1.000000,False,gate passed,1.000000,1.000000,1.000000,False,1.000000,1.000000,False,gate passed,1.000000,1.000000,1.000000,False,1.000000,1.000000,False,gate passed,
134,94134,fresh:134,20,0.992500,397/400,0.992500,False,True,0.000000,True,100.000000,100.000000,0.767500,0.767500,False,0.950000,0.950000,False,0.950000,0.950000,False,0.767500,0.767500,False,0.950000,0.950000,False,0.950000,0.950000,False,0.767500,0.767500,False,"fit failure, FF-sel",FF-sel,,100.000000,0.767500,0.767500,False,0.950000,0.950000,False,"BF fit failure, selection",1.000000,1.000000,1.000000,False,1.000000,1.000000,False,gate passed,1.000000,1.000000,1.000000,False,1.000000,1.000000,False,gate passed,1.000000,1.000000,1.000000,False,1.000000,1.000000,False,gate passed,
135,94135,fresh:135,20,0.995000,199/200,0.995000,False,True,0.000000,True,100.000000,100.000000,0.862500,0.862500,False,0.972500,0.972500,False,0.975000,0.975000,False,0.870000,0.870000,False,0.975000,0.975000,False,0.972500,0.972500,False,0.857500,0.857500,False,"fit failure, FF-sel",FF-sel,,100.000000,0.857500,0.857500,False,0.980000,0.980000,False,"BF fit failure, selection",100.000000,0.857500,0.857500,False,1.000000,1.000000,False,"BF fit failure, selection",100.000000,0.857500,0.857500,False,1.000000,1.000000,False,"BF fit failure, selection",100.000000,0.857500,0.857500,False,1.000000,1.000000,False,"BF fit failure, selection",
136,94136,fresh:136,20,0.995000,199/200,0.995000,False,True,0.000000,True,100.000000,100.000000,0.731250,0.731250,False,0.927500,0.927500,False,0.925000,0.925000,False,0.718750,0.718750,False,0.925000,0.925000,False,0.927500,0.927500,False,0.750000,0.750000,False,"fit failure, FF-sel",FF-sel,,100.000000,0.750000,0.750000,False,0.927500,0.927500,False,"BF fit failure, selection",100.000000,0.750000,0.750000,False,0.997500,0.997500,False,"BF fit failure, selection",100.000000,0.750000,0.750000,False,1.000000,1.000000,False,"BF fit failure, selection",100.000000,0.750000,0.750000,False,1.000000,1.000000,False,"BF fit failure, selection",
137,94137,fresh:137,20,0.995000,199/200,0.995000,False,True,0.000000,True,1.000000,1.000000,0.962500,0.962500,False,0.962500,0.962500,False,0.957500,0.957500,False,0.957500,0.957500,False,0.957500,0.957500,False,0.962500,0.962500,False,0.807500,0.807500,False,gate passed,,,1.000000,0.965000,0.965000,False,0.965000,0.965000,False,gate passed,1.000000,1.000000,1.000000,False,1.000000,1.000000,False,gate passed,1.000000,1.000000,1.000000,False,1.000000,1.000000,False,gate passed,1.000000,1.000000,1.000000,False,1.000000,1.000000,False,gate passed,
138,94138,fresh:138,20,0.995000,199/200,0.995000,False,True,3.000000,True,100.000000,100.000000,0.770000,0.770000,False,0.915000,0.915000,False,0.920000,0.920000,False,0.755000,0.755000,False,0.920000,0.920000,False,0.915000,0.915000,False,0.760000,0.760000,False,"fit failure, FF-sel",FF-sel,,100.000000,0.760000,0.760000,False,0.907500,0.907500,False,"BF fit failure, selection",100.000000,0.760000,0.760000,False,0.960000,0.960000,False,"BF fit failure, selection",100.000000,0.760000,0.760000,False,1.000000,1.000000,False,"BF fit failure, selection",100.000000,0.760000,0.760000,False,1.000000,1.000000,False,"BF fit failure, selection",
139,94139,fresh:139,20,0.987500,79/80,0.987500,False,True,1.000000,True,100.000000,100.000000,0.801250,0.801250,False,0.970000,0.970000,False,0.967500,0.967500,False,0.797500,0.797500,False,0.967500,0.967500,False,0.970000,0.970000,False,0.797500,0.797500,False,"fit failure, FF-sel",FF-sel,,100.000000,0.797500,0.797500,False,0.965000,0.965000,False,"BF fit failure, selection",1.000000,1.000000,1.000000,False,1.000000,1.000000,False,gate passed,1.000000,1.000000,1.000000,False,1.000000,1.000000,False,gate passed,1.000000,1.000000,1.000000,False,1.000000,1.000000,False,gate passed,
140,94140,fresh:140,20,1.000000,1/1,1.000000,False,True,0.000000,True,100.000000,100.000000,0.812500,0.812500,False,0.950000,0.950000,False,0.937500,0.937500,False,0.812500,0.812500,False,0.937500,0.937500,False,0.950000,0.950000,False,0.815000,0.815000,False,"fit failure, FF-sel",FF-sel,,100.000000,0.815000,0.815000,False,0.945000,0.945000,False,"BF fit failure, selection",100.000000,0.815000,0.815000,False,0.987500,0.987500,False,"BF fit failure, selection",100.000000,0.815000,0.815000,False,0.997500,0.997500,False,"BF fit failure, selection",100.000000,0.815000,0.815000,False,0.997500,0.997500,False,"BF fit failure, selection",
141,94141,fresh:141,20,1.000000,1/1,1.000000,False,True,0.000000,True,1.000000,1.000000,1.000000,1.000000,False,1.000000,1.000000,False,1.000000,1.000000,False,1.000000,1.000000,False,1.000000,1.000000,False,1.000000,1.000000,False,0.910000,0.910000,False,gate passed,,,1.000000,1.000000,1.000000,False,1.000000,1.000000,False,gate passed,1.000000,1.000000,1.000000,False,1.000000,1.000000,False,gate passed,1.000000,1.000000,1.000000,False,1.000000,1.000000,False,gate passed,1.000000,1.000000,1.000000,False,1.000000,1.000000,False,gate passed,
142,94142,fresh:142,20,1.000000,1/1,1.000000,False,True,0.000000,True,100.000000,100.000000,0.867500,0.867500,False,0.975000,0.975000,False,0.977500,0.977500,False,0.867500,0.867500,False,0.977500,0.977500,False,0.975000,0.975000,False,0.887500,0.887500,False,"fit failure, FF-sel",FF-sel,,100.000000,0.887500,0.887500,False,0.980000,0.980000,False,"BF fit failure, selection",100.000000,0.887500,0.887500,False,1.000000,1.000000,False,"BF fit failure, selection",100.000000,0.887500,0.887500,False,1.000000,1.000000,False,"BF fit failure, selection",100.000000,0.887500,0.887500,False,1.000000,1.000000,False,"BF fit failure, selection",
143,94143,fresh:143,20,1.000000,1/1,1.000000,False,True,0.000000,True,100.000000,100.000000,0.835000,0.835000,False,1.000000,1.000000,False,1.000000,1.000000,False,0.835000,0.835000,False,1.000000,1.000000,False,1.000000,1.000000,False,0.840000,0.840000,False,"fit failure, FF-sel",FF-sel,,100.000000,0.840000,0.840000,False,1.000000,1.000000,False,"BF fit failure, selection",1.000000,1.000000,1.000000,False,1.000000,1.000000,False,gate passed,1.000000,1.000000,1.000000,False,1.000000,1.000000,False,gate passed,1.000000,1.000000,1.000000,False,1.000000,1.000000,False,gate passed,
144,94144,fresh:144,20,1.000000,1/1,1.000000,False,True,0.000000,True,1.000000,1.000000,0.992500,0.992500,False,0.992500,0.992500,False,0.990000,0.990000,False,0.990000,0.990000,False,0.990000,0.990000,False,0.992500,0.992500,False,0.862500,0.862500,False,gate passed,,,1.000000,0.992500,0.992500,False,0.992500,0.992500,False,gate passed,1.000000,1.000000,1.000000,False,1.000000,1.000000,False,gate passed,1.000000,1.000000,1.000000,False,1.000000,1.000000,False,gate passed,1.000000,1.000000,1.000000,False,1.000000,1.000000,False,gate passed,
145,94145,fresh:145,20,1.000000,1/1,1.000000,False,True,0.000000,True,100.000000,100.000000,0.901250,0.901250,False,0.960000,0.960000,False,0.955000,0.955000,False,0.886250,0.886250,False,0.955000,0.955000,False,0.960000,0.960000,False,0.910000,0.910000,False,gate passed,,DECODER_SPLIT_AT_LC,100.000000,0.910000,0.910000,False,0.975000,0.975000,False,gate passed,100.000000,0.910000,0.910000,False,0.997500,0.997500,False,gate passed,100.000000,0.910000,0.910000,False,0.997500,0.997500,False,gate passed,100.000000,0.910000,0.910000,False,0.997500,0.997500,False,gate passed,
146,94146,fresh:146,20,0.995000,199/200,0.995000,False,True,0.000000,True,100.000000,100.000000,0.742500,0.742500,False,0.892500,0.892500,False,0.890000,0.890000,False,0.742500,0.742500,False,0.890000,0.890000,False,0.892500,0.892500,False,0.767500,0.767500,False,"fit failure, FF-struct or FF-opt, not separated",FF-struct-or-FF-opt,,100.000000,0.767500,0.767500,False,0.912500,0.912500,False,"BF fit failure, selection",100.000000,0.767500,0.767500,False,0.982500,0.982500,False,"BF fit failure, selection",100.000000,0.767500,0.767500,False,1.000000,1.000000,False,"BF fit failure, selection",100.000000,0.767500,0.767500,False,1.000000,1.000000,False,"BF fit failure, selection",
147,94147,fresh:147,20,0.992500,397/400,0.992500,False,True,0.000000,True,100.000000,100.000000,0.817500,0.817500,False,0.965000,0.965000,False,0.967500,0.967500,False,0.821250,0.821250,False,0.967500,0.967500,False,0.965000,0.965000,False,0.820000,0.820000,False,"fit failure, FF-sel",FF-sel,,100.000000,0.820000,0.820000,False,0.967500,0.967500,False,"BF fit failure, selection",100.000000,0.820000,0.820000,False,1.000000,1.000000,False,"BF fit failure, selection",100.000000,0.820000,0.820000,False,1.000000,1.000000,False,"BF fit failure, selection",100.000000,0.820000,0.820000,False,1.000000,1.000000,False,"BF fit failure, selection",
148,94148,fresh:148,20,0.995000,199/200,0.995000,False,True,0.000000,True,1.000000,1.000000,0.982500,0.982500,False,0.982500,0.982500,False,0.977500,0.977500,False,0.977500,0.977500,False,0.977500,0.977500,False,0.982500,0.982500,False,0.850000,0.850000,False,gate passed,,,1.000000,0.977500,0.977500,False,0.977500,0.977500,False,gate passed,1.000000,1.000000,1.000000,False,1.000000,1.000000,False,gate passed,1.000000,1.000000,1.000000,False,1.000000,1.000000,False,gate passed,1.000000,1.000000,1.000000,False,1.000000,1.000000,False,gate passed,
149,94149,fresh:149,20,0.995000,199/200,0.995000,False,True,0.000000,True,100.000000,100.000000,0.835000,0.835000,False,0.965000,0.965000,False,0.957500,0.957500,False,0.832500,0.832500,False,0.957500,0.957500,False,0.965000,0.965000,False,0.835000,0.835000,False,"fit failure, FF-sel",FF-sel,,100.000000,0.835000,0.835000,False,0.970000,0.970000,False,"BF fit failure, selection",100.000000,0.835000,0.835000,False,1.000000,1.000000,False,"BF fit failure, selection",100.000000,0.835000,0.835000,False,1.000000,1.000000,False,"BF fit failure, selection",100.000000,0.835000,0.835000,False,1.000000,1.000000,False,"BF fit failure, selection",
150,94150,fresh:150,20,1.000000,1/1,1.000000,False,True,0.000000,True,100.000000,100.000000,0.820000,0.820000,False,0.932500,0.932500,False,0.932500,0.932500,False,0.802500,0.802500,False,0.931250,0.932500,True,0.932500,0.932500,False,0.822500,0.822500,False,"fit failure, FF-sel",FF-sel,,100.000000,0.822500,0.822500,False,0.930000,0.930000,False,"BF fit failure, selection",100.000000,0.822500,0.822500,False,0.985000,0.985000,False,"BF fit failure, selection",100.000000,0.822500,0.822500,False,0.990000,0.990000,False,"BF fit failure, selection",100.000000,0.822500,0.822500,False,0.990000,0.990000,False,"BF fit failure, selection",
151,94151,fresh:151,20,0.992500,397/400,0.992500,False,True,3.000000,True,100.000000,100.000000,0.777500,0.777500,False,0.887500,0.887500,False,0.880000,0.880000,False,0.777500,0.777500,False,0.880000,0.880000,False,0.880000,0.880000,False,0.782500,0.782500,False,"fit failure, FF-struct or FF-opt, not separated",FF-struct-or-FF-opt,,100.000000,0.782500,0.782500,False,0.892500,0.892500,False,BF: not separated,100.000000,0.782500,0.782500,False,0.975000,0.975000,False,"BF fit failure, selection",100.000000,0.782500,0.782500,False,1.000000,1.000000,False,"BF fit failure, selection",100.000000,0.782500,0.782500,False,1.000000,1.000000,False,"BF fit failure, selection",
152,94152,fresh:152,20,1.000000,1/1,1.000000,False,True,0.000000,True,1.000000,1.000000,0.980000,0.980000,False,0.980000,0.980000,False,0.975000,0.975000,False,0.975000,0.975000,False,0.975000,0.975000,False,0.980000,0.980000,False,0.757500,0.757500,False,gate passed,,,1.000000,0.982500,0.982500,False,0.982500,0.982500,False,gate passed,1.000000,0.997500,0.997500,False,0.997500,0.997500,False,gate passed,1.000000,1.000000,1.000000,False,1.000000,1.000000,False,gate passed,1.000000,1.000000,1.000000,False,1.000000,1.000000,False,gate passed,
153,94153,fresh:153,20,0.995000,199/200,0.995000,False,True,0.000000,True,100.000000,100.000000,0.836250,0.836250,False,0.947500,0.947500,False,0.942500,0.942500,False,0.836250,0.836250,False,0.942500,0.942500,False,0.947500,0.947500,False,0.847500,0.847500,False,"fit failure, FF-sel",FF-sel,,100.000000,0.847500,0.847500,False,0.947500,0.947500,False,"BF fit failure, selection",100.000000,0.847500,0.847500,False,1.000000,1.000000,False,"BF fit failure, selection",100.000000,0.847500,0.847500,False,1.000000,1.000000,False,"BF fit failure, selection",100.000000,0.847500,0.847500,False,1.000000,1.000000,False,"BF fit failure, selection",
154,94154,fresh:154,20,0.995000,199/200,0.995000,False,True,0.000000,True,100.000000,100.000000,0.815000,0.815000,False,0.925000,0.925000,False,0.925000,0.925000,False,0.815000,0.815000,False,0.925000,0.925000,False,0.925000,0.925000,False,0.817500,0.817500,False,"fit failure, FF-sel",FF-sel,,100.000000,0.817500,0.817500,False,0.927500,0.927500,False,"BF fit failure, selection",100.000000,0.817500,0.817500,False,0.982500,0.982500,False,"BF fit failure, selection",100.000000,0.817500,0.817500,False,0.997500,0.997500,False,"BF fit failure, selection",100.000000,0.817500,0.817500,False,0.997500,0.997500,False,"BF fit failure, selection",
155,94155,fresh:155,20,1.000000,1/1,1.000000,False,True,0.000000,True,1.000000,1.000000,1.000000,1.000000,False,1.000000,1.000000,False,1.000000,1.000000,False,1.000000,1.000000,False,1.000000,1.000000,False,1.000000,1.000000,False,0.872500,0.872500,False,gate passed,,,1.000000,1.000000,1.000000,False,1.000000,1.000000,False,gate passed,1.000000,1.000000,1.000000,False,1.000000,1.000000,False,gate passed,1.000000,1.000000,1.000000,False,1.000000,1.000000,False,gate passed,1.000000,1.000000,1.000000,False,1.000000,1.000000,False,gate passed,
156,94156,fresh:156,20,1.000000,1/1,1.000000,False,True,0.000000,True,1.000000,1.000000,0.997500,0.997500,False,0.997500,0.997500,False,0.997500,0.997500,False,0.997500,0.997500,False,0.997500,0.997500,False,0.997500,0.997500,False,0.865000,0.865000,False,gate passed,,,1.000000,0.992500,0.992500,False,0.992500,0.992500,False,gate passed,1.000000,1.000000,1.000000,False,1.000000,1.000000,False,gate passed,1.000000,1.000000,1.000000,False,1.000000,1.000000,False,gate passed,1.000000,1.000000,1.000000,False,1.000000,1.000000,False,gate passed,
157,94157,fresh:157,20,0.995000,199/200,0.995000,False,True,0.000000,True,100.000000,100.000000,0.827500,0.827500,False,0.967500,0.967500,False,0.970000,0.970000,False,0.826250,0.826250,False,0.970000,0.970000,False,0.967500,0.967500,False,0.820000,0.820000,False,"fit failure, FF-sel",FF-sel,,100.000000,0.820000,0.820000,False,0.965000,0.965000,False,"BF fit failure, selection",100.000000,0.820000,0.820000,False,1.000000,1.000000,False,"BF fit failure, selection",100.000000,0.820000,0.820000,False,1.000000,1.000000,False,"BF fit failure, selection",100.000000,0.820000,0.820000,False,1.000000,1.000000,False,"BF fit failure, selection",
158,94158,fresh:158,20,1.000000,1/1,1.000000,False,True,0.000000,True,1.000000,1.000000,0.985000,0.985000,False,0.985000,0.985000,False,0.982500,0.982500,False,0.982500,0.982500,False,0.982500,0.982500,False,0.985000,0.985000,False,0.767500,0.767500,False,gate passed,,,1.000000,0.980000,0.980000,False,0.980000,0.980000,False,gate passed,1.000000,0.997500,0.997500,False,0.997500,0.997500,False,gate passed,1.000000,0.997500,0.997500,False,0.997500,0.997500,False,gate passed,1.000000,0.997500,0.997500,False,0.997500,0.997500,False,gate passed,
159,94159,fresh:159,20,0.977500,391/400,0.977500,False,True,0.000000,True,1.000000,1.000000,0.932500,0.932500,False,0.932500,0.932500,False,0.935000,0.935000,False,0.935000,0.935000,False,0.935000,0.935000,False,0.932500,0.932500,False,0.700000,0.700000,False,gate passed,,,1.000000,0.932500,0.932500,False,0.932500,0.932500,False,gate passed,100.000000,0.700000,0.700000,False,0.987500,0.987500,False,"BF fit failure, selection",100.000000,0.700000,0.700000,False,1.000000,1.000000,False,"BF fit failure, selection",100.000000,0.700000,0.700000,False,1.000000,1.000000,False,"BF fit failure, selection",
160,94160,fresh:160,20,1.000000,1/1,1.000000,False,True,0.000000,True,1.000000,1.000000,0.995000,0.995000,False,0.995000,0.995000,False,0.990000,0.990000,False,0.990000,0.990000,False,0.990000,0.990000,False,0.995000,0.995000,False,0.867500,0.867500,False,gate passed,,,1.000000,0.992500,0.992500,False,0.992500,0.992500,False,gate passed,1.000000,1.000000,1.000000,False,1.000000,1.000000,False,gate passed,1.000000,1.000000,1.000000,False,1.000000,1.000000,False,gate passed,1.000000,1.000000,1.000000,False,1.000000,1.000000,False,gate passed,
161,94161,fresh:161,20,1.000000,1/1,1.000000,False,True,0.000000,True,100.000000,100.000000,0.901250,0.901250,False,0.987500,0.987500,False,0.985000,0.985000,False,0.892500,0.892500,False,0.985000,0.985000,False,0.987500,0.987500,False,0.892500,0.892500,False,gate passed,,DECODER_SPLIT_AT_LC,100.000000,0.892500,0.892500,False,0.995000,0.995000,False,"BF fit failure, selection",100.000000,0.892500,0.892500,False,1.000000,1.000000,False,"BF fit failure, selection",100.000000,0.892500,0.892500,False,1.000000,1.000000,False,"BF fit failure, selection",100.000000,0.892500,0.892500,False,1.000000,1.000000,False,"BF fit failure, selection",
162,94162,fresh:162,20,0.992500,397/400,0.992500,False,True,0.000000,True,1.000000,1.000000,0.960000,0.960000,False,0.960000,0.960000,False,0.957500,0.957500,False,0.957500,0.957500,False,0.957500,0.957500,False,0.960000,0.960000,False,0.770000,0.770000,False,gate passed,,,1.000000,0.970000,0.970000,False,0.970000,0.970000,False,gate passed,100.000000,0.770000,0.770000,False,1.000000,1.000000,False,"BF fit failure, selection",100.000000,0.770000,0.770000,False,1.000000,1.000000,False,"BF fit failure, selection",100.000000,0.770000,0.770000,False,1.000000,1.000000,False,"BF fit failure, selection",
163,94163,fresh:163,20,1.000000,1/1,1.000000,False,True,0.000000,True,1.000000,1.000000,0.972500,0.972500,False,0.972500,0.972500,False,0.975000,0.975000,False,0.975000,0.975000,False,0.975000,0.975000,False,0.972500,0.972500,False,0.847500,0.847500,False,gate passed,,,1.000000,0.972500,0.972500,False,0.972500,0.972500,False,gate passed,1.000000,0.995000,0.995000,False,0.995000,0.995000,False,gate passed,1.000000,0.995000,0.995000,False,0.995000,0.995000,False,gate passed,1.000000,0.995000,0.995000,False,0.995000,0.995000,False,gate passed,
164,94164,fresh:164,20,0.992500,397/400,0.992500,False,True,0.000000,True,100.000000,100.000000,0.750000,0.750000,False,0.912500,0.912500,False,0.910000,0.910000,False,0.752500,0.752500,False,0.910000,0.910000,False,0.912500,0.912500,False,0.767500,0.767500,False,"fit failure, FF-sel",FF-sel,,100.000000,0.767500,0.767500,False,0.927500,0.927500,False,"BF fit failure, selection",100.000000,0.767500,0.767500,False,1.000000,1.000000,False,"BF fit failure, selection",100.000000,0.767500,0.767500,False,1.000000,1.000000,False,"BF fit failure, selection",100.000000,0.767500,0.767500,False,1.000000,1.000000,False,"BF fit failure, selection",
165,94165,fresh:165,20,0.972500,389/400,0.972500,False,True,1.000000,True,100.000000,100.000000,0.750000,0.750000,False,0.910000,0.910000,False,0.902500,0.902500,False,0.750000,0.750000,False,0.902500,0.902500,False,0.910000,0.910000,False,0.747500,0.747500,False,"fit failure, FF-sel",FF-sel,,100.000000,0.747500,0.747500,False,0.905000,0.905000,False,"BF fit failure, selection",100.000000,0.747500,0.747500,False,0.977500,0.977500,False,"BF fit failure, selection",100.000000,0.747500,0.747500,False,1.000000,1.000000,False,"BF fit failure, selection",100.000000,0.747500,0.747500,False,1.000000,1.000000,False,"BF fit failure, selection",
166,94166,fresh:166,20,1.000000,1/1,1.000000,False,True,0.000000,True,100.000000,100.000000,0.857500,0.857500,False,0.955000,0.955000,False,0.955000,0.955000,False,0.857500,0.857500,False,0.955000,0.955000,False,0.955000,0.955000,False,0.862500,0.862500,False,"fit failure, FF-sel",FF-sel,,100.000000,0.862500,0.862500,False,0.955000,0.955000,False,"BF fit failure, selection",100.000000,0.862500,0.862500,False,0.982500,0.982500,False,"BF fit failure, selection",100.000000,0.862500,0.862500,False,0.987500,0.987500,False,"BF fit failure, selection",100.000000,0.862500,0.862500,False,0.987500,0.987500,False,"BF fit failure, selection",
167,94167,fresh:167,20,0.985000,197/200,0.985000,False,True,1.000000,True,100.000000,100.000000,0.717500,0.717500,False,0.917500,0.917500,False,0.915000,0.915000,False,0.717500,0.717500,False,0.915000,0.915000,False,0.917500,0.917500,False,0.715000,0.715000,False,"fit failure, FF-sel",FF-sel,,100.000000,0.715000,0.715000,False,0.917500,0.917500,False,"BF fit failure, selection",100.000000,0.715000,0.715000,False,0.995000,0.995000,False,"BF fit failure, selection",100.000000,0.715000,0.715000,False,1.000000,1.000000,False,"BF fit failure, selection",100.000000,0.715000,0.715000,False,1.000000,1.000000,False,"BF fit failure, selection",
168,94168,fresh:168,20,0.982500,393/400,0.982500,False,True,0.000000,True,100.000000,100.000000,0.760000,0.760000,False,0.915000,0.915000,False,0.922500,0.922500,False,0.760000,0.760000,False,0.922500,0.922500,False,0.915000,0.915000,False,0.750000,0.750000,False,"fit failure, FF-sel",FF-sel,,100.000000,0.750000,0.750000,False,0.920000,0.920000,False,"BF fit failure, selection",100.000000,0.750000,0.750000,False,0.995000,0.995000,False,"BF fit failure, selection",100.000000,0.750000,0.750000,False,1.000000,1.000000,False,"BF fit failure, selection",100.000000,0.750000,0.750000,False,1.000000,1.000000,False,"BF fit failure, selection",
169,94169,fresh:169,20,1.000000,1/1,1.000000,False,True,0.000000,True,100.000000,100.000000,0.840000,0.840000,False,0.970000,0.970000,False,0.970000,0.970000,False,0.835000,0.835000,False,0.970000,0.970000,False,0.970000,0.970000,False,0.840000,0.840000,False,"fit failure, FF-sel",FF-sel,,100.000000,0.840000,0.840000,False,0.977500,0.977500,False,"BF fit failure, selection",100.000000,0.840000,0.840000,False,1.000000,1.000000,False,"BF fit failure, selection",100.000000,0.840000,0.840000,False,1.000000,1.000000,False,"BF fit failure, selection",100.000000,0.840000,0.840000,False,1.000000,1.000000,False,"BF fit failure, selection",
170,94170,fresh:170,20,1.000000,1/1,1.000000,False,True,0.000000,True,1.000000,1.000000,0.932500,0.932500,False,0.932500,0.932500,False,0.937500,0.937500,False,0.937500,0.937500,False,0.937500,0.937500,False,0.932500,0.932500,False,0.820000,0.820000,False,gate passed,,,1.000000,0.937500,0.937500,False,0.937500,0.937500,False,gate passed,100.000000,0.820000,0.820000,False,0.980000,0.980000,False,"BF fit failure, selection",100.000000,0.820000,0.820000,False,0.997500,0.997500,False,"BF fit failure, selection",100.000000,0.820000,0.820000,False,0.997500,0.997500,False,"BF fit failure, selection",
171,94171,fresh:171,20,0.995000,199/200,0.995000,False,True,0.000000,True,100.000000,100.000000,0.802500,0.802500,False,0.975000,0.975000,False,0.972500,0.972500,False,0.802500,0.802500,False,0.972500,0.972500,False,0.975000,0.975000,False,0.800000,0.800000,False,"fit failure, FF-sel",FF-sel,,1.000000,0.972500,0.972500,False,0.972500,0.972500,False,gate passed,100.000000,0.800000,0.800000,False,1.000000,1.000000,False,"BF fit failure, selection",100.000000,0.800000,0.800000,False,1.000000,1.000000,False,"BF fit failure, selection",100.000000,0.800000,0.800000,False,1.000000,1.000000,False,"BF fit failure, selection",
172,94172,fresh:172,20,0.990000,99/100,0.990000,False,True,4.000000,True,100.000000,100.000000,0.720000,0.720000,False,0.927500,0.927500,False,0.915000,0.915000,False,0.712500,0.712500,False,0.915000,0.915000,False,0.927500,0.927500,False,0.720000,0.720000,False,"fit failure, FF-sel",FF-sel,,100.000000,0.720000,0.720000,False,0.925000,0.925000,False,"BF fit failure, selection",100.000000,0.720000,0.720000,False,0.995000,0.995000,False,"BF fit failure, selection",100.000000,0.720000,0.720000,False,0.997500,0.997500,False,"BF fit failure, selection",100.000000,0.720000,0.720000,False,1.000000,1.000000,False,"BF fit failure, selection",
173,94173,fresh:173,20,1.000000,1/1,1.000000,False,True,0.000000,True,1.000000,1.000000,0.965000,0.965000,False,0.965000,0.965000,False,0.965000,0.965000,False,0.965000,0.965000,False,0.965000,0.965000,False,0.965000,0.965000,False,0.745000,0.745000,False,gate passed,,,1.000000,0.952500,0.952500,False,0.952500,0.952500,False,gate passed,1.000000,0.990000,0.990000,False,0.990000,0.990000,False,gate passed,1.000000,0.995000,0.995000,False,0.995000,0.995000,False,gate passed,1.000000,1.000000,1.000000,False,1.000000,1.000000,False,gate passed,
174,94174,fresh:174,20,1.000000,1/1,1.000000,False,True,0.000000,True,100.000000,100.000000,0.815000,0.815000,False,0.982500,0.982500,False,0.970000,0.970000,False,0.815000,0.815000,False,0.970000,0.970000,False,0.982500,0.982500,False,0.805000,0.805000,False,"fit failure, FF-sel",FF-sel,,100.000000,0.805000,0.805000,False,0.987500,0.987500,False,"BF fit failure, selection",100.000000,0.805000,0.805000,False,1.000000,1.000000,False,"BF fit failure, selection",100.000000,0.805000,0.805000,False,1.000000,1.000000,False,"BF fit failure, selection",100.000000,0.805000,0.805000,False,1.000000,1.000000,False,"BF fit failure, selection",
175,94175,fresh:175,20,0.995000,199/200,0.995000,False,True,0.000000,True,100.000000,100.000000,0.768750,0.768750,False,0.906250,0.906250,False,0.912500,0.912500,False,0.768750,0.768750,False,0.912500,0.912500,False,0.906250,0.906250,False,0.767500,0.767500,False,"fit failure, FF-sel",FF-sel,,100.000000,0.767500,0.767500,False,0.915000,0.915000,False,"BF fit failure, selection",100.000000,0.767500,0.767500,False,0.970000,0.970000,False,"BF fit failure, selection",100.000000,0.767500,0.767500,False,0.992500,0.992500,False,"BF fit failure, selection",100.000000,0.767500,0.767500,False,0.997500,0.997500,False,"BF fit failure, selection",
176,94176,fresh:176,20,1.000000,1/1,1.000000,False,True,0.000000,True,1.000000,1.000000,0.995000,0.995000,False,0.995000,0.995000,False,0.992500,0.992500,False,0.992500,0.992500,False,0.992500,0.992500,False,0.995000,0.995000,False,0.825000,0.825000,False,gate passed,,,1.000000,0.997500,0.997500,False,0.997500,0.997500,False,gate passed,1.000000,1.000000,1.000000,False,1.000000,1.000000,False,gate passed,1.000000,1.000000,1.000000,False,1.000000,1.000000,False,gate passed,1.000000,1.000000,1.000000,False,1.000000,1.000000,False,gate passed,
177,94177,fresh:177,20,0.992500,397/400,0.992500,False,True,0.000000,True,100.000000,100.000000,0.776250,0.776250,False,0.947500,0.947500,False,0.937500,0.937500,False,0.776250,0.776250,False,0.937500,0.937500,False,0.947500,0.947500,False,0.777500,0.777500,False,"fit failure, FF-sel",FF-sel,,100.000000,0.777500,0.777500,False,0.937500,0.937500,False,"BF fit failure, selection",1.000000,1.000000,1.000000,False,1.000000,1.000000,False,gate passed,1.000000,1.000000,1.000000,False,1.000000,1.000000,False,gate passed,1.000000,1.000000,1.000000,False,1.000000,1.000000,False,gate passed,
178,94178,fresh:178,20,0.977500,391/400,0.977500,False,True,0.000000,True,100.000000,100.000000,0.755000,0.755000,False,0.945000,0.945000,False,0.935000,0.935000,False,0.765000,0.765000,False,0.935000,0.935000,False,0.945000,0.945000,False,0.760000,0.760000,False,"fit failure, FF-sel",FF-sel,,100.000000,0.760000,0.760000,False,0.935000,0.935000,False,"BF fit failure, selection",100.000000,0.760000,0.760000,False,0.987500,0.987500,False,"BF fit failure, selection",100.000000,0.760000,0.760000,False,1.000000,1.000000,False,"BF fit failure, selection",100.000000,0.760000,0.760000,False,1.000000,1.000000,False,"BF fit failure, selection",
179,94179,fresh:179,20,0.972500,389/400,0.972500,False,True,1.000000,True,100.000000,100.000000,0.647500,0.647500,False,0.897500,0.897500,False,0.887500,0.887500,False,0.645000,0.645000,False,0.887500,0.887500,False,0.897500,0.897500,False,0.640000,0.640000,False,"fit failure, FF-struct or FF-opt, not separated",FF-struct-or-FF-opt,,100.000000,0.640000,0.640000,False,0.917500,0.917500,False,"BF fit failure, selection",100.000000,0.640000,0.640000,False,0.980000,0.980000,False,"BF fit failure, selection",100.000000,0.640000,0.640000,False,1.000000,1.000000,False,"BF fit failure, selection",100.000000,0.640000,0.640000,False,1.000000,1.000000,False,"BF fit failure, selection",
180,94180,fresh:180,20,0.992500,397/400,0.992500,False,True,0.000000,True,100.000000,100.000000,0.771250,0.771250,False,0.952500,0.952500,False,0.947500,0.947500,False,0.781250,0.781250,False,0.947500,0.947500,False,0.952500,0.952500,False,0.770000,0.770000,False,"fit failure, FF-sel",FF-sel,,100.000000,0.770000,0.770000,False,0.945000,0.945000,False,"BF fit failure, selection",1.000000,1.000000,1.000000,False,1.000000,1.000000,False,gate passed,1.000000,1.000000,1.000000,False,1.000000,1.000000,False,gate passed,1.000000,1.000000,1.000000,False,1.000000,1.000000,False,gate passed,
181,94181,fresh:181,20,0.985000,197/200,0.985000,False,True,0.000000,True,1.000000,1.000000,0.942500,0.942500,False,0.942500,0.942500,False,0.945000,0.945000,False,0.945000,0.945000,False,0.945000,0.945000,False,0.942500,0.942500,False,0.742500,0.742500,False,gate passed,,,1.000000,0.942500,0.942500,False,0.942500,0.942500,False,gate passed,100.000000,0.742500,0.742500,False,0.995000,0.995000,False,"BF fit failure, selection",100.000000,0.742500,0.742500,False,1.000000,1.000000,False,"BF fit failure, selection",100.000000,0.742500,0.742500,False,1.000000,1.000000,False,"BF fit failure, selection",
182,94182,fresh:182,20,1.000000,1/1,1.000000,False,True,0.000000,True,1.000000,1.000000,0.985000,0.985000,False,0.985000,0.985000,False,0.985000,0.985000,False,0.985000,0.985000,False,0.985000,0.985000,False,0.985000,0.985000,False,0.787500,0.787500,False,gate passed,,,1.000000,0.982500,0.982500,False,0.982500,0.982500,False,gate passed,1.000000,0.987500,0.987500,False,0.987500,0.987500,False,gate passed,1.000000,0.987500,0.987500,False,0.987500,0.987500,False,gate passed,1.000000,0.987500,0.987500,False,0.987500,0.987500,False,gate passed,
183,94183,fresh:183,20,0.990000,99/100,0.990000,False,True,0.000000,True,100.000000,100.000000,0.726250,0.726250,False,0.922500,0.922500,False,0.927500,0.927500,False,0.726250,0.726250,False,0.927500,0.927500,False,0.922500,0.922500,False,0.727500,0.727500,False,"fit failure, FF-sel",FF-sel,,100.000000,0.727500,0.727500,False,0.927500,0.927500,False,"BF fit failure, selection",1.000000,0.995000,0.995000,False,0.995000,0.995000,False,gate passed,1.000000,1.000000,1.000000,False,1.000000,1.000000,False,gate passed,1.000000,1.000000,1.000000,False,1.000000,1.000000,False,gate passed,
184,94184,fresh:184,20,0.987500,79/80,0.987500,False,True,1.000000,True,1.000000,1.000000,0.950000,0.950000,False,0.950000,0.950000,False,0.945000,0.945000,False,0.945000,0.945000,False,0.945000,0.945000,False,0.950000,0.950000,False,0.737500,0.737500,False,gate passed,,,1.000000,0.955000,0.955000,False,0.955000,0.955000,False,gate passed,1.000000,1.000000,1.000000,False,1.000000,1.000000,False,gate passed,1.000000,1.000000,1.000000,False,1.000000,1.000000,False,gate passed,1.000000,1.000000,1.000000,False,1.000000,1.000000,False,gate passed,
185,94185,fresh:185,20,1.000000,1/1,1.000000,False,True,0.000000,True,1.000000,1.000000,0.982500,0.982500,False,0.982500,0.982500,False,0.982500,0.982500,False,0.982500,0.982500,False,0.982500,0.982500,False,0.982500,0.982500,False,0.790000,0.790000,False,gate passed,,,1.000000,0.985000,0.985000,False,0.985000,0.985000,False,gate passed,1.000000,0.990000,0.990000,False,0.990000,0.990000,False,gate passed,1.000000,1.000000,1.000000,False,1.000000,1.000000,False,gate passed,1.000000,1.000000,1.000000,False,1.000000,1.000000,False,gate passed,
186,94186,fresh:186,20,0.995000,199/200,0.995000,False,True,0.000000,True,100.000000,100.000000,0.793750,0.793750,False,0.915000,0.915000,False,0.920000,0.920000,False,0.793750,0.793750,False,0.920000,0.920000,False,0.915000,0.915000,False,0.796250,0.796250,False,"fit failure, FF-sel",FF-sel,,100.000000,0.796250,0.796250,False,0.915000,0.915000,False,"BF fit failure, selection",100.000000,0.796250,0.796250,False,0.982500,0.982500,False,"BF fit failure, selection",100.000000,0.796250,0.796250,False,1.000000,1.000000,False,"BF fit failure, selection",100.000000,0.796250,0.796250,False,1.000000,1.000000,False,"BF fit failure, selection",
187,94187,fresh:187,20,1.000000,1/1,1.000000,False,True,0.000000,True,100.000000,100.000000,0.855000,0.855000,False,0.960000,0.960000,False,0.947500,0.947500,False,0.852500,0.852500,False,0.947500,0.947500,False,0.960000,0.960000,False,0.845000,0.845000,False,"fit failure, FF-sel",FF-sel,,100.000000,0.845000,0.845000,False,0.957500,0.957500,False,"BF fit failure, selection",100.000000,0.845000,0.845000,False,0.987500,0.987500,False,"BF fit failure, selection",100.000000,0.845000,0.845000,False,0.997500,0.997500,False,"BF fit failure, selection",100.000000,0.845000,0.845000,False,0.997500,0.997500,False,"BF fit failure, selection",
188,94188,fresh:188,20,0.992500,397/400,0.992500,False,True,0.000000,True,100.000000,100.000000,0.800000,0.800000,False,0.960000,0.960000,False,0.957500,0.957500,False,0.800000,0.800000,False,0.957500,0.957500,False,0.960000,0.960000,False,0.797500,0.797500,False,"fit failure, FF-sel",FF-sel,,100.000000,0.797500,0.797500,False,0.952500,0.952500,False,"BF fit failure, selection",1.000000,1.000000,1.000000,False,1.000000,1.000000,False,gate passed,1.000000,1.000000,1.000000,False,1.000000,1.000000,False,gate passed,1.000000,1.000000,1.000000,False,1.000000,1.000000,False,gate passed,
189,94189,fresh:189,20,1.000000,1/1,1.000000,False,True,0.000000,True,100.000000,100.000000,0.888750,0.888750,False,0.985000,0.985000,False,0.985000,0.985000,False,0.887500,0.887500,False,0.985000,0.985000,False,0.985000,0.985000,False,0.887500,0.887500,False,"fit failure, FF-sel",FF-sel,,100.000000,0.887500,0.887500,False,0.985000,0.985000,False,"BF fit failure, selection",100.000000,0.887500,0.887500,False,1.000000,1.000000,False,"BF fit failure, selection",100.000000,0.887500,0.887500,False,1.000000,1.000000,False,"BF fit failure, selection",100.000000,0.887500,0.887500,False,1.000000,1.000000,False,"BF fit failure, selection",
190,94190,fresh:190,20,1.000000,1/1,1.000000,False,True,0.000000,True,100.000000,100.000000,0.876250,0.876250,False,0.965000,0.965000,False,0.965000,0.965000,False,0.876250,0.876250,False,0.965000,0.965000,False,0.965000,0.965000,False,0.877500,0.877500,False,"fit failure, FF-sel",FF-sel,,100.000000,0.877500,0.877500,False,0.965000,0.965000,False,"BF fit failure, selection",100.000000,0.877500,0.877500,False,1.000000,1.000000,False,"BF fit failure, selection",100.000000,0.877500,0.877500,False,1.000000,1.000000,False,"BF fit failure, selection",100.000000,0.877500,0.877500,False,1.000000,1.000000,False,"BF fit failure, selection",
191,94191,fresh:191,20,1.000000,1/1,1.000000,False,True,0.000000,True,1.000000,1.000000,1.000000,1.000000,False,1.000000,1.000000,False,1.000000,1.000000,False,1.000000,1.000000,False,1.000000,1.000000,False,1.000000,1.000000,False,0.862500,0.862500,False,gate passed,,,1.000000,0.997500,0.997500,False,0.997500,0.997500,False,gate passed,1.000000,0.997500,0.997500,False,0.997500,0.997500,False,gate passed,1.000000,0.997500,0.997500,False,0.997500,0.997500,False,gate passed,1.000000,0.997500,0.997500,False,0.997500,0.997500,False,gate passed,
192,94192,fresh:192,20,0.995000,199/200,0.995000,False,True,0.000000,True,100.000000,100.000000,0.903750,0.903750,False,0.971250,0.971250,False,0.965000,0.965000,False,0.906250,0.906250,False,0.967500,0.967500,False,0.966250,0.966250,False,0.905000,0.905000,False,gate passed,,,100.000000,0.905000,0.905000,False,0.962500,0.962500,False,gate passed,100.000000,0.905000,0.905000,False,1.000000,1.000000,False,gate passed,100.000000,0.905000,0.905000,False,1.000000,1.000000,False,gate passed,100.000000,0.905000,0.905000,False,1.000000,1.000000,False,gate passed,
193,94193,fresh:193,20,0.995000,199/200,0.995000,False,True,0.000000,True,100.000000,100.000000,0.810000,0.810000,False,0.952500,0.952500,False,0.955000,0.955000,False,0.810000,0.810000,False,0.955000,0.955000,False,0.952500,0.952500,False,0.810000,0.810000,False,"fit failure, FF-sel",FF-sel,,100.000000,0.810000,0.810000,False,0.957500,0.957500,False,"BF fit failure, selection",100.000000,0.810000,0.810000,False,1.000000,1.000000,False,"BF fit failure, selection",100.000000,0.810000,0.810000,False,1.000000,1.000000,False,"BF fit failure, selection",100.000000,0.810000,0.810000,False,1.000000,1.000000,False,"BF fit failure, selection",
194,94194,fresh:194,20,1.000000,1/1,1.000000,False,True,0.000000,True,100.000000,100.000000,0.875000,0.875000,False,0.967500,0.967500,False,0.960000,0.960000,False,0.865000,0.865000,False,0.960000,0.960000,False,0.967500,0.967500,False,0.873750,0.873750,False,"fit failure, FF-sel",FF-sel,,100.000000,0.873750,0.873750,False,0.972500,0.972500,False,"BF fit failure, selection",100.000000,0.873750,0.873750,False,1.000000,1.000000,False,"BF fit failure, selection",100.000000,0.873750,0.873750,False,1.000000,1.000000,False,"BF fit failure, selection",100.000000,0.873750,0.873750,False,1.000000,1.000000,False,"BF fit failure, selection",
195,94195,fresh:195,20,0.995000,199/200,0.995000,False,True,0.000000,True,1.000000,1.000000,0.962500,0.962500,False,0.962500,0.962500,False,0.962500,0.962500,False,0.962500,0.962500,False,0.962500,0.962500,False,0.962500,0.962500,False,0.670000,0.670000,False,gate passed,,,1.000000,0.962500,0.962500,False,0.962500,0.962500,False,gate passed,1.000000,1.000000,1.000000,False,1.000000,1.000000,False,gate passed,1.000000,1.000000,1.000000,False,1.000000,1.000000,False,gate passed,1.000000,1.000000,1.000000,False,1.000000,1.000000,False,gate passed,
196,94196,fresh:196,20,0.995000,199/200,0.995000,False,True,0.000000,True,100.000000,100.000000,0.785000,0.785000,False,0.960000,0.960000,False,0.955000,0.955000,False,0.780000,0.780000,False,0.955000,0.955000,False,0.960000,0.960000,False,0.785000,0.785000,False,"fit failure, FF-sel",FF-sel,,100.000000,0.785000,0.785000,False,0.955000,0.955000,False,"BF fit failure, selection",1.000000,1.000000,1.000000,False,1.000000,1.000000,False,gate passed,1.000000,1.000000,1.000000,False,1.000000,1.000000,False,gate passed,1.000000,1.000000,1.000000,False,1.000000,1.000000,False,gate passed,
197,94197,fresh:197,20,0.992500,397/400,0.992500,False,True,0.000000,True,100.000000,100.000000,0.791250,0.791250,False,0.942500,0.942500,False,0.937500,0.937500,False,0.771250,0.771250,False,0.937500,0.937500,False,0.942500,0.942500,False,0.791250,0.791250,False,"fit failure, FF-sel",FF-sel,,100.000000,0.791250,0.791250,False,0.947500,0.947500,False,"BF fit failure, selection",100.000000,0.791250,0.791250,False,1.000000,1.000000,False,"BF fit failure, selection",100.000000,0.791250,0.791250,False,1.000000,1.000000,False,"BF fit failure, selection",100.000000,0.791250,0.791250,False,1.000000,1.000000,False,"BF fit failure, selection",
198,94198,fresh:198,20,1.000000,1/1,1.000000,False,True,0.000000,True,1.000000,1.000000,0.972500,0.972500,False,0.972500,0.972500,False,0.972500,0.972500,False,0.972500,0.972500,False,0.972500,0.972500,False,0.972500,0.972500,False,0.730000,0.730000,False,gate passed,,,1.000000,0.972500,0.972500,False,0.972500,0.972500,False,gate passed,1.000000,1.000000,1.000000,False,1.000000,1.000000,False,gate passed,1.000000,1.000000,1.000000,False,1.000000,1.000000,False,gate passed,1.000000,1.000000,1.000000,False,1.000000,1.000000,False,gate passed,
199,94199,fresh:199,20,0.985000,197/200,0.985000,False,True,0.000000,True,100.000000,100.000000,0.753750,0.753750,False,0.937500,0.937500,False,0.920000,0.920000,False,0.755000,0.755000,False,0.920000,0.920000,False,0.937500,0.937500,False,0.760000,0.760000,False,"fit failure, FF-sel",FF-sel,,100.000000,0.760000,0.760000,False,0.925000,0.925000,False,"BF fit failure, selection",100.000000,0.760000,0.760000,False,1.000000,1.000000,False,"BF fit failure, selection",100.000000,0.760000,0.760000,False,1.000000,1.000000,False,"BF fit failure, selection",100.000000,0.760000,0.760000,False,1.000000,1.000000,False,"BF fit failure, selection",
200,94200,fresh:200,20,1.000000,1/1,1.000000,False,True,0.000000,True,1.000000,1.000000,0.950000,0.950000,False,0.950000,0.950000,False,0.962500,0.962500,False,0.962500,0.962500,False,0.962500,0.962500,False,0.950000,0.950000,False,0.791250,0.791250,False,gate passed,,,1.000000,0.962500,0.962500,False,0.962500,0.962500,False,gate passed,1.000000,0.990000,0.990000,False,0.990000,0.990000,False,gate passed,1.000000,0.997500,0.997500,False,0.997500,0.997500,False,gate passed,1.000000,0.997500,0.997500,False,0.997500,0.997500,False,gate passed,
201,94201,fresh:201,20,0.995000,199/200,0.995000,False,True,0.000000,True,100.000000,100.000000,0.843750,0.843750,False,0.967500,0.967500,False,0.962500,0.962500,False,0.843750,0.843750,False,0.962500,0.962500,False,0.967500,0.967500,False,0.852500,0.852500,False,"fit failure, FF-sel",FF-sel,,100.000000,0.852500,0.852500,False,0.980000,0.980000,False,"BF fit failure, selection",1.000000,1.000000,1.000000,False,1.000000,1.000000,False,gate passed,100.000000,0.852500,0.852500,False,1.000000,1.000000,False,"BF fit failure, selection",100.000000,0.852500,0.852500,False,1.000000,1.000000,False,"BF fit failure, selection",
202,94202,fresh:202,20,1.000000,1/1,1.000000,False,True,0.000000,True,100.000000,100.000000,0.807500,0.807500,False,0.957500,0.957500,False,0.962500,0.962500,False,0.807500,0.807500,False,0.962500,0.962500,False,0.957500,0.957500,False,0.807500,0.807500,False,"fit failure, FF-sel",FF-sel,,100.000000,0.807500,0.807500,False,0.962500,0.962500,False,"BF fit failure, selection",1.000000,1.000000,1.000000,False,1.000000,1.000000,False,gate passed,1.000000,1.000000,1.000000,False,1.000000,1.000000,False,gate passed,1.000000,1.000000,1.000000,False,1.000000,1.000000,False,gate passed,
203,94203,fresh:203,20,1.000000,1/1,1.000000,False,True,0.000000,True,100.000000,100.000000,0.807500,0.807500,False,0.970000,0.970000,False,0.972500,0.972500,False,0.817500,0.817500,False,0.972500,0.972500,False,0.970000,0.970000,False,0.815000,0.815000,False,"fit failure, FF-sel",FF-sel,,100.000000,0.815000,0.815000,False,0.977500,0.977500,False,"BF fit failure, selection",100.000000,0.815000,0.815000,False,1.000000,1.000000,False,"BF fit failure, selection",100.000000,0.815000,0.815000,False,1.000000,1.000000,False,"BF fit failure, selection",100.000000,0.815000,0.815000,False,1.000000,1.000000,False,"BF fit failure, selection",
204,94204,fresh:204,20,1.000000,1/1,1.000000,False,True,0.000000,True,1.000000,1.000000,0.997500,0.997500,False,0.997500,0.997500,False,0.997500,0.997500,False,0.997500,0.997500,False,0.997500,0.997500,False,0.997500,0.997500,False,0.883750,0.883750,False,gate passed,,,1.000000,0.997500,0.997500,False,0.997500,0.997500,False,gate passed,1.000000,1.000000,1.000000,False,1.000000,1.000000,False,gate passed,1.000000,1.000000,1.000000,False,1.000000,1.000000,False,gate passed,1.000000,1.000000,1.000000,False,1.000000,1.000000,False,gate passed,
205,94205,fresh:205,20,1.000000,1/1,1.000000,False,True,0.000000,True,100.000000,100.000000,0.933750,0.933750,False,1.000000,1.000000,False,1.000000,1.000000,False,0.930000,0.930000,False,1.000000,1.000000,False,1.000000,1.000000,False,0.930000,0.930000,False,gate passed,,,100.000000,0.930000,0.930000,False,1.000000,1.000000,False,gate passed,100.000000,0.930000,0.930000,False,1.000000,1.000000,False,gate passed,100.000000,0.930000,0.930000,False,1.000000,1.000000,False,gate passed,100.000000,0.930000,0.930000,False,1.000000,1.000000,False,gate passed,
206,94206,fresh:206,20,1.000000,1/1,1.000000,False,True,0.000000,True,1.000000,1.000000,0.990000,0.990000,False,0.990000,0.990000,False,0.987500,0.987500,False,0.987500,0.987500,False,0.987500,0.987500,False,0.990000,0.990000,False,0.860000,0.860000,False,gate passed,,,1.000000,0.990000,0.990000,False,0.990000,0.990000,False,gate passed,1.000000,1.000000,1.000000,False,1.000000,1.000000,False,gate passed,1.000000,1.000000,1.000000,False,1.000000,1.000000,False,gate passed,1.000000,1.000000,1.000000,False,1.000000,1.000000,False,gate passed,
207,94207,fresh:207,20,0.992500,397/400,0.992500,False,True,0.000000,True,100.000000,100.000000,0.808750,0.808750,False,0.940000,0.940000,False,0.942500,0.942500,False,0.808750,0.808750,False,0.942500,0.942500,False,0.940000,0.940000,False,0.810000,0.810000,False,"fit failure, FF-sel",FF-sel,,100.000000,0.810000,0.810000,False,0.935000,0.935000,False,"BF fit failure, selection",100.000000,0.810000,0.810000,False,0.995000,0.995000,False,"BF fit failure, selection",100.000000,0.810000,0.810000,False,1.000000,1.000000,False,"BF fit failure, selection",100.000000,0.810000,0.810000,False,1.000000,1.000000,False,"BF fit failure, selection",
208,94208,fresh:208,20,1.000000,1/1,1.000000,False,True,0.000000,True,1.000000,1.000000,0.990000,0.990000,False,0.990000,0.990000,False,0.995000,0.995000,False,0.995000,0.995000,False,0.995000,0.995000,False,0.990000,0.990000,False,0.842500,0.842500,False,gate passed,,,1.000000,0.995000,0.995000,False,0.995000,0.995000,False,gate passed,1.000000,1.000000,1.000000,False,1.000000,1.000000,False,gate passed,1.000000,1.000000,1.000000,False,1.000000,1.000000,False,gate passed,1.000000,1.000000,1.000000,False,1.000000,1.000000,False,gate passed,
209,94209,fresh:209,20,1.000000,1/1,1.000000,False,True,0.000000,True,1.000000,1.000000,1.000000,1.000000,False,1.000000,1.000000,False,0.990000,0.990000,False,0.990000,0.990000,False,0.990000,0.990000,False,1.000000,1.000000,False,0.855000,0.855000,False,gate passed,,,1.000000,1.000000,1.000000,False,1.000000,1.000000,False,gate passed,1.000000,1.000000,1.000000,False,1.000000,1.000000,False,gate passed,1.000000,1.000000,1.000000,False,1.000000,1.000000,False,gate passed,1.000000,1.000000,1.000000,False,1.000000,1.000000,False,gate passed,
210,94210,fresh:210,20,1.000000,1/1,1.000000,False,True,0.000000,True,100.000000,100.000000,0.870000,0.870000,False,0.972500,0.972500,False,0.972500,0.972500,False,0.860000,0.860000,False,0.972500,0.972500,False,0.972500,0.972500,False,0.870000,0.870000,False,"fit failure, FF-sel",FF-sel,,100.000000,0.870000,0.870000,False,0.980000,0.980000,False,"BF fit failure, selection",100.000000,0.870000,0.870000,False,1.000000,1.000000,False,"BF fit failure, selection",100.000000,0.870000,0.870000,False,1.000000,1.000000,False,"BF fit failure, selection",100.000000,0.870000,0.870000,False,1.000000,1.000000,False,"BF fit failure, selection",
211,94211,fresh:211,20,0.992500,397/400,0.992500,False,True,0.000000,True,100.000000,100.000000,0.823750,0.823750,False,0.962500,0.962500,False,0.955000,0.955000,False,0.830000,0.830000,False,0.955000,0.955000,False,0.962500,0.962500,False,0.830000,0.830000,False,"fit failure, FF-sel",FF-sel,,100.000000,0.830000,0.830000,False,0.960000,0.960000,False,"BF fit failure, selection",100.000000,0.830000,0.830000,False,1.000000,1.000000,False,"BF fit failure, selection",100.000000,0.830000,0.830000,False,1.000000,1.000000,False,"BF fit failure, selection",100.000000,0.830000,0.830000,False,1.000000,1.000000,False,"BF fit failure, selection",
212,94212,fresh:212,20,0.995000,199/200,0.995000,False,True,0.000000,True,1.000000,1.000000,0.950000,0.950000,False,0.950000,0.950000,False,0.955000,0.955000,False,0.955000,0.955000,False,0.955000,0.955000,False,0.950000,0.950000,False,0.790000,0.790000,False,gate passed,,,1.000000,0.957500,0.957500,False,0.957500,0.957500,False,gate passed,1.000000,1.000000,1.000000,False,1.000000,1.000000,False,gate passed,1.000000,1.000000,1.000000,False,1.000000,1.000000,False,gate passed,1.000000,1.000000,1.000000,False,1.000000,1.000000,False,gate passed,
213,94213,fresh:213,20,1.000000,1/1,1.000000,False,True,0.000000,True,100.000000,100.000000,0.840000,0.840000,False,0.962500,0.962500,False,0.970000,0.970000,False,0.830000,0.830000,False,0.970000,0.970000,False,0.962500,0.962500,False,0.850000,0.850000,False,"fit failure, FF-sel",FF-sel,,100.000000,0.850000,0.850000,False,0.970000,0.970000,False,"BF fit failure, selection",100.000000,0.850000,0.850000,False,1.000000,1.000000,False,"BF fit failure, selection",100.000000,0.850000,0.850000,False,1.000000,1.000000,False,"BF fit failure, selection",100.000000,0.850000,0.850000,False,1.000000,1.000000,False,"BF fit failure, selection",
214,94214,fresh:214,20,1.000000,1/1,1.000000,False,True,0.000000,True,100.000000,100.000000,0.867500,0.867500,False,1.000000,1.000000,False,1.000000,1.000000,False,0.867500,0.867500,False,1.000000,1.000000,False,1.000000,1.000000,False,0.867500,0.867500,False,"fit failure, FF-sel",FF-sel,,100.000000,0.867500,0.867500,False,1.000000,1.000000,False,"BF fit failure, selection",100.000000,0.867500,0.867500,False,1.000000,1.000000,False,"BF fit failure, selection",100.000000,0.867500,0.867500,False,1.000000,1.000000,False,"BF fit failure, selection",100.000000,0.867500,0.867500,False,1.000000,1.000000,False,"BF fit failure, selection",
215,94215,fresh:215,20,0.980000,49/50,0.980000,False,True,1.000000,True,100.000000,100.000000,0.673750,0.673750,False,0.928750,0.928750,False,0.930000,0.930000,False,0.673750,0.673750,False,0.930000,0.930000,False,0.928750,0.928750,False,0.680000,0.680000,False,"fit failure, FF-sel",FF-sel,,100.000000,0.680000,0.680000,False,0.927500,0.927500,False,"BF fit failure, selection",100.000000,0.680000,0.680000,False,1.000000,1.000000,False,"BF fit failure, selection",100.000000,0.680000,0.680000,False,1.000000,1.000000,False,"BF fit failure, selection",100.000000,0.680000,0.680000,False,1.000000,1.000000,False,"BF fit failure, selection",
216,94216,fresh:216,20,1.000000,1/1,1.000000,False,True,0.000000,True,1.000000,1.000000,0.980000,0.980000,False,0.980000,0.980000,False,0.980000,0.980000,False,0.980000,0.980000,False,0.980000,0.980000,False,0.980000,0.980000,False,0.787500,0.787500,False,gate passed,,,1.000000,0.975000,0.975000,False,0.975000,0.975000,False,gate passed,1.000000,0.995000,0.995000,False,0.995000,0.995000,False,gate passed,1.000000,1.000000,1.000000,False,1.000000,1.000000,False,gate passed,1.000000,1.000000,1.000000,False,1.000000,1.000000,False,gate passed,
217,94217,fresh:217,20,1.000000,1/1,1.000000,False,True,0.000000,True,1.000000,1.000000,0.985000,0.985000,False,0.985000,0.985000,False,0.982500,0.982500,False,0.982500,0.982500,False,0.982500,0.982500,False,0.985000,0.985000,False,0.847500,0.847500,False,gate passed,,,1.000000,0.980000,0.980000,False,0.980000,0.980000,False,gate passed,1.000000,0.995000,0.995000,False,0.995000,0.995000,False,gate passed,1.000000,0.995000,0.995000,False,0.995000,0.995000,False,gate passed,1.000000,0.995000,0.995000,False,0.995000,0.995000,False,gate passed,
218,94218,fresh:218,20,1.000000,1/1,1.000000,False,True,0.000000,True,1.000000,1.000000,0.990000,0.990000,False,0.990000,0.990000,False,0.990000,0.990000,False,0.990000,0.990000,False,0.990000,0.990000,False,0.990000,0.990000,False,0.855000,0.855000,False,gate passed,,,1.000000,0.990000,0.990000,False,0.990000,0.990000,False,gate passed,1.000000,1.000000,1.000000,False,1.000000,1.000000,False,gate passed,1.000000,1.000000,1.000000,False,1.000000,1.000000,False,gate passed,1.000000,1.000000,1.000000,False,1.000000,1.000000,False,gate passed,
219,94219,fresh:219,20,0.977500,391/400,0.977500,False,True,0.000000,True,100.000000,100.000000,0.662500,0.662500,False,0.915000,0.915000,False,0.910000,0.910000,False,0.662500,0.662500,False,0.910000,0.910000,False,0.915000,0.915000,False,0.660000,0.660000,False,"fit failure, FF-sel",FF-sel,,100.000000,0.660000,0.660000,False,0.910000,0.910000,False,"BF fit failure, selection",100.000000,0.660000,0.660000,False,0.980000,0.980000,False,"BF fit failure, selection",100.000000,0.660000,0.660000,False,1.000000,1.000000,False,"BF fit failure, selection",100.000000,0.660000,0.660000,False,1.000000,1.000000,False,"BF fit failure, selection",
220,94220,fresh:220,20,0.990000,99/100,0.990000,False,True,1.000000,True,1.000000,1.000000,0.962500,0.962500,False,0.962500,0.962500,False,0.957500,0.957500,False,0.957500,0.957500,False,0.957500,0.957500,False,0.962500,0.962500,False,0.831250,0.831250,False,gate passed,,,1.000000,0.960000,0.960000,False,0.960000,0.960000,False,gate passed,1.000000,0.995000,0.995000,False,0.995000,0.995000,False,gate passed,1.000000,1.000000,1.000000,False,1.000000,1.000000,False,gate passed,1.000000,1.000000,1.000000,False,1.000000,1.000000,False,gate passed,
221,94221,fresh:221,20,1.000000,1/1,1.000000,False,True,0.000000,True,100.000000,100.000000,0.815000,0.815000,False,0.975000,0.975000,False,0.962500,0.962500,False,0.815000,0.815000,False,0.962500,0.962500,False,0.975000,0.975000,False,0.820000,0.820000,False,"fit failure, FF-sel",FF-sel,,100.000000,0.820000,0.820000,False,0.970000,0.970000,False,"BF fit failure, selection",1.000000,1.000000,1.000000,False,1.000000,1.000000,False,gate passed,1.000000,1.000000,1.000000,False,1.000000,1.000000,False,gate passed,1.000000,1.000000,1.000000,False,1.000000,1.000000,False,gate passed,
222,94222,fresh:222,20,0.980000,49/50,0.980000,False,True,0.000000,True,100.000000,100.000000,0.705000,0.705000,False,0.897500,0.897500,False,0.890000,0.890000,False,0.705000,0.705000,False,0.890000,0.890000,False,0.897500,0.897500,False,0.705000,0.705000,False,"fit failure, FF-struct or FF-opt, not separated",FF-struct-or-FF-opt,,100.000000,0.705000,0.705000,False,0.887500,0.887500,False,BF: not separated,100.000000,0.705000,0.705000,False,0.982500,0.982500,False,"BF fit failure, selection",100.000000,0.705000,0.705000,False,0.990000,0.990000,False,"BF fit failure, selection",100.000000,0.705000,0.705000,False,0.995000,0.995000,False,"BF fit failure, selection",
223,94223,fresh:223,20,1.000000,1/1,1.000000,False,True,0.000000,True,1.000000,1.000000,0.970000,0.970000,False,0.970000,0.970000,False,0.967500,0.967500,False,0.967500,0.967500,False,0.967500,0.967500,False,0.970000,0.970000,False,0.750000,0.750000,False,gate passed,,,1.000000,0.980000,0.980000,False,0.980000,0.980000,False,gate passed,1.000000,0.997500,0.997500,False,0.997500,0.997500,False,gate passed,1.000000,1.000000,1.000000,False,1.000000,1.000000,False,gate passed,1.000000,0.997500,0.997500,False,0.997500,0.997500,False,gate passed,
224,94224,fresh:224,20,1.000000,1/1,1.000000,False,True,0.000000,True,100.000000,100.000000,0.792500,0.792500,False,0.926250,0.926250,False,0.930000,0.930000,False,0.802500,0.802500,False,0.930000,0.930000,False,0.926250,0.926250,False,0.795000,0.795000,False,"fit failure, FF-sel",FF-sel,,100.000000,0.795000,0.795000,False,0.935000,0.935000,False,"BF fit failure, selection",100.000000,0.795000,0.795000,False,0.995000,0.995000,False,"BF fit failure, selection",100.000000,0.795000,0.795000,False,1.000000,1.000000,False,"BF fit failure, selection",100.000000,0.795000,0.795000,False,1.000000,1.000000,False,"BF fit failure, selection",
225,94225,fresh:225,20,0.992500,397/400,0.992500,False,True,0.000000,True,100.000000,100.000000,0.820000,0.820000,False,0.960000,0.960000,False,0.955000,0.955000,False,0.820000,0.820000,False,0.955000,0.955000,False,0.960000,0.960000,False,0.815000,0.815000,False,"fit failure, FF-sel",FF-sel,,100.000000,0.815000,0.815000,False,0.967500,0.967500,False,"BF fit failure, selection",1.000000,1.000000,1.000000,False,1.000000,1.000000,False,gate passed,1.000000,1.000000,1.000000,False,1.000000,1.000000,False,gate passed,1.000000,1.000000,1.000000,False,1.000000,1.000000,False,gate passed,
226,94226,fresh:226,20,1.000000,1/1,1.000000,False,True,0.000000,True,100.000000,100.000000,0.918750,0.918750,False,0.992500,0.992500,False,0.992500,0.992500,False,0.915000,0.915000,False,0.992500,0.992500,False,0.992500,0.992500,False,0.915000,0.915000,False,gate passed,,,1.000000,0.992500,0.992500,False,0.992500,0.992500,False,gate passed,100.000000,0.915000,0.915000,False,1.000000,1.000000,False,gate passed,100.000000,0.915000,0.915000,False,1.000000,1.000000,False,gate passed,100.000000,0.915000,0.915000,False,1.000000,1.000000,False,gate passed,
227,94227,fresh:227,20,1.000000,1/1,1.000000,False,True,0.000000,True,100.000000,100.000000,0.835000,0.835000,False,0.962500,0.962500,False,0.960000,0.960000,False,0.820000,0.820000,False,0.960000,0.960000,False,0.962500,0.962500,False,0.830000,0.830000,False,"fit failure, FF-sel",FF-sel,,100.000000,0.830000,0.830000,False,0.955000,0.955000,False,"BF fit failure, selection",1.000000,1.000000,1.000000,False,1.000000,1.000000,False,gate passed,1.000000,1.000000,1.000000,False,1.000000,1.000000,False,gate passed,1.000000,1.000000,1.000000,False,1.000000,1.000000,False,gate passed,
228,94228,fresh:228,20,1.000000,1/1,1.000000,False,True,0.000000,True,100.000000,100.000000,0.835000,0.835000,False,0.962500,0.962500,False,0.965000,0.965000,False,0.825000,0.825000,False,0.965000,0.965000,False,0.962500,0.962500,False,0.840000,0.840000,False,"fit failure, FF-sel",FF-sel,,100.000000,0.840000,0.840000,False,0.967500,0.967500,False,"BF fit failure, selection",100.000000,0.840000,0.840000,False,0.992500,0.992500,False,"BF fit failure, selection",100.000000,0.840000,0.840000,False,1.000000,1.000000,False,"BF fit failure, selection",100.000000,0.840000,0.840000,False,1.000000,1.000000,False,"BF fit failure, selection",
229,94229,fresh:229,20,0.975000,39/40,0.975000,False,True,5.000000,True,100.000000,100.000000,0.701250,0.701250,False,0.865000,0.865000,False,0.870000,0.870000,False,0.696250,0.696250,False,0.870000,0.870000,False,0.865000,0.865000,False,0.700000,0.700000,False,"fit failure, FF-struct or FF-opt, not separated",FF-struct-or-FF-opt,,100.000000,0.700000,0.700000,False,0.875000,0.875000,False,BF: not separated,100.000000,0.700000,0.700000,False,0.960000,0.960000,False,"BF fit failure, selection",100.000000,0.700000,0.700000,False,1.000000,1.000000,False,"BF fit failure, selection",100.000000,0.700000,0.700000,False,1.000000,1.000000,False,"BF fit failure, selection",
230,94230,fresh:230,20,0.987500,79/80,0.987500,False,True,1.000000,True,100.000000,100.000000,0.837500,0.837500,False,0.950000,0.950000,False,0.942500,0.942500,False,0.825000,0.825000,False,0.942500,0.942500,False,0.950000,0.950000,False,0.837500,0.837500,False,"fit failure, FF-sel",FF-sel,,100.000000,0.837500,0.837500,False,0.950000,0.950000,False,"BF fit failure, selection",100.000000,0.837500,0.837500,False,1.000000,1.000000,False,"BF fit failure, selection",100.000000,0.837500,0.837500,False,1.000000,1.000000,False,"BF fit failure, selection",100.000000,0.837500,0.837500,False,1.000000,1.000000,False,"BF fit failure, selection",
231,94231,fresh:231,20,0.995000,199/200,0.995000,False,True,0.000000,True,100.000000,100.000000,0.791250,0.791250,False,0.940000,0.940000,False,0.940000,0.940000,False,0.791250,0.791250,False,0.940000,0.940000,False,0.940000,0.940000,False,0.800000,0.800000,False,"fit failure, FF-sel",FF-sel,,100.000000,0.800000,0.800000,False,0.960000,0.960000,False,"BF fit failure, selection",100.000000,0.800000,0.800000,False,1.000000,1.000000,False,"BF fit failure, selection",100.000000,0.800000,0.800000,False,1.000000,1.000000,False,"BF fit failure, selection",100.000000,0.800000,0.800000,False,1.000000,1.000000,False,"BF fit failure, selection",
232,94232,fresh:232,20,1.000000,1/1,1.000000,False,True,0.000000,True,100.000000,100.000000,0.820000,0.820000,False,0.990000,0.990000,False,0.990000,0.990000,False,0.805000,0.805000,False,0.990000,0.990000,False,0.990000,0.990000,False,0.815000,0.815000,False,"fit failure, FF-sel",FF-sel,,100.000000,0.815000,0.815000,False,0.987500,0.987500,False,"BF fit failure, selection",1.000000,1.000000,1.000000,False,1.000000,1.000000,False,gate passed,1.000000,1.000000,1.000000,False,1.000000,1.000000,False,gate passed,1.000000,1.000000,1.000000,False,1.000000,1.000000,False,gate passed,
233,94233,fresh:233,20,0.990000,99/100,0.990000,False,True,2.000000,True,1.000000,1.000000,0.915000,0.915000,False,0.915000,0.915000,False,0.915000,0.915000,False,0.915000,0.915000,False,0.915000,0.915000,False,0.915000,0.915000,False,0.687500,0.687500,False,gate passed,,,1.000000,0.920000,0.920000,False,0.920000,0.920000,False,gate passed,100.000000,0.687500,0.687500,False,0.987500,0.987500,False,"BF fit failure, selection",100.000000,0.687500,0.687500,False,1.000000,1.000000,False,"BF fit failure, selection",100.000000,0.687500,0.687500,False,1.000000,1.000000,False,"BF fit failure, selection",
234,94234,fresh:234,20,0.992500,397/400,0.992500,False,True,0.000000,True,100.000000,100.000000,0.750000,0.750000,False,0.967500,0.967500,False,0.965000,0.965000,False,0.750000,0.750000,False,0.965000,0.965000,False,0.967500,0.967500,False,0.747500,0.747500,False,"fit failure, FF-sel",FF-sel,,100.000000,0.747500,0.747500,False,0.970000,0.970000,False,"BF fit failure, selection",1.000000,1.000000,1.000000,False,1.000000,1.000000,False,gate passed,1.000000,1.000000,1.000000,False,1.000000,1.000000,False,gate passed,1.000000,1.000000,1.000000,False,1.000000,1.000000,False,gate passed,
235,94235,fresh:235,20,1.000000,1/1,1.000000,False,True,0.000000,True,100.000000,100.000000,0.912500,0.912500,False,0.975000,0.975000,False,0.972500,0.972500,False,0.910000,0.910000,False,0.972500,0.972500,False,0.975000,0.975000,False,0.920000,0.920000,False,gate passed,,,100.000000,0.920000,0.920000,False,0.987500,0.987500,False,gate passed,100.000000,0.920000,0.920000,False,1.000000,1.000000,False,gate passed,100.000000,0.920000,0.920000,False,1.000000,1.000000,False,gate passed,100.000000,0.920000,0.920000,False,1.000000,1.000000,False,gate passed,
236,94236,fresh:236,20,0.995000,199/200,0.995000,False,True,2.000000,True,100.000000,100.000000,0.710000,0.710000,False,0.922500,0.922500,False,0.925000,0.925000,False,0.710000,0.710000,False,0.925000,0.925000,False,0.922500,0.922500,False,0.715000,0.715000,False,"fit failure, FF-sel",FF-sel,,100.000000,0.715000,0.715000,False,0.922500,0.922500,False,"BF fit failure, selection",100.000000,0.715000,0.715000,False,0.977500,0.977500,False,"BF fit failure, selection",100.000000,0.715000,0.715000,False,0.995000,0.995000,False,"BF fit failure, selection",100.000000,0.715000,0.715000,False,0.995000,0.995000,False,"BF fit failure, selection",
237,94237,fresh:237,20,1.000000,1/1,1.000000,False,True,0.000000,True,1.000000,1.000000,1.000000,1.000000,False,1.000000,1.000000,False,1.000000,1.000000,False,1.000000,1.000000,False,1.000000,1.000000,False,1.000000,1.000000,False,0.822500,0.822500,False,gate passed,,,1.000000,1.000000,1.000000,False,1.000000,1.000000,False,gate passed,1.000000,1.000000,1.000000,False,1.000000,1.000000,False,gate passed,1.000000,1.000000,1.000000,False,1.000000,1.000000,False,gate passed,1.000000,1.000000,1.000000,False,1.000000,1.000000,False,gate passed,
238,94238,fresh:238,20,1.000000,1/1,1.000000,False,True,0.000000,True,100.000000,100.000000,0.841250,0.841250,False,0.965000,0.965000,False,0.957500,0.957500,False,0.836250,0.836250,False,0.957500,0.957500,False,0.965000,0.965000,False,0.832500,0.832500,False,"fit failure, FF-sel",FF-sel,,100.000000,0.832500,0.832500,False,0.975000,0.975000,False,"BF fit failure, selection",100.000000,0.832500,0.832500,False,0.995000,0.995000,False,"BF fit failure, selection",100.000000,0.832500,0.832500,False,1.000000,1.000000,False,"BF fit failure, selection",100.000000,0.832500,0.832500,False,1.000000,1.000000,False,"BF fit failure, selection",
239,94239,fresh:239,20,1.000000,1/1,1.000000,False,True,0.000000,True,1.000000,1.000000,0.992500,0.992500,False,0.992500,0.992500,False,0.990000,0.990000,False,0.990000,0.990000,False,0.990000,0.990000,False,0.992500,0.992500,False,0.955000,0.955000,False,gate passed,,,1.000000,0.990000,0.990000,False,0.990000,0.990000,False,gate passed,1.000000,0.995000,0.995000,False,0.995000,0.995000,False,gate passed,1.000000,0.995000,0.995000,False,0.995000,0.995000,False,gate passed,1.000000,0.995000,0.995000,False,0.995000,0.995000,False,gate passed,
240,94240,fresh:240,20,1.000000,1/1,1.000000,False,True,0.000000,True,1.000000,1.000000,0.993750,0.993750,False,0.993750,0.993750,False,0.990000,0.990000,False,0.990000,0.990000,False,0.990000,0.990000,False,0.993750,0.993750,False,0.872500,0.872500,False,gate passed,,,1.000000,0.997500,0.997500,False,0.997500,0.997500,False,gate passed,1.000000,1.000000,1.000000,False,1.000000,1.000000,False,gate passed,1.000000,1.000000,1.000000,False,1.000000,1.000000,False,gate passed,1.000000,1.000000,1.000000,False,1.000000,1.000000,False,gate passed,
241,94241,fresh:241,20,0.995000,199/200,0.995000,False,True,0.000000,True,1.000000,1.000000,0.982500,0.982500,False,0.982500,0.982500,False,0.985000,0.985000,False,0.985000,0.985000,False,0.985000,0.985000,False,0.982500,0.982500,False,0.740000,0.740000,False,gate passed,,,1.000000,0.982500,0.982500,False,0.982500,0.982500,False,gate passed,1.000000,1.000000,1.000000,False,1.000000,1.000000,False,gate passed,1.000000,1.000000,1.000000,False,1.000000,1.000000,False,gate passed,1.000000,1.000000,1.000000,False,1.000000,1.000000,False,gate passed,
242,94242,fresh:242,20,0.995000,199/200,0.995000,False,True,0.000000,True,1.000000,1.000000,0.955000,0.955000,False,0.955000,0.955000,False,0.947500,0.947500,False,0.947500,0.947500,False,0.947500,0.947500,False,0.955000,0.955000,False,0.820000,0.820000,False,gate passed,,,1.000000,0.947500,0.947500,False,0.947500,0.947500,False,gate passed,1.000000,0.997500,0.997500,False,0.997500,0.997500,False,gate passed,1.000000,0.997500,0.997500,False,0.997500,0.997500,False,gate passed,1.000000,0.997500,0.997500,False,0.997500,0.997500,False,gate passed,
243,94243,fresh:243,20,0.990000,99/100,0.990000,False,True,1.000000,True,100.000000,100.000000,0.711250,0.711250,False,0.940000,0.940000,False,0.942500,0.942500,False,0.711250,0.711250,False,0.942500,0.942500,False,0.940000,0.940000,False,0.712500,0.712500,False,"fit failure, FF-sel",FF-sel,,100.000000,0.712500,0.712500,False,0.937500,0.937500,False,"BF fit failure, selection",1.000000,1.000000,1.000000,False,1.000000,1.000000,False,gate passed,1.000000,1.000000,1.000000,False,1.000000,1.000000,False,gate passed,1.000000,1.000000,1.000000,False,1.000000,1.000000,False,gate passed,
244,94244,fresh:244,20,0.972500,389/400,0.972500,False,True,1.000000,True,100.000000,100.000000,0.695000,0.695000,False,0.920000,0.920000,False,0.920000,0.920000,False,0.697500,0.697500,False,0.920000,0.920000,False,0.920000,0.920000,False,0.705000,0.705000,False,"fit failure, FF-sel",FF-sel,,100.000000,0.705000,0.705000,False,0.917500,0.917500,False,"BF fit failure, selection",100.000000,0.705000,0.705000,False,0.992500,0.992500,False,"BF fit failure, selection",100.000000,0.705000,0.705000,False,1.000000,1.000000,False,"BF fit failure, selection",100.000000,0.705000,0.705000,False,1.000000,1.000000,False,"BF fit failure, selection",
245,94245,fresh:245,20,1.000000,1/1,1.000000,False,True,0.000000,True,1.000000,1.000000,1.000000,1.000000,False,1.000000,1.000000,False,1.000000,1.000000,False,1.000000,1.000000,False,1.000000,1.000000,False,1.000000,1.000000,False,0.872500,0.872500,False,gate passed,,,1.000000,1.000000,1.000000,False,1.000000,1.000000,False,gate passed,1.000000,1.000000,1.000000,False,1.000000,1.000000,False,gate passed,1.000000,1.000000,1.000000,False,1.000000,1.000000,False,gate passed,1.000000,1.000000,1.000000,False,1.000000,1.000000,False,gate passed,
246,94246,fresh:246,20,0.995000,199/200,0.995000,False,True,0.000000,True,1.000000,1.000000,0.957500,0.957500,False,0.957500,0.957500,False,0.955000,0.955000,False,0.955000,0.955000,False,0.955000,0.955000,False,0.957500,0.957500,False,0.687500,0.687500,False,gate passed,,,1.000000,0.955000,0.955000,False,0.955000,0.955000,False,gate passed,1.000000,0.997500,0.997500,False,0.997500,0.997500,False,gate passed,1.000000,1.000000,1.000000,False,1.000000,1.000000,False,gate passed,1.000000,1.000000,1.000000,False,1.000000,1.000000,False,gate passed,
247,94247,fresh:247,20,0.987500,79/80,0.987500,False,True,2.000000,True,100.000000,100.000000,0.747500,0.747500,False,0.912500,0.912500,False,0.912500,0.912500,False,0.747500,0.747500,False,0.912500,0.912500,False,0.912500,0.912500,False,0.745000,0.745000,False,"fit failure, FF-sel",FF-sel,,100.000000,0.745000,0.745000,False,0.915000,0.915000,False,"BF fit failure, selection",100.000000,0.745000,0.745000,False,0.997500,0.997500,False,"BF fit failure, selection",100.000000,0.745000,0.745000,False,1.000000,1.000000,False,"BF fit failure, selection",100.000000,0.745000,0.745000,False,1.000000,1.000000,False,"BF fit failure, selection",
248,94248,fresh:248,20,0.995000,199/200,0.995000,False,True,0.000000,True,100.000000,100.000000,0.833750,0.833750,False,0.957500,0.957500,False,0.960000,0.960000,False,0.831250,0.831250,False,0.960000,0.960000,False,0.957500,0.957500,False,0.826250,0.826250,False,"fit failure, FF-sel",FF-sel,,100.000000,0.826250,0.826250,False,0.960000,0.960000,False,"BF fit failure, selection",100.000000,0.826250,0.826250,False,1.000000,1.000000,False,"BF fit failure, selection",100.000000,0.826250,0.826250,False,1.000000,1.000000,False,"BF fit failure, selection",100.000000,0.826250,0.826250,False,1.000000,1.000000,False,"BF fit failure, selection",
249,94249,fresh:249,20,0.977500,391/400,0.977500,False,True,0.000000,True,100.000000,100.000000,0.750000,0.750000,False,0.932500,0.932500,False,0.937500,0.937500,False,0.750000,0.750000,False,0.937500,0.937500,False,0.932500,0.932500,False,0.745000,0.745000,False,"fit failure, FF-sel",FF-sel,,100.000000,0.745000,0.745000,False,0.940000,0.940000,False,"BF fit failure, selection",100.000000,0.745000,0.745000,False,0.980000,0.980000,False,"BF fit failure, selection",100.000000,0.745000,0.745000,False,1.000000,1.000000,False,"BF fit failure, selection",100.000000,0.745000,0.745000,False,1.000000,1.000000,False,"BF fit failure, selection",
250,94250,fresh:250,20,0.995000,199/200,0.995000,False,True,0.000000,True,1.000000,1.000000,0.972500,0.972500,False,0.972500,0.972500,False,0.970000,0.970000,False,0.970000,0.970000,False,0.970000,0.970000,False,0.972500,0.972500,False,0.833750,0.833750,False,gate passed,,,1.000000,0.967500,0.967500,False,0.967500,0.967500,False,gate passed,100.000000,0.833750,0.833750,False,1.000000,1.000000,False,"BF fit failure, selection",100.000000,0.833750,0.833750,False,1.000000,1.000000,False,"BF fit failure, selection",100.000000,0.833750,0.833750,False,1.000000,1.000000,False,"BF fit failure, selection",
251,94251,fresh:251,20,1.000000,1/1,1.000000,False,True,0.000000,True,100.000000,100.000000,0.843750,0.843750,False,0.957500,0.957500,False,0.960000,0.960000,False,0.843750,0.843750,False,0.960000,0.960000,False,0.957500,0.957500,False,0.851250,0.851250,False,"fit failure, FF-sel",FF-sel,,100.000000,0.851250,0.851250,False,0.980000,0.980000,False,"BF fit failure, selection",100.000000,0.851250,0.851250,False,1.000000,1.000000,False,"BF fit failure, selection",100.000000,0.851250,0.851250,False,1.000000,1.000000,False,"BF fit failure, selection",100.000000,0.851250,0.851250,False,1.000000,1.000000,False,"BF fit failure, selection",
252,94252,fresh:252,20,0.995000,199/200,0.995000,False,True,0.000000,True,100.000000,100.000000,0.842500,0.842500,False,0.947500,0.947500,False,0.942500,0.942500,False,0.837500,0.837500,False,0.942500,0.942500,False,0.947500,0.947500,False,0.857500,0.857500,False,"fit failure, FF-sel",FF-sel,,100.000000,0.857500,0.857500,False,0.952500,0.952500,False,"BF fit failure, selection",100.000000,0.857500,0.857500,False,0.995000,0.995000,False,"BF fit failure, selection",100.000000,0.857500,0.857500,False,1.000000,1.000000,False,"BF fit failure, selection",100.000000,0.857500,0.857500,False,1.000000,1.000000,False,"BF fit failure, selection",
253,94253,fresh:253,20,0.995000,199/200,0.995000,False,True,0.000000,True,1.000000,1.000000,0.975000,0.975000,False,0.975000,0.975000,False,0.972500,0.972500,False,0.972500,0.972500,False,0.972500,0.972500,False,0.975000,0.975000,False,0.827500,0.827500,False,gate passed,,,1.000000,0.977500,0.977500,False,0.977500,0.977500,False,gate passed,1.000000,1.000000,1.000000,False,1.000000,1.000000,False,gate passed,1.000000,1.000000,1.000000,False,1.000000,1.000000,False,gate passed,1.000000,1.000000,1.000000,False,1.000000,1.000000,False,gate passed,
254,94254,fresh:254,20,0.990000,99/100,0.990000,False,True,1.000000,True,100.000000,100.000000,0.800000,0.800000,False,0.942500,0.942500,False,0.945000,0.945000,False,0.805000,0.800000,True,0.945000,0.945000,False,0.942500,0.942500,False,0.800000,0.800000,False,"fit failure, FF-sel",FF-sel,,100.000000,0.800000,0.800000,False,0.947500,0.947500,False,"BF fit failure, selection",100.000000,0.800000,0.800000,False,0.995000,0.995000,False,"BF fit failure, selection",100.000000,0.800000,0.800000,False,1.000000,1.000000,False,"BF fit failure, selection",100.000000,0.800000,0.800000,False,1.000000,1.000000,False,"BF fit failure, selection",
255,94255,fresh:255,20,0.995000,199/200,0.995000,False,True,0.000000,True,100.000000,100.000000,0.863750,0.863750,False,0.962500,0.962500,False,0.962500,0.962500,False,0.848750,0.848750,False,0.962500,0.962500,False,0.962500,0.962500,False,0.870000,0.870000,False,"fit failure, FF-sel",FF-sel,,100.000000,0.870000,0.870000,False,0.970000,0.970000,False,"BF fit failure, selection",100.000000,0.870000,0.870000,False,1.000000,1.000000,False,"BF fit failure, selection",100.000000,0.870000,0.870000,False,1.000000,1.000000,False,"BF fit failure, selection",100.000000,0.870000,0.870000,False,1.000000,1.000000,False,"BF fit failure, selection",
256,94256,fresh:256,20,1.000000,1/1,1.000000,False,True,0.000000,True,100.000000,100.000000,0.875000,0.875000,False,0.931250,0.931250,False,0.930000,0.930000,False,0.875000,0.875000,False,0.930000,0.930000,False,0.931250,0.931250,False,0.875000,0.875000,False,"fit failure, FF-sel",FF-sel,,100.000000,0.875000,0.875000,False,0.937500,0.937500,False,"BF fit failure, selection",100.000000,0.875000,0.875000,False,0.990000,0.990000,False,"BF fit failure, selection",100.000000,0.875000,0.875000,False,0.997500,0.997500,False,"BF fit failure, selection",100.000000,0.875000,0.875000,False,0.997500,0.997500,False,"BF fit failure, selection",
257,94257,fresh:257,20,0.995000,199/200,0.995000,False,True,0.000000,True,100.000000,100.000000,0.808750,0.808750,False,0.957500,0.957500,False,0.955000,0.955000,False,0.808750,0.808750,False,0.955000,0.955000,False,0.957500,0.957500,False,0.823750,0.823750,False,"fit failure, FF-sel",FF-sel,,100.000000,0.823750,0.823750,False,0.977500,0.977500,False,"BF fit failure, selection",1.000000,1.000000,1.000000,False,1.000000,1.000000,False,gate passed,1.000000,1.000000,1.000000,False,1.000000,1.000000,False,gate passed,1.000000,1.000000,1.000000,False,1.000000,1.000000,False,gate passed,
258,94258,fresh:258,20,1.000000,1/1,1.000000,False,True,0.000000,True,1.000000,1.000000,0.990000,0.990000,False,0.990000,0.990000,False,0.985000,0.985000,False,0.985000,0.985000,False,0.985000,0.985000,False,0.990000,0.990000,False,0.787500,0.787500,False,gate passed,,,1.000000,0.977500,0.977500,False,0.977500,0.977500,False,gate passed,1.000000,0.995000,0.995000,False,0.995000,0.995000,False,gate passed,1.000000,0.997500,0.997500,False,0.997500,0.997500,False,gate passed,1.000000,0.997500,0.997500,False,0.997500,0.997500,False,gate passed,
259,94259,fresh:259,20,1.000000,1/1,1.000000,False,True,0.000000,True,1.000000,1.000000,0.980000,0.980000,False,0.980000,0.980000,False,0.977500,0.977500,False,0.977500,0.977500,False,0.977500,0.977500,False,0.980000,0.980000,False,0.735000,0.735000,False,gate passed,,,1.000000,0.972500,0.972500,False,0.972500,0.972500,False,gate passed,1.000000,1.000000,1.000000,False,1.000000,1.000000,False,gate passed,1.000000,1.000000,1.000000,False,1.000000,1.000000,False,gate passed,1.000000,1.000000,1.000000,False,1.000000,1.000000,False,gate passed,
260,94260,fresh:260,20,1.000000,1/1,1.000000,False,True,0.000000,True,1.000000,1.000000,0.985000,0.985000,False,0.985000,0.985000,False,0.987500,0.987500,False,0.987500,0.987500,False,0.987500,0.987500,False,0.985000,0.985000,False,0.765000,0.765000,False,gate passed,,,1.000000,0.985000,0.985000,False,0.985000,0.985000,False,gate passed,1.000000,1.000000,1.000000,False,1.000000,1.000000,False,gate passed,1.000000,1.000000,1.000000,False,1.000000,1.000000,False,gate passed,1.000000,1.000000,1.000000,False,1.000000,1.000000,False,gate passed,
261,94261,fresh:261,20,1.000000,1/1,1.000000,False,True,0.000000,True,100.000000,100.000000,0.926250,0.926250,False,0.992500,0.992500,False,0.992500,0.992500,False,0.921250,0.921250,False,0.992500,0.992500,False,0.992500,0.992500,False,0.915000,0.915000,False,gate passed,,,100.000000,0.915000,0.915000,False,0.997500,0.997500,False,gate passed,100.000000,0.915000,0.915000,False,0.997500,0.997500,False,gate passed,100.000000,0.915000,0.915000,False,0.997500,0.997500,False,gate passed,100.000000,0.915000,0.915000,False,0.997500,0.997500,False,gate passed,
262,94262,fresh:262,20,1.000000,1/1,1.000000,False,True,0.000000,True,1.000000,1.000000,0.947500,0.947500,False,0.947500,0.947500,False,0.952500,0.952500,False,0.952500,0.952500,False,0.952500,0.952500,False,0.947500,0.947500,False,0.797500,0.797500,False,gate passed,,,1.000000,0.950000,0.950000,False,0.950000,0.950000,False,gate passed,1.000000,0.977500,0.977500,False,0.977500,0.977500,False,gate passed,1.000000,0.987500,0.987500,False,0.987500,0.987500,False,gate passed,1.000000,0.987500,0.987500,False,0.987500,0.987500,False,gate passed,
263,94263,fresh:263,20,0.987500,79/80,0.987500,False,True,1.000000,True,1.000000,1.000000,0.952500,0.952500,False,0.952500,0.952500,False,0.952500,0.952500,False,0.952500,0.952500,False,0.952500,0.952500,False,0.952500,0.952500,False,0.671250,0.671250,False,gate passed,,,1.000000,0.955000,0.955000,False,0.955000,0.955000,False,gate passed,1.000000,1.000000,1.000000,False,1.000000,1.000000,False,gate passed,1.000000,1.000000,1.000000,False,1.000000,1.000000,False,gate passed,1.000000,1.000000,1.000000,False,1.000000,1.000000,False,gate passed,
264,94264,fresh:264,20,1.000000,1/1,1.000000,False,True,0.000000,True,1.000000,1.000000,0.980000,0.980000,False,0.980000,0.980000,False,0.977500,0.977500,False,0.977500,0.977500,False,0.977500,0.977500,False,0.980000,0.980000,False,0.810000,0.810000,False,gate passed,,,1.000000,0.977500,0.977500,False,0.977500,0.977500,False,gate passed,1.000000,1.000000,1.000000,False,1.000000,1.000000,False,gate passed,1.000000,1.000000,1.000000,False,1.000000,1.000000,False,gate passed,1.000000,1.000000,1.000000,False,1.000000,1.000000,False,gate passed,
265,94265,fresh:265,20,0.995000,199/200,0.995000,False,True,0.000000,True,1.000000,1.000000,0.952500,0.952500,False,0.952500,0.952500,False,0.962500,0.962500,False,0.962500,0.962500,False,0.962500,0.962500,False,0.952500,0.952500,False,0.770000,0.770000,False,gate passed,,,1.000000,0.962500,0.962500,False,0.962500,0.962500,False,gate passed,1.000000,0.990000,0.990000,False,0.990000,0.990000,False,gate passed,1.000000,1.000000,1.000000,False,1.000000,1.000000,False,gate passed,1.000000,1.000000,1.000000,False,1.000000,1.000000,False,gate passed,
266,94266,fresh:266,20,1.000000,1/1,1.000000,False,True,0.000000,True,100.000000,100.000000,0.898750,0.898750,False,0.972500,0.972500,False,0.970000,0.970000,False,0.900000,0.900000,False,0.970000,0.970000,False,0.972500,0.972500,False,0.900000,0.900000,False,"fit failure, FF-sel; and FF-quant at lambda_c (the float fit at lambda_c passed, the quantised one did not)",FF-sel;FF-quant@lambda_c,DECODER_SPLIT_AT_LC,100.000000,0.900000,0.900000,False,0.970000,0.970000,False,gate passed,100.000000,0.900000,0.900000,False,0.992500,0.992500,False,gate passed,100.000000,0.900000,0.900000,False,0.995000,0.995000,False,gate passed,100.000000,0.900000,0.900000,False,0.995000,0.995000,False,gate passed,
267,94267,fresh:267,20,1.000000,1/1,1.000000,False,True,0.000000,True,100.000000,100.000000,0.858750,0.858750,False,0.995000,0.995000,False,0.992500,0.992500,False,0.862500,0.862500,False,0.992500,0.992500,False,0.995000,0.995000,False,0.852500,0.852500,False,"fit failure, FF-sel",FF-sel,,1.000000,0.995000,0.995000,False,0.995000,0.995000,False,gate passed,100.000000,0.852500,0.852500,False,0.995000,0.995000,False,"BF fit failure, selection",100.000000,0.852500,0.852500,False,1.000000,1.000000,False,"BF fit failure, selection",100.000000,0.852500,0.852500,False,1.000000,1.000000,False,"BF fit failure, selection",
268,94268,fresh:268,20,1.000000,1/1,1.000000,False,True,0.000000,True,100.000000,100.000000,0.922500,0.922500,False,0.986250,0.986250,False,0.982500,0.982500,False,0.915000,0.915000,False,0.982500,0.982500,False,0.986250,0.986250,False,0.916250,0.916250,False,gate passed,,,100.000000,0.916250,0.916250,False,0.990000,0.990000,False,gate passed,100.000000,0.916250,0.916250,False,1.000000,1.000000,False,gate passed,100.000000,0.916250,0.916250,False,1.000000,1.000000,False,gate passed,100.000000,0.916250,0.916250,False,1.000000,1.000000,False,gate passed,
269,94269,fresh:269,20,1.000000,1/1,1.000000,False,True,0.000000,True,100.000000,100.000000,0.837500,0.837500,False,0.952500,0.952500,False,0.950000,0.950000,False,0.837500,0.837500,False,0.950000,0.950000,False,0.952500,0.952500,False,0.840000,0.840000,False,"fit failure, FF-sel",FF-sel,,100.000000,0.840000,0.840000,False,0.950000,0.950000,False,"BF fit failure, selection",100.000000,0.840000,0.840000,False,0.995000,0.995000,False,"BF fit failure, selection",100.000000,0.840000,0.840000,False,0.995000,0.995000,False,"BF fit failure, selection",100.000000,0.840000,0.840000,False,0.995000,0.995000,False,"BF fit failure, selection",
270,94270,fresh:270,20,1.000000,1/1,1.000000,False,True,0.000000,True,1.000000,1.000000,0.985000,0.985000,False,0.985000,0.985000,False,0.985000,0.985000,False,0.985000,0.985000,False,0.985000,0.985000,False,0.985000,0.985000,False,0.790000,0.790000,False,gate passed,,,1.000000,0.987500,0.987500,False,0.987500,0.987500,False,gate passed,1.000000,1.000000,1.000000,False,1.000000,1.000000,False,gate passed,1.000000,1.000000,1.000000,False,1.000000,1.000000,False,gate passed,1.000000,1.000000,1.000000,False,1.000000,1.000000,False,gate passed,
271,94271,fresh:271,20,0.995000,199/200,0.995000,False,True,0.000000,True,100.000000,100.000000,0.842500,0.842500,False,0.970000,0.970000,False,0.972500,0.972500,False,0.842500,0.842500,False,0.972500,0.972500,False,0.970000,0.970000,False,0.837500,0.837500,False,"fit failure, FF-sel",FF-sel,,100.000000,0.837500,0.837500,False,0.972500,0.972500,False,"BF fit failure, selection",100.000000,0.837500,0.837500,False,1.000000,1.000000,False,"BF fit failure, selection",100.000000,0.837500,0.837500,False,1.000000,1.000000,False,"BF fit failure, selection",100.000000,0.837500,0.837500,False,1.000000,1.000000,False,"BF fit failure, selection",
272,94272,fresh:272,20,0.992500,397/400,0.992500,False,True,0.000000,True,100.000000,100.000000,0.827500,0.827500,False,0.962500,0.962500,False,0.962500,0.962500,False,0.827500,0.827500,False,0.962500,0.962500,False,0.962500,0.962500,False,0.827500,0.827500,False,"fit failure, FF-sel",FF-sel,,100.000000,0.827500,0.827500,False,0.962500,0.962500,False,"BF fit failure, selection",1.000000,1.000000,1.000000,False,1.000000,1.000000,False,gate passed,1.000000,1.000000,1.000000,False,1.000000,1.000000,False,gate passed,1.000000,1.000000,1.000000,False,1.000000,1.000000,False,gate passed,
273,94273,fresh:273,20,1.000000,1/1,1.000000,False,True,0.000000,True,100.000000,100.000000,0.868750,0.868750,False,0.947500,0.947500,False,0.945000,0.945000,False,0.868750,0.868750,False,0.945000,0.945000,False,0.947500,0.947500,False,0.891250,0.891250,False,"fit failure, FF-sel",FF-sel,,100.000000,0.891250,0.891250,False,0.955000,0.955000,False,"BF fit failure, selection",100.000000,0.891250,0.891250,False,0.990000,0.990000,False,"BF fit failure, selection",100.000000,0.891250,0.891250,False,0.997500,0.997500,False,"BF fit failure, selection",100.000000,0.891250,0.891250,False,0.995000,0.995000,False,"BF fit failure, selection",
274,94274,fresh:274,20,1.000000,1/1,1.000000,False,True,0.000000,True,1.000000,1.000000,0.975000,0.975000,False,0.975000,0.975000,False,0.977500,0.977500,False,0.977500,0.977500,False,0.977500,0.977500,False,0.975000,0.975000,False,0.837500,0.837500,False,gate passed,,,1.000000,0.977500,0.977500,False,0.977500,0.977500,False,gate passed,1.000000,1.000000,1.000000,False,1.000000,1.000000,False,gate passed,1.000000,1.000000,1.000000,False,1.000000,1.000000,False,gate passed,1.000000,1.000000,1.000000,False,1.000000,1.000000,False,gate passed,
275,94275,fresh:275,20,0.990000,99/100,0.990000,False,True,0.000000,True,1.000000,1.000000,0.952500,0.952500,False,0.952500,0.952500,False,0.945000,0.945000,False,0.945000,0.945000,False,0.945000,0.945000,False,0.952500,0.952500,False,0.780000,0.775000,True,gate passed,,,1.000000,0.952500,0.952500,False,0.952500,0.952500,False,gate passed,100.000000,0.780000,0.775000,True,0.997500,0.997500,False,"BF fit failure, selection",100.000000,0.780000,0.775000,True,1.000000,1.000000,False,"BF fit failure, selection",100.000000,0.780000,0.775000,True,1.000000,1.000000,False,"BF fit failure, selection",
276,94276,fresh:276,20,1.000000,1/1,1.000000,False,True,0.000000,True,1.000000,1.000000,0.980000,0.980000,False,0.980000,0.980000,False,0.982500,0.982500,False,0.982500,0.982500,False,0.982500,0.982500,False,0.980000,0.980000,False,0.846250,0.846250,False,gate passed,,,1.000000,0.980000,0.980000,False,0.980000,0.980000,False,gate passed,1.000000,0.992500,0.992500,False,0.992500,0.992500,False,gate passed,1.000000,0.992500,0.992500,False,0.992500,0.992500,False,gate passed,1.000000,0.992500,0.992500,False,0.992500,0.992500,False,gate passed,
277,94277,fresh:277,20,1.000000,1/1,1.000000,False,True,0.000000,True,100.000000,100.000000,0.796250,0.796250,False,0.917500,0.917500,False,0.927500,0.927500,False,0.796250,0.796250,False,0.925000,0.925000,False,0.915000,0.915000,False,0.798750,0.798750,False,"fit failure, FF-sel",FF-sel,,100.000000,0.798750,0.798750,False,0.917500,0.917500,False,"BF fit failure, selection",100.000000,0.798750,0.798750,False,0.997500,0.997500,False,"BF fit failure, selection",100.000000,0.798750,0.798750,False,0.997500,0.997500,False,"BF fit failure, selection",100.000000,0.798750,0.798750,False,0.997500,0.997500,False,"BF fit failure, selection",
278,94278,fresh:278,20,0.992500,397/400,0.992500,False,True,0.000000,True,100.000000,100.000000,0.807500,0.807500,False,0.960000,0.960000,False,0.955000,0.955000,False,0.810000,0.810000,False,0.955000,0.955000,False,0.960000,0.960000,False,0.812500,0.812500,False,"fit failure, FF-sel",FF-sel,,100.000000,0.812500,0.812500,False,0.960000,0.960000,False,"BF fit failure, selection",1.000000,1.000000,1.000000,False,1.000000,1.000000,False,gate passed,1.000000,1.000000,1.000000,False,1.000000,1.000000,False,gate passed,1.000000,1.000000,1.000000,False,1.000000,1.000000,False,gate passed,
279,94279,fresh:279,20,1.000000,1/1,1.000000,False,True,0.000000,True,1.000000,1.000000,0.982500,0.982500,False,0.982500,0.982500,False,0.982500,0.982500,False,0.982500,0.982500,False,0.982500,0.982500,False,0.982500,0.982500,False,0.811250,0.811250,False,gate passed,,,1.000000,0.987500,0.987500,False,0.987500,0.987500,False,gate passed,1.000000,1.000000,1.000000,False,1.000000,1.000000,False,gate passed,1.000000,1.000000,1.000000,False,1.000000,1.000000,False,gate passed,1.000000,1.000000,1.000000,False,1.000000,1.000000,False,gate passed,
280,94280,fresh:280,20,1.000000,1/1,1.000000,False,True,0.000000,True,1.000000,1.000000,0.977500,0.977500,False,0.977500,0.977500,False,0.975000,0.975000,False,0.975000,0.975000,False,0.975000,0.975000,False,0.977500,0.977500,False,0.806250,0.806250,False,gate passed,,,1.000000,0.975000,0.975000,False,0.975000,0.975000,False,gate passed,1.000000,1.000000,1.000000,False,1.000000,1.000000,False,gate passed,1.000000,1.000000,1.000000,False,1.000000,1.000000,False,gate passed,1.000000,1.000000,1.000000,False,1.000000,1.000000,False,gate passed,
281,94281,fresh:281,20,0.992500,397/400,0.992500,False,True,0.000000,True,100.000000,100.000000,0.705000,0.705000,False,0.955000,0.955000,False,0.955000,0.955000,False,0.693750,0.705000,True,0.955000,0.955000,False,0.955000,0.955000,False,0.705000,0.705000,False,"fit failure, FF-sel",FF-sel,,100.000000,0.705000,0.705000,False,0.955000,0.955000,False,"BF fit failure, selection",1.000000,1.000000,1.000000,False,1.000000,1.000000,False,gate passed,1.000000,1.000000,1.000000,False,1.000000,1.000000,False,gate passed,1.000000,1.000000,1.000000,False,1.000000,1.000000,False,gate passed,
282,94282,fresh:282,20,0.982500,393/400,0.982500,False,True,1.000000,True,1.000000,1.000000,0.935000,0.935000,False,0.935000,0.935000,False,0.937500,0.937500,False,0.937500,0.937500,False,0.937500,0.937500,False,0.935000,0.935000,False,0.727500,0.727500,False,gate passed,,,1.000000,0.945000,0.945000,False,0.945000,0.945000,False,gate passed,1.000000,0.995000,0.995000,False,0.995000,0.995000,False,gate passed,1.000000,1.000000,1.000000,False,1.000000,1.000000,False,gate passed,1.000000,1.000000,1.000000,False,1.000000,1.000000,False,gate passed,
283,94283,fresh:283,20,0.977500,391/400,0.977500,False,True,2.000000,True,100.000000,100.000000,0.698750,0.698750,False,0.900000,0.900000,False,0.910000,0.910000,False,0.698750,0.698750,False,0.910000,0.910000,False,0.900000,0.900000,False,0.700000,0.700000,False,"fit failure, FF-sel",FF-sel,,100.000000,0.700000,0.700000,False,0.905000,0.905000,False,"BF fit failure, selection",100.000000,0.700000,0.700000,False,0.980000,0.980000,False,"BF fit failure, selection",100.000000,0.700000,0.700000,False,0.995000,0.995000,False,"BF fit failure, selection",100.000000,0.700000,0.700000,False,1.000000,1.000000,False,"BF fit failure, selection",
284,94284,fresh:284,20,0.987500,79/80,0.987500,False,True,0.000000,True,1.000000,1.000000,0.960000,0.960000,False,0.960000,0.960000,False,0.960000,0.960000,False,0.960000,0.960000,False,0.960000,0.960000,False,0.960000,0.960000,False,0.720000,0.720000,False,gate passed,,,1.000000,0.962500,0.962500,False,0.962500,0.962500,False,gate passed,1.000000,1.000000,1.000000,False,1.000000,1.000000,False,gate passed,1.000000,1.000000,1.000000,False,1.000000,1.000000,False,gate passed,1.000000,1.000000,1.000000,False,1.000000,1.000000,False,gate passed,
285,94285,fresh:285,20,0.992500,397/400,0.992500,False,True,0.000000,True,100.000000,100.000000,0.781250,0.781250,False,0.945000,0.945000,False,0.940000,0.940000,False,0.780000,0.780000,False,0.940000,0.940000,False,0.945000,0.945000,False,0.780000,0.780000,False,"fit failure, FF-sel",FF-sel,,100.000000,0.780000,0.780000,False,0.940000,0.940000,False,"BF fit failure, selection",100.000000,0.780000,0.780000,False,0.997500,0.997500,False,"BF fit failure, selection",100.000000,0.780000,0.780000,False,0.997500,0.997500,False,"BF fit failure, selection",100.000000,0.780000,0.780000,False,0.997500,0.997500,False,"BF fit failure, selection",
286,94286,fresh:286,20,0.995000,199/200,0.995000,False,True,0.000000,True,100.000000,100.000000,0.808750,0.808750,False,0.945000,0.945000,False,0.950000,0.950000,False,0.808750,0.808750,False,0.950000,0.950000,False,0.945000,0.945000,False,0.810000,0.810000,False,"fit failure, FF-sel",FF-sel,,100.000000,0.810000,0.810000,False,0.942500,0.942500,False,"BF fit failure, selection",100.000000,0.810000,0.810000,False,0.990000,0.990000,False,"BF fit failure, selection",100.000000,0.810000,0.810000,False,1.000000,1.000000,False,"BF fit failure, selection",100.000000,0.810000,0.810000,False,1.000000,1.000000,False,"BF fit failure, selection",
287,94287,fresh:287,20,1.000000,1/1,1.000000,False,True,0.000000,True,100.000000,100.000000,0.831250,0.831250,False,0.965000,0.965000,False,0.965000,0.965000,False,0.831250,0.831250,False,0.965000,0.965000,False,0.965000,0.965000,False,0.827500,0.827500,False,"fit failure, FF-sel",FF-sel,,100.000000,0.827500,0.827500,False,0.967500,0.967500,False,"BF fit failure, selection",100.000000,0.827500,0.827500,False,1.000000,1.000000,False,"BF fit failure, selection",100.000000,0.827500,0.827500,False,1.000000,1.000000,False,"BF fit failure, selection",100.000000,0.827500,0.827500,False,1.000000,1.000000,False,"BF fit failure, selection",
288,94288,fresh:288,20,1.000000,1/1,1.000000,False,True,0.000000,True,100.000000,100.000000,0.875000,0.875000,False,0.970000,0.970000,False,0.970000,0.970000,False,0.865000,0.865000,False,0.970000,0.970000,False,0.970000,0.970000,False,0.880000,0.880000,False,"fit failure, FF-sel",FF-sel,,100.000000,0.880000,0.880000,False,0.980000,0.980000,False,"BF fit failure, selection",100.000000,0.880000,0.880000,False,0.992500,0.992500,False,"BF fit failure, selection",100.000000,0.880000,0.880000,False,1.000000,1.000000,False,"BF fit failure, selection",100.000000,0.880000,0.880000,False,1.000000,1.000000,False,"BF fit failure, selection",
289,94289,fresh:289,20,0.987500,79/80,0.987500,False,True,0.000000,True,100.000000,100.000000,0.785000,0.785000,False,0.935000,0.935000,False,0.935000,0.935000,False,0.780000,0.780000,False,0.930000,0.930000,False,0.932500,0.932500,False,0.785000,0.785000,False,"fit failure, FF-sel",FF-sel,,100.000000,0.785000,0.785000,False,0.935000,0.935000,False,"BF fit failure, selection",100.000000,0.785000,0.785000,False,1.000000,1.000000,False,"BF fit failure, selection",100.000000,0.785000,0.785000,False,1.000000,1.000000,False,"BF fit failure, selection",100.000000,0.785000,0.785000,False,1.000000,1.000000,False,"BF fit failure, selection",
290,94290,fresh:290,20,1.000000,1/1,1.000000,False,True,0.000000,True,100.000000,100.000000,0.837500,0.837500,False,0.970000,0.970000,False,0.962500,0.962500,False,0.837500,0.837500,False,0.962500,0.962500,False,0.970000,0.970000,False,0.837500,0.837500,False,"fit failure, FF-sel",FF-sel,,100.000000,0.837500,0.837500,False,0.957500,0.957500,False,"BF fit failure, selection",1.000000,1.000000,1.000000,False,1.000000,1.000000,False,gate passed,1.000000,1.000000,1.000000,False,1.000000,1.000000,False,gate passed,1.000000,1.000000,1.000000,False,1.000000,1.000000,False,gate passed,
291,94291,fresh:291,20,1.000000,1/1,1.000000,False,True,0.000000,True,1.000000,1.000000,0.955000,0.955000,False,0.955000,0.955000,False,0.957500,0.957500,False,0.957500,0.957500,False,0.957500,0.957500,False,0.955000,0.955000,False,0.735000,0.735000,False,gate passed,,,1.000000,0.955000,0.955000,False,0.955000,0.955000,False,gate passed,1.000000,0.995000,0.995000,False,0.995000,0.995000,False,gate passed,1.000000,1.000000,1.000000,False,1.000000,1.000000,False,gate passed,1.000000,1.000000,1.000000,False,1.000000,1.000000,False,gate passed,
292,94292,fresh:292,20,0.980000,49/50,0.980000,False,True,0.000000,True,100.000000,100.000000,0.715000,0.715000,False,0.907500,0.907500,False,0.907500,0.907500,False,0.715000,0.715000,False,0.907500,0.907500,False,0.907500,0.907500,False,0.717500,0.717500,False,"fit failure, FF-sel",FF-sel,,100.000000,0.717500,0.717500,False,0.917500,0.917500,False,"BF fit failure, selection",100.000000,0.717500,0.717500,False,0.995000,0.995000,False,"BF fit failure, selection",100.000000,0.717500,0.717500,False,1.000000,1.000000,False,"BF fit failure, selection",100.000000,0.717500,0.717500,False,1.000000,1.000000,False,"BF fit failure, selection",
293,94293,fresh:293,20,1.000000,1/1,1.000000,False,True,0.000000,True,1.000000,1.000000,0.982500,0.982500,False,0.982500,0.982500,False,0.982500,0.982500,False,0.982500,0.982500,False,0.982500,0.982500,False,0.982500,0.982500,False,0.820000,0.820000,False,gate passed,,,1.000000,0.990000,0.990000,False,0.990000,0.990000,False,gate passed,1.000000,1.000000,1.000000,False,1.000000,1.000000,False,gate passed,1.000000,1.000000,1.000000,False,1.000000,1.000000,False,gate passed,1.000000,1.000000,1.000000,False,1.000000,1.000000,False,gate passed,
294,94294,fresh:294,20,1.000000,1/1,1.000000,False,True,0.000000,True,1.000000,1.000000,0.965000,0.965000,False,0.965000,0.965000,False,0.965000,0.965000,False,0.965000,0.965000,False,0.965000,0.965000,False,0.965000,0.965000,False,0.780000,0.780000,False,gate passed,,,1.000000,0.970000,0.970000,False,0.970000,0.970000,False,gate passed,1.000000,1.000000,1.000000,False,1.000000,1.000000,False,gate passed,1.000000,1.000000,1.000000,False,1.000000,1.000000,False,gate passed,1.000000,1.000000,1.000000,False,1.000000,1.000000,False,gate passed,
295,94295,fresh:295,20,0.985000,197/200,0.985000,False,True,1.000000,True,100.000000,100.000000,0.782500,0.782500,False,0.927500,0.927500,False,0.922500,0.922500,False,0.777500,0.777500,False,0.922500,0.922500,False,0.927500,0.927500,False,0.782500,0.782500,False,"fit failure, FF-sel",FF-sel,,100.000000,0.782500,0.782500,False,0.935000,0.935000,False,"BF fit failure, selection",100.000000,0.782500,0.782500,False,0.992500,0.992500,False,"BF fit failure, selection",100.000000,0.782500,0.782500,False,1.000000,1.000000,False,"BF fit failure, selection",100.000000,0.782500,0.782500,False,1.000000,1.000000,False,"BF fit failure, selection",
296,94296,fresh:296,20,0.995000,199/200,0.995000,False,True,0.000000,True,1.000000,1.000000,0.943750,0.943750,False,0.943750,0.943750,False,0.937500,0.937500,False,0.937500,0.937500,False,0.937500,0.937500,False,0.943750,0.943750,False,0.705000,0.705000,False,gate passed,,,1.000000,0.942500,0.942500,False,0.942500,0.942500,False,gate passed,1.000000,0.992500,0.992500,False,0.992500,0.992500,False,gate passed,1.000000,1.000000,1.000000,False,1.000000,1.000000,False,gate passed,1.000000,1.000000,1.000000,False,1.000000,1.000000,False,gate passed,
297,94297,fresh:297,20,0.995000,199/200,0.995000,False,True,0.000000,True,100.000000,100.000000,0.672500,0.672500,False,0.912500,0.912500,False,0.920000,0.920000,False,0.675000,0.675000,False,0.920000,0.920000,False,0.912500,0.912500,False,0.672500,0.672500,False,"fit failure, FF-sel",FF-sel,,100.000000,0.672500,0.672500,False,0.917500,0.917500,False,"BF fit failure, selection",100.000000,0.672500,0.672500,False,0.987500,0.987500,False,"BF fit failure, selection",100.000000,0.672500,0.672500,False,1.000000,1.000000,False,"BF fit failure, selection",100.000000,0.672500,0.672500,False,1.000000,1.000000,False,"BF fit failure, selection",
298,94298,fresh:298,20,1.000000,1/1,1.000000,False,True,0.000000,True,1.000000,1.000000,0.972500,0.972500,False,0.972500,0.972500,False,0.972500,0.972500,False,0.972500,0.972500,False,0.972500,0.972500,False,0.972500,0.972500,False,0.745000,0.745000,False,gate passed,,,1.000000,0.972500,0.972500,False,0.972500,0.972500,False,gate passed,1.000000,1.000000,1.000000,False,1.000000,1.000000,False,gate passed,1.000000,1.000000,1.000000,False,1.000000,1.000000,False,gate passed,1.000000,1.000000,1.000000,False,1.000000,1.000000,False,gate passed,
299,94299,fresh:299,20,0.992500,397/400,0.992500,False,True,0.000000,True,1.000000,1.000000,0.965000,0.965000,False,0.965000,0.965000,False,0.965000,0.965000,False,0.965000,0.965000,False,0.965000,0.965000,False,0.965000,0.965000,False,0.717500,0.717500,False,gate passed,,,1.000000,0.972500,0.972500,False,0.972500,0.972500,False,gate passed,1.000000,1.000000,1.000000,False,1.000000,1.000000,False,gate passed,1.000000,1.000000,1.000000,False,1.000000,1.000000,False,gate passed,1.000000,1.000000,1.000000,False,1.000000,1.000000,False,gate passed,
