run,label,type,base_loss_16,delta_16,delta_norm_16,delta_13,delta_10,delta_item_sequence_02_ambush_2_split_00,delta_item_sequence_02_ambush_2_split_01,delta_item_sequence_02_ambush_2_split_02,delta_item_sequence_07_bamboo_1_split_00,delta_item_sequence_07_bamboo_1_split_01,delta_item_sequence_07_bamboo_1_split_02,delta_item_sequence_09_bandage_1_split_00,delta_item_sequence_09_bandage_1_split_01,delta_item_sequence_09_bandage_1_split_02,delta_item_sequence_12_cave_4_split_00,delta_item_sequence_13_market_2_split_00,delta_item_sequence_13_market_2_split_01,delta_item_sequence_13_market_2_split_02,delta_item_sequence_16_mountain_1_split_00,delta_item_sequence_16_mountain_1_split_01,delta_item_sequence_16_mountain_1_split_02
000,seed0,R1,1148.8074612617493,68.16653203964233,0.05933677690844225,68.17681121826172,65.42771224975587,73.764892578125,56.7060546875,73.89501953125,12.953277587890625,5.757423400878906,-0.15615081787109375,81.67303466796875,40.43670654296875,109.91168212890625,-8.3499755859375,-11.67327880859375,37.815643310546875,82.50730895996094,195.26016235351562,231.77127838134766,108.39143371582031
000,seed0,R2,1148.8074612617493,459.16550397872925,0.39968882468296485,532.6049704918495,568.3122428894044,178.831298828125,98.2607421875,145.69140625,328.59471893310547,337.8990478515625,379.58910369873047,337.930419921875,377.51776123046875,525.2940063476562,16.57568359375,363.07464599609375,218.64974975585938,276.9258270263672,1349.6707763671875,1384.666633605957,1027.4762420654297
000,seed0,R3,1148.8074612617493,-0.9533562660217285,-0.0008298660116418862,3.744363051194398,10.013869476318348,-0.920166015625,-24.10595703125,-38.904296875,-2.8325271606445312,-1.9044036865234375,-4.316581726074219,-12.42596435546875,-27.1546630859375,-11.88134765625,6.9215087890625,-13.23382568359375,1.7723388671875,6.1022186279296875,42.26274108886719,48.46367645263672,16.903549194335938
000,seed0,R4,1148.8074612617493,17.075107097625732,0.0148633323454149,13.380168621356688,17.75454635620116,42.708740234375,24.55322265625,31.99755859375,3.0623626708984375,1.15643310546875,1.0521697998046875,13.20361328125,-28.02008056640625,11.21319580078125,0.043701171875,-8.05731201171875,12.05206298828125,14.381057739257812,67.91131591796875,75.64217376708984,10.301498413085938
000,seed0,R5,1148.8074612617493,1.3378477096557617,0.0011645534650222304,0.2845400296724847,3.8865585327148438,13.322265625,2.6611328125,1.72314453125,0.4788665771484375,0.9641876220703125,1.3269729614257812,-5.850830078125,-20.75982666015625,-8.555908203125,1.8385009765625,-4.51702880859375,3.335418701171875,2.2340545654296875,18.098190307617188,14.826622009277344,0.2798004150390625
000,seed0,R6,1148.8074612617493,3.053706169128418,0.0026581531475905417,5.552259005033079,15.897642517089821,12.361083984375,-12.67919921875,-23.001953125,7.053718566894531,8.099800109863281,2.9036026000976562,-37.00146484375,-48.21942138671875,-1.576171875,9.9083251953125,-5.76544189453125,7.665313720703125,17.810653686523438,51.570159912109375,61.66851043701172,-1.9382171630859375
000,seed0,R7,1148.8074612617493,19.204679012298584,0.01671705630393961,14.289716867300172,1.3758628845214957,32.494384765625,44.65771484375,44.3564453125,-6.265098571777344,-12.03094482421875,-11.420463562011719,57.50909423828125,62.045654296875,52.45294189453125,1.811279296875,22.91259765625,12.75445556640625,3.5531005859375,-19.805496215820312,-3.7816238403320312,26.03082275390625
000,seed0,R8,1148.8074612617493,1040.3820605278015,0.9056191708444661,1203.9189400306113,1373.688762664795,323.515869140625,326.17578125,345.47509765625,1661.7111434936523,1698.3149719238281,1692.394187927246,571.1478271484375,585.2575073242188,757.6532592773438,922.10888671875,1318.9611206054688,1340.9778747558594,1552.9569854736328,1156.273193359375,1214.6337966918945,1178.5554656982422
000,seed0,L1,1148.8074612617493,56.70540142059326,0.04936023078951196,35.80660658616284,31.620921325683582,151.947998046875,139.77685546875,150.07568359375,43.13896942138672,53.27165222167969,52.618202209472656,52.58203125,51.0611572265625,45.63348388671875,18.3922119140625,87.57342529296875,51.898895263671875,31.60430908203125,4.6643829345703125,-7.4033355712890625,-19.54949951171875
000,seed0,L2,1148.8074612617493,138.79425382614136,0.12081594044810776,146.58291802039514,132.02673263549804,155.602294921875,109.23388671875,50.2939453125,-3.5928268432617188,-8.006019592285156,-12.057754516601562,180.01361083984375,206.770751953125,198.5262451171875,16.6409912109375,59.209716796875,28.26629638671875,17.586410522460938,382.003173828125,510.4729690551758,329.74436950683594
000,seed0,L3,1148.8074612617493,0.5004324913024902,0.00043561041182032286,1.7408417921799924,1.006484222412098,-1.953125,-2.6787109375,-9.9921875,5.681190490722656,8.3406982421875,7.5385284423828125,6.74005126953125,6.81103515625,-0.9849853515625,-4.0166015625,-4.47637939453125,3.623687744140625,3.29327392578125,-6.4369964599609375,-5.031463623046875,1.5489044189453125
000,seed0,L4,1148.8074612617493,40.522337436676025,0.035273393325779626,45.23771608792822,38.97889785766603,19.9423828125,25.9091796875,14.41552734375,-3.8819427490234375,-13.096481323242188,-16.456298828125,61.48712158203125,73.5,63.314208984375,17.158203125,43.30670166015625,47.62420654296875,36.04518127441406,58.94114685058594,121.44454193115234,98.70372009277344
000,seed0,L5,1148.8074612617493,378.7494559288025,0.3296892374922577,438.80279717078577,394.73798446655275,294.624755859375,128.46044921875,-67.5302734375,384.0093307495117,385.5072326660156,367.9411849975586,469.5125732421875,574.9351196289062,712.6088256835938,138.6368408203125,205.75262451171875,258.6379699707031,374.1856231689453,607.2733764648438,694.668830871582,530.7668304443359
000,seed0,Lawf1,1148.8074612617493,0.1909494400024414,0.00016621535500188978,-0.06385098970849867,-0.4580490112304574,0.056640625,1.89013671875,1.9384765625,0.0786895751953125,-0.799591064453125,-0.8823928833007812,1.63916015625,1.15155029296875,0.959716796875,-0.5089111328125,0.02685546875,0.26483154296875,-0.044158935546875,-0.6431121826171875,-1.7265853881835938,-0.3461151123046875
000,seed0,Lawf2,1148.8074612617493,6.195147514343262,0.005392676948266906,6.596889789287843,1.4369979858398096,-9.81689453125,8.22265625,14.95703125,-0.5458297729492188,-2.4082260131835938,-1.999908447265625,27.59405517578125,26.37640380859375,17.41912841796875,-0.2501220703125,7.94012451171875,7.473541259765625,0.2569732666015625,-7.979644775390625,-3.172607421875,15.055679321289062
000,seed0,Am,1148.8074612617493,7.9061689376831055,0.006882066146227553,6.398206270658079,4.600822448730469,-2.550537109375,14.57080078125,31.3017578125,2.507965087890625,0.6542816162109375,0.5559005737304688,16.13507080078125,12.11517333984375,8.918212890625,2.4456787109375,15.334228515625,11.629730224609375,3.2022552490234375,0.8267364501953125,2.2096176147460938,6.6418304443359375
000,seed0,C2,1148.8074612617493,-0.5875949859619141,-0.0005114825641161412,-1.3687767615684834,-1.8557098388671989,6.626953125,-1.673828125,3.439453125,-2.5145645141601562,-5.5994873046875,-5.1071014404296875,-0.31146240234375,-2.08087158203125,3.15533447265625,-0.347900390625,-7.8828125,-4.872802734375,1.586700439453125,7.36090087890625,1.3568649291992188,-2.536895751953125
000,seed0,C3,1148.8074612617493,12.885787010192871,0.011216663753245695,11.670014601487367,9.428001403808594,-6.34423828125,27.7783203125,33.0283203125,8.980400085449219,8.671875,7.553276062011719,21.92034912109375,19.91265869140625,15.59716796875,5.6611328125,19.31298828125,11.328094482421875,11.714248657226562,8.877578735351562,8.60333251953125,3.57708740234375
000,seed0,CT1(Lo1),1148.8074612617493,-0.17315959930419922,-0.00015072987001147774,2.6450347900390625,-0.4485336303711165,-15.069091796875,-9.931640625,-12.1552734375,-1.7271575927734375,-6.4615478515625,-7.0238494873046875,14.76898193359375,13.21014404296875,10.89166259765625,-0.9764404296875,5.48089599609375,2.364501953125,-0.60089111328125,-1.6432342529296875,0.8523712158203125,5.2500152587890625
000,seed0,CT1(M10),1148.8074612617493,953.3970065116882,0.8299014749299771,1186.7807658268857,1185.8401176452637,-41.1298828125,-30.1923828125,-102.4755859375,1228.6374130249023,1255.3790588378906,1220.858299255371,1232.9930419921875,1240.6466674804688,1096.1090698242188,558.2366943359375,918.9727172851562,1134.7669372558594,1240.8864288330078,1300.1153564453125,1490.9326248168945,1509.6156463623047
000,seed0,Mi1,1148.8074612617493,363.6134572029114,0.31651383670815497,400.04943906343897,393.40257034301754,72.242919921875,144.8291015625,400.1005859375,78.01648712158203,76.75216674804688,112.21920013427734,410.7789306640625,397.70672607421875,458.13134765625,17.4434814453125,124.96600341796875,118.72543334960938,140.0186004638672,1183.9677734375,1207.5537185668945,874.3628387451172
000,seed0,Mi2,1148.8074612617493,88.61434602737427,0.07713594228405171,63.979920020470274,97.86995925903318,159.474365234375,192.37158203125,234.24462890625,134.81766510009766,158.74444580078125,158.71102142333984,-58.286376953125,-62.27398681640625,-26.4002685546875,114.70703125,80.520751953125,77.52078247070312,96.72328186035156,92.54904174804688,87.44725799560547,-23.04168701171875
000,seed0,Mi3,1148.8074612617493,12.848819732666016,0.011184484925397333,10.23419189453125,1.55328369140625,7.1044921875,24.63330078125,40.798828125,-8.006294250488281,-13.466850280761719,-12.577301025390625,42.09832763671875,43.38134765625,32.031982421875,8.6080322265625,23.21478271484375,11.857452392578125,2.0279998779296875,-14.584640502929688,-3.1668548583984375,21.626510620117188
000,seed0,Mi4,1148.8074612617493,1323.5416140556335,1.1521004682559874,1594.9786324134238,1689.9430961608887,290.726806640625,102.40625,48.810546875,1580.0778427124023,1603.7340393066406,1631.8689193725586,1078.325927734375,1246.9143676757812,1510.0509643554688,785.4664306640625,1565.6961059570312,1378.6420593261719,1590.8853302001953,2294.064453125,2331.254280090332,2137.741500854492
000,seed0,Mi9,1148.8074612617493,78.23625135421753,0.0681021441733062,75.95838282658502,100.65700607299806,98.888427734375,94.095703125,71.3369140625,116.35944366455078,147.0996551513672,179.38555145263672,-25.0093994140625,1.34552001953125,4.55279541015625,55.6490478515625,55.03936767578125,82.55026245117188,143.9695281982422,96.77752685546875,106.27970123291016,23.459976196289062
000,seed0,Mi10,1148.8074612617493,9.589953899383545,0.008347746879055592,9.962819612943235,-0.40695877075194176,-2.909912109375,10.388671875,16.44384765625,-7.191162109375,-13.316940307617188,-12.340087890625,33.46392822265625,47.4776611328125,52.6446533203125,6.4176025390625,8.31732177734375,5.444854736328125,-0.4582061767578125,-7.39434814453125,1.9637374877929688,14.487640380859375
000,seed0,Mi11,1148.8074612617493,-3.0040740966796875e-05,-2.6149500225044467e-08,-3.697321966456002e-05,-2.3651123058243684e-05,0.0,0.0,0.0,3.0517578125e-05,-1.52587890625e-05,3.0517578125e-05,0.0,-0.00018310546875,-6.103515625e-05,-0.0001220703125,-0.0001220703125,0.0,1.52587890625e-05,1.52587890625e-05,-3.814697265625e-05,-3.0517578125e-05
000,seed0,Mi12,1148.8074612617493,-0.5719413757324219,-0.0004978565991417323,-0.20516733022833478,-0.12537841796876137,-3.06884765625,-1.775390625,-1.6396484375,-0.5452651977539062,-0.5054473876953125,-0.45496368408203125,-0.32769775390625,-0.57513427734375,-0.51055908203125,-0.102783203125,-0.60736083984375,-0.803741455078125,-0.22479248046875,0.9718017578125,0.8139495849609375,0.2048187255859375
000,seed0,Mi13,1148.8074612617493,-1.4612617492675781,-0.001271981422946763,1.61639404296875,-3.25677490234375,-26.814208984375,-10.42578125,-7.1533203125,-2.0502548217773438,-6.767219543457031,-6.146942138671875,17.39739990234375,19.763671875,16.4197998046875,-1.8331298828125,-7.575439453125,-4.51263427734375,1.2824249267578125,-4.523040771484375,-6.7906494140625,6.3491363525390625
000,seed0,Mi14,1148.8074612617493,3.86027193069458,0.003360242739418489,6.93620006854718,-3.951006317138706,-20.109375,-3.53466796875,-4.76220703125,-5.322196960449219,-15.293136596679688,-17.91162109375,43.08929443359375,46.32275390625,40.26861572265625,-3.5394287109375,1.859130859375,9.96356201171875,-3.4798736572265625,-22.186233520507812,-5.2088470458984375,21.60858154296875
000,seed0,Mi15,1148.8074612617493,0.29424381256103516,0.00025612978891855696,0.3265768197866805,0.15991363525387214,-0.259765625,0.36376953125,0.3583984375,-0.64520263671875,-0.2743682861328125,-0.1486358642578125,0.42047119140625,1.12725830078125,1.0986328125,0.3016357421875,0.8988037109375,0.41912841796875,0.182403564453125,-0.19921875,0.4068450927734375,0.657745361328125
000,seed0,T1,1148.8074612617493,3.933445930480957,0.0034239383561809437,7.257799588716978,0.34430084228512214,-10.386474609375,-14.9755859375,-6.05419921875,9.147438049316406,-4.2473297119140625,-18.248207092285156,34.72833251953125,33.66510009765625,22.51495361328125,-9.6453857421875,-15.85797119140625,-1.641693115234375,9.409194946289062,-11.031997680664062,12.0865478515625,33.472412109375
000,seed0,T2,1148.8074612617493,63.017152309417725,0.05485440723043809,56.49262120173529,89.15488510131837,136.979736328125,75.072265625,61.818359375,125.75110626220703,150.96139526367188,148.99199676513672,-83.21099853515625,-59.27593994140625,-14.6578369140625,-0.0355224609375,70.9039306640625,49.34283447265625,81.20545959472656,127.65536499023438,137.56851959228516,-0.796234130859375
000,seed0,T2a,1148.8074612617493,308.93387365341187,0.2689170153143905,357.92054807222803,368.2092674255371,137.660400390625,97.5166015625,54.7978515625,236.8614730834961,261.57177734375,272.25691986083984,335.24688720703125,307.56341552734375,328.06414794921875,-11.895751953125,295.8836669921875,321.7084655761719,375.90113830566406,668.3165893554688,721.7788162231445,539.7095794677734
000,seed0,T3,1148.8074612617493,427.4010043144226,0.3720388478718643,559.8063630324144,562.9289848327637,-8.160888671875,-133.74755859375,-297.158203125,551.9284896850586,557.4393005371094,522.0990219116211,427.695556640625,389.82562255859375,830.6716918945312,106.4476318359375,562.8771362304688,486.0906066894531,397.8721466064453,903.459228515625,900.046272277832,641.0300140380859
000,seed0,T4a,1148.8074612617493,5.606014728546143,0.004879855778782102,9.86686413104718,14.99587478637693,18.650634765625,-14.95703125,-42.2666015625,4.950355529785156,8.651756286621094,8.020355224609375,-14.0267333984375,-8.80267333984375,1.139892578125,-2.124267578125,2.78558349609375,1.766021728515625,3.491973876953125,45.72935485839844,65.4032211303711,11.284393310546875
000,seed0,T4b,1148.8074612617493,141.34097051620483,0.12303277553661457,185.9229425283579,163.46218490600586,-43.068603515625,-42.60546875,-69.86865234375,114.07108306884766,103.57066345214844,88.22197723388672,269.44842529296875,278.79315185546875,234.13482666015625,-0.128173828125,64.12445068359375,123.99459838867188,114.20011901855469,307.4793395996094,394.44535064697266,324.64244079589844
000,seed0,T4c,1148.8074612617493,27.663132190704346,0.02407986814459021,42.367958068847656,43.56718826293945,-50.470703125,-43.96728515625,-13.7353515625,28.006423950195312,45.693626403808594,41.17082977294922,22.8375244140625,46.05047607421875,46.22357177734375,30.9937744140625,23.69635009765625,27.616241455078125,34.12791442871094,50.52418518066406,87.00154876708984,66.84098815917969
000,seed0,T4d,1148.8074612617493,87.10660696029663,0.07582350384861392,46.92983011099011,48.28044052124022,304.717529296875,259.75,219.150390625,86.52054595947266,82.38853454589844,66.9593276977539,53.34722900390625,33.343017578125,40.5931396484375,5.44189453125,68.7100830078125,52.23553466796875,37.53369140625,52.13539123535156,31.98126983642578,-1.10186767578125
000,seed0,T5a,1148.8074612617493,8.4623384475708,0.007366193842679705,0.9415154090294777,2.4275344848632585,32.5966796875,41.4775390625,49.08349609375,2.9212799072265625,4.6593017578125,5.553642272949219,-6.3565673828125,-3.40380859375,-2.2752685546875,3.5384521484375,7.4925537109375,2.1346435546875,1.385498046875,1.6084136962890625,-0.34688568115234375,-4.6715545654296875
000,seed0,T5b,1148.8074612617493,35.186328411102295,0.030628568839948793,54.931325472318235,62.30374679565426,-41.5400390625,-55.16552734375,-54.42041015625,90.26592254638672,98.72450256347656,51.911109924316406,24.27435302734375,14.3695068359375,52.4259033203125,4.8173828125,-6.2457275390625,21.364105224609375,45.290771484375,78.58248901367188,136.36226654052734,101.96464538574219
000,seed0,T5c,1148.8074612617493,75.63205051422119,0.06583527097844019,74.97432884803186,54.14088287353513,84.582763671875,73.58251953125,77.28125,30.816246032714844,41.597206115722656,40.02867889404297,129.137939453125,153.12677001953125,150.99273681640625,36.292236328125,59.24212646484375,40.555816650390625,45.56108093261719,25.972335815429688,103.50513458251953,117.83796691894531
000,seed0,T5d,1148.8074612617493,119.92502069473267,0.10439087901032393,94.59651360144983,91.33100967407228,235.434814453125,226.4853515625,227.12548828125,155.6578598022461,149.3144989013672,125.25782012939453,111.79296875,100.90692138671875,103.74468994140625,12.92236328125,120.5865478515625,87.26187133789062,80.84944152832031,76.22488403320312,73.5157241821289,31.719085693359375
000,seed0,Tm1,1148.8074612617493,68.1100640296936,0.05928762331930495,59.8945717444787,45.31652603149411,123.177490234375,91.5263671875,96.427734375,59.18260955810547,60.42417907714844,56.952293395996094,85.08038330078125,116.28515625,124.0986328125,19.8961181640625,86.38177490234375,47.42205810546875,44.17359924316406,-7.1601409912109375,47.661033630371094,38.23173522949219
000,seed0,Tm2,1148.8074612617493,106.93664693832397,0.09308491678916687,113.60616537240833,91.37873764038085,112.742431640625,92.486328125,28.87744140625,0.45513916015625,-2.9158096313476562,-8.378791809082031,166.56072998046875,198.72320556640625,197.808837890625,17.085693359375,59.31683349609375,28.563507080078125,17.957046508789062,210.40899658203125,341.06864166259766,250.2261199951172
000,seed0,Tm3,1148.8074612617493,40.80730104446411,0.035521444994485805,35.52205305833081,8.56002273559568,21.368408203125,71.607421875,98.154296875,9.837242126464844,-10.196441650390625,-19.286483764648438,132.11859130859375,132.1025390625,111.96533203125,5.9569091796875,7.541748046875,22.919921875,18.035995483398438,-12.730499267578125,8.16912841796875,55.35270690917969
000,seed0,Tm4,1148.8074612617493,35.66359090805054,0.03104401051580983,44.789270841158384,67.68913192749022,-14.80419921875,-9.03076171875,12.19189453125,25.75151824951172,53.19708251953125,45.03888702392578,-8.69378662109375,-57.99566650390625,-27.94134521484375,18.4781494140625,85.1156005859375,32.334381103515625,17.37774658203125,160.63656616210938,165.93814849853516,73.02323913574219
000,seed0,Tm5Y,1148.8074612617493,4.971489906311035,0.004327522299385823,10.548575768104001,2.6400039672851676,-33.678466796875,-18.17919921875,-5.72998046875,-9.612648010253906,-11.017036437988281,-9.643699645996094,41.66717529296875,41.42767333984375,27.6365966796875,11.3865966796875,-1.19171142578125,6.486175537109375,4.896392822265625,-11.944808959960938,8.627830505371094,38.41294860839844
000,seed0,Tm5a,1148.8074612617493,58.98475980758667,0.051344339061658764,67.57589428241437,69.02903976440427,16.416015625,7.97314453125,40.88037109375,80.97150421142578,84.87034606933594,95.38880157470703,19.59857177734375,32.338623046875,136.259033203125,285.246826171875,69.97943115234375,39.47467041015625,43.15168762207031,-1.1404266357421875,-0.47104644775390625,-7.181396484375
000,seed0,Tm5b,1148.8074612617493,294.0401244163513,0.25595248493024536,325.2720589270958,359.2606407165527,113.790771484375,154.66015625,207.654296875,513.6148910522461,537.9221496582031,515.0042343139648,195.25341796875,152.051513671875,288.62542724609375,272.354248046875,256.8499755859375,411.1131896972656,555.3964385986328,177.4359130859375,191.8895034790039,161.02586364746094
000,seed0,Tm5c,1148.8074612617493,2616.80778837204,2.277847138543101,3009.135445814866,3208.2905082702637,985.043212890625,1049.98974609375,715.130859375,4122.316734313965,4234.966583251953,4189.975852966309,2427.409912109375,2365.6006469726562,2242.8451538085938,1427.8046875,3285.6040649414062,3676.274627685547,4017.633499145508,2098.768310546875,2211.238655090332,2818.322067260742
000,seed0,Tm9,1148.8074612617493,26.09821367263794,0.02271765683343835,10.805580139160156,11.285437774658192,81.636474609375,93.94091796875,101.521484375,16.258644104003906,18.985733032226562,16.778038024902344,11.43609619140625,9.3568115234375,6.82525634765625,6.052490234375,41.0130615234375,20.725189208984375,9.205596923828125,-0.7819976806640625,-6.147773742675781,-9.234603881835938
000,seed0,Tm16,1148.8074612617493,379.15993452072144,0.33004654592361843,480.8548765916091,540.5403373718261,-68.360595703125,-31.6162109375,-84.57763671875,536.6974716186523,624.3938293457031,682.8341903686523,276.502197265625,297.2266845703125,271.98114013671875,179.7486572265625,362.17156982421875,509.1017150878906,764.8155670166016,492.3482666015625,638.1283645629883,615.1637420654297
000,seed0,Tm20,1148.8074612617493,19.326026439666748,0.01682268534227723,9.839195251464844,8.9737724304199,47.734130859375,61.3837890625,72.18896484375,-3.593231201171875,-0.25494384765625,3.8065338134765625,19.2598876953125,13.71917724609375,5.1927490234375,13.1163330078125,34.02825927734375,18.406524658203125,8.201141357421875,3.3010101318359375,2.0953903198242188,10.630706787109375
000,seed0,Tm28,1148.8074612617493,119.67298078536987,0.10417148636372153,130.31312854473413,105.27488937377927,95.323486328125,70.359375,55.01416015625,44.12628936767578,54.87715148925781,44.09740447998047,200.68865966796875,132.55914306640625,308.073974609375,-3.793212890625,107.91314697265625,100.82229614257812,55.78199768066406,277.468505859375,277.77979278564453,93.67552185058594
000,seed0,Tm30,1148.8074612617493,32.02928304672241,0.027880462241726963,22.214507469764158,33.49174423217772,79.199951171875,72.162109375,72.31787109375,43.522682189941406,51.95457458496094,49.527122497558594,-16.771484375,-42.025634765625,12.66827392578125,-10.505859375,22.07568359375,22.21612548828125,31.92291259765625,76.75677490234375,69.85649871826172,-22.409072875976562
000,seed0,TmY3,1148.8074612617493,40.72168493270874,0.03544691891884443,17.59016946645886,35.26339950561521,171.720458984375,131.4228515625,119.7314453125,43.15862274169922,53.39595031738281,51.037513732910156,-40.46142578125,-44.15460205078125,-39.34576416015625,-0.6968994140625,41.2684326171875,43.248046875,41.91575622558594,49.287384033203125,41.17151641845703,-11.152328491210938
000,seed0,TmY4,1148.8074612617493,17.570769786834717,0.01529479079769949,4.382905813363891,7.3737480163574105,103.035400390625,63.14501953125,57.97412109375,9.805084228515625,13.200309753417969,10.815200805664062,-5.6890869140625,-7.28411865234375,-3.7864990234375,6.5252685546875,23.2481689453125,10.529327392578125,2.3706817626953125,1.6650543212890625,-0.298187255859375,-4.1234283447265625
000,seed0,TmY5a,1148.8074612617493,10.142580509185791,0.008828790594766918,7.0820717444786965,0.9519264221191293,2.681640625,24.48974609375,43.04296875,-4.431427001953125,-11.812049865722656,-11.080146789550781,33.5928955078125,28.67572021484375,20.279052734375,6.3623046875,13.6522216796875,9.388336181640625,0.9830780029296875,0.470977783203125,0.36762237548828125,5.61834716796875
000,seed0,TmY9,1148.8074612617493,22.61943244934082,0.019689489502877723,22.39184805063104,32.21172180175779,41.01220703125,18.326171875,11.478515625,28.797317504882812,37.63853454589844,34.31848907470703,-9.13250732421875,-46.982421875,25.09173583984375,-14.91064453125,22.63409423828125,25.303497314453125,24.769302368164062,92.03775024414062,87.23406219482422,-15.705184936523438
000,seed0,TmY10,1148.8074612617493,-5.928460597991943,-0.005160534552483357,6.133026709923399,-0.6048545837402344,-51.173095703125,-56.37890625,-67.03271484375,-6.700080871582031,-12.178985595703125,-14.3135986328125,31.67523193359375,31.9327392578125,22.169921875,-4.1126708984375,1.14886474609375,10.537261962890625,-0.0850982666015625,-15.343536376953125,7.1271514892578125,27.872146606445312
000,seed0,TmY13,1148.8074612617493,72.02189493179321,0.06269274648746682,68.20507636437048,97.84498062133787,137.043212890625,67.84326171875,60.7978515625,6.969505310058594,15.678199768066406,19.478790283203125,-29.299072265625,-40.9676513671875,-21.51708984375,3.648193359375,26.75982666015625,25.03948974609375,12.853225708007812,334.44195556640625,377.74646759033203,155.8341522216797
000,seed0,TmY14,1148.8074612617493,77.04169511795044,0.06706232133392884,58.48556811992938,95.66338272094725,156.427978515625,158.17333984375,157.75341796875,145.03650665283203,169.3562469482422,167.84026336669922,-66.599365234375,-78.63873291015625,-51.083343505859375,56.7904052734375,136.49615478515625,71.94894409179688,91.05210876464844,80.0208740234375,63.922264099121094,-25.829940795898438
000,seed0,TmY15,1148.8074612617493,118.82725763320923,0.10343531152095739,127.15058135986328,96.83241348266603,60.202880859375,77.71875,110.35693359375,141.12664031982422,124.64239501953125,78.6201400756836,230.01617431640625,230.1947021484375,224.42254638671875,77.435302734375,9.7071533203125,58.042724609375,88.31544494628906,61.89794921875,151.54998016357422,176.9864044189453
000,seed0,TmY18,1148.8074612617493,155.88857769966125,0.13569600037977375,147.90622799213122,132.67854804992675,224.647216796875,272.78515625,74.00390625,-6.990203857421875,-25.81454086303711,-27.08470916748047,177.0850830078125,201.79522705078125,217.11517333984375,5.0377197265625,19.45159912109375,10.007568359375,4.3069610595703125,490.41845703125,555.1507034301758,302.3019256591797
900,seed0prime,R1,1160.982361316681,7.074446201324463,0.006093500157316144,8.573353107158937,4.601194000244163,2.621826171875,1.59912109375,-2.4833984375,-0.6548919677734375,-3.5720901489257812,-5.039093017578125,22.3729248046875,25.0006103515625,18.068115234375,1.68310546875,11.11346435546875,14.332183837890625,4.05999755859375,-2.450408935546875,12.96942138671875,13.57025146484375
900,seed0prime,R2,1160.982361316681,679.8442225456238,0.5855767022804774,773.5992895273063,843.9339958190917,467.50146484375,220.0830078125,133.13232421875,585.91650390625,643.2499084472656,727.1230697631836,474.1231689453125,563.0175170898438,580.3101196289062,15.259521484375,481.4573974609375,486.5382995605469,632.8973388671875,1662.6500549316406,1803.052749633789,1401.1951141357422
900,seed0prime,R3,1160.982361316681,-0.6226692199707031,-0.0005363296125055063,0.2707096980168444,-0.223388671875,2.17626953125,-4.91748046875,-10.74072265625,-0.0095062255859375,0.0035247802734375,-1.52587890625e-05,0.82403564453125,1.83905029296875,3.09002685546875,0.0,-0.58758544921875,-0.018707275390625,-0.020294189453125,-1.1158599853515625,-0.6650238037109375,0.1795806884765625
900,seed0prime,R4,1160.982361316681,-0.12552309036254883,-0.00010811799950189762,0.03646557147686735,0.7918815612792969,-1.46435546875,-0.11669921875,-0.9013671875,-0.016876220703125,-0.21002960205078125,-0.0915069580078125,-1.01220703125,-1.236572265625,-5.19598388671875,0.0311279296875,0.93719482421875,2.20111083984375,0.6552276611328125,2.1344757080078125,1.143280029296875,1.1348114013671875
900,seed0prime,R5,1160.982361316681,1.992628574371338,0.001716329757250988,2.2120625422551257,2.946970367431618,-0.302490234375,0.5390625,2.888671875,-0.5449600219726562,-1.2774887084960938,-0.35160064697265625,4.52020263671875,0.0914306640625,-5.32452392578125,0.472412109375,4.01214599609375,7.595794677734375,0.665008544921875,7.145477294921875,7.76910400390625,3.9838104248046875
900,seed0prime,R6,1160.982361316681,0.3191709518432617,0.00027491455725588024,1.106204693134032,1.1596176147460824,-8.55712890625,-0.482421875,-0.234375,-0.8542709350585938,-1.0948486328125,-1.735870361328125,4.8739013671875,4.82183837890625,-6.9112548828125,2.491455078125,7.8609619140625,4.777008056640625,0.452392578125,-1.7088623046875,0.44863128662109375,0.9595794677734375
900,seed0prime,R7,1160.982361316681,13.887628078460693,0.01196196302475311,12.25063089224011,1.8287010192871094,2.69921875,22.8623046875,37.38232421875,-7.668403625488281,-14.045494079589844,-12.347038269042969,53.510498046875,51.71929931640625,35.74139404296875,7.93359375,20.30767822265625,9.84716796875,-1.786773681640625,-14.28973388671875,0.742889404296875,29.593124389648438
900,seed0prime,R8,1160.982361316681,106.91529607772827,0.09209037074127004,99.13515707162713,152.87307968139646,141.10595703125,120.16796875,160.61376953125,90.74913024902344,102.45742797851562,109.25711822509766,-93.396240234375,-109.36444091796875,-37.21307373046875,6.1287841796875,94.7135009765625,43.89794921875,61.466217041015625,367.3762512207031,412.1222686767578,240.56214904785156
900,seed0prime,L1,1160.982361316681,68.4929690361023,0.058995701673213864,50.58002589299127,50.99910202026365,139.1611328125,142.00146484375,157.1845703125,40.31634521484375,52.40760803222656,43.006126403808594,67.16680908203125,45.96478271484375,34.417724609375,14.296142578125,119.14923095703125,58.46453857421875,14.104385375976562,65.19447326660156,47.984832763671875,55.06733703613281
900,seed0prime,L2,1160.982361316681,126.16674280166626,0.10867240279049492,142.3245127751277,164.05888442993165,57.5341796875,59.14111328125,51.77392578125,0.7293014526367188,1.6879196166992188,7.802787780761719,76.76971435546875,80.2171630859375,52.6429443359375,21.80908203125,80.2923583984375,34.2557373046875,9.2076416015625,584.7799377441406,625.9358062744141,274.08827209472656
900,seed0prime,L3,1160.982361316681,13.688421726226807,0.01179037871919315,9.927366403432984,2.8144142150878793,20.09033203125,35.69580078125,34.1728515625,-0.760101318359375,-1.9014968872070312,-3.2220458984375,33.259521484375,38.6737060546875,28.9783935546875,10.180908203125,27.0523681640625,4.07537841796875,-2.8341064453125,-14.008636474609375,-5.2522430419921875,14.814117431640625
900,seed0prime,L4,1160.982361316681,8.897057056427002,0.007663386932370589,5.855290926419798,7.2545783996582145,14.399658203125,23.056640625,28.77783203125,3.3300247192382812,4.3719482421875,6.497505187988281,11.67144775390625,1.90582275390625,-10.0042724609375,11.0670166015625,24.55426025390625,18.87237548828125,2.36700439453125,1.238006591796875,0.02953338623046875,0.218109130859375
900,seed0prime,L5,1160.982361316681,1995.025664806366,1.7183944659967003,2354.9150009155273,2462.5410148620604,741.79736328125,348.341796875,216.37646484375,1924.199951171875,1907.9082336425781,1881.9815292358398,1840.930419921875,2077.1470336914062,2070.4074096679688,1037.505859375,1668.65234375,1953.9924011230469,2189.3096313476562,4330.302032470703,4291.205337524414,3440.352828979492
900,seed0prime,Lawf1,1160.982361316681,1.1124801635742188,0.000958223139852482,0.9135460486779152,0.14013061523439774,1.059326171875,2.6708984375,2.193359375,0.25811004638671875,-0.07550048828125,-0.03208160400390625,3.8497314453125,3.783203125,2.84185791015625,0.039794921875,1.13482666015625,1.574249267578125,0.278045654296875,-0.9138031005859375,-1.815643310546875,0.95330810546875
900,seed0prime,Lawf2,1160.982361316681,16.34313201904297,0.01407698563181276,12.800677959735594,4.786419677734386,19.092041015625,37.57470703125,38.41455078125,1.7098464965820312,1.631500244140625,-0.23126983642578125,39.1080322265625,44.5601806640625,34.87640380859375,4.740478515625,18.4405517578125,7.024322509765625,1.343994140625,-7.2265167236328125,3.377105712890625,17.054183959960938
900,seed0prime,Am,1160.982361316681,10.259857654571533,0.0088372209573759,9.270114018366883,6.610974884033226,0.569091796875,11.88720703125,31.18994140625,4.6646881103515625,2.63690185546875,3.4293441772460938,22.374755859375,20.2088623046875,11.818115234375,1.0445556640625,15.188232421875,5.549102783203125,-0.2592926025390625,9.890289306640625,11.555389404296875,12.410537719726562
900,seed0prime,C2,1160.982361316681,3.4893064498901367,0.003005477573262079,5.247130173903258,2.382444763183571,-0.3251953125,-2.15478515625,-9.90380859375,-1.1936569213867188,-0.670379638671875,-0.9789962768554688,10.968505859375,18.0040283203125,15.41571044921875,3.5908203125,11.19708251953125,1.3485107421875,-1.2177581787109375,4.6128082275390625,3.986114501953125,3.14990234375
900,seed0prime,C3,1160.982361316681,140.2427363395691,0.12079661243131937,159.9541385357196,186.04569015502932,52.07763671875,58.6005859375,53.8017578125,-0.8979415893554688,-0.36011505126953125,5.659019470214844,80.5865478515625,84.66259765625,53.69775390625,21.2894287109375,81.7318115234375,35.4488525390625,8.45001220703125,688.8599548339844,701.9206085205078,318.3552703857422
900,seed0prime,CT1(Lo1),1160.982361316681,2.2378716468811035,0.0019275673097592218,0.05499091515173404,3.157364654541027,4.435302734375,9.0546875,21.60107421875,3.8593597412109375,5.2511749267578125,4.428718566894531,-12.0775146484375,-16.9775390625,-1.8037109375,-4.03076171875,7.19891357421875,-1.581939697265625,2.2633056640625,16.342559814453125,12.170257568359375,-14.32794189453125
900,seed0prime,CT1(M10),1160.982361316681,583.5871977806091,0.5026667219291406,656.1537821843075,653.2864280700684,422.9619140625,292.45458984375,91.9794921875,97.96928405761719,91.70654296875,77.42459869384766,584.54931640625,770.6483764648438,641.9371948242188,48.0150146484375,171.00274658203125,179.88449096679688,151.40838623046875,2119.376983642578,2153.841812133789,1442.2344207763672
900,seed0prime,Mi1,1160.982361316681,246.12930822372437,0.21200090236046895,257.03212033785303,236.66429672241213,269.07177734375,189.1318359375,138.44775390625,186.94815063476562,174.07708740234375,142.31612396240234,278.5618896484375,349.70294189453125,346.509765625,0.142333984375,82.72186279296875,141.60128784179688,162.87655639648438,483.9637145996094,542.3208770751953,449.6749725341797
900,seed0prime,Mi2,1160.982361316681,34.01104402542114,0.029295056633633004,20.351182790902953,28.07845535278318,104.7880859375,87.09033203125,87.73291015625,41.85777282714844,53.610504150390625,56.50543975830078,-24.6611328125,-3.9403076171875,12.38226318359375,25.8731689453125,53.99945068359375,19.0511474609375,37.535858154296875,15.570510864257812,13.204574584960938,-36.42387390136719
900,seed0prime,Mi3,1160.982361316681,3.7232718467712402,0.003207001217958766,3.8317560049204076,-0.9286170959472884,-0.763427734375,2.7587890625,7.76416015625,-4.711021423339844,-7.7867279052734375,-7.185249328613281,23.08770751953125,22.4337158203125,13.57757568359375,2.6357421875,3.7646484375,3.67779541015625,-2.2613677978515625,-9.088760375976562,-2.6060714721679688,14.27484130859375
900,seed0prime,Mi4,1160.982361316681,3266.583816051483,2.813637764786383,3706.787766089806,3950.085301971436,1745.041015625,1182.927734375,1149.13134765625,3067.9443359375,3035.3124084472656,3067.6339950561523,2643.726806640625,2943.2756958007812,3100.3854370117188,1847.798828125,2938.57373046875,3228.337127685547,3383.4832153320312,6752.765411376953,6734.538345336914,5444.465621948242
900,seed0prime,Mi9,1160.982361316681,1.9938745498657227,0.0017174029651961732,8.587225107046265,11.378981018066384,-25.43212890625,-25.7529296875,-28.546875,20.058746337890625,21.29224395751953,18.43231964111328,-0.7572021484375,-0.078125,-1.320556640625,2.6619873046875,-0.28289794921875,-2.913330078125,-1.129180908203125,23.552505493164062,26.237625122070312,5.879791259765625
900,seed0prime,Mi10,1160.982361316681,33.47919845581055,0.028836957021329313,21.879596416766844,10.859399414062523,62.89697265625,89.626953125,98.70849609375,-5.029449462890625,-5.246299743652344,-2.8504104614257812,56.7535400390625,63.75634765625,55.33087158203125,27.67724609375,49.3538818359375,13.470428466796875,1.4717559814453125,-15.924057006835938,14.496734619140625,31.174163818359375
900,seed0prime,Mi11,1160.982361316681,-3.0517578125e-05,-2.628599636121063e-08,-1.878004809441336e-05,-1.8310546863631316e-05,-0.000244140625,0.0,0.0,0.0,-1.52587890625e-05,0.0,-6.103515625e-05,0.0,0.0,0.0,-6.103515625e-05,-9.1552734375e-05,3.0517578125e-05,-3.0517578125e-05,1.52587890625e-05,-3.0517578125e-05
900,seed0prime,Mi12,1160.982361316681,-6.038646697998047,-0.005201325101226828,-0.5661574143629764,2.551422119140625,-22.1357421875,-38.71875,-28.40380859375,2.0637969970703125,0.5877761840820312,0.07808685302734375,-11.7349853515625,-14.47625732421875,-6.66302490234375,-8.7034912109375,-8.31591796875,-6.937591552734375,-3.915313720703125,22.4759521484375,25.256134033203125,2.9247894287109375
900,seed0prime,Mi13,1160.982361316681,-3.008209705352783,-0.0025910899300323085,0.29037651648889096,-1.3023750305175668,-12.64404296875,-17.3046875,-21.95751953125,-2.8052215576171875,-5.0636444091796875,-4.615699768066406,6.31549072265625,6.35247802734375,4.13067626953125,-1.94677734375,-3.5089111328125,-2.819183349609375,-1.90838623046875,0.431427001953125,3.256805419921875,5.955841064453125
900,seed0prime,Mi14,1160.982361316681,39.505549907684326,0.034027691741053426,60.33739706186151,66.4418998718262,-31.7197265625,-60.08837890625,-60.4892578125,77.21296691894531,59.839630126953125,55.46601104736328,48.73406982421875,41.27655029296875,29.95654296875,-24.7349853515625,15.24737548828125,130.86282348632812,242.69235229492188,14.890182495117188,44.248291015625,48.69435119628906
900,seed0prime,Mi15,1160.982361316681,5.574623107910156,0.004801643240805075,6.187002328725953,9.324102783203102,4.024658203125,3.60498046875,1.13330078125,2.5134506225585938,4.8440704345703125,4.032691955566406,-6.69036865234375,-4.731689453125,-1.387939453125,0.47509765625,-2.0521240234375,0.7191162109375,2.281707763671875,22.77484130859375,45.296478271484375,12.355697631835938
900,seed0prime,T1,1160.982361316681,3.8277182579040527,0.0032969650405050097,7.903946509728087,12.88016586303712,-5.5439453125,-14.5625,-21.4013671875,38.9454345703125,37.62883758544922,24.536415100097656,-12.35626220703125,-15.673095703125,1.97900390625,-1.99658203125,23.046875,3.64739990234375,22.590194702148438,-0.417816162109375,-2.1137161254882812,-17.065383911132812
900,seed0prime,T2,1160.982361316681,568.9277758598328,0.4900399823599443,650.0510201087365,705.8338493347169,293.31591796875,190.1298828125,168.7353515625,654.7749633789062,659.0138854980469,648.4276962280273,263.65264892578125,445.38433837890625,683.2877807617188,268.5281982421875,599.7137451171875,652.3639831542969,718.48681640625,1017.6985168457031,1039.886978149414,799.4437103271484
900,seed0prime,T2a,1160.982361316681,3171.9215693473816,2.7321014298185164,3360.5132205669697,3409.3228019714356,2238.26025390625,2436.71923828125,2389.09375,3575.18115234375,3602.9303283691406,3612.0268173217773,3247.982421875,3174.8569946289062,3170.6044311523438,2724.3828125,3152.9794921875,3462.720916748047,3671.6712036132812,3448.739776611328,3464.501235961914,3378.094284057617
900,seed0prime,T3,1160.982361316681,124.4673981666565,0.10720869008336772,222.2683932964618,258.54235000610356,-191.56005859375,-339.2001953125,-367.25048828125,338.3319396972656,375.68194580078125,361.98558807373047,143.4029541015625,77.56219482421875,83.1004638671875,240.6480712890625,404.461181640625,323.5731506347656,272.580078125,49.01332092285156,81.43049621582031,137.7177276611328
900,seed0prime,T4a,1160.982361316681,23.50510025024414,0.02024587197309939,15.965111365685118,6.134112548828114,49.7060546875,66.37890625,52.4501953125,1.787841796875,-1.4888229370117188,-2.161956787109375,50.43096923828125,50.4881591796875,45.28619384765625,2.0096435546875,25.884765625,10.804168701171875,1.0068206787109375,1.6097259521484375,9.966361999511719,11.922576904296875
900,seed0prime,T4b,1160.982361316681,567.1072211265564,0.4884718666038947,673.4546808096078,691.5388389587401,210.72900390625,58.29443359375,49.78125,364.47357177734375,365.28289794921875,380.9372787475586,588.04052734375,635.3114624023438,616.1704711914062,55.3505859375,319.5001220703125,395.5382995605469,419.617431640625,1701.2872619628906,1691.041519165039,1222.3594207763672
900,seed0prime,T4c,1160.982361316681,69.0385193824768,0.059465605751477205,93.29603752723108,114.39103775024415,-59.925048828125,-47.9072265625,-0.39990234375,7.270515441894531,11.72869873046875,13.033203125,15.66265869140625,19.7855224609375,33.48992919921875,18.2918701171875,14.34344482421875,13.643951416015625,8.37530517578125,390.3380432128906,434.8903350830078,231.99501037597656
900,seed0prime,T4d,1160.982361316681,103.01635885238647,0.08873206198891313,66.08023012601416,70.69397201538084,262.53173828125,268.6298828125,258.05712890625,91.67015075683594,86.40707397460938,78.77672576904297,69.339599609375,37.87481689453125,44.88885498046875,2.6949462890625,113.8985595703125,59.546356201171875,29.645278930664062,114.92437744140625,102.27249145507812,27.103759765625
900,seed0prime,T5a,1160.982361316681,7.07548189163208,0.006094392238317652,1.638479966383727,2.7231086730956804,12.554443359375,30.296875,49.05615234375,1.9745407104492188,4.496467590332031,3.6562118530273438,-1.91448974609375,-1.16534423828125,-2.85101318359375,6.5145263671875,16.46380615234375,0.960174560546875,0.672210693359375,0.332794189453125,-2.4622802734375,-5.3773651123046875
900,seed0prime,T5b,1160.982361316681,17.023284435272217,0.01466282779349546,26.893140939565797,24.884624481201172,-3.31201171875,-37.31787109375,-36.6083984375,4.284690856933594,-5.872306823730469,-4.056434631347656,52.53887939453125,12.96429443359375,35.26141357421875,-6.11865234375,-9.6229248046875,2.03765869140625,7.0701446533203125,105.42950439453125,94.33343505859375,61.36112976074219
900,seed0prime,T5c,1160.982361316681,1.6303296089172363,0.0014042673370750131,-0.20832179142877294,0.6119636535644304,11.81005859375,9.16552734375,7.81787109375,7.4535980224609375,8.704551696777344,6.872688293457031,-6.8306884765625,-3.847412109375,1.85028076171875,0.4150390625,0.426025390625,0.5450439453125,3.1717529296875,-0.8808135986328125,-9.343437194824219,-11.24481201171875
900,seed0prime,T5d,1160.982361316681,40.50172758102417,0.03488573894877333,26.630882263183594,12.726512908935547,95.51611328125,98.43603515625,107.8740234375,-0.13471221923828125,-4.525642395019531,-2.2833099365234375,77.26348876953125,78.09613037109375,63.57672119140625,18.1072998046875,81.02227783203125,30.405364990234375,1.3100738525390625,-13.724960327148438,-6.235847473144531,23.3245849609375
900,seed0prime,Tm1,1160.982361316681,52.03567361831665,0.04482038259332597,40.77565178504358,30.128549957275368,115.5107421875,100.56201171875,86.41455078125,-4.855979919433594,-9.092971801757812,-4.60455322265625,79.62457275390625,81.09954833984375,68.0738525390625,19.2947998046875,81.92230224609375,33.60479736328125,3.041656494140625,48.21705627441406,85.08818054199219,48.67021179199219
900,seed0prime,Tm2,1160.982361316681,37.205734729766846,0.032046770019461344,34.41885199913611,31.457642364501964,49.37890625,47.71630859375,50.75146484375,-1.1908493041992188,-3.4532089233398438,-2.3654098510742188,50.00347900390625,48.70806884765625,34.1571044921875,21.095947265625,55.4349365234375,30.0537109375,4.9632415771484375,108.31570434570312,71.53776550292969,30.184585571289062
900,seed0prime,Tm3,1160.982361316681,45.46625566482544,0.03916188322901111,38.05804032545825,32.09748001098632,61.37060546875,105.0322265625,66.302734375,37.832855224609375,34.39097595214844,27.123497009277344,69.83746337890625,58.078857421875,45.8634033203125,10.5220947265625,56.093017578125,30.883270263671875,12.016616821289062,47.33189392089844,51.13041687011719,13.650161743164062
900,seed0prime,Tm4,1160.982361316681,52.643226623535156,0.04534369201254013,32.21883451021637,30.496832275390602,136.3974609375,138.86572265625,148.18359375,36.90443420410156,41.45231628417969,40.060340881347656,46.56915283203125,39.906494140625,27.40087890625,20.2021484375,107.36651611328125,42.85406494140625,9.538894653320312,22.312362670898438,-6.041709899902344,-9.681045532226562
900,seed0prime,Tm5Y,1160.982361316681,9.952939510345459,0.008572860227659048,15.768457852877134,7.171266937255837,-16.560302734375,-16.6240234375,-12.55859375,-6.001441955566406,-10.134674072265625,-7.921058654785156,47.61456298828125,50.050537109375,35.6121826171875,9.9315185546875,27.088134765625,18.143157958984375,2.9432525634765625,-7.134552001953125,9.923698425292969,34.8746337890625
900,seed0prime,Tm5a,1160.982361316681,20.701924324035645,0.017831385741775955,13.067463801457336,20.322132873535168,25.727294921875,50.06787109375,85.55859375,18.95368194580078,24.06622314453125,23.46472930908203,-19.7886962890625,-15.85693359375,2.30133056640625,3.948974609375,10.2781982421875,14.2022705078125,17.350906372070312,39.72486877441406,46.76777648925781,4.4636993408203125
900,seed0prime,Tm5b,1160.982361316681,242.0081763267517,0.20845120855435562,254.37293126032898,312.1741477966309,96.8583984375,200.51611328125,267.908203125,393.871826171875,400.9139099121094,407.8509750366211,49.01806640625,16.33526611328125,119.7532958984375,202.5274658203125,217.939697265625,280.7757263183594,433.62786865234375,315.5528259277344,297.1166229248047,171.56455993652344
900,seed0prime,Tm5c,1160.982361316681,34.579570293426514,0.029784750781406792,39.990454453688415,34.346605682373024,16.089599609375,1.3857421875,15.921875,56.851654052734375,44.14057922363281,39.933006286621094,72.34674072265625,58.98748779296875,45.07562255859375,5.9749755859375,20.857421875,64.81460571289062,52.839111328125,-7.088470458984375,7.947509765625,57.19566345214844
900,seed0prime,Tm9,1160.982361316681,34.98954153060913,0.030137875213648524,15.623959467961242,26.414992523193348,79.78515625,118.78955078125,158.146484375,39.30552673339844,52.06526184082031,52.01891326904297,-30.32086181640625,-27.6602783203125,-3.05731201171875,60.308349609375,56.68927001953125,14.924652099609375,23.637710571289062,13.077484130859375,-4.5224151611328125,-43.354827880859375
900,seed0prime,Tm16,1160.982361316681,142.8692135810852,0.12305890110083662,219.5534814687876,210.47395706176758,-150.528076171875,-174.26904296875,-243.49072265625,143.54034423828125,160.01039123535156,148.83916473388672,271.02862548828125,269.969482421875,208.45758056640625,38.16455078125,31.17498779296875,134.52627563476562,235.9197998046875,455.1226501464844,403.0730743408203,354.3683319091797
900,seed0prime,Tm20,1160.982361316681,34.07156467437744,0.029347185460885522,26.282640897310728,10.991914367675804,54.26416015625,70.52099609375,78.685546875,-7.048484802246094,-11.008918762207031,-7.946624755859375,81.8973388671875,83.00054931640625,66.8572998046875,16.797119140625,58.510498046875,20.779693603515625,0.435577392578125,-8.029449462890625,9.429656982421875,38.00007629394531
900,seed0prime,Tm28,1160.982361316681,37.315956592559814,0.03214170846681894,14.216506371131345,13.631415557861317,85.3310546875,136.87060546875,190.0390625,21.016754150390625,19.022216796875,12.874420166015625,20.321044921875,7.88409423828125,20.2952880859375,-5.8953857421875,45.25604248046875,33.3680419921875,11.247833251953125,12.617538452148438,6.823997497558594,-20.017303466796875
900,seed0prime,Tm30,1160.982361316681,57.09146451950073,0.04917513514568195,38.62391486534705,60.282823944091774,100.13671875,138.1787109375,173.037109375,73.53599548339844,85.88406372070312,87.62480926513672,-42.93206787109375,-60.52703857421875,2.74176025390625,31.0687255859375,55.699462890625,38.602081298828125,63.08990478515625,110.3216552734375,88.86625671386719,-31.864715576171875
900,seed0prime,TmY3,1160.982361316681,51.69967699050903,0.044530975416263816,21.224685082068845,36.00659866333007,229.83642578125,170.513671875,150.923828125,10.226493835449219,14.468177795410156,18.436363220214844,-24.43682861328125,-31.81146240234375,-27.89678955078125,8.9111328125,44.76611328125,20.037567138671875,9.2646484375,95.8046875,110.82717895507812,27.323623657226562
900,seed0prime,TmY4,1160.982361316681,65.02247667312622,0.05600642941670847,46.25050764817456,65.82711257934568,137.9609375,135.25244140625,165.8896484375,18.47552490234375,23.021270751953125,20.37427520751953,-27.58441162109375,-24.753662109375,-4.67645263671875,2.48388671875,34.132080078125,13.97998046875,10.976837158203125,213.02236938476562,239.7800750732422,82.02482604980469
900,seed0prime,TmY5a,1160.982361316681,0.461669921875,0.00039765455295239443,1.1472731370192264,-4.333538818359386,-11.9091796875,-3.2587890625,7.64013671875,-4.822021484375,-9.109375,-10.090469360351562,24.570068359375,21.9227294921875,11.75714111328125,-3.4796142578125,-9.99188232421875,-1.0277099609375,-5.105865478515625,-5.4063568115234375,-2.333953857421875,8.0318603515625
900,seed0prime,TmY9,1160.982361316681,23.084228992462158,0.019883358922251085,10.675631596491883,25.55509719848635,54.357421875,74.080078125,102.126953125,38.69126892089844,48.79156494140625,48.326622009277344,-47.13568115234375,-54.78125,-14.850830078125,13.436767578125,23.06121826171875,10.429443359375,27.6168212890625,52.76969909667969,32.87800598144531,-40.450439453125
900,seed0prime,TmY10,1160.982361316681,69.86276197433472,0.06017555847713544,116.0823499239408,112.40505905151366,-79.790771484375,-146.57421875,-164.9013671875,73.81745910644531,91.942626953125,91.27973175048828,143.71942138671875,137.34393310546875,103.95660400390625,-4.2421875,41.16961669921875,110.87997436523438,199.87255859375,175.34555053710938,150.8661346435547,193.11912536621094
900,seed0prime,TmY13,1160.982361316681,12.020346641540527,0.010353599711806251,17.23505929800183,25.963664245605457,0.356689453125,-17.39501953125,-14.69189453125,3.20050048828125,6.54608154296875,8.484405517578125,-9.45635986328125,-16.0006103515625,-10.1239013671875,11.630126953125,18.88653564453125,7.616058349609375,3.7037811279296875,72.89804077148438,94.72239685058594,31.948715209960938
900,seed0prime,TmY14,1160.982361316681,60.05894231796265,0.05173114107422721,35.00797858605017,59.591255950927746,170.71630859375,159.08740234375,176.03564453125,61.424835205078125,74.68609619140625,82.8053207397461,-35.348388671875,-53.58880615234375,-51.87164306640625,39.8831787109375,111.81829833984375,42.0753173828125,47.409759521484375,82.53778076171875,66.32926940917969,-13.057296752929688
900,seed0prime,TmY15,1160.982361316681,34.949281215667725,0.030103197412948996,27.693699176494874,13.573860931396496,70.59423828125,62.58642578125,65.98974609375,2.4272842407226562,-3.3980865478515625,-0.7057113647460938,78.18963623046875,79.37738037109375,66.71246337890625,20.146484375,58.22442626953125,22.05413818359375,8.936508178710938,-10.079498291015625,4.231071472167969,33.90199279785156
900,seed0prime,TmY18,1160.982361316681,328.32875061035156,0.2828025313304423,376.40901066706726,362.32661132812495,135.0166015625,202.552734375,22.37353515625,30.09564971923828,19.51019287109375,-4.315620422363281,425.28955078125,439.73382568359375,405.02764892578125,12.23388671875,78.89666748046875,82.98068237304688,112.20489501953125,1183.1708068847656,1259.5645904541016,848.9243621826172
001,seed1,R1,1144.6362471580505,68.55404806137085,0.05989155789149578,99.80795698899487,124.95354232788088,-32.15576171875,-55.76806640625,-112.71484375,212.88491821289062,192.90363311767578,199.83531188964844,9.1407470703125,12.7786865234375,26.048583984375,86.9625244140625,85.491455078125,158.38168334960938,210.2972869873047,30.206802368164062,53.211212158203125,19.360595703125
001,seed1,R2,1144.6362471580505,-0.9974126815795898,-0.0008713796055786339,-1.4677816537710555,-1.8879440307617301,1.2490234375,0.02587890625,1.84765625,-0.17868804931640625,-0.445831298828125,-0.48804473876953125,-0.40411376953125,-0.24884033203125,0.45123291015625,-0.0430908203125,-1.69183349609375,0.101806640625,-0.326568603515625,-8.95159912109375,-6.3302001953125,-0.525390625
001,seed1,R3,1144.6362471580505,-2.177438735961914,-0.0019022975564229664,-2.2485093336838986,-3.794406127929676,-0.3486328125,-2.08154296875,-3.17822265625,0.11871337890625,0.02498626708984375,0.05631256103515625,1.03173828125,3.12255859375,4.55914306640625,0.0,-1.88006591796875,0.08819580078125,-0.040069580078125,-11.646652221679688,-18.330902099609375,-6.3345794677734375
001,seed1,R4,1144.6362471580505,0.25667762756347656,0.00022424384008523776,0.4601416954627098,1.0834808349609375,-1.4228515625,0.2158203125,-0.66796875,3.5915298461914062,3.7295989990234375,2.8678054809570312,-1.41986083984375,-1.811279296875,-1.621826171875,0.966552734375,-2.29345703125,1.61248779296875,2.8641204833984375,-7.5593414306640625,1.6156768798828125,3.4398345947265625
001,seed1,R5,1144.6362471580505,-1.2274932861328125,-0.0010723872227360288,-0.716965895432736,-0.176025390625,-3.68896484375,-2.6611328125,-3.96923828125,1.2827529907226562,-0.25455474853515625,-1.7463455200195312,-2.822021484375,-2.8834228515625,-1.8548583984375,1.6285400390625,-4.94580078125,1.846954345703125,1.48870849609375,-3.8368072509765625,0.36379241943359375,2.412506103515625
001,seed1,R6,1144.6362471580505,3.7294960021972656,0.0032582368516260165,5.091726449819703,7.285375976562534,-4.6416015625,-0.4453125,-1.43359375,13.358909606933594,14.638786315917969,11.7806396484375,-1.8724365234375,-2.58087158203125,-2.2080078125,3.18505859375,-4.97064208984375,6.7496337890625,10.81573486328125,-4.4777069091796875,12.748687744140625,9.024658203125
001,seed1,R7,1144.6362471580505,31.914668798446655,0.02788193094328936,12.218895251934327,-5.286224746704079,122.88671875,106.6806640625,122.2216796875,-23.898399353027344,-48.261837005615234,-47.82415771484375,77.22515869140625,72.11614990234375,62.3665771484375,0.320556640625,27.10565185546875,8.627532958984375,-19.228561401367188,-9.241790771484375,14.613449096679688,44.92530822753906
001,seed1,R8,1144.6362471580505,1622.3482117652893,1.417348276182343,1715.630528963529,1826.9829078674318,1241.935546875,1197.81396484375,1214.625,1827.6592712402344,1825.089698791504,1853.9847564697266,1345.3521118164062,1254.3945922851562,1433.62109375,561.0594482421875,1495.4860229492188,1470.7024230957031,1749.996322631836,2602.729278564453,2607.250198364258,2275.8716583251953
001,seed1,L1,1144.6362471580505,71.80673742294312,0.06273323739417462,47.84315549410303,38.12512435913089,207.302734375,150.189453125,169.45458984375,57.97230529785156,49.986366271972656,48.286712646484375,80.58856201171875,77.6080322265625,82.51318359375,20.1025390625,85.1624755859375,49.053497314453125,17.053436279296875,11.63360595703125,27.678543090820312,14.321762084960938
001,seed1,L2,1144.6362471580505,134.15640497207642,0.11720440035440552,169.58081348125745,181.3554542541504,-9.922607421875,-39.65380859375,-8.4716796875,162.19842529296875,176.40607452392578,180.1649932861328,111.8853759765625,146.2796630859375,132.83099365234375,65.2711181640625,150.4561767578125,169.17379760742188,181.55943298339844,225.67678833007812,284.40126037597656,218.24647521972656
001,seed1,L3,1144.6362471580505,24.547536373138428,0.021445709441830146,15.797613877516483,14.632637786865246,33.79248046875,54.8876953125,98.71142578125,13.669075012207031,17.583213806152344,25.11676025390625,24.88604736328125,17.65655517578125,16.5,15.761474609375,38.27294921875,3.8717041015625,6.8538665771484375,24.629425048828125,2.8968124389648438,-2.3289031982421875
001,seed1,L4,1144.6362471580505,22.727735996246338,0.019855859057998283,39.47913360595703,39.92164688110353,-58.3681640625,-53.16552734375,-38.05126953125,58.47538757324219,63.417320251464844,55.09735107421875,36.09027099609375,37.639404296875,40.2825927734375,32.4991455078125,29.48931884765625,30.2742919921875,51.71614074707031,3.278839111328125,29.554351806640625,45.41432189941406
001,seed1,L5,1144.6362471580505,137.64183950424194,0.12024941534569145,170.93612142709583,172.799568939209,10.052978515625,-24.33349609375,-5.61962890625,132.76385498046875,143.3858871459961,137.5371551513672,127.54150390625,181.01702880859375,185.6153564453125,53.896240234375,118.933349609375,113.26034545898438,133.69029235839844,288.550537109375,362.7281951904297,243.2498321533203
001,seed1,Lawf1,1144.6362471580505,-0.06798219680786133,-5.939196576785882e-05,-0.11841348501354787,-0.1848701477050554,0.025390625,0.099609375,0.32666015625,-0.18268585205078125,-0.26560211181640625,-0.300079345703125,0.121826171875,0.08233642578125,0.10516357421875,-0.0548095703125,0.00640869140625,-0.06878662109375,-0.266082763671875,-0.0641937255859375,-0.36730194091796875,-0.2855682373046875
001,seed1,Lawf2,1144.6362471580505,10.328112125396729,0.009023051778274352,8.647313631497866,6.966251373291016,0.885498046875,13.08740234375,38.86181640625,4.0924072265625,7.329559326171875,12.30938720703125,17.58056640625,13.59222412109375,11.57977294921875,1.53564453125,20.55499267578125,-1.552154541015625,2.7705078125,22.20635986328125,3.1988906860351562,-2.7830810546875
001,seed1,Am,1144.6362471580505,3.167914867401123,0.0027676171144034195,2.536066495455202,2.764965057373047,8.7978515625,2.36328125,6.556640625,4.432090759277344,6.158302307128906,8.113388061523438,1.70556640625,1.64776611328125,1.96588134765625,4.8349609375,0.2620849609375,1.130584716796875,2.936981201171875,0.508697509765625,0.13529205322265625,-0.86273193359375
001,seed1,C2,1144.6362471580505,85.43423414230347,0.0746387634975068,89.54392594557538,104.1358757019043,107.244873046875,39.6826171875,55.94921875,127.14346313476562,150.89269256591797,147.4274444580078,40.74456787109375,17.84918212890625,64.1185302734375,53.0999755859375,99.6607666015625,58.0390625,98.81398010253906,116.54428100585938,107.08973693847656,82.64735412597656
001,seed1,C3,1144.6362471580505,3.318286418914795,0.0028989877152270616,3.102693411020141,4.176519012451195,2.517333984375,4.61865234375,5.62158203125,5.9310455322265625,8.340484619140625,7.296173095703125,0.66583251953125,-0.286865234375,-1.80914306640625,1.5440673828125,0.61407470703125,2.051971435546875,5.2765655517578125,3.5543365478515625,5.160591125488281,1.995880126953125
001,seed1,CT1(Lo1),1144.6362471580505,15.272340774536133,0.013342527647936121,4.78033212515021,11.807479858398438,49.042724609375,63.58935546875,69.5810546875,17.491622924804688,27.034934997558594,32.80058288574219,-25.5777587890625,-16.80242919921875,-13.55029296875,3.5606689453125,22.00830078125,12.064605712890625,23.69500732421875,5.6384735107421875,-2.8589706420898438,-23.360427856445312
001,seed1,CT1(M10),1144.6362471580505,126.89965105056763,0.11086460992794807,179.35080249492933,192.22615432739263,-125.08935546875,-114.388671875,-61.68798828125,257.2332763671875,278.4033889770508,261.8770294189453,108.1768798828125,147.61358642578125,153.5084228515625,85.753173828125,105.28338623046875,155.58187866210938,213.0753936767578,142.6591796875,219.6531524658203,202.74168395996094
001,seed1,Mi1,1144.6362471580505,530.0217251777649,0.46304817490597944,533.4925965529221,648.7498176574707,590.95068359375,391.42626953125,562.56689453125,272.74505615234375,278.9334487915039,269.6750946044922,149.4075927734375,95.93212890625,202.56585693359375,14.993408203125,190.33111572265625,187.38833618164062,213.76112365722656,1963.2495422363281,2033.4552764892578,1062.9657745361328
001,seed1,Mi2,1144.6362471580505,1151.6574692726135,1.006134020420894,1291.465217590332,1289.608359527588,578.82421875,531.1826171875,527.46484375,1145.1476745605469,1083.955909729004,1347.594741821289,1248.3446655273438,1243.9262084960938,1400.693359375,786.6787109375,1203.5961303710938,1066.9206848144531,1103.4012298583984,1664.2556457519531,1918.9956817626953,1575.5371856689453
001,seed1,Mi3,1144.6362471580505,-2.3080172538757324,-0.0020163761715620765,3.4877700805664062,-2.6415092468261605,-22.613525390625,-28.07080078125,-31.5849609375,-2.7690277099609375,-10.059211730957031,-16.209129333496094,28.0865478515625,24.41876220703125,19.25079345703125,4.6090087890625,-2.083984375,-4.541595458984375,-7.23028564453125,-14.412826538085938,1.1350326538085938,25.146926879882812
001,seed1,Mi4,1144.6362471580505,2380.1875519752502,2.0794270301022504,2550.6377217219424,2467.7553199768067,1669.259765625,1486.6748046875,1768.77587890625,1857.8204040527344,1909.950538635254,1942.490737915039,2656.0647583007812,2714.7898559570312,3109.882568359375,944.5201416015625,1786.3222045898438,1531.0967102050781,1742.2349700927734,4739.148956298828,4701.771926879883,3522.1966094970703
001,seed1,Mi9,1144.6362471580505,50.22442102432251,0.04387806270247142,31.080109229454592,44.125357818603504,76.27880859375,132.7373046875,190.533203125,70.68916320800781,80.8133316040039,87.9007568359375,-18.03466796875,-17.45880126953125,-1.71868896484375,43.2349853515625,33.69183349609375,31.697357177734375,44.54917907714844,53.807861328125,26.00067138671875,-31.131561279296875
001,seed1,Mi10,1144.6362471580505,12.517157554626465,0.01093548940609261,17.462091299203735,1.9406173706054801,-3.657958984375,-11.3828125,-11.69189453125,-4.3694000244140625,-18.619773864746094,-29.18608856201172,64.2305908203125,72.0694580078125,71.30096435546875,19.0123291015625,-1.240234375,-3.68487548828125,-14.963104248046875,-16.886001586914062,28.779953002929688,60.56336975097656
001,seed1,Mi11,1144.6362471580505,-2.1457672119140625e-05,-1.8746280464572572e-08,1.115065350631994e-05,8.392333995743684e-06,0.0,-0.00048828125,0.0,-4.57763671875e-05,0.00019073486328125,3.814697265625e-05,6.103515625e-05,0.0,0.0,0.0,-6.103515625e-05,-6.103515625e-05,7.62939453125e-05,-6.103515625e-05,2.288818359375e-05,-1.52587890625e-05
001,seed1,Mi12,1144.6362471580505,12.756880760192871,0.011144921185106774,10.829645010141235,7.201762390136707,-2.92578125,22.7021484375,43.54833984375,9.554862976074219,7.1135711669921875,6.1918792724609375,24.6114501953125,21.55059814453125,22.605712890625,13.47265625,1.81182861328125,8.7333984375,9.5390625,-3.95086669921875,2.7878952026367188,16.763336181640625
001,seed1,Mi13,1144.6362471580505,0.684206485748291,0.0005977501476535159,2.459982651930545,2.833756256103527,-10.368408203125,1.974609375,-12.638671875,1.7390213012695312,-0.22136688232421875,0.5156784057617188,3.433837890625,0.0106201171875,0.19775390625,5.041748046875,4.50262451171875,1.292633056640625,-0.5323944091796875,4.0549468994140625,5.5368194580078125,6.4078521728515625
001,seed1,Mi14,1144.6362471580505,-5.04426383972168,-0.0044068706126035966,-0.5810335599459222,-3.2698822021484375,-19.85205078125,-28.63623046875,-24.66650390625,-4.3978118896484375,-17.61712646484375,-22.754318237304688,8.02056884765625,5.94293212890625,11.181884765625,-8.10009765625,9.21734619140625,27.5279541015625,-0.67462158203125,-13.473861694335938,-10.746627807617188,8.320343017578125
001,seed1,Mi15,1144.6362471580505,120.35849618911743,0.1051499954574638,130.16668055607715,180.1740699768066,78.303955078125,82.7890625,72.47607421875,110.78030395507812,105.21660614013672,128.12503051757812,-61.32275390625,-51.72222900390625,3.47113037109375,50.175048828125,43.2781982421875,134.74569702148438,212.2624053955078,380.2265319824219,437.3714141845703,199.55946350097656
001,seed1,T1,1144.6362471580505,25.562771320343018,0.02233265929137864,41.30316220797022,46.566651153564464,-21.256591796875,-51.7578125,-54.92236328125,66.87579345703125,69.3979721069336,65.42347717285156,13.8699951171875,26.447509765625,30.95709228515625,59.214599609375,26.1995849609375,51.215606689453125,79.74400329589844,4.3766326904296875,28.369781494140625,14.84906005859375
001,seed1,T2,1144.6362471580505,15.830647468566895,0.013830286702759825,13.96047386756311,-0.634031677246071,7.1875,18.82275390625,45.7939453125,-13.875816345214844,-34.69993591308594,-37.22832489013672,70.93865966796875,64.2266845703125,52.6611328125,1.349853515625,28.51007080078125,5.079986572265625,-19.400390625,-1.0302886962890625,21.506637573242188,43.44789123535156
001,seed1,T2a,1144.6362471580505,3651.0101914405823,3.189668508668548,3920.806526184082,3858.8442481994634,2396.24072265625,2404.71923828125,2644.71826171875,3330.9012145996094,3406.4675064086914,3512.633071899414,3935.2734985351562,4007.7964477539062,4438.972412109375,1991.4447021484375,3439.9811401367188,3220.6498107910156,3381.850326538086,5769.690460205078,5624.159622192383,4910.664627075195
001,seed1,T3,1144.6362471580505,9.513640880584717,0.008311497127760518,2.1848138662484757,0.08078536987306961,30.137939453125,35.70361328125,57.97412109375,-2.8793182373046875,-3.6692657470703125,-3.7158889770507812,12.57244873046875,9.2861328125,5.73614501953125,-4.267822265625,18.82147216796875,-0.0628662109375,-4.650238037109375,0.6526336669921875,-0.0170135498046875,0.596160888671875
001,seed1,T4a,1144.6362471580505,133.26921892166138,0.11642931914182136,53.985117398775515,83.70468521118164,651.76171875,404.28125,374.4580078125,87.01705932617188,95.27750396728516,101.1015625,-39.60650634765625,-46.18035888671875,-49.453460693359375,9.1468505859375,115.7054443359375,110.75350952148438,84.48338317871094,115.3887939453125,97.75778198242188,20.414962768554688
001,seed1,T4b,1144.6362471580505,84.09022951126099,0.07346458730452021,137.8802261352539,110.02649612426757,-205.338623046875,-126.08056640625,-115.580078125,145.00274658203125,135.27526092529297,107.29461669921875,205.37542724609375,238.759033203125,248.04351806640625,84.179443359375,43.7744140625,70.26657104492188,92.39704895019531,73.36309814453125,163.63768005371094,185.07408142089844
001,seed1,T4c,1144.6362471580505,85.09503316879272,0.07434242396225887,51.922214801494874,74.91490707397463,267.52685546875,227.76171875,191.2431640625,121.83792114257812,123.32527923583984,128.69387817382812,-33.6912841796875,-35.93939208984375,-4.52960205078125,13.870361328125,80.51458740234375,49.6490478515625,66.26673889160156,120.0968017578125,93.83851623535156,-48.944061279296875
001,seed1,T4d,1144.6362471580505,140.33325147628784,0.12260074047516226,62.4903089083158,65.36834640502929,607.44970703125,456.13525390625,369.373046875,110.54718017578125,91.62830352783203,77.82795715332031,73.83099365234375,37.508544921875,47.35101318359375,-4.0960693359375,124.1204833984375,85.19607543945312,49.67106628417969,69.46211242675781,51.445281982421875,-2.118927001953125
001,seed1,T5a,1144.6362471580505,12.001887321472168,0.010485328724536674,2.2234579233022487,4.140116882324207,44.461669921875,51.193359375,67.47021484375,1.97393798828125,8.102920532226562,10.100967407226562,-3.61907958984375,-4.48858642578125,-4.3885498046875,0.6783447265625,16.64117431640625,3.949737548828125,0.3399505615234375,3.129058837890625,-0.51513671875,-2.999786376953125
001,seed1,T5b,1144.6362471580505,3.9158029556274414,0.0034210020566356834,20.092924851637576,15.255281066894554,-66.6943359375,-59.43896484375,-72.421875,16.914581298828125,8.295997619628906,-4.880424499511719,43.68951416015625,33.26177978515625,31.70391845703125,20.705078125,-2.0400390625,6.266021728515625,10.615570068359375,2.7933197021484375,35.756134033203125,58.12657165527344
001,seed1,T5c,1144.6362471580505,44.138142108917236,0.038560846049131514,14.376188424917359,-8.360485076904297,208.16796875,154.986328125,156.16552734375,-18.672470092773438,-42.834564208984375,-42.139190673828125,89.8382568359375,90.3450927734375,90.31195068359375,8.3804931640625,30.33447265625,10.2962646484375,-19.198104858398438,-22.341567993164062,-14.837150573730469,27.406967163085938
001,seed1,T5d,1144.6362471580505,6.397506237030029,0.005589117287622175,1.857064467210023,2.4763481140136605,23.68896484375,15.736328125,38.79296875,3.0317459106445312,-2.0677261352539062,-0.7048721313476562,-1.09625244140625,0.3291015625,0.1455078125,7.5872802734375,-2.56427001953125,15.42791748046875,9.099655151367188,-1.499298095703125,-0.9655914306640625,-2.58135986328125
001,seed1,Tm1,1144.6362471580505,200.53484773635864,0.17519526245499803,255.1071924062876,253.08886795043946,-55.828125,-56.193359375,4.185546875,216.66024780273438,230.8166275024414,225.3293914794922,215.2725830078125,272.4940185546875,297.73822021484375,76.20947265625,195.3865966796875,220.64474487304688,220.22178649902344,357.8359069824219,434.09620666503906,353.6876983642578
001,seed1,Tm2,1144.6362471580505,68.06662702560425,0.059465727382478795,78.90800534761865,67.6514457702637,24.325439453125,-0.302734375,39.2392578125,66.00253295898438,72.50237274169922,68.16777038574219,104.79107666015625,126.2464599609375,118.2520751953125,34.92578125,58.80657958984375,49.4642333984375,62.09858703613281,47.957916259765625,97.85786437988281,118.73081970214844
001,seed1,Tm3,1144.6362471580505,119.88562822341919,0.1047368790924419,116.6995104276217,101.3187080383301,117.684814453125,145.35205078125,138.03955078125,57.65937805175781,40.06963348388672,24.917800903320312,157.462890625,179.82440185546875,166.6192626953125,4.25146484375,141.161865234375,95.97567749023438,-1.6449737548828125,234.97457885742188,262.51060485839844,153.31105041503906
001,seed1,Tm4,1144.6362471580505,4.167322158813477,0.003640739290897238,-0.3547997107872902,0.07026062011721024,19.404296875,24.53564453125,27.349609375,0.40637969970703125,2.7638320922851562,4.762176513671875,-3.72216796875,0.67486572265625,-2.2677001953125,-0.458740234375,5.9677734375,-3.3609619140625,-1.3519287109375,1.060302734375,-0.3122100830078125,-8.774017333984375
001,seed1,Tm5Y,1144.6362471580505,23.851510524749756,0.020837633426312733,46.05049191988428,42.51134262084963,-27.71044921875,-73.234375,-116.08740234375,69.70185852050781,29.26490020751953,8.963851928710938,69.27728271484375,64.1846923828125,40.08099365234375,51.4088134765625,88.40460205078125,94.21359252929688,43.41954040527344,-7.8506011962890625,10.584579467773438,37.002288818359375
001,seed1,Tm5a,1144.6362471580505,57.09445810317993,0.04988000183022019,80.67124410775989,82.38760147094729,-26.01220703125,-38.52294921875,-70.6796875,89.88301086425781,78.9847183227539,72.563720703125,65.0885009765625,60.89642333984375,98.865234375,169.9986572265625,191.62060546875,149.57937622070312,75.30943298339844,-2.973236083984375,2.334564208984375,-3.424835205078125
001,seed1,Tm5b,1144.6362471580505,54.2989296913147,0.04743771641526318,30.769299433781555,53.873844146728516,91.941162109375,158.02490234375,218.81591796875,64.49345397949219,75.1790542602539,88.81694030761719,-55.15594482421875,-49.40045166015625,-34.18115234375,30.349609375,53.00933837890625,53.785430908203125,88.09886169433594,71.50320434570312,45.874786376953125,-32.37223815917969
001,seed1,Tm5c,1144.6362471580505,34.76433706283569,0.030371515098486533,12.955370976374695,1.9998435974121094,138.49072265625,110.619140625,138.69970703125,-19.718994140625,-31.858253479003906,-23.586036682128906,58.6519775390625,49.5997314453125,40.169677734375,11.3643798828125,49.91656494140625,19.24420166015625,-10.526138305664062,-1.6995391845703125,-3.9287185668945312,30.790969848632812
001,seed1,Tm9,1144.6362471580505,19.3749680519104,0.016926746903232672,6.540976304274295,8.398667144775402,43.4501953125,49.43994140625,132.07666015625,18.21904754638672,23.11595916748047,29.600921630859375,-2.446533203125,-0.589111328125,4.0816650390625,4.7957763671875,9.30645751953125,4.430419921875,14.0003662109375,-0.1600494384765625,-3.8522720336914062,-15.469955444335938
001,seed1,Tm16,1144.6362471580505,-2.3523659706115723,-0.0020551209840262547,0.4515539316030299,1.8753990173340185,1.223388671875,-16.54736328125,-28.18408203125,14.203483581542969,11.724624633789062,5.7946624755859375,-13.0982666015625,-6.20831298828125,6.42279052734375,1.25634765625,-22.545166015625,-4.219329833984375,5.45159912109375,-9.798568725585938,10.448410034179688,6.43792724609375
001,seed1,Tm20,1144.6362471580505,0.39868736267089844,0.000348309223703841,0.6790935809795542,0.8379669189453125,-0.1142578125,-0.6923828125,-1.642578125,1.36572265625,3.3787765502929688,2.627716064453125,0.43963623046875,0.44366455078125,-0.43475341796875,0.176025390625,1.80419921875,1.831573486328125,0.0930328369140625,-1.07598876953125,-0.22386932373046875,-1.5975189208984375
001,seed1,Tm28,1144.6362471580505,346.2561421394348,0.3025032127010949,338.1382686908428,337.76315994262694,353.421875,393.990234375,396.888671875,407.8825378417969,366.0383987426758,320.56739807128906,372.41680908203125,326.94268798828125,318.806396484375,198.0302734375,491.94561767578125,445.3666687011719,281.33079528808594,255.73641967773438,322.0069122314453,288.72657775878906
001,seed1,Tm30,1144.6362471580505,156.76310968399048,0.1369545216423194,173.68857339712292,216.03772354125982,72.5107421875,87.31640625,90.43115234375,253.02365112304688,264.07144927978516,268.8278350830078,20.810302734375,-14.202392578125,90.96630859375,112.3438720703125,190.69512939453125,248.70498657226562,294.03611755371094,219.98828125,211.1028289794922,97.58308410644531
001,seed1,TmY3,1144.6362471580505,40.8801703453064,0.035714551628786305,4.169261638934756,5.837349700927746,242.1865234375,179.55517578125,178.140625,4.1569671630859375,0.10059356689453125,10.2119140625,3.8651123046875,-4.70977783203125,-3.32843017578125,-3.78076171875,51.590576171875,23.42132568359375,2.0948944091796875,7.985931396484375,-10.289031982421875,-27.118911743164062
001,seed1,TmY4,1144.6362471580505,62.37525415420532,0.05449351644164086,9.484762925368045,16.775821685791016,335.3525390625,239.74658203125,299.60302734375,28.140670776367188,23.92516326904297,24.522048950195312,-16.5274658203125,-14.599365234375,-13.3294677734375,-9.66455078125,54.24261474609375,38.43743896484375,23.8226318359375,3.8107452392578125,-5.0444183349609375,-14.434127807617188
001,seed1,TmY5a,1144.6362471580505,12.42431640625,0.01085437966611454,5.526198167067264,5.021325683593773,26.677001953125,36.189453125,64.08203125,2.130615234375,-2.2345809936523438,-2.0830841064453125,9.73468017578125,8.1507568359375,3.74188232421875,11.169921875,15.0,25.415496826171875,1.2298126220703125,0.654693603515625,-0.01050567626953125,-1.059112548828125
001,seed1,TmY9,1144.6362471580505,74.35966634750366,0.06496357819536719,91.50445263202374,126.75669174194337,2.6171875,1.35498046875,-3.775390625,157.78231811523438,170.16828155517578,170.42433166503906,-31.098876953125,-39.63555908203125,-7.27459716796875,58.472900390625,105.762939453125,155.02206420898438,180.60633850097656,109.86575317382812,113.09622192382812,46.36576843261719
001,seed1,TmY10,1144.6362471580505,35.63832235336304,0.031135063599328883,51.02518580510065,69.5096519470215,-12.73291015625,-24.77685546875,-55.6044921875,99.16488647460938,101.08165740966797,92.62019348144531,-20.90228271484375,-18.20147705078125,7.33465576171875,45.231689453125,89.5203857421875,116.82290649414062,105.72032165527344,10.144775390625,21.689376831054688,13.100326538085938
001,seed1,TmY13,1144.6362471580505,31.75715970993042,0.027744324704707186,36.867247948279726,47.57563400268555,62.60595703125,-6.57275390625,-27.19287109375,50.046173095703125,53.686988830566406,57.41487121582031,-5.515625,1.612060546875,7.42144775390625,34.8828125,66.29620361328125,68.69589233398438,54.33677673339844,23.616912841796875,35.8345947265625,30.945114135742188
001,seed1,TmY14,1144.6362471580505,40.15642499923706,0.03508225875158075,8.25892932598407,12.811339569091786,227.669921875,150.904296875,156.5625,17.08666229248047,18.849884033203125,27.5792236328125,-5.39447021484375,-10.73321533203125,-4.61962890625,-0.89599609375,55.6346435546875,30.0338134765625,9.630172729492188,5.4749755859375,-11.363998413085938,-23.915985107421875
001,seed1,TmY15,1144.6362471580505,3959.530424594879,3.4592041222054277,4698.793530390813,4705.026816558838,948.03466796875,620.68017578125,699.4560546875,5250.383392333984,5292.599586486816,5241.675064086914,4638.907287597656,4613.440979003906,4781.699462890625,4026.3143310546875,4567.032897949219,4864.736968994141,5240.477767944336,3887.973419189453,4118.795364379883,4560.279373168945
001,seed1,TmY18,1144.6362471580505,40.56068515777588,0.035435436592613244,50.84123464731067,28.25208282470703,-2.400146484375,32.876953125,-42.44189453125,28.30828857421875,11.307456970214844,-4.631752014160156,108.96026611328125,128.67822265625,140.7767333984375,44.64013671875,22.90362548828125,21.6533203125,10.534942626953125,9.730636596679688,53.580047607421875,84.49412536621094
002,seed2,R1,1147.7178859710693,-1.0800747871398926,-0.0009410629566220058,-1.3739442091721799,1.0466545104980582,-0.05712890625,0.2255859375,0.41162109375,0.426361083984375,0.02210235595703125,0.5129623413085938,-6.1676025390625,-12.46185302734375,-9.6983642578125,0.0308837890625,0.19500732421875,0.5047607421875,0.469757080078125,5.0185699462890625,1.9848251342773438,1.3013153076171875
002,seed2,R2,1147.7178859710693,21157.500619888306,18.434408732758587,21883.63984797551,21760.58078918457,17128.2724609375,17818.17333984375,19086.24609375,20915.025413513184,20879.99471282959,21049.53237915039,22460.05584716797,22100.8662109375,22320.58807373047,18428.723510742188,20971.650024414062,20375.07147216797,20787.647903442383,25421.60369873047,25129.325408935547,23647.233367919922
002,seed2,R3,1147.7178859710693,22.879033088684082,0.019934370082005323,16.813933152418883,6.69148101806644,26.36279296875,34.8173828125,86.30322265625,3.854339599609375,-17.51512908935547,-23.000808715820312,50.9049072265625,52.4481201171875,48.31329345703125,-13.705078125,28.85968017578125,30.9998779296875,5.6835784912109375,-8.995758056640625,19.32176971435547,41.41233825683594
002,seed2,R4,1147.7178859710693,0.09723329544067383,8.471881167766762e-05,0.8194914597731326,-0.5563224792480241,-7.2529296875,-2.0380859375,0.193359375,-0.01468658447265625,0.01604461669921875,0.0071563720703125,3.1588134765625,5.87847900390625,7.1793212890625,0.0,0.24798583984375,0.005584716796875,-0.0279998779296875,-2.60882568359375,-3.4931106567382812,0.30462646484375
002,seed2,R5,1147.7178859710693,-0.05870199203491211,-5.114670839624069e-05,-1.1352744469276104,2.6061805725097997,1.8642578125,4.34375,7.611328125,2.141754150390625,1.972808837890625,2.869476318359375,-8.58209228515625,-17.8682861328125,-14.3699951171875,0.709228515625,1.328369140625,1.21026611328125,3.596649169921875,8.989273071289062,3.8159713745117188,-0.571990966796875
002,seed2,R6,1147.7178859710693,547.072546005249,0.4766611662084346,596.6313922588643,689.5584381103516,192.9482421875,389.134765625,414.86962890625,845.3658065795898,844.4143905639648,844.6835632324219,327.971435546875,188.17877197265625,344.4735107421875,662.1484375,532.9718017578125,552.0267944335938,805.4309844970703,694.2388916015625,640.5596618652344,473.7440490722656
002,seed2,R7,1147.7178859710693,10.979569911956787,0.009566436182762034,5.730076129619874,0.05259628295902985,13.82763671875,37.14111328125,50.21337890625,-5.320838928222656,-11.702293395996094,-12.45794677734375,30.5980224609375,27.2962646484375,16.07073974609375,-2.359375,13.635498046875,7.697906494140625,-4.94097900390625,0.900054931640625,2.8664932250976562,12.207443237304688
002,seed2,R8,1147.7178859710693,69.16050815582275,0.06025915340450318,46.70937992976263,34.31242828369142,105.47900390625,163.42041015625,230.44677734375,52.014503479003906,61.52179718017578,57.14921569824219,83.3228759765625,95.93182373046875,84.84295654296875,20.80615234375,117.47113037109375,34.28900146484375,15.289413452148438,17.50885009765625,-21.2283935546875,-11.6973876953125
002,seed2,L1,1147.7178859710693,709.8864574432373,0.6185199918206481,774.7124938964844,919.5174713134767,335.9462890625,432.677734375,518.296875,1312.176658630371,1326.5154647827148,1312.8970031738281,394.36297607421875,185.928466796875,295.7962646484375,1307.1580810546875,1129.0419921875,1029.3884887695312,1162.3647003173828,176.6229248046875,149.38333129882812,289.6260681152344
002,seed2,L2,1147.7178859710693,61.87629556655884,0.0539124608258641,40.69720752422626,22.251108551025425,99.20556640625,148.00390625,213.74755859375,13.192779541015625,13.134002685546875,11.946548461914062,100.00213623046875,110.6260986328125,95.92437744140625,14.3131103515625,100.04083251953125,33.74334716796875,1.4358062744140625,25.448165893554688,-7.697380065917969,16.953872680664062
002,seed2,L3,1147.7178859710693,103.57696914672852,0.09024601813109619,97.17796443058893,85.77295532226566,91.2548828125,120.68017578125,181.98291015625,88.6458511352539,105.4361801147461,86.52836608886719,138.76800537109375,138.5029296875,128.31304931640625,22.2445068359375,123.45526123046875,86.70111083984375,81.45280456542969,81.18202209472656,88.54148864746094,93.54196166992188
002,seed2,L4,1147.7178859710693,567.553430557251,0.4945060432486432,654.4270888108472,738.7966278076173,84.1435546875,223.4462890625,265.712890625,794.5674057006836,769.1618881225586,826.5447082519531,403.77447509765625,269.095703125,446.7156982421875,466.0460205078125,794.744384765625,636.8224487304688,667.2810211181641,892.8988647460938,819.3133239746094,720.5862121582031
002,seed2,L5,1147.7178859710693,117.30168867111206,0.10220428739930686,136.36394735483026,158.21884078979497,-21.1923828125,36.25634765625,89.03173828125,27.838478088378906,40.600982666015625,35.787628173828125,77.23828125,45.2982177734375,68.00640869140625,13.47216796875,93.66455078125,33.02154541015625,18.635086059570312,464.86810302734375,514.4204406738281,339.8794250488281
002,seed2,Lawf1,1147.7178859710693,0.07204627990722656,6.277350975171842e-05,0.3190659743088986,0.24402770996096024,-2.22509765625,-0.3740234375,-0.39599609375,0.6239700317382812,0.432525634765625,0.5705490112304688,0.83380126953125,0.1951904296875,0.6785888671875,0.060546875,0.601318359375,0.659515380859375,0.477386474609375,0.6538238525390625,-1.7001953125,0.0608367919921875
002,seed2,Lawf2,1147.7178859710693,-0.11177635192871094,-9.739009324067335e-05,1.0814795860877098,1.372714233398483,-0.552734375,-3.79541015625,-11.49951171875,0.09583282470703125,-0.24579620361328125,-0.48184967041015625,-0.25341796875,0.19720458984375,0.3883056640625,-0.048828125,-0.30718994140625,0.392425537109375,0.2723388671875,2.10040283203125,6.806907653808594,5.1428985595703125
002,seed2,Am,1147.7178859710693,12.470083236694336,0.010865111879077809,7.976625882662233,13.206167602539097,37.31396484375,31.8037109375,26.70751953125,20.62542724609375,26.332252502441406,26.393203735351562,-7.7767333984375,-12.6629638671875,-7.92584228515625,12.353515625,15.07568359375,9.57196044921875,22.158767700195312,8.083358764648438,-2.3126296997070312,-6.2198638916015625
002,seed2,C2,1147.7178859710693,22.352112770080566,0.019475267435750322,14.33627671461835,13.719221496582065,22.400390625,49.71044921875,99.1513671875,0.03598785400390625,0.8003997802734375,1.1371688842773438,7.94525146484375,17.46319580078125,23.77093505859375,2.2293701171875,13.012939453125,1.837066650390625,-0.2441253662109375,50.49336242675781,49.14018249511719,18.749862670898438
002,seed2,C3,1147.7178859710693,50.91949415206909,0.044365862704132,37.5957776583158,18.527751922607422,53.4619140625,109.57470703125,162.93017578125,3.5461959838867188,2.1549911499023438,0.5958938598632812,89.2691650390625,112.52490234375,101.67352294921875,9.0703125,75.12353515625,19.73980712890625,0.21368408203125,3.77203369140625,30.615966796875,40.445098876953125
002,seed2,CT1(Lo1),1147.7178859710693,60.54335260391235,0.05275107528074062,38.74284773606519,18.671994781494163,98.505859375,150.76025390625,215.7705078125,11.316940307617188,9.3658447265625,9.526664733886719,101.33514404296875,113.46197509765625,102.13995361328125,13.7803955078125,96.17730712890625,29.812774658203125,-0.4879302978515625,14.163040161132812,-13.216217041015625,16.2811279296875
002,seed2,CT1(M10),1147.7178859710693,167.22844886779785,0.14570518671172228,169.45296771709735,164.4005035400391,265.65576171875,157.8828125,49.22802734375,56.97600555419922,32.78820037841797,24.133148193359375,187.37762451171875,196.18377685546875,175.3221435546875,-19.1724853515625,66.42974853515625,99.20037841796875,60.62428283691406,517.1204223632812,509.2129821777344,296.6923522949219
002,seed2,Mi1,1147.7178859710693,122.57612705230713,0.10679987525732165,101.9037909874549,93.93512725830078,172.82470703125,202.53857421875,261.10546875,113.31531524658203,104.16728973388672,77.50079345703125,119.69110107421875,128.91607666015625,136.79083251953125,1.6693115234375,130.64190673828125,85.9521484375,56.81144714355469,132.90371704101562,138.0042724609375,98.38507080078125
002,seed2,Mi2,1147.7178859710693,4434.2061557769775,3.8634983474403666,4598.8239675668565,4609.346658325196,3915.880859375,3778.09619140625,3468.60986328125,4530.562034606934,4670.61971282959,4680.884918212891,4277.847839355469,4494.39501953125,4919.002136230469,3372.5794677734375,3928.6534423828125,4415.507019042969,4799.638626098633,5033.420104980469,5379.196990966797,5282.404266357422
002,seed2,Mi3,1147.7178859710693,0.5534229278564453,0.00048219421743018434,0.9531461275540778,-0.6826202392578011,-0.42578125,-0.86572265625,-2.24462890625,-1.5684051513671875,-2.8347320556640625,-3.0731964111328125,7.113037109375,7.55499267578125,4.549072265625,-0.7410888671875,0.04119873046875,0.402679443359375,-1.7836456298828125,-1.1546783447265625,0.0530853271484375,3.83258056640625
002,seed2,Mi4,1147.7178859710693,7475.934396743774,6.513738687986449,8168.238555908202,8242.05832824707,4190.474609375,4376.03369140625,4861.3408203125,7415.115257263184,7512.69393157959,7555.653961181641,7623.217956542969,8011.04296875,8132.257019042969,5236.3035888671875,7352.6031494140625,7042.304870605469,7392.087844848633,11252.478698730469,11445.902557373047,10215.439422607422
002,seed2,Mi9,1147.7178859710693,165.76257705688477,0.14442798102482754,157.48381629356965,195.0521179199219,92.41064453125,219.13916015625,293.36181640625,221.5189437866211,232.2049789428711,234.85360717773438,22.78704833984375,7.4346923828125,66.54669189453125,300.730224609375,333.35003662109375,172.28765869140625,131.3855438232422,170.09963989257812,117.35183715820312,36.73870849609375
002,seed2,Mi10,1147.7178859710693,6.271537780761719,0.005464354836167297,6.345618614783632,0.9645202636718864,2.8505859375,8.08642578125,6.91455078125,-1.34527587890625,-2.0325546264648438,-1.9847030639648438,18.54412841796875,26.09893798828125,28.20477294921875,1.1549072265625,1.17901611328125,1.06378173828125,-0.9516754150390625,-0.177703857421875,5.4205322265625,7.318878173828125
002,seed2,Mi11,1147.7178859710693,6.580352783203125e-05,5.7334235735427034e-08,5.86876501529332e-06,1.5258789289873675e-06,0.00048828125,0.00048828125,0.0,0.0,3.0517578125e-05,-1.52587890625e-05,0.0,6.103515625e-05,0.0,0.0,0.0,3.0517578125e-05,0.0,-1.52587890625e-05,-1.52587890625e-05,0.0
002,seed2,Mi12,1147.7178859710693,-2.7731781005859375,-0.002416254146148108,-0.8409893329326792,-0.1468505859375,-10.091796875,-11.53369140625,-11.8125,-0.220550537109375,0.04930877685546875,-0.000946044921875,-3.39056396484375,-3.10699462890625,-2.966796875,-1.6031494140625,-2.20465087890625,-1.78302001953125,0.0852813720703125,1.767333984375,2.5985794067382812,-0.1566925048828125
002,seed2,Mi13,1147.7178859710693,1.702711582183838,0.0014835628188744272,1.3183388343223896,-0.14453353881833664,-4.47509765625,0.994140625,13.5859375,-1.70147705078125,-1.7803115844726562,-1.7809677124023438,6.09613037109375,8.54144287109375,3.9461669921875,1.321533203125,2.31475830078125,-0.89599609375,-0.3161773681640625,-1.0135345458984375,-2.3536911010742188,4.760528564453125
002,seed2,Mi14,1147.7178859710693,35.45338439941406,0.030890330134933298,79.2595027043269,80.99711303710939,-119.676025390625,-171.45361328125,-171.98974609375,83.33094024658203,71.4189224243164,39.928466796875,84.1527099609375,79.868896484375,56.38079833984375,-5.630126953125,128.0919189453125,80.29364013671875,65.78639221191406,61.378692626953125,136.52200317382812,148.85028076171875
002,seed2,Mi15,1147.7178859710693,72.11839962005615,0.06283634724315348,87.68778991699219,108.34492645263674,26.880859375,-9.228515625,-3.69921875,49.52574920654297,59.73577117919922,61.06523132324219,-12.91375732421875,24.40216064453125,45.00360107421875,1.06103515625,54.90032958984375,39.300933837890625,75.11253356933594,206.4332275390625,316.9408264160156,219.37362670898438
002,seed2,T1,1147.7178859710693,20.421493530273438,0.0177931299841991,13.472900390625,8.432318115234409,34.109375,49.44189453125,68.044921875,8.023208618164062,8.725730895996094,4.150299072265625,29.5697021484375,33.9052734375,27.34954833984375,5.118896484375,22.16436767578125,9.15692138671875,6.135498046875,-3.4218597412109375,4.297264099121094,19.972854614257812
002,seed2,T2,1147.7178859710693,20.915059089660645,0.018223170820383862,5.934933002178468,4.063392639160156,42.96240234375,80.521484375,134.0029296875,-0.4501190185546875,-0.28441619873046875,0.0354156494140625,15.54962158203125,15.9569091796875,5.013671875,5.74609375,23.73748779296875,8.737060546875,1.3358612060546875,1.0509796142578125,0.30875396728515625,0.41680908203125
002,seed2,T2a,1147.7178859710693,709.2258892059326,0.6179444425106835,756.2577350323015,686.2679290771484,599.47412109375,533.40380859375,383.3857421875,523.7766952514648,556.9520492553711,618.4944763183594,793.7020874023438,899.3189697265625,1275.6502075195312,182.04150390625,564.859130859375,695.2069702148438,836.0789337158203,957.8348999023438,1042.6497497558594,884.7848815917969
002,seed2,T3,1147.7178859710693,-11.056798934936523,-0.009633725386776131,14.54632333608771,14.930068969726562,-79.646240234375,-130.14990234375,-156.21484375,16.571334838867188,19.904823303222656,9.446952819824219,13.344970703125,15.80450439453125,10.65203857421875,3.1317138671875,-0.1202392578125,7.78033447265625,10.90545654296875,6.08746337890625,32.50148010253906,43.09136962890625
002,seed2,T4a,1147.7178859710693,116.65217971801758,0.10163837398013509,61.67933537409857,99.88858947753909,443.763671875,319.0888671875,301.7509765625,52.212806701660156,70.07691192626953,69.31100463867188,-50.7806396484375,-73.3336181640625,-72.94027709960938,15.762939453125,94.18377685546875,58.00079345703125,32.53868103027344,243.42257690429688,251.16107177734375,112.21533203125
002,seed2,T4b,1147.7178859710693,57.70094585418701,0.050274502610340506,56.06609051044171,57.03815155029298,45.16552734375,70.396484375,78.7939453125,80.1541976928711,93.60997772216797,88.8084716796875,30.837158203125,60.34954833984375,67.29095458984375,19.143310546875,57.54803466796875,13.733001708984375,49.94819641113281,77.0723876953125,91.86265563964844,-1.49871826171875
002,seed2,T4c,1147.7178859710693,54.03491497039795,0.04708031096394364,85.49183420034552,76.71711273193364,-117.616455078125,-87.3154296875,-41.9033203125,63.28437042236328,82.00800323486328,73.04441833496094,87.1983642578125,127.5118408203125,129.51251220703125,36.214599609375,34.47857666015625,21.91058349609375,46.53141784667969,104.36785888671875,156.44354248046875,148.88775634765625
002,seed2,T4d,1147.7178859710693,105.32801055908203,0.09177169045332544,59.422222430889406,59.30046997070315,282.322265625,328.380859375,302.05615234375,92.63306427001953,86.16431427001953,69.05233764648438,68.1646728515625,51.093017578125,60.22650146484375,-4.4056396484375,69.35479736328125,44.461944580078125,33.43397521972656,92.90884399414062,82.94061279296875,26.46044921875
002,seed2,T5a,1147.7178859710693,26.535020351409912,0.023119810779073966,13.09114133394678,24.288359832763717,42.7119140625,83.74072265625,127.9228515625,31.19098663330078,45.104637145996094,45.566741943359375,-17.35809326171875,-24.8563232421875,-30.484344482421875,22.2021484375,34.72296142578125,10.85211181640625,30.96600341796875,30.671920776367188,5.749794006347656,-14.143707275390625
002,seed2,T5b,1147.7178859710693,0.3304896354675293,0.0002879537206026081,4.842040428748476,3.4187248229980582,-8.0498046875,-19.974609375,-29.63427734375,2.3088455200195312,-0.41407012939453125,-0.4477691650390625,10.0411376953125,10.135498046875,8.5826416015625,-1.7572021484375,-4.60076904296875,0.646087646484375,2.876617431640625,2.6850433349609375,17.81273651123047,15.077728271484375
002,seed2,T5c,1147.7178859710693,51.128942012786865,0.0445483534218231,40.77190399169922,28.401479339599632,35.9453125,92.5302734375,159.552734375,2.6264877319335938,7.207710266113281,9.550651550292969,73.744384765625,93.09967041015625,79.1759033203125,14.7230224609375,76.85601806640625,26.63934326171875,13.174728393554688,30.20489501953125,48.53462219238281,54.497314453125
002,seed2,T5d,1147.7178859710693,9.199294090270996,0.008015292087643639,12.721622173602725,16.84777069091797,-6.5009765625,-4.51513671875,-7.17626953125,23.98114776611328,30.56255340576172,25.245223999023438,-4.8846435546875,-2.88470458984375,4.6727294921875,6.2196044921875,5.201904296875,6.737518310546875,21.574066162109375,30.148666381835938,21.672332763671875,-2.8653106689453125
002,seed2,Tm1,1147.7178859710693,57.68111801147461,0.05025722672490318,40.764981783353335,29.20210571289067,81.90673828125,127.57470703125,183.4716796875,14.089500427246094,12.933143615722656,11.867584228515625,80.55267333984375,88.459228515625,68.91180419921875,13.56201171875,95.41497802734375,28.39544677734375,1.136138916015625,38.25079345703125,42.91802978515625,33.45343017578125
002,seed2,Tm2,1147.7178859710693,65.48453569412231,0.05705629971839002,44.38011814997748,26.607984161376976,102.28125,151.8349609375,216.69482421875,16.411529541015625,20.138748168945312,17.610939025878906,101.41302490234375,110.94024658203125,98.5084228515625,14.9344482421875,103.79437255859375,40.131561279296875,4.9233245849609375,26.714080810546875,-0.7141571044921875,22.134994506835938
002,seed2,Tm3,1147.7178859710693,120.97139739990234,0.10540168353092276,148.92462627704327,128.4329772949219,-19.590576171875,-4.6015625,23.71435546875,174.3524398803711,171.45018768310547,140.9788360595703,205.50152587890625,251.2706298828125,194.918212890625,46.1463623046875,50.36248779296875,126.69183349609375,204.55455017089844,82.31086730957031,143.72064208984375,143.76156616210938
002,seed2,Tm4,1147.7178859710693,11.999704360961914,0.010455273467145735,6.800004225510804,4.706216430664085,27.77294921875,31.65576171875,44.16650390625,2.5944595336914062,0.111541748046875,0.31854248046875,13.63909912109375,16.64898681640625,11.0498046875,9.2171630859375,26.85028076171875,10.68170166015625,-1.92999267578125,-0.116180419921875,-6.325202941894531,5.65985107421875
002,seed2,Tm5Y,1147.7178859710693,-0.5651764869689941,-0.0004924350259565796,1.69868527925928,-3.278610992431595,-17.912353515625,-7.21533203125,-5.998046875,-2.6961898803710938,-7.344093322753906,-7.913948059082031,19.976318359375,21.56060791015625,13.33209228515625,-5.42626953125,-8.478515625,-2.96478271484375,-1.64569091796875,-0.150177001953125,0.690643310546875,3.142913818359375
002,seed2,Tm5a,1147.7178859710693,-14.032535552978516,-0.012226467605413125,-1.0462975135216652,-4.4879150390625,-42.438232421875,-69.15234375,-99.328125,-5.638236999511719,-10.385902404785156,-13.253395080566406,12.20233154296875,12.60491943359375,6.47003173828125,-8.0355224609375,-3.31341552734375,-10.0230712890625,-5.3671875,-4.4500885009765625,5.469154357910156,10.118515014648438
002,seed2,Tm5b,1147.7178859710693,75.23018455505371,0.06554762757870801,74.9038344163161,100.82598571777345,23.8505859375,72.08837890625,133.994140625,93.2345962524414,114.35419464111328,119.43937683105469,-26.84991455078125,-32.996826171875,25.33673095703125,36.21044921875,80.56689453125,95.8118896484375,170.32029724121094,129.3988037109375,126.27494812011719,42.648406982421875
002,seed2,Tm5c,1147.7178859710693,18.422722339630127,0.01605161212944146,25.36274660550629,24.976953887939487,-14.66943359375,-0.1025390625,-20.18017578125,14.942268371582031,15.641693115234375,12.758491516113281,20.278076171875,24.0240478515625,35.64404296875,4.2818603515625,157.88714599609375,43.059326171875,7.901092529296875,-1.3020477294921875,0.05724334716796875,-5.4575347900390625
002,seed2,Tm9,1147.7178859710693,100.23914909362793,0.08733779469579049,90.71730158879205,76.85312805175784,87.45654296875,134.79638671875,202.24853515625,64.04752349853516,76.79523468017578,63.553802490234375,143.0751953125,141.5859375,126.13250732421875,24.4974365234375,115.08099365234375,68.8099365234375,47.34306335449219,91.97174072265625,103.09634399414062,113.335205078125
002,seed2,Tm16,1147.7178859710693,27.067760944366455,0.023583984596933217,14.573970501239444,10.133972930908214,57.8046875,76.115234375,109.70263671875,2.6092147827148438,0.3339691162109375,0.1499481201171875,31.52392578125,34.6143798828125,21.98358154296875,6.8614501953125,39.788818359375,16.863067626953125,1.3379364013671875,10.429885864257812,7.8542633056640625,15.111175537109375
002,seed2,Tm20,1147.7178859710693,21.639042854309082,0.018853973714978368,10.329220111553468,9.121852111816452,35.50048828125,74.79833984375,101.64599609375,10.695083618164062,11.993949890136719,12.114753723144531,13.39117431640625,16.3843994140625,13.2857666015625,8.9873046875,33.27642822265625,11.72576904296875,2.2611083984375,0.9580841064453125,-2.6536712646484375,1.859710693359375
002,seed2,Tm28,1147.7178859710693,-7.547627925872803,-0.006576204848011802,0.02669877272381882,1.0898719787597884,-55.130615234375,-31.06787109375,-34.91064453125,2.0561447143554688,6.645851135253906,4.961860656738281,-8.1102294921875,-5.06658935546875,2.62518310546875,-1.31689453125,-3.33172607421875,-7.8951416015625,0.3290557861328125,0.999053955078125,6.545806884765625,1.9047088623046875
002,seed2,Tm30,1147.7178859710693,3.2875967025756836,0.0028644641185443325,-1.3807854285607277,-1.9321182250976108,14.78515625,25.24658203125,30.52001953125,7.9003448486328125,0.06793975830078125,-3.921356201171875,6.9688720703125,-6.11151123046875,0.51361083984375,-12.75,9.01763916015625,1.6348876953125,9.247543334960938,-7.7151641845703125,-5.039619445800781,-17.763397216796875
002,seed2,TmY3,1147.7178859710693,29.646440505981445,0.025830773283539075,5.714939997746399,8.401565551757812,109.3408203125,135.44873046875,155.25927734375,7.804893493652344,13.429153442382812,12.732391357421875,-1.674072265625,-3.58978271484375,-4.45758056640625,6.9508056640625,32.88604736328125,14.5693359375,4.858184814453125,7.3079986572265625,-6.921424865722656,-9.601730346679688
002,seed2,TmY4,1147.7178859710693,25.572790145874023,0.02228142512934458,3.8004126915564598,8.777310180664074,96.71337890625,111.0185546875,152.02734375,14.573883056640625,18.555931091308594,16.46886444091797,-16.0787353515625,-15.41058349609375,-6.87841796875,3.298095703125,29.21624755859375,10.9039306640625,6.618865966796875,2.621612548828125,-3.3506011962890625,-11.13372802734375
002,seed2,TmY5a,1147.7178859710693,9.90711784362793,0.008632014857244857,4.97875741811896,4.856423950195335,9.33935546875,25.24267578125,59.2080078125,0.7963333129882812,0.5030593872070312,0.22261810302734375,7.06732177734375,6.39898681640625,2.69329833984375,-1.6104736328125,47.95672607421875,5.216827392578125,-0.2168426513671875,-0.136138916015625,-2.0459671020507812,-2.1219024658203125
002,seed2,TmY9,1147.7178859710693,26.00132131576538,0.02265480187560726,15.441342280461242,14.589101409912132,43.5849609375,79.48828125,92.21044921875,37.198219299316406,31.692771911621094,26.079559326171875,21.8179931640625,7.7938232421875,25.234619140625,-16.2061767578125,53.92376708984375,17.667755126953125,33.0257568359375,-4.528839111328125,-1.3390121459960938,-31.622787475585938
002,seed2,TmY10,1147.7178859710693,26.253100395202637,0.02287417554096077,12.662807758037843,8.355009460449253,62.740234375,79.0859375,113.60693359375,6.8748779296875,4.114105224609375,3.7119216918945312,28.6827392578125,30.65606689453125,21.72760009765625,8.18017578125,33.408447265625,20.666107177734375,4.578948974609375,1.45452880859375,-5.413856506347656,5.9748382568359375
002,seed2,TmY13,1147.7178859710693,-2.886591911315918,-0.002515070947834545,-1.8624114990234375,7.505409240722656,10.9609375,-21.404296875,-11.53076171875,5.067535400390625,6.998626708984375,8.333854675292969,-28.4013671875,-38.58929443359375,-32.2747802734375,10.51513671875,18.66668701171875,9.717864990234375,2.0344696044921875,5.0386199951171875,6.715721130371094,1.965576171875
002,seed2,TmY14,1147.7178859710693,1.4011073112487793,0.0012207767504322897,4.994271498460023,-2.7695014953612827,-30.4658203125,-14.1123046875,2.0703125,-1.741607666015625,-20.223098754882812,-21.540756225585938,33.404541015625,32.68939208984375,26.526611328125,-13.4991455078125,7.2403564453125,5.629852294921875,-4.7777252197265625,-4.2977294921875,2.4735031127929688,23.041336059570312
002,seed2,TmY15,1147.7178859710693,75.44046592712402,0.06573084453005175,89.19456834059491,85.75130920410157,-28.2236328125,10.56396484375,65.177734375,53.49663543701172,66.64664459228516,58.34349060058594,83.20751953125,118.2545166015625,100.55426025390625,31.0032958984375,54.6136474609375,37.796905517578125,61.39695739746094,145.14852905273438,193.389404296875,155.67758178710938
002,seed2,TmY18,1147.7178859710693,123.28051376342773,0.10741360335176939,125.66214224008417,115.28105468750005,63.73974609375,202.8994140625,72.2412109375,-6.24505615234375,-19.32819366455078,-20.341148376464844,144.57763671875,164.7799072265625,171.43975830078125,-1.333251953125,10.36065673828125,-2.674591064453125,-5.9302978515625,462.3001708984375,504.3651428222656,231.63711547851562
